t_ms,vm_soma_mV,vm_far_mV
0.00000,-70.000000,-70.000000
0.01000,-69.643509,-69.981189
0.02000,-69.320186,-69.962458
0.03000,-69.018607,-69.943805
0.04000,-68.733138,-69.925227
0.05000,-68.460552,-69.906723
0.06000,-68.198757,-69.888285
0.07000,-67.946276,-69.869907
0.08000,-67.702000,-69.851575
0.09000,-67.465060,-69.833275
0.10000,-67.234753,-69.814987
0.11000,-67.010499,-69.796686
0.12000,-66.791808,-69.778345
0.13000,-66.578260,-69.759930
0.14000,-66.369494,-69.741407
0.15000,-66.165190,-69.722737
0.16000,-65.965067,-69.703881
0.17000,-65.768875,-69.684797
0.18000,-65.576388,-69.665444
0.19000,-65.387403,-69.645780
0.20000,-65.201733,-69.625765
0.21000,-65.019211,-69.605359
0.22000,-64.839680,-69.584524
0.23000,-64.662996,-69.563225
0.24000,-64.489028,-69.541428
0.25000,-64.317651,-69.519102
0.26000,-64.148750,-69.496219
0.27000,-63.982216,-69.472752
0.28000,-63.817949,-69.448679
0.29000,-63.655851,-69.423979
0.30000,-63.495834,-69.398633
0.31000,-63.337810,-69.372628
0.32000,-63.181699,-69.345948
0.33000,-63.027422,-69.318585
0.34000,-62.874906,-69.290529
0.35000,-62.724080,-69.261774
0.36000,-62.574875,-69.232315
0.37000,-62.427225,-69.202149
0.38000,-62.281068,-69.171276
0.39000,-62.136343,-69.139695
0.40000,-61.992991,-69.107408
0.41000,-61.850954,-69.074418
0.42000,-61.710177,-69.040729
0.43000,-61.570607,-69.006347
0.44000,-61.432190,-68.971278
0.45000,-61.294875,-68.935527
0.46000,-61.158612,-68.899103
0.47000,-61.023352,-68.862015
0.48000,-60.889046,-68.824270
0.49000,-60.755648,-68.785878
0.50000,-60.623111,-68.746848
0.51000,-60.491388,-68.707192
0.52000,-60.360434,-68.666918
0.53000,-60.230206,-68.626037
0.54000,-60.100657,-68.584560
0.55000,-59.971745,-68.542498
0.56000,-59.843427,-68.499861
0.57000,-59.715657,-68.456661
0.58000,-59.588395,-68.412907
0.59000,-59.461596,-68.368611
0.60000,-59.335218,-68.323784
0.61000,-59.209219,-68.278436
0.62000,-59.083555,-68.232578
0.63000,-58.958184,-68.186220
0.64000,-58.833064,-68.139372
0.65000,-58.708151,-68.092044
0.66000,-58.583402,-68.044246
0.67000,-58.458774,-67.995988
0.68000,-58.334223,-67.947279
0.69000,-58.209705,-67.898127
0.70000,-58.085176,-67.848543
0.71000,-57.960591,-67.798533
0.72000,-57.835905,-67.748108
0.73000,-57.711071,-67.697274
0.74000,-57.586043,-67.646039
0.75000,-57.460775,-67.594411
0.76000,-57.335217,-67.542396
0.77000,-57.209322,-67.490002
0.78000,-57.083039,-67.437235
0.79000,-56.956317,-67.384101
0.80000,-56.829106,-67.330606
0.81000,-56.701353,-67.276755
0.82000,-56.573003,-67.222553
0.83000,-56.444001,-67.168005
0.84000,-56.314292,-67.113116
0.85000,-56.183816,-67.057889
0.86000,-56.052514,-67.002328
0.87000,-55.920325,-66.946437
0.88000,-55.787186,-66.890218
0.89000,-55.653033,-66.833674
0.90000,-55.517798,-66.776807
0.91000,-55.381412,-66.719619
0.92000,-55.243804,-66.662112
0.93000,-55.104900,-66.604286
0.94000,-54.964624,-66.546143
0.95000,-54.822897,-66.487682
0.96000,-54.679637,-66.428904
0.97000,-54.534759,-66.369808
0.98000,-54.388174,-66.310393
0.99000,-54.239791,-66.250657
1.00000,-54.089514,-66.190600
1.01000,-53.937242,-66.130219
1.02000,-53.782873,-66.069511
1.03000,-53.626297,-66.008473
1.04000,-53.467401,-65.947101
1.05000,-53.306066,-65.885393
1.06000,-53.142168,-65.823343
1.07000,-52.975577,-65.760946
1.08000,-52.806157,-65.698197
1.09000,-52.633764,-65.635090
1.10000,-52.458249,-65.571618
1.11000,-52.279452,-65.507775
1.12000,-52.097208,-65.443553
1.13000,-51.911341,-65.378944
1.14000,-51.721667,-65.313939
1.15000,-51.527991,-65.248528
1.16000,-51.330107,-65.182703
1.17000,-51.127797,-65.116452
1.18000,-50.920832,-65.049763
1.19000,-50.708968,-64.982626
1.20000,-50.491947,-64.915027
1.21000,-50.269496,-64.846953
1.22000,-50.041322,-64.778389
1.23000,-49.807119,-64.709321
1.24000,-49.566558,-64.639732
1.25000,-49.319288,-64.569606
1.26000,-49.064939,-64.498925
1.27000,-48.803113,-64.427670
1.28000,-48.533386,-64.355821
1.29000,-48.255307,-64.283357
1.30000,-47.968390,-64.210257
1.31000,-47.672120,-64.136496
1.32000,-47.365940,-64.062051
1.33000,-47.049257,-63.986896
1.34000,-46.721432,-63.911002
1.35000,-46.381781,-63.834342
1.36000,-46.029568,-63.756885
1.37000,-45.664000,-63.678599
1.38000,-45.284225,-63.599450
1.39000,-44.889323,-63.519402
1.40000,-44.478303,-63.438417
1.41000,-44.050094,-63.356455
1.42000,-43.603542,-63.273475
1.43000,-43.137396,-63.189430
1.44000,-42.650306,-63.104275
1.45000,-42.140808,-63.017958
1.46000,-41.607319,-62.930426
1.47000,-41.048124,-62.841624
1.48000,-40.461362,-62.751490
1.49000,-39.845020,-62.659962
1.50000,-39.196913,-62.566972
1.51000,-38.514673,-62.472448
1.52000,-37.795737,-62.376313
1.53000,-37.037328,-62.278486
1.54000,-36.236443,-62.178880
1.55000,-35.389837,-62.077401
1.56000,-34.494013,-61.973951
1.57000,-33.545205,-61.868424
1.58000,-32.539377,-61.760705
1.59000,-31.472212,-61.650673
1.60000,-30.339121,-61.538197
1.61000,-29.135254,-61.423138
1.62000,-27.855522,-61.305344
1.63000,-26.494644,-61.184654
1.64000,-25.047207,-61.060892
1.65000,-23.507761,-60.933870
1.66000,-21.870946,-60.803386
1.67000,-20.131664,-60.669218
1.68000,-18.285304,-60.531131
1.69000,-16.328028,-60.388867
1.70000,-14.257120,-60.242147
1.71000,-12.071405,-60.090669
1.72000,-9.771730,-59.934107
1.73000,-7.361488,-59.772105
1.74000,-4.847153,-59.604276
1.75000,-2.238778,-59.430202
1.76000,0.449609,-59.249427
1.77000,3.199795,-59.061456
1.78000,5.989433,-58.865751
1.79000,8.792432,-58.661731
1.80000,11.579725,-58.448761
1.81000,14.320407,-58.226158
1.82000,16.983173,-57.993180
1.83000,19.537945,-57.749028
1.84000,21.957492,-57.492837
1.85000,24.218880,-57.223681
1.86000,26.304565,-56.940563
1.87000,28.203023,-56.642416
1.88000,29.908863,-56.328102
1.89000,31.422468,-55.996404
1.90000,32.749239,-55.646033
1.91000,33.898601,-55.275618
1.92000,34.882887,-54.883706
1.93000,35.716252,-54.468761
1.94000,36.413690,-54.029160
1.95000,36.990233,-53.563189
1.96000,37.460339,-53.069036
1.97000,37.837477,-52.544788
1.98000,38.133876,-51.988422
1.99000,38.360414,-51.397797
2.00000,38.526611,-50.770644
2.01000,38.640686,-50.104553
2.02000,38.709665,-49.396960
2.03000,38.739505,-48.645132
2.04000,38.735228,-47.846149
2.05000,38.701053,-46.996887
2.06000,38.640513,-46.093994
2.07000,38.556568,-45.133870
2.08000,38.451696,-44.112645
2.09000,38.327977,-43.026149
2.10000,38.187160,-41.869889
2.11000,38.030720,-40.639025
2.12000,37.859906,-39.328346
2.13000,37.675781,-37.932246
2.14000,37.479255,-36.444718
2.15000,37.271109,-34.859347
2.16000,37.052018,-33.169326
2.17000,36.822571,-31.367499
2.18000,36.583282,-29.446432
2.19000,36.334605,-27.398549
2.20000,36.076943,-25.216323
2.21000,35.810658,-22.892567
2.22000,35.536073,-20.420848
2.23000,35.253484,-17.796035
2.24000,34.963161,-15.015037
2.25000,34.665353,-12.077710
2.26000,34.360291,-8.987952
2.27000,34.048191,-5.754923
2.28000,33.729258,-2.394289
2.29000,33.403684,1.070678
2.30000,33.071654,4.608378
2.31000,32.733344,8.178826
2.32000,32.388924,11.734515
2.33000,32.038559,15.222378
2.34000,31.682410,18.586839
2.35000,31.320632,21.773692
2.36000,30.953379,24.734315
2.37000,30.580800,27.429564
2.38000,30.203044,29.832679
2.39000,29.820255,31.930734
2.40000,29.432577,33.724462
2.41000,29.040151,35.226604
2.42000,28.643118,36.459230
2.43000,28.241615,37.450583
2.44000,27.835781,38.231959
2.45000,27.425750,38.835036
2.46000,27.011658,39.289858
2.47000,26.593637,39.623518
2.48000,26.171820,39.859484
2.49000,25.746336,40.017426
2.50000,25.317316,40.113384
2.51000,24.884887,40.160145
2.52000,24.449176,40.167715
2.53000,24.010307,40.143807
2.54000,23.568404,40.094296
2.55000,23.123588,40.023616
2.56000,22.675980,39.935099
2.57000,22.225698,39.831233
2.58000,21.772859,39.713882
2.59000,21.317577,39.584443
2.60000,20.859967,39.443969
2.61000,20.400138,39.293258
2.62000,19.938202,39.132927
2.63000,19.474264,38.963452
2.64000,19.008431,38.785213
2.65000,18.540807,38.598513
2.66000,18.071492,38.403605
2.67000,17.600586,38.200697
2.68000,17.128188,37.989971
2.69000,16.654392,37.771584
2.70000,16.179292,37.545680
2.71000,15.702979,37.312387
2.72000,15.225543,37.071827
2.73000,14.747071,36.824112
2.74000,14.267648,36.569354
2.75000,13.787356,36.307658
2.76000,13.306277,36.039127
2.77000,12.824490,35.763866
2.78000,12.342070,35.481976
2.79000,11.859093,35.193560
2.80000,11.375632,34.898720
2.81000,10.891755,34.597559
2.82000,10.407532,34.290181
2.83000,9.923029,33.976692
2.84000,9.438310,33.657197
2.85000,8.953437,33.331804
2.86000,8.468469,33.000621
2.87000,7.983466,32.663759
2.88000,7.498483,32.321327
2.89000,7.013574,31.973439
2.90000,6.528792,31.620206
2.91000,6.044185,31.261743
2.92000,5.559804,30.898164
2.93000,5.075694,30.529586
2.94000,4.591900,30.156124
2.95000,4.108464,29.777896
2.96000,3.625427,29.395018
2.97000,3.142830,29.007608
2.98000,2.660708,28.615783
2.99000,2.179098,28.219663
3.00000,1.698034,27.819364
3.01000,1.217549,27.415003
3.02000,0.737672,27.006700
3.03000,0.258433,26.594570
3.04000,-0.220140,26.178730
3.05000,-0.698021,25.759297
3.06000,-1.175187,25.336386
3.07000,-1.651613,24.910110
3.08000,-2.127278,24.480585
3.09000,-2.602163,24.047923
3.10000,-3.076248,23.612235
3.11000,-3.549516,23.173633
3.12000,-4.021951,22.732225
3.13000,-4.493539,22.288120
3.14000,-4.964265,21.841425
3.15000,-5.434119,21.392245
3.16000,-5.903090,20.940683
3.17000,-6.371167,20.486844
3.18000,-6.838343,20.030827
3.19000,-7.304610,19.572731
3.20000,-7.769963,19.112654
3.21000,-8.234397,18.650693
3.22000,-8.697908,18.186940
3.23000,-9.160494,17.721489
3.24000,-9.622154,17.254430
3.25000,-10.082888,16.785850
3.26000,-10.542697,16.315839
3.27000,-11.001583,15.844479
3.28000,-11.459550,15.371853
3.29000,-11.916601,14.898044
3.30000,-12.372744,14.423130
3.31000,-12.827984,13.947188
3.32000,-13.282331,13.470293
3.33000,-13.735792,12.992518
3.34000,-14.188379,12.513935
3.35000,-14.640104,12.034613
3.36000,-15.090979,11.554619
3.37000,-15.541018,11.074018
3.38000,-15.990238,10.592873
3.39000,-16.438656,10.111247
3.40000,-16.886289,9.629197
3.41000,-17.333158,9.146783
3.42000,-17.779285,8.664059
3.43000,-18.224692,8.181079
3.44000,-18.669403,7.697895
3.45000,-19.113446,7.214556
3.46000,-19.556848,6.731110
3.47000,-19.999639,6.247605
3.48000,-20.441850,5.764083
3.49000,-20.883517,5.280587
3.50000,-21.324674,4.797158
3.51000,-21.765359,4.313835
3.52000,-22.205613,3.830654
3.53000,-22.645479,3.347652
3.54000,-23.085001,2.864862
3.55000,-23.524226,2.382315
3.56000,-23.963206,1.900043
3.57000,-24.401994,1.418073
3.58000,-24.840644,0.936433
3.59000,-25.279217,0.455148
3.60000,-25.717775,-0.025759
3.61000,-26.156382,-0.506264
3.62000,-26.595107,-0.986348
3.63000,-27.034024,-1.465992
3.64000,-27.473208,-1.945177
3.65000,-27.912738,-2.423888
3.66000,-28.352699,-2.902110
3.67000,-28.793179,-3.379831
3.68000,-29.234269,-3.857038
3.69000,-29.676066,-4.333721
3.70000,-30.118671,-4.809872
3.71000,-30.562190,-5.285483
3.72000,-31.006732,-5.760549
3.73000,-31.452414,-6.235065
3.74000,-31.899355,-6.709028
3.75000,-32.347682,-7.182436
3.76000,-32.797523,-7.655289
3.77000,-33.249016,-8.127589
3.78000,-33.702303,-8.599337
3.79000,-34.157528,-9.070539
3.80000,-34.614846,-9.541200
3.81000,-35.074415,-10.011327
3.82000,-35.536397,-10.480929
3.83000,-36.000963,-10.950015
3.84000,-36.468287,-11.418597
3.85000,-36.938550,-11.886689
3.86000,-37.411937,-12.354306
3.87000,-37.888639,-12.821464
3.88000,-38.368853,-13.288182
3.89000,-38.852779,-13.754480
3.90000,-39.340623,-14.220379
3.91000,-39.832595,-14.685905
3.92000,-40.328907,-15.151083
3.93000,-40.829775,-15.615941
3.94000,-41.335419,-16.080509
3.95000,-41.846058,-16.544821
3.96000,-42.361913,-17.008911
3.97000,-42.883205,-17.472817
3.98000,-43.410153,-17.936580
3.99000,-43.942972,-18.400242
4.00000,-44.481875,-18.863849
4.01000,-45.027066,-19.327452
4.02000,-45.578743,-19.791102
4.03000,-46.137093,-20.254855
4.04000,-46.702288,-20.718771
4.05000,-47.274486,-21.182914
4.06000,-47.853826,-21.647352
4.07000,-48.440425,-22.112156
4.08000,-49.034374,-22.577403
4.09000,-49.635732,-23.043176
4.10000,-50.244528,-23.509560
4.11000,-50.860749,-23.976648
4.12000,-51.484340,-24.444538
4.13000,-52.115196,-24.913335
4.14000,-52.753158,-25.383148
4.15000,-53.398011,-25.854096
4.16000,-54.049472,-26.326302
4.17000,-54.707188,-26.799901
4.18000,-55.370733,-27.275031
4.19000,-56.039599,-27.751843
4.20000,-56.713195,-28.230494
4.21000,-57.390842,-28.711151
4.22000,-58.071771,-29.193992
4.23000,-58.755122,-29.679205
4.24000,-59.439940,-30.166990
4.25000,-60.125186,-30.657556
4.26000,-60.809729,-31.151127
4.27000,-61.492360,-31.647938
4.28000,-62.171798,-32.148239
4.29000,-62.846697,-32.652293
4.30000,-63.515662,-33.160377
4.31000,-64.177263,-33.672784
4.32000,-64.830049,-34.189823
4.33000,-65.472571,-34.711819
4.34000,-66.103397,-35.239114
4.35000,-66.721135,-35.772069
4.36000,-67.324455,-36.311059
4.37000,-67.912104,-36.856482
4.38000,-68.482930,-37.408751
4.39000,-69.035899,-37.968299
4.40000,-69.570104,-38.535580
4.41000,-70.084783,-39.111062
4.42000,-70.579325,-39.695235
4.43000,-71.053272,-40.288605
4.44000,-71.506325,-40.891696
4.45000,-71.938338,-41.505045
4.46000,-72.349312,-42.129205
4.47000,-72.739391,-42.764738
4.48000,-73.108843,-43.412217
4.49000,-73.458056,-44.072216
4.50000,-73.787515,-44.745314
4.51000,-74.097795,-45.432080
4.52000,-74.389542,-46.133075
4.53000,-74.663456,-46.848840
4.54000,-74.920281,-47.579887
4.55000,-75.160791,-48.326692
4.56000,-75.385776,-49.089678
4.57000,-75.596032,-49.869207
4.58000,-75.792354,-50.665559
4.59000,-75.975524,-51.478921
4.60000,-76.146307,-52.309361
4.61000,-76.305447,-53.156812
4.62000,-76.453661,-54.021048
4.63000,-76.591634,-54.901660
4.64000,-76.720021,-55.798031
4.65000,-76.839445,-56.709312
4.66000,-76.950494,-57.634397
4.67000,-77.053721,-58.571898
4.68000,-77.149649,-59.520128
4.69000,-77.238765,-60.477085
4.70000,-77.321528,-61.440442
4.71000,-77.398363,-62.407546
4.72000,-77.469670,-63.375429
4.73000,-77.535817,-64.340824
4.74000,-77.597151,-65.300206
4.75000,-77.653990,-66.249838
4.76000,-77.706633,-67.185832
4.77000,-77.755356,-68.104228
4.78000,-77.800414,-69.001082
4.79000,-77.842044,-69.872562
4.80000,-77.880466,-70.715043
4.81000,-77.915885,-71.525210
4.82000,-77.948488,-72.300144
4.83000,-77.978452,-73.037399
4.84000,-78.005938,-73.735057
4.85000,-78.031097,-74.391766
4.86000,-78.054068,-75.006752
4.87000,-78.074980,-75.579808
4.88000,-78.093954,-76.111260
4.89000,-78.111102,-76.601917
4.90000,-78.126526,-77.053010
4.91000,-78.140322,-77.466115
4.92000,-78.152581,-77.843083
4.93000,-78.163386,-78.185962
4.94000,-78.172814,-78.496928
4.95000,-78.180937,-78.778222
4.96000,-78.187824,-79.032097
4.97000,-78.193537,-79.260769
4.98000,-78.198136,-79.466389
4.99000,-78.201677,-79.651009
5.00000,-78.204211,-79.816569
5.01000,-78.205788,-79.964880
5.02000,-78.206454,-80.097625
5.03000,-78.206252,-80.216350
5.04000,-78.205225,-80.322471
5.05000,-78.203410,-80.417278
5.06000,-78.200845,-80.501938
5.07000,-78.197565,-80.577507
5.08000,-78.193603,-80.644936
5.09000,-78.188992,-80.705077
5.10000,-78.183761,-80.758696
5.11000,-78.177939,-80.806478
5.12000,-78.171553,-80.849035
5.13000,-78.164630,-80.886916
5.14000,-78.157195,-80.920607
5.15000,-78.149271,-80.950544
5.16000,-78.140882,-80.977117
5.17000,-78.132048,-81.000671
5.18000,-78.122791,-81.021517
5.19000,-78.113131,-81.039929
5.20000,-78.103086,-81.056154
5.21000,-78.092674,-81.070412
5.22000,-78.081912,-81.082900
5.23000,-78.070817,-81.093791
5.24000,-78.059405,-81.103244
5.25000,-78.047690,-81.111399
5.26000,-78.035685,-81.118380
5.27000,-78.023406,-81.124302
5.28000,-78.010864,-81.129263
5.29000,-77.998072,-81.133355
5.30000,-77.985040,-81.136659
5.31000,-77.971781,-81.139248
5.32000,-77.958304,-81.141186
5.33000,-77.944619,-81.142534
5.34000,-77.930735,-81.143343
5.35000,-77.916662,-81.143662
5.36000,-77.902407,-81.143533
5.37000,-77.887978,-81.142995
5.38000,-77.873383,-81.142083
5.39000,-77.858630,-81.140829
5.40000,-77.843723,-81.139261
5.41000,-77.828671,-81.137404
5.42000,-77.813478,-81.135282
5.43000,-77.798150,-81.132916
5.44000,-77.782694,-81.130325
5.45000,-77.767112,-81.127526
5.46000,-77.751411,-81.124536
5.47000,-77.735595,-81.121367
5.48000,-77.719667,-81.118033
5.49000,-77.703632,-81.114545
5.50000,-77.687494,-81.110915
5.51000,-77.671255,-81.107151
5.52000,-77.654920,-81.103263
5.53000,-77.638491,-81.099258
5.54000,-77.621971,-81.095144
5.55000,-77.605363,-81.090928
5.56000,-77.588670,-81.086614
5.57000,-77.571893,-81.082209
5.58000,-77.555035,-81.077718
5.59000,-77.538099,-81.073145
5.60000,-77.521086,-81.068494
5.61000,-77.503998,-81.063769
5.62000,-77.486837,-81.058974
5.63000,-77.469604,-81.054112
5.64000,-77.452302,-81.049184
5.65000,-77.434931,-81.044195
5.66000,-77.417493,-81.039147
5.67000,-77.399990,-81.034041
5.68000,-77.382422,-81.028879
5.69000,-77.364791,-81.023664
5.70000,-77.347098,-81.018397
5.71000,-77.329344,-81.013080
5.72000,-77.311529,-81.007713
5.73000,-77.293655,-81.002299
5.74000,-77.275723,-80.996838
5.75000,-77.257733,-80.991331
5.76000,-77.239686,-80.985780
5.77000,-77.221583,-80.980184
5.78000,-77.203425,-80.974546
5.79000,-77.185212,-80.968865
5.80000,-77.166944,-80.963143
5.81000,-77.148623,-80.957379
5.82000,-77.130249,-80.951574
5.83000,-77.111822,-80.945730
5.84000,-77.093343,-80.939846
5.85000,-77.074813,-80.933922
5.86000,-77.056231,-80.927960
5.87000,-77.037599,-80.921958
5.88000,-77.018916,-80.915919
5.89000,-77.000183,-80.909841
5.90000,-76.981400,-80.903725
5.91000,-76.962568,-80.897571
5.92000,-76.943687,-80.891380
5.93000,-76.924757,-80.885152
5.94000,-76.905779,-80.878886
5.95000,-76.886752,-80.872583
5.96000,-76.867678,-80.866243
5.97000,-76.848555,-80.859865
5.98000,-76.829386,-80.853451
5.99000,-76.810169,-80.847000
6.00000,-76.790905,-80.840512
6.01000,-76.771595,-80.833987
6.02000,-76.752238,-80.827425
6.03000,-76.732834,-80.820826
6.04000,-76.713385,-80.814191
6.05000,-76.693889,-80.807518
6.06000,-76.674348,-80.800809
6.07000,-76.654761,-80.794062
6.08000,-76.635128,-80.787279
6.09000,-76.615450,-80.780458
6.10000,-76.595727,-80.773600
6.11000,-76.575959,-80.766705
6.12000,-76.556146,-80.759773
6.13000,-76.536288,-80.752804
6.14000,-76.516385,-80.745797
6.15000,-76.496438,-80.738753
6.16000,-76.476447,-80.731671
6.17000,-76.456412,-80.724551
6.18000,-76.436332,-80.717394
6.19000,-76.416209,-80.710199
6.20000,-76.396041,-80.702966
6.21000,-76.375830,-80.695695
6.22000,-76.355575,-80.688386
6.23000,-76.335277,-80.681039
6.24000,-76.314936,-80.673653
6.25000,-76.294551,-80.666229
6.26000,-76.274123,-80.658767
6.27000,-76.253652,-80.651266
6.28000,-76.233138,-80.643726
6.29000,-76.212581,-80.636148
6.30000,-76.191982,-80.628530
6.31000,-76.171340,-80.620873
6.32000,-76.150655,-80.613178
6.33000,-76.129929,-80.605443
6.34000,-76.109159,-80.597668
6.35000,-76.088348,-80.589854
6.36000,-76.067495,-80.582001
6.37000,-76.046599,-80.574108
6.38000,-76.025662,-80.566174
6.39000,-76.004683,-80.558201
6.40000,-75.983662,-80.550188
6.41000,-75.962600,-80.542135
6.42000,-75.941497,-80.534041
6.43000,-75.920352,-80.525907
6.44000,-75.899166,-80.517733
6.45000,-75.877938,-80.509517
6.46000,-75.856670,-80.501261
6.47000,-75.835361,-80.492964
6.48000,-75.814011,-80.484626
6.49000,-75.792620,-80.476247
6.50000,-75.771189,-80.467827
6.51000,-75.749717,-80.459365
6.52000,-75.728205,-80.450862
6.53000,-75.706653,-80.442317
6.54000,-75.685060,-80.433731
6.55000,-75.663427,-80.425103
6.56000,-75.641755,-80.416433
6.57000,-75.620042,-80.407720
6.58000,-75.598290,-80.398966
6.59000,-75.576498,-80.390169
6.60000,-75.554667,-80.381330
6.61000,-75.532796,-80.372449
6.62000,-75.510886,-80.363525
6.63000,-75.488937,-80.354558
6.64000,-75.466949,-80.345549
6.65000,-75.444922,-80.336496
6.66000,-75.422856,-80.327400
6.67000,-75.400751,-80.318262
6.68000,-75.378607,-80.309080
6.69000,-75.356426,-80.299854
6.70000,-75.334205,-80.290586
6.71000,-75.311947,-80.281273
6.72000,-75.289650,-80.271917
6.73000,-75.267315,-80.262517
6.74000,-75.244943,-80.253074
6.75000,-75.222532,-80.243586
6.76000,-75.200084,-80.234054
6.77000,-75.177599,-80.224478
6.78000,-75.155076,-80.214858
6.79000,-75.132516,-80.205193
6.80000,-75.109918,-80.195484
6.81000,-75.087283,-80.185730
6.82000,-75.064612,-80.175932
6.83000,-75.041904,-80.166089
6.84000,-75.019159,-80.156201
6.85000,-74.996377,-80.146268
6.86000,-74.973559,-80.136290
6.87000,-74.950705,-80.126267
6.88000,-74.927814,-80.116198
6.89000,-74.904888,-80.106085
6.90000,-74.881925,-80.095926
6.91000,-74.858927,-80.085721
6.92000,-74.835893,-80.075471
6.93000,-74.812824,-80.065175
6.94000,-74.789719,-80.054833
6.95000,-74.766579,-80.044446
6.96000,-74.743403,-80.034013
6.97000,-74.720193,-80.023533
6.98000,-74.696948,-80.013008
6.99000,-74.673668,-80.002436
7.00000,-74.650354,-79.991818
7.01000,-74.627005,-79.981154
7.02000,-74.603622,-79.970444
7.03000,-74.580204,-79.959687
7.04000,-74.556753,-79.948883
7.05000,-74.533267,-79.938033
7.06000,-74.509748,-79.927136
7.07000,-74.486195,-79.916193
7.08000,-74.462609,-79.905202
7.09000,-74.438990,-79.894165
7.10000,-74.415337,-79.883081
7.11000,-74.391651,-79.871950
7.12000,-74.367932,-79.860771
7.13000,-74.344181,-79.849546
7.14000,-74.320396,-79.838273
7.15000,-74.296580,-79.826953
7.16000,-74.272731,-79.815586
7.17000,-74.248849,-79.804171
7.18000,-74.224936,-79.792709
7.19000,-74.200991,-79.781200
7.20000,-74.177014,-79.769643
7.21000,-74.153006,-79.758038
7.22000,-74.128966,-79.746385
7.23000,-74.104895,-79.734685
7.24000,-74.080792,-79.722938
7.25000,-74.056659,-79.711142
7.26000,-74.032495,-79.699299
7.27000,-74.008300,-79.687407
7.28000,-73.984074,-79.675468
7.29000,-73.959818,-79.663481
7.30000,-73.935532,-79.651445
7.31000,-73.911216,-79.639362
7.32000,-73.886870,-79.627231
7.33000,-73.862495,-79.615051
7.34000,-73.838089,-79.602824
7.35000,-73.813654,-79.590548
7.36000,-73.789190,-79.578224
7.37000,-73.764697,-79.565851
7.38000,-73.740175,-79.553431
7.39000,-73.715624,-79.540962
7.40000,-73.691044,-79.528445
7.41000,-73.666436,-79.515879
7.42000,-73.641799,-79.503265
7.43000,-73.617135,-79.490603
7.44000,-73.592442,-79.477892
7.45000,-73.567721,-79.465133
7.46000,-73.542973,-79.452325
7.47000,-73.518197,-79.439469
7.48000,-73.493394,-79.426564
7.49000,-73.468564,-79.413611
7.50000,-73.443707,-79.400609
7.51000,-73.418823,-79.387559
7.52000,-73.393912,-79.374460
7.53000,-73.368975,-79.361312
7.54000,-73.344011,-79.348116
7.55000,-73.319021,-79.334872
7.56000,-73.294005,-79.321579
7.57000,-73.268963,-79.308237
7.58000,-73.243896,-79.294847
7.59000,-73.218803,-79.281408
7.60000,-73.193685,-79.267921
7.61000,-73.168541,-79.254385
7.62000,-73.143373,-79.240801
7.63000,-73.118180,-79.227168
7.64000,-73.092962,-79.213487
7.65000,-73.067719,-79.199757
7.66000,-73.042453,-79.185978
7.67000,-73.017162,-79.172151
7.68000,-72.991847,-79.158276
7.69000,-72.966508,-79.144352
7.70000,-72.941146,-79.130380
7.71000,-72.915761,-79.116359
7.72000,-72.890352,-79.102290
7.73000,-72.864920,-79.088172
7.74000,-72.839465,-79.074006
7.75000,-72.813987,-79.059792
7.76000,-72.788487,-79.045530
7.77000,-72.762965,-79.031219
7.78000,-72.737420,-79.016860
7.79000,-72.711853,-79.002453
7.80000,-72.686264,-78.987998
7.81000,-72.660654,-78.973494
7.82000,-72.635022,-78.958943
7.83000,-72.609369,-78.944343
7.84000,-72.583695,-78.929696
7.85000,-72.558000,-78.915000
7.86000,-72.532284,-78.900257
7.87000,-72.506548,-78.885465
7.88000,-72.480791,-78.870626
7.89000,-72.455014,-78.855739
7.90000,-72.429216,-78.840804
7.91000,-72.403399,-78.825822
7.92000,-72.377563,-78.810792
7.93000,-72.351707,-78.795714
7.94000,-72.325831,-78.780589
7.95000,-72.299936,-78.765417
7.96000,-72.274023,-78.750197
7.97000,-72.248091,-78.734929
7.98000,-72.222140,-78.719615
7.99000,-72.196170,-78.704253
8.00000,-72.170183,-78.688844
8.01000,-72.144178,-78.673388
8.02000,-72.118154,-78.657885
8.03000,-72.092113,-78.642335
8.04000,-72.066055,-78.626738
8.05000,-72.039979,-78.611094
8.06000,-72.013886,-78.595404
8.07000,-71.987777,-78.579667
8.08000,-71.961650,-78.563884
8.09000,-71.935507,-78.548054
8.10000,-71.909348,-78.532177
8.11000,-71.883173,-78.516254
8.12000,-71.856981,-78.500285
8.13000,-71.830774,-78.484270
8.14000,-71.804551,-78.468209
8.15000,-71.778313,-78.452102
8.16000,-71.752060,-78.435949
8.17000,-71.725792,-78.419750
8.18000,-71.699508,-78.403505
8.19000,-71.673211,-78.387215
8.20000,-71.646898,-78.370880
8.21000,-71.620572,-78.354499
8.22000,-71.594231,-78.338072
8.23000,-71.567876,-78.321601
8.24000,-71.541508,-78.305084
8.25000,-71.515126,-78.288522
8.26000,-71.488731,-78.271916
8.27000,-71.462323,-78.255264
8.28000,-71.435902,-78.238568
8.29000,-71.409468,-78.221828
8.30000,-71.383022,-78.205043
8.31000,-71.356563,-78.188214
8.32000,-71.330092,-78.171340
8.33000,-71.303609,-78.154422
8.34000,-71.277114,-78.137461
8.35000,-71.250608,-78.120455
8.36000,-71.224090,-78.103406
8.37000,-71.197561,-78.086313
8.38000,-71.171021,-78.069176
8.39000,-71.144471,-78.051996
8.40000,-71.117909,-78.034773
8.41000,-71.091337,-78.017507
8.42000,-71.064755,-78.000198
8.43000,-71.038163,-77.982846
8.44000,-71.011561,-77.965451
8.45000,-70.984949,-77.948014
8.46000,-70.958328,-77.930534
8.47000,-70.931697,-77.913012
8.48000,-70.905057,-77.895447
8.49000,-70.878409,-77.877841
8.50000,-70.851751,-77.860192
8.51000,-70.825085,-77.842502
8.52000,-70.798411,-77.824770
8.53000,-70.771729,-77.806997
8.54000,-70.745038,-77.789182
8.55000,-70.718340,-77.771327
8.56000,-70.691635,-77.753430
8.57000,-70.664922,-77.735492
8.58000,-70.638201,-77.717513
8.59000,-70.611474,-77.699494
8.60000,-70.584740,-77.681435
8.61000,-70.557999,-77.663335
8.62000,-70.531252,-77.645195
8.63000,-70.504499,-77.627015
8.64000,-70.477739,-77.608795
8.65000,-70.450974,-77.590536
8.66000,-70.424203,-77.572237
8.67000,-70.397427,-77.553898
8.68000,-70.370645,-77.535521
8.69000,-70.343858,-77.517105
8.70000,-70.317066,-77.498649
8.71000,-70.290270,-77.480155
8.72000,-70.263469,-77.461623
8.73000,-70.236664,-77.443052
8.74000,-70.209854,-77.424443
8.75000,-70.183041,-77.405796
8.76000,-70.156224,-77.387111
8.77000,-70.129403,-77.368389
8.78000,-70.102579,-77.349629
8.79000,-70.075752,-77.330832
8.80000,-70.048922,-77.311997
8.81000,-70.022089,-77.293126
8.82000,-69.995253,-77.274218
8.83000,-69.968415,-77.255274
8.84000,-69.941574,-77.236293
8.85000,-69.914732,-77.217275
8.86000,-69.887888,-77.198222
8.87000,-69.861042,-77.179133
8.88000,-69.834194,-77.160008
8.89000,-69.807345,-77.140848
8.90000,-69.780495,-77.121653
8.91000,-69.753645,-77.102422
8.92000,-69.726793,-77.083157
8.93000,-69.699941,-77.063856
8.94000,-69.673088,-77.044522
8.95000,-69.646235,-77.025153
8.96000,-69.619383,-77.005749
8.97000,-69.592530,-76.986312
8.98000,-69.565678,-76.966841
8.99000,-69.538826,-76.947337
9.00000,-69.511975,-76.927799
9.01000,-69.485125,-76.908228
9.02000,-69.458276,-76.888624
9.03000,-69.431429,-76.868988
9.04000,-69.404583,-76.849319
9.05000,-69.377738,-76.829617
9.06000,-69.350896,-76.809883
9.07000,-69.324055,-76.790118
9.08000,-69.297217,-76.770320
9.09000,-69.270381,-76.750492
9.10000,-69.243547,-76.730631
9.11000,-69.216716,-76.710740
9.12000,-69.189889,-76.690818
9.13000,-69.163064,-76.670865
9.14000,-69.136242,-76.650882
9.15000,-69.109424,-76.630868
9.16000,-69.082610,-76.610824
9.17000,-69.055800,-76.590751
9.18000,-69.028993,-76.570648
9.19000,-69.002191,-76.550515
9.20000,-68.975393,-76.530353
9.21000,-68.948600,-76.510162
9.22000,-68.921811,-76.489943
9.23000,-68.895027,-76.469695
9.24000,-68.868248,-76.449418
9.25000,-68.841475,-76.429113
9.26000,-68.814707,-76.408781
9.27000,-68.787944,-76.388420
9.28000,-68.761188,-76.368033
9.29000,-68.734437,-76.347618
9.30000,-68.707692,-76.327176
9.31000,-68.680954,-76.306707
9.32000,-68.654222,-76.286212
9.33000,-68.627497,-76.265690
9.34000,-68.600778,-76.245142
9.35000,-68.574067,-76.224568
9.36000,-68.547362,-76.203968
9.37000,-68.520665,-76.183343
9.38000,-68.493976,-76.162693
9.39000,-68.467294,-76.142018
9.40000,-68.440620,-76.121318
9.41000,-68.413954,-76.100593
9.42000,-68.387296,-76.079844
9.43000,-68.360646,-76.059071
9.44000,-68.334005,-76.038274
9.45000,-68.307373,-76.017454
9.46000,-68.280749,-75.996610
9.47000,-68.254134,-75.975742
9.48000,-68.227529,-75.954852
9.49000,-68.200933,-75.933939
9.50000,-68.174346,-75.913004
9.51000,-68.147769,-75.892046
9.52000,-68.121202,-75.871067
9.53000,-68.094645,-75.850065
9.54000,-68.068097,-75.829042
9.55000,-68.041561,-75.807997
9.56000,-68.015034,-75.786932
9.57000,-67.988519,-75.765845
9.58000,-67.962014,-75.744738
9.59000,-67.935519,-75.723611
9.60000,-67.909037,-75.702463
9.61000,-67.882565,-75.681295
9.62000,-67.856104,-75.660108
9.63000,-67.829656,-75.638901
9.64000,-67.803219,-75.617675
9.65000,-67.776793,-75.596430
9.66000,-67.750380,-75.575166
9.67000,-67.723979,-75.553884
9.68000,-67.697591,-75.532583
9.69000,-67.671214,-75.511265
9.70000,-67.644851,-75.489928
9.71000,-67.618500,-75.468574
9.72000,-67.592162,-75.447202
9.73000,-67.565837,-75.425814
9.74000,-67.539526,-75.404408
9.75000,-67.513228,-75.382986
9.76000,-67.486943,-75.361547
9.77000,-67.460672,-75.340093
9.78000,-67.434415,-75.318622
9.79000,-67.408171,-75.297136
9.80000,-67.381942,-75.275634
9.81000,-67.355727,-75.254117
9.82000,-67.329527,-75.232585
9.83000,-67.303341,-75.211038
9.84000,-67.277170,-75.189477
9.85000,-67.251013,-75.167901
9.86000,-67.224872,-75.146311
9.87000,-67.198746,-75.124708
9.88000,-67.172634,-75.103091
9.89000,-67.146539,-75.081461
9.90000,-67.120458,-75.059817
9.91000,-67.094394,-75.038161
9.92000,-67.068345,-75.016492
9.93000,-67.042312,-74.994811
9.94000,-67.016295,-74.973117
9.95000,-66.990295,-74.951412
9.96000,-66.964311,-74.929695
9.97000,-66.938343,-74.907967
9.98000,-66.912391,-74.886227
9.99000,-66.886457,-74.864477
10.00000,-66.860539,-74.842715
10.01000,-66.834639,-74.820943
10.02000,-66.808755,-74.799161
10.03000,-66.782889,-74.777369
10.04000,-66.757040,-74.755567
10.05000,-66.731208,-74.733756
10.06000,-66.705394,-74.711935
10.07000,-66.679598,-74.690105
10.08000,-66.653820,-74.668266
10.09000,-66.628060,-74.646419
10.10000,-66.602317,-74.624563
10.11000,-66.576593,-74.602700
10.12000,-66.550888,-74.580828
10.13000,-66.525201,-74.558948
10.14000,-66.499532,-74.537061
10.15000,-66.473882,-74.515167
10.16000,-66.448251,-74.493266
10.17000,-66.422639,-74.471358
10.18000,-66.397046,-74.449444
10.19000,-66.371472,-74.427523
10.20000,-66.345918,-74.405596
10.21000,-66.320383,-74.383664
10.22000,-66.294867,-74.361725
10.23000,-66.269371,-74.339782
10.24000,-66.243895,-74.317833
10.25000,-66.218438,-74.295879
10.26000,-66.193002,-74.273921
10.27000,-66.167585,-74.251958
10.28000,-66.142189,-74.229991
10.29000,-66.116813,-74.208020
10.30000,-66.091458,-74.186045
10.31000,-66.066123,-74.164066
10.32000,-66.040808,-74.142085
10.33000,-66.015514,-74.120100
10.34000,-65.990241,-74.098112
10.35000,-65.964989,-74.076121
10.36000,-65.939758,-74.054129
10.37000,-65.914548,-74.032133
10.38000,-65.889359,-74.010136
10.39000,-65.864192,-73.988137
10.40000,-65.839046,-73.966137
10.41000,-65.813921,-73.944135
10.42000,-65.788818,-73.922132
10.43000,-65.763737,-73.900128
10.44000,-65.738677,-73.878124
10.45000,-65.713640,-73.856119
10.46000,-65.688624,-73.834114
10.47000,-65.663630,-73.812109
10.48000,-65.638659,-73.790104
10.49000,-65.613709,-73.768099
10.50000,-65.588782,-73.746095
10.51000,-65.563878,-73.724092
10.52000,-65.538996,-73.702090
10.53000,-65.514136,-73.680089
10.54000,-65.489299,-73.658090
10.55000,-65.464485,-73.636092
10.56000,-65.439694,-73.614097
10.57000,-65.414925,-73.592103
10.58000,-65.390180,-73.570112
10.59000,-65.365458,-73.548123
10.60000,-65.340759,-73.526137
10.61000,-65.316083,-73.504154
10.62000,-65.291430,-73.482174
10.63000,-65.266801,-73.460198
10.64000,-65.242195,-73.438225
10.65000,-65.217613,-73.416256
10.66000,-65.193055,-73.394290
10.67000,-65.168520,-73.372329
10.68000,-65.144009,-73.350373
10.69000,-65.119521,-73.328421
10.70000,-65.095058,-73.306474
10.71000,-65.070619,-73.284531
10.72000,-65.046203,-73.262594
10.73000,-65.021812,-73.240663
10.74000,-64.997445,-73.218737
10.75000,-64.973102,-73.196816
10.76000,-64.948784,-73.174902
10.77000,-64.924489,-73.152994
10.78000,-64.900220,-73.131092
10.79000,-64.875975,-73.109197
10.80000,-64.851754,-73.087309
10.81000,-64.827558,-73.065427
10.82000,-64.803387,-73.043553
10.83000,-64.779240,-73.021686
10.84000,-64.755118,-72.999827
10.85000,-64.731021,-72.977975
10.86000,-64.706949,-72.956131
10.87000,-64.682902,-72.934295
10.88000,-64.658880,-72.912468
10.89000,-64.634884,-72.890649
10.90000,-64.610912,-72.868839
10.91000,-64.586965,-72.847037
10.92000,-64.563044,-72.825245
10.93000,-64.539148,-72.803462
10.94000,-64.515277,-72.781688
10.95000,-64.491432,-72.759924
10.96000,-64.467612,-72.738169
10.97000,-64.443818,-72.716425
10.98000,-64.420049,-72.694690
10.99000,-64.396306,-72.672966
11.00000,-64.372588,-72.651252
11.01000,-64.348896,-72.629549
11.02000,-64.325230,-72.607857
11.03000,-64.301589,-72.586175
11.04000,-64.277974,-72.564505
11.05000,-64.254385,-72.542846
11.06000,-64.230822,-72.521199
11.07000,-64.207285,-72.499563
11.08000,-64.183774,-72.477940
11.09000,-64.160289,-72.456328
11.10000,-64.136830,-72.434728
11.11000,-64.113396,-72.413141
11.12000,-64.089989,-72.391566
11.13000,-64.066608,-72.370004
11.14000,-64.043254,-72.348455
11.15000,-64.019925,-72.326918
11.16000,-63.996623,-72.305395
11.17000,-63.973347,-72.283885
11.18000,-63.950097,-72.262389
11.19000,-63.926873,-72.240906
11.20000,-63.903676,-72.219437
11.21000,-63.880505,-72.197982
11.22000,-63.857361,-72.176541
11.23000,-63.834243,-72.155114
11.24000,-63.811151,-72.133702
11.25000,-63.788086,-72.112304
11.26000,-63.765047,-72.090921
11.27000,-63.742035,-72.069553
11.28000,-63.719049,-72.048200
11.29000,-63.696090,-72.026862
11.30000,-63.673157,-72.005540
11.31000,-63.650251,-71.984232
11.32000,-63.627372,-71.962941
11.33000,-63.604519,-71.941665
11.34000,-63.581693,-71.920405
11.35000,-63.558894,-71.899161
11.36000,-63.536121,-71.877933
11.37000,-63.513375,-71.856722
11.38000,-63.490655,-71.835527
11.39000,-63.467963,-71.814349
11.40000,-63.445296,-71.793187
11.41000,-63.422657,-71.772042
11.42000,-63.400045,-71.750915
11.43000,-63.377459,-71.729804
11.44000,-63.354900,-71.708711
11.45000,-63.332367,-71.687635
11.46000,-63.309862,-71.666576
11.47000,-63.287383,-71.645535
11.48000,-63.264931,-71.624512
11.49000,-63.242506,-71.603507
11.50000,-63.220107,-71.582520
11.51000,-63.197736,-71.561552
11.52000,-63.175391,-71.540601
11.53000,-63.153073,-71.519669
11.54000,-63.130782,-71.498755
11.55000,-63.108517,-71.477861
11.56000,-63.086280,-71.456985
11.57000,-63.064069,-71.436127
11.58000,-63.041885,-71.415289
11.59000,-63.019727,-71.394470
11.60000,-62.997597,-71.373671
11.61000,-62.975493,-71.352890
11.62000,-62.953416,-71.332129
11.63000,-62.931366,-71.311388
11.64000,-62.909343,-71.290667
11.65000,-62.887346,-71.269965
11.66000,-62.865377,-71.249283
11.67000,-62.843434,-71.228622
11.68000,-62.821517,-71.207980
11.69000,-62.799628,-71.187359
11.70000,-62.777765,-71.166758
11.71000,-62.755929,-71.146178
11.72000,-62.734119,-71.125618
11.73000,-62.712336,-71.105079
11.74000,-62.690580,-71.084561
11.75000,-62.668851,-71.064064
11.76000,-62.647148,-71.043587
11.77000,-62.625472,-71.023132
11.78000,-62.603822,-71.002698
11.79000,-62.582199,-70.982286
11.80000,-62.560603,-70.961894
11.81000,-62.539033,-70.941525
11.82000,-62.517490,-70.921176
11.83000,-62.495973,-70.900850
11.84000,-62.474483,-70.880545
11.85000,-62.453019,-70.860262
11.86000,-62.431582,-70.840001
11.87000,-62.410171,-70.819762
11.88000,-62.388787,-70.799546
11.89000,-62.367429,-70.779351
11.90000,-62.346097,-70.759179
11.91000,-62.324792,-70.739029
11.92000,-62.303513,-70.718902
11.93000,-62.282261,-70.698797
11.94000,-62.261035,-70.678715
11.95000,-62.239835,-70.658656
11.96000,-62.218661,-70.638619
11.97000,-62.197513,-70.618605
11.98000,-62.176392,-70.598615
11.99000,-62.155297,-70.578647
12.00000,-62.134228,-70.558703
12.01000,-62.113185,-70.538781
12.02000,-62.092168,-70.518883
12.03000,-62.071177,-70.499009
12.04000,-62.050213,-70.479157
12.05000,-62.029274,-70.459330
12.06000,-62.008361,-70.439525
12.07000,-61.987474,-70.419745
12.08000,-61.966613,-70.399988
12.09000,-61.945778,-70.380255
12.10000,-61.924968,-70.360546
12.11000,-61.904185,-70.340861
12.12000,-61.883427,-70.321199
12.13000,-61.862695,-70.301562
12.14000,-61.841988,-70.281949
12.15000,-61.821307,-70.262360
12.16000,-61.800652,-70.242795
12.17000,-61.780023,-70.223255
12.18000,-61.759418,-70.203739
12.19000,-61.738840,-70.184247
12.20000,-61.718287,-70.164780
12.21000,-61.697759,-70.145337
12.22000,-61.677257,-70.125919
12.23000,-61.656780,-70.106526
12.24000,-61.636328,-70.087157
12.25000,-61.615902,-70.067813
12.26000,-61.595500,-70.048494
12.27000,-61.575124,-70.029199
12.28000,-61.554773,-70.009930
12.29000,-61.534448,-69.990686
12.30000,-61.514147,-69.971466
12.31000,-61.493871,-69.952272
12.32000,-61.473620,-69.933102
12.33000,-61.453394,-69.913958
12.34000,-61.433193,-69.894839
12.35000,-61.413017,-69.875746
12.36000,-61.392866,-69.856677
12.37000,-61.372739,-69.837634
12.38000,-61.352637,-69.818616
12.39000,-61.332560,-69.799624
12.40000,-61.312507,-69.780657
12.41000,-61.292479,-69.761716
12.42000,-61.272475,-69.742800
12.43000,-61.252496,-69.723910
12.44000,-61.232541,-69.705045
12.45000,-61.212611,-69.686206
12.46000,-61.192705,-69.667393
12.47000,-61.172823,-69.648605
12.48000,-61.152965,-69.629843
12.49000,-61.133132,-69.611107
12.50000,-61.113322,-69.592397
12.51000,-61.093537,-69.573712
12.52000,-61.073776,-69.555054
12.53000,-61.054038,-69.536421
12.54000,-61.034325,-69.517814
12.55000,-61.014635,-69.499234
12.56000,-60.994970,-69.480679
12.57000,-60.975328,-69.462150
12.58000,-60.955709,-69.443648
12.59000,-60.936115,-69.425171
12.60000,-60.916543,-69.406720
12.61000,-60.896996,-69.388296
12.62000,-60.877472,-69.369898
12.63000,-60.857971,-69.351526
12.64000,-60.838494,-69.333180
12.65000,-60.819040,-69.314860
12.66000,-60.799609,-69.296567
12.67000,-60.780201,-69.278300
12.68000,-60.760817,-69.260059
12.69000,-60.741456,-69.241844
12.70000,-60.722117,-69.223656
12.71000,-60.702802,-69.205494
12.72000,-60.683510,-69.187358
12.73000,-60.664240,-69.169249
12.74000,-60.644993,-69.151166
12.75000,-60.625769,-69.133109
12.76000,-60.606568,-69.115079
12.77000,-60.587389,-69.097075
12.78000,-60.568233,-69.079098
12.79000,-60.549100,-69.061147
12.80000,-60.529988,-69.043223
12.81000,-60.510900,-69.025325
12.82000,-60.491833,-69.007453
12.83000,-60.472789,-68.989608
12.84000,-60.453767,-68.971789
12.85000,-60.434767,-68.953997
12.86000,-60.415790,-68.936231
12.87000,-60.396834,-68.918492
12.88000,-60.377900,-68.900780
12.89000,-60.358988,-68.883093
12.90000,-60.340098,-68.865434
12.91000,-60.321230,-68.847801
12.92000,-60.302384,-68.830194
12.93000,-60.283559,-68.812614
12.94000,-60.264756,-68.795060
12.95000,-60.245974,-68.777533
12.96000,-60.227214,-68.760033
12.97000,-60.208475,-68.742559
12.98000,-60.189757,-68.725111
12.99000,-60.171061,-68.707690
13.00000,-60.152386,-68.690296
13.01000,-60.133732,-68.672928
13.02000,-60.115100,-68.655586
13.03000,-60.096488,-68.638271
13.04000,-60.077897,-68.620983
13.05000,-60.059327,-68.603721
13.06000,-60.040778,-68.586485
13.07000,-60.022250,-68.569276
13.08000,-60.003742,-68.552094
13.09000,-59.985255,-68.534937
13.10000,-59.966789,-68.517808
13.11000,-59.948343,-68.500705
13.12000,-59.929917,-68.483628
13.13000,-59.911512,-68.466578
13.14000,-59.893127,-68.449554
13.15000,-59.874763,-68.432556
13.16000,-59.856418,-68.415585
13.17000,-59.838094,-68.398640
13.18000,-59.819790,-68.381722
13.19000,-59.801506,-68.364830
13.20000,-59.783241,-68.347965
13.21000,-59.764997,-68.331125
13.22000,-59.746772,-68.314312
13.23000,-59.728567,-68.297526
13.24000,-59.710381,-68.280765
13.25000,-59.692216,-68.264031
13.26000,-59.674069,-68.247323
13.27000,-59.655942,-68.230642
13.28000,-59.637835,-68.213987
13.29000,-59.619746,-68.197357
13.30000,-59.601677,-68.180754
13.31000,-59.583628,-68.164178
13.32000,-59.565597,-68.147627
13.33000,-59.547585,-68.131103
13.34000,-59.529592,-68.114604
13.35000,-59.511618,-68.098132
13.36000,-59.493663,-68.081686
13.37000,-59.475727,-68.065266
13.38000,-59.457809,-68.048872
13.39000,-59.439910,-68.032504
13.40000,-59.422029,-68.016161
13.41000,-59.404167,-67.999845
13.42000,-59.386324,-67.983555
13.43000,-59.368498,-67.967291
13.44000,-59.350691,-67.951052
13.45000,-59.332902,-67.934840
13.46000,-59.315132,-67.918653
13.47000,-59.297379,-67.902492
13.48000,-59.279644,-67.886357
13.49000,-59.261927,-67.870248
13.50000,-59.244228,-67.854165
13.51000,-59.226547,-67.838107
13.52000,-59.208884,-67.822075
13.53000,-59.191238,-67.806068
13.54000,-59.173609,-67.790087
13.55000,-59.155999,-67.774132
13.56000,-59.138405,-67.758203
13.57000,-59.120829,-67.742298
13.58000,-59.103270,-67.726420
13.59000,-59.085729,-67.710567
13.60000,-59.068204,-67.694739
13.61000,-59.050697,-67.678937
13.62000,-59.033207,-67.663160
13.63000,-59.015733,-67.647409
13.64000,-58.998277,-67.631683
13.65000,-58.980837,-67.615982
13.66000,-58.963414,-67.600307
13.67000,-58.946007,-67.584656
13.68000,-58.928617,-67.569031
13.69000,-58.911244,-67.553431
13.70000,-58.893887,-67.537857
13.71000,-58.876546,-67.522307
13.72000,-58.859222,-67.506783
13.73000,-58.841914,-67.491283
13.74000,-58.824622,-67.475809
13.75000,-58.807346,-67.460359
13.76000,-58.790086,-67.444935
13.77000,-58.772842,-67.429535
13.78000,-58.755613,-67.414160
13.79000,-58.738401,-67.398810
13.80000,-58.721204,-67.383485
13.81000,-58.704023,-67.368185
13.82000,-58.686858,-67.352909
13.83000,-58.669707,-67.337658
13.84000,-58.652573,-67.322432
13.85000,-58.635453,-67.307230
13.86000,-58.618349,-67.292053
13.87000,-58.601261,-67.276900
13.88000,-58.584187,-67.261772
13.89000,-58.567128,-67.246669
13.90000,-58.550085,-67.231590
13.91000,-58.533056,-67.216535
13.92000,-58.516042,-67.201504
13.93000,-58.499043,-67.186498
13.94000,-58.482058,-67.171516
13.95000,-58.465088,-67.156559
13.96000,-58.448133,-67.141625
13.97000,-58.431192,-67.126716
13.98000,-58.414265,-67.111831
13.99000,-58.397353,-67.096970
14.00000,-58.380455,-67.082133
14.01000,-58.363571,-67.067320
14.02000,-58.346702,-67.052531
14.03000,-58.329846,-67.037765
14.04000,-58.313004,-67.023024
14.05000,-58.296177,-67.008307
14.06000,-58.279363,-66.993613
14.07000,-58.262562,-66.978943
14.08000,-58.245776,-66.964296
14.09000,-58.229003,-66.949674
14.10000,-58.212243,-66.935075
14.11000,-58.195497,-66.920499
14.12000,-58.178764,-66.905947
14.13000,-58.162045,-66.891419
14.14000,-58.145339,-66.876914
14.15000,-58.128646,-66.862432
14.16000,-58.111966,-66.847974
14.17000,-58.095299,-66.833539
14.18000,-58.078644,-66.819127
14.19000,-58.062003,-66.804739
14.20000,-58.045375,-66.790374
14.21000,-58.028759,-66.776031
14.22000,-58.012156,-66.761712
14.23000,-57.995565,-66.747416
14.24000,-57.978987,-66.733143
14.25000,-57.962421,-66.718893
14.26000,-57.945868,-66.704666
14.27000,-57.929326,-66.690462
14.28000,-57.912797,-66.676280
14.29000,-57.896281,-66.662122
14.30000,-57.879776,-66.647986
14.31000,-57.863283,-66.633873
14.32000,-57.846802,-66.619782
14.33000,-57.830332,-66.605714
14.34000,-57.813875,-66.591668
14.35000,-57.797429,-66.577645
14.36000,-57.780994,-66.563645
14.37000,-57.764571,-66.549667
14.38000,-57.748160,-66.535711
14.39000,-57.731760,-66.521777
14.40000,-57.715371,-66.507866
14.41000,-57.698993,-66.493977
14.42000,-57.682627,-66.480110
14.43000,-57.666271,-66.466266
14.44000,-57.649927,-66.452443
14.45000,-57.633593,-66.438642
14.46000,-57.617270,-66.424864
14.47000,-57.600958,-66.411107
14.48000,-57.584656,-66.397372
14.49000,-57.568365,-66.383659
14.50000,-57.552085,-66.369968
14.51000,-57.535815,-66.356299
14.52000,-57.519555,-66.342651
14.53000,-57.503306,-66.329025
14.54000,-57.487067,-66.315420
14.55000,-57.470838,-66.301837
14.56000,-57.454619,-66.288276
14.57000,-57.438410,-66.274736
14.58000,-57.422210,-66.261217
14.59000,-57.406021,-66.247720
14.60000,-57.389841,-66.234244
14.61000,-57.373671,-66.220789
14.62000,-57.357511,-66.207356
14.63000,-57.341360,-66.193943
14.64000,-57.325218,-66.180552
14.65000,-57.309086,-66.167182
14.66000,-57.292963,-66.153833
14.67000,-57.276849,-66.140505
14.68000,-57.260745,-66.127197
14.69000,-57.244649,-66.113911
14.70000,-57.228562,-66.100645
14.71000,-57.212484,-66.087401
14.72000,-57.196415,-66.074176
14.73000,-57.180355,-66.060973
14.74000,-57.164303,-66.047790
14.75000,-57.148260,-66.034628
14.76000,-57.132225,-66.021486
14.77000,-57.116198,-66.008365
14.78000,-57.100180,-65.995264
14.79000,-57.084170,-65.982183
14.80000,-57.068168,-65.969123
14.81000,-57.052175,-65.956083
14.82000,-57.036189,-65.943063
14.83000,-57.020211,-65.930063
14.84000,-57.004241,-65.917084
14.85000,-56.988278,-65.904124
14.86000,-56.972324,-65.891185
14.87000,-56.956376,-65.878266
14.88000,-56.940437,-65.865366
14.89000,-56.924504,-65.852486
14.90000,-56.908579,-65.839626
14.91000,-56.892661,-65.826786
14.92000,-56.876751,-65.813966
14.93000,-56.860847,-65.801165
14.94000,-56.844950,-65.788383
14.95000,-56.829061,-65.775622
14.96000,-56.813178,-65.762880
14.97000,-56.797301,-65.750157
14.98000,-56.781432,-65.737453
14.99000,-56.765568,-65.724769
15.00000,-56.749712,-65.712105
15.01000,-56.733861,-65.699459
15.02000,-56.718017,-65.686833
15.03000,-56.702180,-65.674226
15.04000,-56.686348,-65.661638
15.05000,-56.670522,-65.649069
15.06000,-56.654702,-65.636518
15.07000,-56.638888,-65.623987
15.08000,-56.623080,-65.611475
15.09000,-56.607278,-65.598982
15.10000,-56.591481,-65.586507
15.11000,-56.575689,-65.574051
15.12000,-56.559903,-65.561614
15.13000,-56.544122,-65.549195
15.14000,-56.528347,-65.536795
15.15000,-56.512576,-65.524413
15.16000,-56.496811,-65.512050
15.17000,-56.481050,-65.499705
15.18000,-56.465295,-65.487379
15.19000,-56.449544,-65.475070
15.20000,-56.433798,-65.462781
15.21000,-56.418056,-65.450509
15.22000,-56.402319,-65.438255
15.23000,-56.386586,-65.426020
15.24000,-56.370857,-65.413802
15.25000,-56.355133,-65.401603
15.26000,-56.339413,-65.389421
15.27000,-56.323697,-65.377258
15.28000,-56.307984,-65.365112
15.29000,-56.292276,-65.352984
15.30000,-56.276571,-65.340873
15.31000,-56.260869,-65.328780
15.32000,-56.245172,-65.316705
15.33000,-56.229477,-65.304648
15.34000,-56.213786,-65.292608
15.35000,-56.198098,-65.280585
15.36000,-56.182413,-65.268580
15.37000,-56.166731,-65.256592
15.38000,-56.151053,-65.244621
15.39000,-56.135376,-65.232668
15.40000,-56.119703,-65.220731
15.41000,-56.104032,-65.208812
15.42000,-56.088364,-65.196910
15.43000,-56.072698,-65.185025
15.44000,-56.057034,-65.173157
15.45000,-56.041372,-65.161306
15.46000,-56.025713,-65.149471
15.47000,-56.010055,-65.137653
15.48000,-55.994399,-65.125853
15.49000,-55.978745,-65.114068
15.50000,-55.963093,-65.102301
15.51000,-55.947442,-65.090550
15.52000,-55.931792,-65.078815
15.53000,-55.916144,-65.067097
15.54000,-55.900497,-65.055395
15.55000,-55.884851,-65.043710
15.56000,-55.869206,-65.032041
15.57000,-55.853561,-65.020388
15.58000,-55.837918,-65.008751
15.59000,-55.822275,-64.997131
15.60000,-55.806632,-64.985526
15.61000,-55.790990,-64.973938
15.62000,-55.775348,-64.962365
15.63000,-55.759706,-64.950808
15.64000,-55.744064,-64.939267
15.65000,-55.728422,-64.927742
15.66000,-55.712779,-64.916233
15.67000,-55.697136,-64.904739
15.68000,-55.681493,-64.893261
15.69000,-55.665849,-64.881798
15.70000,-55.650204,-64.870351
15.71000,-55.634559,-64.858920
15.72000,-55.618912,-64.847503
15.73000,-55.603264,-64.836102
15.74000,-55.587615,-64.824716
15.75000,-55.571964,-64.813346
15.76000,-55.556312,-64.801990
15.77000,-55.540658,-64.790650
15.78000,-55.525002,-64.779324
15.79000,-55.509345,-64.768014
15.80000,-55.493685,-64.756718
15.81000,-55.478023,-64.745437
15.82000,-55.462358,-64.734171
15.83000,-55.446691,-64.722920
15.84000,-55.431021,-64.711683
15.85000,-55.415349,-64.700461
15.86000,-55.399673,-64.689254
15.87000,-55.383994,-64.678061
15.88000,-55.368312,-64.666882
15.89000,-55.352627,-64.655718
15.90000,-55.336937,-64.644568
15.91000,-55.321244,-64.633432
15.92000,-55.305548,-64.622310
15.93000,-55.289847,-64.611202
15.94000,-55.274142,-64.600108
15.95000,-55.258432,-64.589029
15.96000,-55.242718,-64.577963
15.97000,-55.226999,-64.566911
15.98000,-55.211275,-64.555873
15.99000,-55.195547,-64.544848
16.00000,-55.179813,-64.533837
16.01000,-55.164073,-64.522840
16.02000,-55.148328,-64.511856
16.03000,-55.132577,-64.500886
16.04000,-55.116821,-64.489929
16.05000,-55.101058,-64.478985
16.06000,-55.085289,-64.468054
16.07000,-55.069513,-64.457137
16.08000,-55.053731,-64.446233
16.09000,-55.037942,-64.435341
16.10000,-55.022145,-64.424463
16.11000,-55.006342,-64.413598
16.12000,-54.990531,-64.402745
16.13000,-54.974712,-64.391905
16.14000,-54.958886,-64.381078
16.15000,-54.943052,-64.370264
16.16000,-54.927209,-64.359462
16.17000,-54.911358,-64.348672
16.18000,-54.895498,-64.337895
16.19000,-54.879629,-64.327130
16.20000,-54.863752,-64.316377
16.21000,-54.847865,-64.305637
16.22000,-54.831968,-64.294909
16.23000,-54.816062,-64.284192
16.24000,-54.800145,-64.273488
16.25000,-54.784219,-64.262795
16.26000,-54.768282,-64.252115
16.27000,-54.752334,-64.241446
16.28000,-54.736375,-64.230788
16.29000,-54.720406,-64.220143
16.30000,-54.704425,-64.209508
16.31000,-54.688432,-64.198885
16.32000,-54.672427,-64.188274
16.33000,-54.656410,-64.177673
16.34000,-54.640381,-64.167084
16.35000,-54.624339,-64.156506
16.36000,-54.608284,-64.145939
16.37000,-54.592216,-64.135383
16.38000,-54.576135,-64.124838
16.39000,-54.560040,-64.114303
16.40000,-54.543930,-64.103779
16.41000,-54.527807,-64.093266
16.42000,-54.511668,-64.082763
16.43000,-54.495515,-64.072271
16.44000,-54.479347,-64.061789
16.45000,-54.463163,-64.051317
16.46000,-54.446964,-64.040855
16.47000,-54.430748,-64.030403
16.48000,-54.414516,-64.019962
16.49000,-54.398267,-64.009530
16.50000,-54.382001,-63.999108
16.51000,-54.365718,-63.988695
16.52000,-54.349417,-63.978293
16.53000,-54.333098,-63.967899
16.54000,-54.316761,-63.957515
16.55000,-54.300405,-63.947141
16.56000,-54.284030,-63.936775
16.57000,-54.267635,-63.926419
16.58000,-54.251221,-63.916072
16.59000,-54.234786,-63.905733
16.60000,-54.218331,-63.895404
16.61000,-54.201855,-63.885083
16.62000,-54.185358,-63.874771
16.63000,-54.168839,-63.864467
16.64000,-54.152298,-63.854172
16.65000,-54.135734,-63.843884
16.66000,-54.119148,-63.833605
16.67000,-54.102538,-63.823335
16.68000,-54.085904,-63.813072
16.69000,-54.069247,-63.802817
16.70000,-54.052564,-63.792569
16.71000,-54.035857,-63.782329
16.72000,-54.019124,-63.772097
16.73000,-54.002365,-63.761872
16.74000,-53.985580,-63.751655
16.75000,-53.968768,-63.741444
16.76000,-53.951928,-63.731240
16.77000,-53.935061,-63.721044
16.78000,-53.918165,-63.710854
16.79000,-53.901240,-63.700671
16.80000,-53.884286,-63.690494
16.81000,-53.867303,-63.680324
16.82000,-53.850288,-63.670160
16.83000,-53.833243,-63.660002
16.84000,-53.816166,-63.649850
16.85000,-53.799057,-63.639704
16.86000,-53.781916,-63.629564
16.87000,-53.764741,-63.619429
16.88000,-53.747532,-63.609299
16.89000,-53.730290,-63.599175
16.90000,-53.713012,-63.589057
16.91000,-53.695698,-63.578943
16.92000,-53.678348,-63.568834
16.93000,-53.660961,-63.558729
16.94000,-53.643537,-63.548630
16.95000,-53.626075,-63.538534
16.96000,-53.608573,-63.528443
16.97000,-53.591033,-63.518356
16.98000,-53.573451,-63.508273
16.99000,-53.555829,-63.498194
17.00000,-53.538165,-63.488118
17.01000,-53.520459,-63.478046
17.02000,-53.502710,-63.467977
17.03000,-53.484916,-63.457911
17.04000,-53.467078,-63.447848
17.05000,-53.449195,-63.437787
17.06000,-53.431265,-63.427730
17.07000,-53.413288,-63.417674
17.08000,-53.395263,-63.407621
17.09000,-53.377189,-63.397570
17.10000,-53.359065,-63.387521
17.11000,-53.340891,-63.377473
17.12000,-53.322665,-63.367427
17.13000,-53.304387,-63.357382
17.14000,-53.286056,-63.347338
17.15000,-53.267670,-63.337295
17.16000,-53.249230,-63.327252
17.17000,-53.230732,-63.317210
17.18000,-53.212178,-63.307168
17.19000,-53.193565,-63.297126
17.20000,-53.174894,-63.287084
17.21000,-53.156161,-63.277041
17.22000,-53.137367,-63.266998
17.23000,-53.118511,-63.256953
17.24000,-53.099591,-63.246908
17.25000,-53.080606,-63.236861
17.26000,-53.061555,-63.226812
17.27000,-53.042437,-63.216762
17.28000,-53.023250,-63.206709
17.29000,-53.003993,-63.196654
17.30000,-52.984666,-63.186596
17.31000,-52.965266,-63.176536
17.32000,-52.945793,-63.166472
17.33000,-52.926245,-63.156405
17.34000,-52.906620,-63.146334
17.35000,-52.886918,-63.136258
17.36000,-52.867136,-63.126179
17.37000,-52.847274,-63.116095
17.38000,-52.827330,-63.106006
17.39000,-52.807302,-63.095912
17.40000,-52.787189,-63.085812
17.41000,-52.766989,-63.075707
17.42000,-52.746701,-63.065595
17.43000,-52.726322,-63.055477
17.44000,-52.705852,-63.045353
17.45000,-52.685288,-63.035221
17.46000,-52.664629,-63.025081
17.47000,-52.643873,-63.014934
17.48000,-52.623018,-63.004779
17.49000,-52.602063,-62.994615
17.50000,-52.581004,-62.984442
17.51000,-52.559841,-62.974260
17.52000,-52.538572,-62.964068
17.53000,-52.517193,-62.953866
17.54000,-52.495704,-62.943654
17.55000,-52.474102,-62.933431
17.56000,-52.452385,-62.923197
17.57000,-52.430551,-62.912951
17.58000,-52.408596,-62.902693
17.59000,-52.386520,-62.892422
17.60000,-52.364320,-62.882139
17.61000,-52.341993,-62.871842
17.62000,-52.319537,-62.861532
17.63000,-52.296949,-62.851207
17.64000,-52.274226,-62.840867
17.65000,-52.251367,-62.830512
17.66000,-52.228368,-62.820142
17.67000,-52.205226,-62.809755
17.68000,-52.181939,-62.799351
17.69000,-52.158503,-62.788930
17.70000,-52.134917,-62.778491
17.71000,-52.111176,-62.768034
17.72000,-52.087277,-62.757558
17.73000,-52.063218,-62.747063
17.74000,-52.038995,-62.736547
17.75000,-52.014605,-62.726011
17.76000,-51.990044,-62.715454
17.77000,-51.965309,-62.704874
17.78000,-51.940396,-62.694273
17.79000,-51.915302,-62.683648
17.80000,-51.890022,-62.672999
17.81000,-51.864554,-62.662327
17.82000,-51.838893,-62.651629
17.83000,-51.813034,-62.640905
17.84000,-51.786975,-62.630155
17.85000,-51.760710,-62.619377
17.86000,-51.734235,-62.608572
17.87000,-51.707546,-62.597738
17.88000,-51.680638,-62.586875
17.89000,-51.653507,-62.575981
17.90000,-51.626148,-62.565057
17.91000,-51.598555,-62.554100
17.92000,-51.570725,-62.543111
17.93000,-51.542651,-62.532089
17.94000,-51.514328,-62.521032
17.95000,-51.485752,-62.509940
17.96000,-51.456916,-62.498812
17.97000,-51.427814,-62.487646
17.98000,-51.398441,-62.476443
17.99000,-51.368791,-62.465201
18.00000,-51.338858,-62.453919
18.01000,-51.308635,-62.442596
18.02000,-51.278116,-62.431230
18.03000,-51.247294,-62.419822
18.04000,-51.216162,-62.408370
18.05000,-51.184714,-62.396872
18.06000,-51.152941,-62.385328
18.07000,-51.120837,-62.373737
18.08000,-51.088395,-62.362097
18.09000,-51.055605,-62.350407
18.10000,-51.022461,-62.338666
18.11000,-50.988953,-62.326872
18.12000,-50.955074,-62.315025
18.13000,-50.920814,-62.303123
18.14000,-50.886166,-62.291164
18.15000,-50.851118,-62.279148
18.16000,-50.815663,-62.267073
18.17000,-50.779790,-62.254937
18.18000,-50.743490,-62.242739
18.19000,-50.706751,-62.230477
18.20000,-50.669564,-62.218150
18.21000,-50.631917,-62.205757
18.22000,-50.593799,-62.193295
18.23000,-50.555200,-62.180763
18.24000,-50.516105,-62.168159
18.25000,-50.476505,-62.155482
18.26000,-50.436385,-62.142729
18.27000,-50.395734,-62.129899
18.28000,-50.354536,-62.116990
18.29000,-50.312780,-62.104000
18.30000,-50.270450,-62.090928
18.31000,-50.227533,-62.077770
18.32000,-50.184012,-62.064525
18.33000,-50.139872,-62.051190
18.34000,-50.095098,-62.037765
18.35000,-50.049673,-62.024245
18.36000,-50.003580,-62.010630
18.37000,-49.956800,-61.996916
18.38000,-49.909317,-61.983101
18.39000,-49.861111,-61.969183
18.40000,-49.812163,-61.955159
18.41000,-49.762453,-61.941027
18.42000,-49.711961,-61.926784
18.43000,-49.660664,-61.912426
18.44000,-49.608543,-61.897951
18.45000,-49.555572,-61.883357
18.46000,-49.501730,-61.868640
18.47000,-49.446992,-61.853797
18.48000,-49.391332,-61.838825
18.49000,-49.334725,-61.823721
18.50000,-49.277145,-61.808481
18.51000,-49.218563,-61.793102
18.52000,-49.158951,-61.777580
18.53000,-49.098279,-61.761912
18.54000,-49.036516,-61.746094
18.55000,-48.973631,-61.730122
18.56000,-48.909591,-61.713992
18.57000,-48.844361,-61.697700
18.58000,-48.777907,-61.681242
18.59000,-48.710192,-61.664613
18.60000,-48.641177,-61.647810
18.61000,-48.570824,-61.630827
18.62000,-48.499092,-61.613659
18.63000,-48.425938,-61.596303
18.64000,-48.351319,-61.578752
18.65000,-48.275190,-61.561002
18.66000,-48.197502,-61.543047
18.67000,-48.118207,-61.524882
18.68000,-48.037254,-61.506501
18.69000,-47.954590,-61.487899
18.70000,-47.870160,-61.469069
18.71000,-47.783907,-61.450005
18.72000,-47.695772,-61.430700
18.73000,-47.605693,-61.411149
18.74000,-47.513606,-61.391344
18.75000,-47.419444,-61.371279
18.76000,-47.323137,-61.350945
18.77000,-47.224613,-61.330335
18.78000,-47.123798,-61.309443
18.79000,-47.020611,-61.288258
18.80000,-46.914973,-61.266775
18.81000,-46.806796,-61.244982
18.82000,-46.695994,-61.222873
18.83000,-46.582473,-61.200437
18.84000,-46.466137,-61.177666
18.85000,-46.346885,-61.154549
18.86000,-46.224612,-61.131075
18.87000,-46.099208,-61.107236
18.88000,-45.970559,-61.083019
18.89000,-45.838546,-61.058414
18.90000,-45.703044,-61.033408
18.91000,-45.563921,-61.007990
18.92000,-45.421043,-60.982147
18.93000,-45.274265,-60.955865
18.94000,-45.123440,-60.929132
18.95000,-44.968411,-60.901933
18.96000,-44.809015,-60.874254
18.97000,-44.645081,-60.846079
18.98000,-44.476431,-60.817393
18.99000,-44.302878,-60.788180
19.00000,-44.124225,-60.758422
19.01000,-43.940268,-60.728101
19.02000,-43.750791,-60.697200
19.03000,-43.555569,-60.665699
19.04000,-43.354367,-60.633579
19.05000,-43.146936,-60.600817
19.06000,-42.933018,-60.567394
19.07000,-42.712340,-60.533287
19.08000,-42.484618,-60.498471
19.09000,-42.249552,-60.462923
19.10000,-42.006829,-60.426618
19.11000,-41.756121,-60.389528
19.12000,-41.497082,-60.351625
19.13000,-41.229352,-60.312882
19.14000,-40.952551,-60.273267
19.15000,-40.666283,-60.232749
19.16000,-40.370132,-60.191295
19.17000,-40.063661,-60.148870
19.18000,-39.746415,-60.105438
19.19000,-39.417914,-60.060962
19.20000,-39.077660,-60.015401
19.21000,-38.725130,-59.968713
19.22000,-38.359776,-59.920857
19.23000,-37.981029,-59.871785
19.24000,-37.588293,-59.821450
19.25000,-37.180948,-59.769801
19.26000,-36.758348,-59.716786
19.27000,-36.319824,-59.662349
19.28000,-35.864677,-59.606432
19.29000,-35.392188,-59.548974
19.30000,-34.901611,-59.489910
19.31000,-34.392178,-59.429172
19.32000,-33.863099,-59.366689
19.33000,-33.313563,-59.302385
19.34000,-32.742745,-59.236181
19.35000,-32.149803,-59.167994
19.36000,-31.533886,-59.097734
19.37000,-30.894140,-59.025309
19.38000,-30.229709,-58.950621
19.39000,-29.539745,-58.873565
19.40000,-28.823419,-58.794031
19.41000,-28.079923,-58.711903
19.42000,-27.308489,-58.627057
19.43000,-26.508397,-58.539365
19.44000,-25.678991,-58.448687
19.45000,-24.819693,-58.354878
19.46000,-23.930025,-58.257783
19.47000,-23.009625,-58.157237
19.48000,-22.058272,-58.053066
19.49000,-21.075905,-57.945086
19.50000,-20.062654,-57.833099
19.51000,-19.018861,-57.716898
19.52000,-17.945107,-57.596261
19.53000,-16.842242,-57.470953
19.54000,-15.711410,-57.340723
19.55000,-14.554068,-57.205306
19.56000,-13.372016,-57.064419
19.57000,-12.167409,-56.917760
19.58000,-10.942768,-56.765011
19.59000,-9.700989,-56.605829
19.60000,-8.445336,-56.439854
19.61000,-7.179434,-56.266698
19.62000,-5.907239,-56.085952
19.63000,-4.633012,-55.897178
19.64000,-3.361271,-55.699912
19.65000,-2.096736,-55.493657
19.66000,-0.844268,-55.277887
19.67000,0.391204,-55.052040
19.68000,1.604758,-54.815519
19.69000,2.791563,-54.567689
19.70000,3.946953,-54.307872
19.71000,5.066505,-54.035348
19.72000,6.146112,-53.749351
19.73000,7.182041,-53.449064
19.74000,8.170984,-53.133619
19.75000,9.110100,-52.802091
19.76000,9.997036,-52.453497
19.77000,10.829941,-52.086787
19.78000,11.607462,-51.700847
19.79000,12.328737,-51.294487
19.80000,12.993366,-50.866442
19.81000,13.601379,-50.415361
19.82000,14.153202,-49.939806
19.83000,14.649612,-49.438243
19.84000,15.091689,-48.909035
19.85000,15.480774,-48.350435
19.86000,15.818420,-47.760580
19.87000,16.106353,-47.137477
19.88000,16.346424,-46.479000
19.89000,16.540581,-45.782874
19.90000,16.690828,-45.046671
19.91000,16.799202,-44.267794
19.92000,16.867744,-43.443469
19.93000,16.898480,-42.570731
19.94000,16.893404,-41.646416
19.95000,16.854464,-40.667150
19.96000,16.783552,-39.629340
19.97000,16.682494,-38.529166
19.98000,16.553048,-37.362581
19.99000,16.396896,-36.125312
20.00000,16.215644,-34.812870
20.01000,16.010825,-33.420571
20.02000,15.783891,-31.943568
20.03000,15.536222,-30.376908
20.04000,15.269123,-28.715603
20.05000,14.983830,-26.954747
20.06000,14.681508,-25.089656
20.07000,14.363258,-23.116071
20.08000,14.030118,-21.030411
20.09000,13.683067,-18.830098
20.10000,13.323027,-16.513950
20.11000,12.950867,-14.082653
20.12000,12.567403,-11.539291
20.13000,12.173408,-8.889925
20.14000,11.769606,-6.144158
20.15000,11.356681,-3.315652
20.16000,10.935275,-0.422486
20.17000,10.505994,2.512723
20.18000,10.069410,5.463040
20.19000,9.626058,8.397841
20.20000,9.176447,11.283899
20.21000,8.721052,14.086876
20.22000,8.260324,16.773118
20.23000,7.794685,19.311580
20.24000,7.324537,21.675634
20.25000,6.850255,23.844561
20.26000,6.372194,25.804512
20.27000,5.890690,27.548857
20.28000,5.406059,29.077912
20.29000,4.918600,30.398133
20.30000,4.428593,31.520935
20.31000,3.936305,32.461329
20.32000,3.441988,33.236538
20.33000,2.945877,33.864746
20.34000,2.448197,34.364056
20.35000,1.949159,34.751715
20.36000,1.448962,35.043586
20.37000,0.947796,35.253850
20.38000,0.445837,35.394896
20.39000,-0.056746,35.477341
20.40000,-0.559796,35.510140
20.41000,-1.063163,35.500757
20.42000,-1.566707,35.455344
20.43000,-2.070297,35.378942
20.44000,-2.573807,35.275657
20.45000,-3.077122,35.148824
20.46000,-3.580131,35.001149
20.47000,-4.082732,34.834835
20.48000,-4.584830,34.651675
20.49000,-5.086334,34.453141
20.50000,-5.587159,34.240447
20.51000,-6.087229,34.014604
20.52000,-6.586470,33.776461
20.53000,-7.084813,33.526740
20.54000,-7.582197,33.266061
20.55000,-8.078562,32.994965
20.56000,-8.573856,32.713927
20.57000,-9.068027,32.423371
20.58000,-9.561031,32.123682
20.59000,-10.052825,31.815208
20.60000,-10.543372,31.498272
20.61000,-11.032637,31.173173
20.62000,-11.520589,30.840194
20.63000,-12.007199,30.499601
20.64000,-12.492443,30.151647
20.65000,-12.976299,29.796576
20.66000,-13.458748,29.434620
20.67000,-13.939773,29.066005
20.68000,-14.419361,28.690950
20.69000,-14.897501,28.309667
20.70000,-15.374184,27.922365
20.71000,-15.849406,27.529243
20.72000,-16.323162,27.130501
20.73000,-16.795452,26.726332
20.74000,-17.266276,26.316926
20.75000,-17.735639,25.902468
20.76000,-18.203547,25.483141
20.77000,-18.670007,25.059124
20.78000,-19.135031,24.630593
20.79000,-19.598631,24.197721
20.80000,-20.060823,23.760677
20.81000,-20.521623,23.319627
20.82000,-20.981052,22.874735
20.83000,-21.439133,22.426160
20.84000,-21.895888,21.974060
20.85000,-22.351345,21.518589
20.86000,-22.805534,21.059898
20.87000,-23.258485,20.598134
20.88000,-23.710233,20.133443
20.89000,-24.160815,19.665965
20.90000,-24.610269,19.195839
20.91000,-25.058638,18.723202
20.92000,-25.505965,18.248184
20.93000,-25.952298,17.770915
20.94000,-26.397687,17.291522
20.95000,-26.842184,16.810126
20.96000,-27.285844,16.326849
20.97000,-27.728727,15.841806
20.98000,-28.170892,15.355110
20.99000,-28.612405,14.866874
21.00000,-29.053332,14.377202
21.01000,-29.493743,13.886201
21.02000,-29.933713,13.393971
21.03000,-30.373316,12.900611
21.04000,-30.812633,12.406215
21.05000,-31.251746,11.910875
21.06000,-31.690742,11.414681
21.07000,-32.129707,10.917720
21.08000,-32.568736,10.420073
21.09000,-33.007923,9.921822
21.10000,-33.447366,9.423044
21.11000,-33.887166,8.923814
21.12000,-34.327428,8.424204
21.13000,-34.768259,7.924283
21.14000,-35.209769,7.424118
21.15000,-35.652071,6.923772
21.16000,-36.095280,6.423306
21.17000,-36.539515,5.922779
21.18000,-36.984896,5.422247
21.19000,-37.431545,4.921764
21.20000,-37.879587,4.421380
21.21000,-38.329148,3.921143
21.22000,-38.780355,3.421101
21.23000,-39.233338,2.921297
21.24000,-39.688225,2.421771
21.25000,-40.145148,1.922564
21.26000,-40.604235,1.423713
21.27000,-41.065616,0.925251
21.28000,-41.529420,0.427211
21.29000,-41.995772,-0.070376
21.30000,-42.464798,-0.567482
21.31000,-42.936619,-1.064080
21.32000,-43.411353,-1.560147
21.33000,-43.889112,-2.055661
21.34000,-44.370005,-2.550601
21.35000,-44.854131,-3.044950
21.36000,-45.341586,-3.538690
21.37000,-45.832452,-4.031808
21.38000,-46.326805,-4.524290
21.39000,-46.824707,-5.016127
21.40000,-47.326211,-5.507310
21.41000,-47.831350,-5.997831
21.42000,-48.340146,-6.487686
21.43000,-48.852602,-6.976870
21.44000,-49.368702,-7.465384
21.45000,-49.888407,-7.953226
21.46000,-50.411658,-8.440400
21.47000,-50.938371,-8.926909
21.48000,-51.468434,-9.412759
21.49000,-52.001708,-9.897958
21.50000,-52.538024,-10.382515
21.51000,-53.077181,-10.866441
21.52000,-53.618946,-11.349752
21.53000,-54.163050,-11.832461
21.54000,-54.709190,-12.314586
21.55000,-55.257026,-12.796147
21.56000,-55.806179,-13.277166
21.57000,-56.356237,-13.757666
21.58000,-56.906747,-14.237675
21.59000,-57.457221,-14.717220
21.60000,-58.007137,-15.196333
21.61000,-58.555938,-15.675048
21.62000,-59.103038,-16.153402
21.63000,-59.647820,-16.631433
21.64000,-60.189644,-17.109183
21.65000,-60.727851,-17.586699
21.66000,-61.261763,-18.064029
21.67000,-61.790694,-18.541225
21.68000,-62.313953,-19.018343
21.69000,-62.830850,-19.495442
21.70000,-63.340702,-19.972586
21.71000,-63.842842,-20.449842
21.72000,-64.336623,-20.927283
21.73000,-64.821427,-21.404985
21.74000,-65.296667,-21.883031
21.75000,-65.761798,-22.361507
21.76000,-66.216319,-22.840506
21.77000,-66.659779,-23.320126
21.78000,-67.091782,-23.800473
21.79000,-67.511985,-24.281657
21.80000,-67.920107,-24.763796
21.81000,-68.315926,-25.247015
21.82000,-68.699280,-25.731448
21.83000,-69.070065,-26.217235
21.84000,-69.428239,-26.704525
21.85000,-69.773811,-27.193478
21.86000,-70.106847,-27.684260
21.87000,-70.427458,-28.177048
21.88000,-70.735803,-28.672032
21.89000,-71.032080,-29.169409
21.90000,-71.316524,-29.669390
21.91000,-71.589400,-30.172197
21.92000,-71.851000,-30.678063
21.93000,-72.101640,-31.187237
21.94000,-72.341650,-31.699979
21.95000,-72.571374,-32.216564
21.96000,-72.791168,-32.737282
21.97000,-73.001391,-33.262437
21.98000,-73.202404,-33.792349
21.99000,-73.394570,-34.327355
22.00000,-73.578248,-34.867808
22.01000,-73.753790,-35.414076
22.02000,-73.921544,-35.966547
22.03000,-74.081848,-36.525624
22.04000,-74.235031,-37.091729
22.05000,-74.381411,-37.665299
22.06000,-74.521294,-38.246791
22.07000,-74.654976,-38.836677
22.08000,-74.782740,-39.435444
22.09000,-74.904857,-40.043596
22.10000,-75.021586,-40.661649
22.11000,-75.133174,-41.290131
22.12000,-75.239855,-41.929581
22.13000,-75.341854,-42.580543
22.14000,-75.439383,-43.243566
22.15000,-75.532644,-43.919197
22.16000,-75.621828,-44.607981
22.17000,-75.707116,-45.310448
22.18000,-75.788680,-46.027112
22.19000,-75.866683,-46.758460
22.20000,-75.941281,-47.504945
22.21000,-76.012618,-48.266973
22.22000,-76.080835,-49.044894
22.23000,-76.146061,-49.838984
22.24000,-76.208422,-50.649434
22.25000,-76.268035,-51.476330
22.26000,-76.325013,-52.319635
22.27000,-76.379462,-53.179172
22.28000,-76.431483,-54.054598
22.29000,-76.481171,-54.945385
22.30000,-76.528618,-55.850796
22.31000,-76.573909,-56.769861
22.32000,-76.617128,-57.701359
22.33000,-76.658351,-58.643795
22.34000,-76.697654,-59.595386
22.35000,-76.735107,-60.554049
22.36000,-76.770777,-61.517397
22.37000,-76.804729,-62.482739
22.38000,-76.837024,-63.447101
22.39000,-76.867720,-64.407242
22.40000,-76.896872,-65.359698
22.41000,-76.924533,-66.300830
22.42000,-76.950753,-67.226888
22.43000,-76.975581,-68.134086
22.44000,-76.999061,-69.018686
22.45000,-77.021238,-69.877088
22.46000,-77.042153,-70.705925
22.47000,-77.061845,-71.502147
22.48000,-77.080351,-72.263100
22.49000,-77.097708,-72.986595
22.50000,-77.113949,-73.670956
22.51000,-77.129106,-74.315043
22.52000,-77.143210,-74.918261
22.53000,-77.156290,-75.480544
22.54000,-77.168374,-76.002319
22.55000,-77.179488,-76.484460
22.56000,-77.189657,-76.928220
22.57000,-77.198905,-77.335171
22.58000,-77.207254,-77.707126
22.59000,-77.214728,-78.046075
22.60000,-77.221346,-78.354119
22.61000,-77.227129,-78.633412
22.62000,-77.232096,-78.886115
22.63000,-77.236266,-79.114347
22.64000,-77.239658,-79.320165
22.65000,-77.242288,-79.505528
22.66000,-77.244175,-79.672290
22.67000,-77.245335,-79.822182
22.68000,-77.245785,-79.956813
22.69000,-77.245542,-80.077665
22.70000,-77.244623,-80.186095
22.71000,-77.243042,-80.283342
22.72000,-77.240818,-80.370529
22.73000,-77.237964,-80.448675
22.74000,-77.234499,-80.518696
22.75000,-77.230436,-80.581421
22.76000,-77.225794,-80.637592
22.77000,-77.220586,-80.687876
22.78000,-77.214829,-80.732871
22.79000,-77.208538,-80.773112
22.80000,-77.201730,-80.809079
22.81000,-77.194419,-80.841200
22.82000,-77.186620,-80.869861
22.83000,-77.178350,-80.895403
22.84000,-77.169622,-80.918136
22.85000,-77.160451,-80.938333
22.86000,-77.150853,-80.956242
22.87000,-77.140841,-80.972082
22.88000,-77.130429,-80.986054
22.89000,-77.119632,-80.998333
22.90000,-77.108462,-81.009079
22.91000,-77.096932,-81.018435
22.92000,-77.085057,-81.026530
22.93000,-77.072847,-81.033479
22.94000,-77.060315,-81.039387
22.95000,-77.047474,-81.044346
22.96000,-77.034334,-81.048442
22.97000,-77.020907,-81.051750
22.98000,-77.007204,-81.054339
22.99000,-76.993234,-81.056271
23.00000,-76.979008,-81.057602
23.01000,-76.964536,-81.058382
23.02000,-76.949826,-81.058658
23.03000,-76.934889,-81.058471
23.04000,-76.919732,-81.057858
23.05000,-76.904364,-81.056853
23.06000,-76.888794,-81.055488
23.07000,-76.873027,-81.053790
23.08000,-76.857073,-81.051785
23.09000,-76.840937,-81.049496
23.10000,-76.824628,-81.046944
23.11000,-76.808150,-81.044148
23.12000,-76.791511,-81.041126
23.13000,-76.774716,-81.037893
23.14000,-76.757770,-81.034464
23.15000,-76.740680,-81.030851
23.16000,-76.723451,-81.027068
23.17000,-76.706086,-81.023126
23.18000,-76.688592,-81.019033
23.19000,-76.670972,-81.014799
23.20000,-76.653230,-81.010433
23.21000,-76.635371,-81.005943
23.22000,-76.617398,-81.001334
23.23000,-76.599316,-80.996615
23.24000,-76.581127,-80.991789
23.25000,-76.562836,-80.986864
23.26000,-76.544444,-80.981844
23.27000,-76.525956,-80.976733
23.28000,-76.507373,-80.971535
23.29000,-76.488699,-80.966255
23.30000,-76.469937,-80.960896
23.31000,-76.451088,-80.955460
23.32000,-76.432156,-80.949951
23.33000,-76.413142,-80.944372
23.34000,-76.394048,-80.938725
23.35000,-76.374876,-80.933012
23.36000,-76.355630,-80.927235
23.37000,-76.336309,-80.921397
23.38000,-76.316916,-80.915499
23.39000,-76.297453,-80.909542
23.40000,-76.277921,-80.903529
23.41000,-76.258322,-80.897459
23.42000,-76.238657,-80.891336
23.43000,-76.218927,-80.885159
23.44000,-76.199134,-80.878930
23.45000,-76.179280,-80.872650
23.46000,-76.159364,-80.866320
23.47000,-76.139388,-80.859940
23.48000,-76.119354,-80.853512
23.49000,-76.099262,-80.847035
23.50000,-76.079114,-80.840511
23.51000,-76.058909,-80.833940
23.52000,-76.038650,-80.827323
23.53000,-76.018337,-80.820659
23.54000,-75.997970,-80.813951
23.55000,-75.977551,-80.807197
23.56000,-75.957081,-80.800398
23.57000,-75.936559,-80.793555
23.58000,-75.915987,-80.786667
23.59000,-75.895365,-80.779736
23.60000,-75.874694,-80.772761
23.61000,-75.853974,-80.765743
23.62000,-75.833206,-80.758681
23.63000,-75.812391,-80.751576
23.64000,-75.791529,-80.744429
23.65000,-75.770621,-80.737238
23.66000,-75.749666,-80.730005
23.67000,-75.728666,-80.722729
23.68000,-75.707621,-80.715410
23.69000,-75.686532,-80.708049
23.70000,-75.665398,-80.700645
23.71000,-75.644220,-80.693199
23.72000,-75.622999,-80.685711
23.73000,-75.601735,-80.678180
23.74000,-75.580428,-80.670607
23.75000,-75.559079,-80.662991
23.76000,-75.537687,-80.655333
23.77000,-75.516254,-80.647633
23.78000,-75.494780,-80.639890
23.79000,-75.473264,-80.632105
23.80000,-75.451707,-80.624277
23.81000,-75.430110,-80.616407
23.82000,-75.408473,-80.608494
23.83000,-75.386795,-80.600539
23.84000,-75.365078,-80.592541
23.85000,-75.343322,-80.584500
23.86000,-75.321526,-80.576417
23.87000,-75.299691,-80.568290
23.88000,-75.277817,-80.560121
23.89000,-75.255905,-80.551909
23.90000,-75.233954,-80.543654
23.91000,-75.211966,-80.535355
23.92000,-75.189939,-80.527014
23.93000,-75.167875,-80.518629
23.94000,-75.145773,-80.510201
23.95000,-75.123634,-80.501729
23.96000,-75.101458,-80.493214
23.97000,-75.079245,-80.484655
23.98000,-75.056996,-80.476053
23.99000,-75.034710,-80.467407
24.00000,-75.012387,-80.458717
24.01000,-74.990029,-80.449982
24.02000,-74.967634,-80.441204
24.03000,-74.945204,-80.432382
24.04000,-74.922739,-80.423515
24.05000,-74.900237,-80.414605
24.06000,-74.877701,-80.405649
24.07000,-74.855130,-80.396649
24.08000,-74.832523,-80.387605
24.09000,-74.809882,-80.378516
24.10000,-74.787207,-80.369382
24.11000,-74.764497,-80.360203
24.12000,-74.741753,-80.350979
24.13000,-74.718975,-80.341710
24.14000,-74.696163,-80.332396
24.15000,-74.673317,-80.323037
24.16000,-74.650438,-80.313632
24.17000,-74.627525,-80.304181
24.18000,-74.604579,-80.294686
24.19000,-74.581600,-80.285144
24.20000,-74.558588,-80.275557
24.21000,-74.535543,-80.265924
24.22000,-74.512466,-80.256245
24.23000,-74.489356,-80.246520
24.24000,-74.466214,-80.236749
24.25000,-74.443039,-80.226931
24.26000,-74.419833,-80.217068
24.27000,-74.396595,-80.207158
24.28000,-74.373325,-80.197201
24.29000,-74.350024,-80.187198
24.30000,-74.326691,-80.177149
24.31000,-74.303327,-80.167053
24.32000,-74.279932,-80.156909
24.33000,-74.256506,-80.146719
24.34000,-74.233049,-80.136482
24.35000,-74.209562,-80.126198
24.36000,-74.186044,-80.115867
24.37000,-74.162496,-80.105489
24.38000,-74.138918,-80.095063
24.39000,-74.115310,-80.084590
24.40000,-74.091671,-80.074069
24.41000,-74.068004,-80.063501
24.42000,-74.044306,-80.052886
24.43000,-74.020579,-80.042222
24.44000,-73.996823,-80.031511
24.45000,-73.973038,-80.020752
24.46000,-73.949224,-80.009946
24.47000,-73.925381,-79.999091
24.48000,-73.901510,-79.988188
24.49000,-73.877610,-79.977237
24.50000,-73.853681,-79.966238
24.51000,-73.829725,-79.955191
24.52000,-73.805740,-79.944096
24.53000,-73.781728,-79.932952
24.54000,-73.757688,-79.921759
24.55000,-73.733620,-79.910519
24.56000,-73.709525,-79.899229
24.57000,-73.685402,-79.887891
24.58000,-73.661253,-79.876505
24.59000,-73.637077,-79.865070
24.60000,-73.612873,-79.853586
24.61000,-73.588644,-79.842053
24.62000,-73.564387,-79.830471
24.63000,-73.540105,-79.818841
24.64000,-73.515796,-79.807161
24.65000,-73.491461,-79.795433
24.66000,-73.467101,-79.783655
24.67000,-73.442714,-79.771829
24.68000,-73.418302,-79.759953
24.69000,-73.393865,-79.748028
24.70000,-73.369403,-79.736054
24.71000,-73.344915,-79.724030
24.72000,-73.320403,-79.711958
24.73000,-73.295866,-79.699836
24.74000,-73.271304,-79.687664
24.75000,-73.246718,-79.675443
24.76000,-73.222107,-79.663173
24.77000,-73.197473,-79.650854
24.78000,-73.172814,-79.638484
24.79000,-73.148132,-79.626066
24.80000,-73.123426,-79.613598
24.81000,-73.098697,-79.601080
24.82000,-73.073944,-79.588512
24.83000,-73.049168,-79.575895
24.84000,-73.024369,-79.563229
24.85000,-72.999548,-79.550513
24.86000,-72.974704,-79.537747
24.87000,-72.949837,-79.524931
24.88000,-72.924948,-79.512066
24.89000,-72.900037,-79.499151
24.90000,-72.875103,-79.486186
24.91000,-72.850148,-79.473172
24.92000,-72.825171,-79.460108
24.93000,-72.800173,-79.446994
24.94000,-72.775154,-79.433830
24.95000,-72.750113,-79.420617
24.96000,-72.725051,-79.407354
24.97000,-72.699968,-79.394041
24.98000,-72.674865,-79.380679
24.99000,-72.649741,-79.367267
25.00000,-72.624597,-79.353805
25.01000,-72.599433,-79.340293
25.02000,-72.574248,-79.326731
25.03000,-72.549044,-79.313120
25.04000,-72.523820,-79.299459
25.05000,-72.498577,-79.285749
25.06000,-72.473314,-79.271989
25.07000,-72.448032,-79.258179
25.08000,-72.422731,-79.244319
25.09000,-72.397411,-79.230410
25.10000,-72.372072,-79.216452
25.11000,-72.346715,-79.202444
25.12000,-72.321340,-79.188386
25.13000,-72.295946,-79.174279
25.14000,-72.270535,-79.160122
25.15000,-72.245105,-79.145916
25.16000,-72.219658,-79.131660
25.17000,-72.194194,-79.117355
25.18000,-72.168712,-79.103001
25.19000,-72.143213,-79.088597
25.20000,-72.117697,-79.074144
25.21000,-72.092164,-79.059642
25.22000,-72.066615,-79.045090
25.23000,-72.041049,-79.030489
25.24000,-72.015467,-79.015840
25.25000,-71.989868,-79.001141
25.26000,-71.964254,-78.986393
25.27000,-71.938624,-78.971596
25.28000,-71.912978,-78.956750
25.29000,-71.887317,-78.941856
25.30000,-71.861641,-78.926912
25.31000,-71.835949,-78.911920
25.32000,-71.810243,-78.896879
25.33000,-71.784522,-78.881790
25.34000,-71.758786,-78.866652
25.35000,-71.733036,-78.851465
25.36000,-71.707272,-78.836230
25.37000,-71.681493,-78.820946
25.38000,-71.655701,-78.805614
25.39000,-71.629895,-78.790234
25.40000,-71.604076,-78.774806
25.41000,-71.578243,-78.759329
25.42000,-71.552397,-78.743805
25.43000,-71.526538,-78.728232
25.44000,-71.500666,-78.712612
25.45000,-71.474781,-78.696944
25.46000,-71.448884,-78.681228
25.47000,-71.422975,-78.665464
25.48000,-71.397053,-78.649653
25.49000,-71.371120,-78.633795
25.50000,-71.345174,-78.617889
25.51000,-71.319217,-78.601935
25.52000,-71.293249,-78.585935
25.53000,-71.267269,-78.569887
25.54000,-71.241279,-78.553792
25.55000,-71.215277,-78.537650
25.56000,-71.189265,-78.521462
25.57000,-71.163242,-78.505227
25.58000,-71.137208,-78.488945
25.59000,-71.111165,-78.472616
25.60000,-71.085111,-78.456241
25.61000,-71.059047,-78.439820
25.62000,-71.032974,-78.423353
25.63000,-71.006892,-78.406839
25.64000,-70.980800,-78.390279
25.65000,-70.954698,-78.373674
25.66000,-70.928588,-78.357022
25.67000,-70.902469,-78.340325
25.68000,-70.876341,-78.323583
25.69000,-70.850205,-78.306794
25.70000,-70.824061,-78.289961
25.71000,-70.797908,-78.273082
25.72000,-70.771748,-78.256159
25.73000,-70.745580,-78.239190
25.74000,-70.719404,-78.222176
25.75000,-70.693220,-78.205118
25.76000,-70.667030,-78.188015
25.77000,-70.640832,-78.170867
25.78000,-70.614628,-78.153676
25.79000,-70.588417,-78.136440
25.80000,-70.562199,-78.119160
25.81000,-70.535975,-78.101836
25.82000,-70.509745,-78.084468
25.83000,-70.483508,-78.067056
25.84000,-70.457266,-78.049601
25.85000,-70.431018,-78.032103
25.86000,-70.404765,-78.014561
25.87000,-70.378507,-77.996976
25.88000,-70.352243,-77.979349
25.89000,-70.325974,-77.961678
25.90000,-70.299701,-77.943965
25.91000,-70.273422,-77.926209
25.92000,-70.247140,-77.908411
25.93000,-70.220853,-77.890570
25.94000,-70.194562,-77.872688
25.95000,-70.168267,-77.854763
25.96000,-70.141968,-77.836797
25.97000,-70.115666,-77.818789
25.98000,-70.089361,-77.800740
25.99000,-70.063052,-77.782650
26.00000,-70.036740,-77.764518
26.01000,-70.010425,-77.746345
26.02000,-69.984108,-77.728132
26.03000,-69.957788,-77.709878
26.04000,-69.931465,-77.691583
26.05000,-69.905141,-77.673248
26.06000,-69.878814,-77.654873
26.07000,-69.852485,-77.636458
26.08000,-69.826155,-77.618003
26.09000,-69.799824,-77.599509
26.10000,-69.773491,-77.580975
26.11000,-69.747156,-77.562402
26.12000,-69.720821,-77.543789
26.13000,-69.694485,-77.525138
26.14000,-69.668149,-77.506448
26.15000,-69.641812,-77.487719
26.16000,-69.615474,-77.468952
26.17000,-69.589137,-77.450147
26.18000,-69.562799,-77.431304
26.19000,-69.536462,-77.412423
26.20000,-69.510125,-77.393504
26.21000,-69.483788,-77.374548
26.22000,-69.457453,-77.355554
26.23000,-69.431118,-77.336523
26.24000,-69.404784,-77.317456
26.25000,-69.378451,-77.298352
26.26000,-69.352120,-77.279211
26.27000,-69.325791,-77.260033
26.28000,-69.299463,-77.240820
26.29000,-69.273137,-77.221571
26.30000,-69.246813,-77.202286
26.31000,-69.220491,-77.182965
26.32000,-69.194171,-77.163609
26.33000,-69.167855,-77.144218
26.34000,-69.141540,-77.124792
26.35000,-69.115229,-77.105331
26.36000,-69.088921,-77.085836
26.37000,-69.062616,-77.066306
26.38000,-69.036314,-77.046742
26.39000,-69.010016,-77.027144
26.40000,-68.983722,-77.007512
26.41000,-68.957431,-76.987847
26.42000,-68.931145,-76.968149
26.43000,-68.904863,-76.948417
26.44000,-68.878585,-76.928652
26.45000,-68.852311,-76.908855
26.46000,-68.826043,-76.889025
26.47000,-68.799779,-76.869163
26.48000,-68.773520,-76.849269
26.49000,-68.747266,-76.829343
26.50000,-68.721018,-76.809385
26.51000,-68.694775,-76.789396
26.52000,-68.668538,-76.769376
26.53000,-68.642306,-76.749324
26.54000,-68.616081,-76.729242
26.55000,-68.589861,-76.709130
26.56000,-68.563648,-76.688987
26.57000,-68.537442,-76.668813
26.58000,-68.511242,-76.648610
26.59000,-68.485048,-76.628378
26.60000,-68.458862,-76.608115
26.61000,-68.432683,-76.587824
26.62000,-68.406511,-76.567503
26.63000,-68.380346,-76.547154
26.64000,-68.354189,-76.526776
26.65000,-68.328039,-76.506370
26.66000,-68.301898,-76.485936
26.67000,-68.275764,-76.465473
26.68000,-68.249639,-76.444984
26.69000,-68.223522,-76.424466
26.70000,-68.197413,-76.403922
26.71000,-68.171313,-76.383350
26.72000,-68.145222,-76.362752
26.73000,-68.119139,-76.342127
26.74000,-68.093066,-76.321476
26.75000,-68.067002,-76.300799
26.76000,-68.040947,-76.280096
26.77000,-68.014902,-76.259367
26.78000,-67.988866,-76.238613
26.79000,-67.962840,-76.217834
26.80000,-67.936825,-76.197030
26.81000,-67.910819,-76.176201
26.82000,-67.884823,-76.155348
26.83000,-67.858838,-76.134470
26.84000,-67.832864,-76.113569
26.85000,-67.806900,-76.092644
26.86000,-67.780947,-76.071695
26.87000,-67.755005,-76.050724
26.88000,-67.729074,-76.029729
26.89000,-67.703155,-76.008711
26.90000,-67.677247,-75.987671
26.91000,-67.651350,-75.966608
26.92000,-67.625465,-75.945524
26.93000,-67.599592,-75.924417
26.94000,-67.573731,-75.903289
26.95000,-67.547882,-75.882140
26.96000,-67.522045,-75.860969
26.97000,-67.496221,-75.839778
26.98000,-67.470409,-75.818566
26.99000,-67.444610,-75.797333
27.00000,-67.418824,-75.776081
27.01000,-67.393050,-75.754808
27.02000,-67.367290,-75.733516
27.03000,-67.341543,-75.712204
27.04000,-67.315809,-75.690873
27.05000,-67.290089,-75.669524
27.06000,-67.264383,-75.648155
27.07000,-67.238690,-75.626768
27.08000,-67.213011,-75.605363
27.09000,-67.187346,-75.583940
27.10000,-67.161695,-75.562499
27.11000,-67.136059,-75.541040
27.12000,-67.110437,-75.519564
27.13000,-67.084829,-75.498071
27.14000,-67.059237,-75.476562
27.15000,-67.033658,-75.455036
27.16000,-67.008095,-75.433493
27.17000,-66.982547,-75.411935
27.18000,-66.957015,-75.390361
27.19000,-66.931497,-75.368771
27.20000,-66.905995,-75.347165
27.21000,-66.880508,-75.325545
27.22000,-66.855038,-75.303910
27.23000,-66.829582,-75.282260
27.24000,-66.804143,-75.260596
27.25000,-66.778720,-75.238918
27.26000,-66.753313,-75.217226
27.27000,-66.727923,-75.195520
27.28000,-66.702549,-75.173801
27.29000,-66.677191,-75.152069
27.30000,-66.651850,-75.130324
27.31000,-66.626526,-75.108566
27.32000,-66.601219,-75.086796
27.33000,-66.575928,-75.065013
27.34000,-66.550655,-75.043219
27.35000,-66.525399,-75.021413
27.36000,-66.500161,-74.999595
27.37000,-66.474939,-74.977766
27.38000,-66.449736,-74.955927
27.39000,-66.424550,-74.934076
27.40000,-66.399382,-74.912215
27.41000,-66.374232,-74.890344
27.42000,-66.349100,-74.868463
27.43000,-66.323986,-74.846572
27.44000,-66.298890,-74.824671
27.45000,-66.273813,-74.802762
27.46000,-66.248754,-74.780843
27.47000,-66.223714,-74.758915
27.48000,-66.198692,-74.736979
27.49000,-66.173689,-74.715034
27.50000,-66.148705,-74.693081
27.51000,-66.123740,-74.671121
27.52000,-66.098794,-74.649152
27.53000,-66.073868,-74.627177
27.54000,-66.048960,-74.605194
27.55000,-66.024072,-74.583204
27.56000,-65.999204,-74.561208
27.57000,-65.974355,-74.539205
27.58000,-65.949526,-74.517196
27.59000,-65.924717,-74.495181
27.60000,-65.899927,-74.473160
27.61000,-65.875158,-74.451134
27.62000,-65.850408,-74.429102
27.63000,-65.825679,-74.407066
27.64000,-65.800970,-74.385024
27.65000,-65.776282,-74.362978
27.66000,-65.751614,-74.340928
27.67000,-65.726966,-74.318873
27.68000,-65.702340,-74.296815
27.69000,-65.677734,-74.274753
27.70000,-65.653148,-74.252687
27.71000,-65.628584,-74.230619
27.72000,-65.604041,-74.208547
27.73000,-65.579519,-74.186472
27.74000,-65.555018,-74.164396
27.75000,-65.530538,-74.142316
27.76000,-65.506079,-74.120235
27.77000,-65.481643,-74.098152
27.78000,-65.457227,-74.076067
27.79000,-65.432833,-74.053981
27.80000,-65.408461,-74.031894
27.81000,-65.384111,-74.009806
27.82000,-65.359783,-73.987717
27.83000,-65.335476,-73.965627
27.84000,-65.311192,-73.943538
27.85000,-65.286929,-73.921448
27.86000,-65.262689,-73.899358
27.87000,-65.238471,-73.877269
27.88000,-65.214276,-73.855180
27.89000,-65.190103,-73.833093
27.90000,-65.165952,-73.811006
27.91000,-65.141824,-73.788921
27.92000,-65.117718,-73.766837
27.93000,-65.093636,-73.744754
27.94000,-65.069576,-73.722674
27.95000,-65.045538,-73.700596
27.96000,-65.021524,-73.678520
27.97000,-64.997533,-73.656446
27.98000,-64.973565,-73.634376
27.99000,-64.949620,-73.612308
28.00000,-64.925698,-73.590244
28.01000,-64.901799,-73.568183
28.02000,-64.877924,-73.546125
28.03000,-64.854072,-73.524072
28.04000,-64.830243,-73.502022
28.05000,-64.806438,-73.479977
28.06000,-64.782657,-73.457936
28.07000,-64.758899,-73.435900
28.08000,-64.735165,-73.413868
28.09000,-64.711455,-73.391842
28.10000,-64.687768,-73.369821
28.11000,-64.664106,-73.347805
28.12000,-64.640467,-73.325795
28.13000,-64.616853,-73.303791
28.14000,-64.593262,-73.281793
28.15000,-64.569696,-73.259801
28.16000,-64.546153,-73.237816
28.17000,-64.522635,-73.215838
28.18000,-64.499141,-73.193866
28.19000,-64.475672,-73.171901
28.20000,-64.452227,-73.149943
28.21000,-64.428806,-73.127993
28.22000,-64.405410,-73.106051
28.23000,-64.382038,-73.084116
28.24000,-64.358691,-73.062190
28.25000,-64.335368,-73.040271
28.26000,-64.312071,-73.018361
28.27000,-64.288797,-72.996460
28.28000,-64.265549,-72.974568
28.29000,-64.242326,-72.952684
28.30000,-64.219127,-72.930809
28.31000,-64.195953,-72.908944
28.32000,-64.172804,-72.887089
28.33000,-64.149680,-72.865243
28.34000,-64.126581,-72.843407
28.35000,-64.103508,-72.821581
28.36000,-64.080459,-72.799765
28.37000,-64.057435,-72.777960
28.38000,-64.034437,-72.756165
28.39000,-64.011464,-72.734381
28.40000,-63.988516,-72.712609
28.41000,-63.965593,-72.690847
28.42000,-63.942696,-72.669096
28.43000,-63.919824,-72.647358
28.44000,-63.896977,-72.625630
28.45000,-63.874156,-72.603915
28.46000,-63.851360,-72.582212
28.47000,-63.828590,-72.560520
28.48000,-63.805846,-72.538842
28.49000,-63.783126,-72.517175
28.50000,-63.760433,-72.495522
28.51000,-63.737765,-72.473881
28.52000,-63.715123,-72.452253
28.53000,-63.692506,-72.430639
28.54000,-63.669915,-72.409037
28.55000,-63.647350,-72.387450
28.56000,-63.624810,-72.365876
28.57000,-63.602296,-72.344315
28.58000,-63.579808,-72.322769
28.59000,-63.557346,-72.301237
28.60000,-63.534910,-72.279720
28.61000,-63.512499,-72.258216
28.62000,-63.490115,-72.236728
28.63000,-63.467756,-72.215254
28.64000,-63.445423,-72.193795
28.65000,-63.423116,-72.172351
28.66000,-63.400835,-72.150923
28.67000,-63.378580,-72.129510
28.68000,-63.356351,-72.108112
28.69000,-63.334148,-72.086730
28.70000,-63.311971,-72.065364
28.71000,-63.289820,-72.044014
28.72000,-63.267696,-72.022680
28.73000,-63.245597,-72.001363
28.74000,-63.223524,-71.980062
28.75000,-63.201477,-71.958777
28.76000,-63.179457,-71.937509
28.77000,-63.157462,-71.916258
28.78000,-63.135494,-71.895024
28.79000,-63.113551,-71.873807
28.80000,-63.091635,-71.852607
28.81000,-63.069745,-71.831425
28.82000,-63.047881,-71.810260
28.83000,-63.026044,-71.789113
28.84000,-63.004232,-71.767984
28.85000,-62.982447,-71.746873
28.86000,-62.960688,-71.725780
28.87000,-62.938955,-71.704705
28.88000,-62.917248,-71.683648
28.89000,-62.895567,-71.662610
28.90000,-62.873912,-71.641590
28.91000,-62.852284,-71.620589
28.92000,-62.830682,-71.599607
28.93000,-62.809106,-71.578644
28.94000,-62.787556,-71.557700
28.95000,-62.766033,-71.536775
28.96000,-62.744535,-71.515870
28.97000,-62.723064,-71.494984
28.98000,-62.701619,-71.474117
28.99000,-62.680200,-71.453271
29.00000,-62.658807,-71.432444
29.01000,-62.637441,-71.411637
29.02000,-62.616100,-71.390850
29.03000,-62.594786,-71.370083
29.04000,-62.573498,-71.349337
29.05000,-62.552236,-71.328610
29.06000,-62.531000,-71.307905
29.07000,-62.509791,-71.287220
29.08000,-62.488607,-71.266556
29.09000,-62.467450,-71.245912
29.10000,-62.446318,-71.225290
29.11000,-62.425213,-71.204688
29.12000,-62.404134,-71.184108
29.13000,-62.383081,-71.163549
29.14000,-62.362054,-71.143011
29.15000,-62.341053,-71.122495
29.16000,-62.320078,-71.102000
29.17000,-62.299129,-71.081527
29.18000,-62.278206,-71.061075
29.19000,-62.257309,-71.040646
29.20000,-62.236438,-71.020238
29.21000,-62.215593,-70.999853
29.22000,-62.194774,-70.979489
29.23000,-62.173980,-70.959148
29.24000,-62.153213,-70.938829
29.25000,-62.132472,-70.918533
29.26000,-62.111756,-70.898259
29.27000,-62.091067,-70.878008
29.28000,-62.070403,-70.857779
29.29000,-62.049765,-70.837573
29.30000,-62.029153,-70.817390
29.31000,-62.008566,-70.797230
29.32000,-61.988006,-70.777093
29.33000,-61.967471,-70.756980
29.34000,-61.946962,-70.736889
29.35000,-61.926478,-70.716822
29.36000,-61.906021,-70.696778
29.37000,-61.885588,-70.676757
29.38000,-61.865182,-70.656760
29.39000,-61.844801,-70.636787
29.40000,-61.824446,-70.616837
29.41000,-61.804116,-70.596911
29.42000,-61.783812,-70.577009
29.43000,-61.763533,-70.557131
29.44000,-61.743280,-70.537276
29.45000,-61.723052,-70.517446
29.46000,-61.702849,-70.497640
29.47000,-61.682672,-70.477858
29.48000,-61.662521,-70.458101
29.49000,-61.642395,-70.438367
29.50000,-61.622294,-70.418659
29.51000,-61.602218,-70.398974
29.52000,-61.582167,-70.379314
29.53000,-61.562142,-70.359679
29.54000,-61.542142,-70.340069
29.55000,-61.522167,-70.320483
29.56000,-61.502218,-70.300922
29.57000,-61.482293,-70.281386
29.58000,-61.462394,-70.261874
29.59000,-61.442519,-70.242388
29.60000,-61.422670,-70.222927
29.61000,-61.402845,-70.203491
29.62000,-61.383046,-70.184080
29.63000,-61.363271,-70.164694
29.64000,-61.343521,-70.145333
29.65000,-61.323796,-70.125998
29.66000,-61.304096,-70.106688
29.67000,-61.284421,-70.087404
29.68000,-61.264770,-70.068145
29.69000,-61.245144,-70.048912
29.70000,-61.225543,-70.029704
29.71000,-61.205966,-70.010521
29.72000,-61.186414,-69.991365
29.73000,-61.166887,-69.972234
29.74000,-61.147384,-69.953129
29.75000,-61.127906,-69.934050
29.76000,-61.108452,-69.914997
29.77000,-61.089022,-69.895969
29.78000,-61.069617,-69.876968
29.79000,-61.050236,-69.857992
29.80000,-61.030879,-69.839043
29.81000,-61.011547,-69.820119
29.82000,-60.992239,-69.801222
29.83000,-60.972955,-69.782351
29.84000,-60.953695,-69.763506
29.85000,-60.934460,-69.744687
29.86000,-60.915248,-69.725895
29.87000,-60.896061,-69.707129
29.88000,-60.876897,-69.688389
29.89000,-60.857757,-69.669675
29.90000,-60.838642,-69.650988
29.91000,-60.819550,-69.632328
29.92000,-60.800482,-69.613694
29.93000,-60.781437,-69.595086
29.94000,-60.762417,-69.576505
29.95000,-60.743420,-69.557950
29.96000,-60.724447,-69.539422
29.97000,-60.705497,-69.520921
29.98000,-60.686571,-69.502446
29.99000,-60.667668,-69.483999
30.00000,-60.648789,-69.465577
30.01000,-60.629934,-69.447183
30.02000,-60.611101,-69.428815
30.03000,-60.592292,-69.410474
30.04000,-60.573507,-69.392160
30.05000,-60.554745,-69.373872
30.06000,-60.536005,-69.355612
30.07000,-60.517289,-69.337378
30.08000,-60.498597,-69.319171
30.09000,-60.479927,-69.300991
30.10000,-60.461280,-69.282838
30.11000,-60.442656,-69.264712
30.12000,-60.424056,-69.246613
30.13000,-60.405478,-69.228541
30.14000,-60.386923,-69.210496
30.15000,-60.368391,-69.192478
30.16000,-60.349881,-69.174487
30.17000,-60.331395,-69.156523
30.18000,-60.312930,-69.138586
30.19000,-60.294489,-69.120676
30.20000,-60.276070,-69.102793
30.21000,-60.257674,-69.084938
30.22000,-60.239300,-69.067109
30.23000,-60.220949,-69.049308
30.24000,-60.202620,-69.031533
30.25000,-60.184313,-69.013786
30.26000,-60.166029,-68.996066
30.27000,-60.147767,-68.978373
30.28000,-60.129527,-68.960707
30.29000,-60.111309,-68.943068
30.30000,-60.093114,-68.925457
30.31000,-60.074940,-68.907873
30.32000,-60.056789,-68.890316
30.33000,-60.038659,-68.872786
30.34000,-60.020551,-68.855283
30.35000,-60.002466,-68.837807
30.36000,-59.984402,-68.820359
30.37000,-59.966360,-68.802938
30.38000,-59.948339,-68.785544
30.39000,-59.930341,-68.768177
30.40000,-59.912364,-68.750837
30.41000,-59.894408,-68.733525
30.42000,-59.876474,-68.716240
30.43000,-59.858562,-68.698982
30.44000,-59.840671,-68.681751
30.45000,-59.822801,-68.664548
30.46000,-59.804953,-68.647371
30.47000,-59.787126,-68.630222
30.48000,-59.769320,-68.613100
30.49000,-59.751536,-68.596005
30.50000,-59.733772,-68.578938
30.51000,-59.716030,-68.561897
30.52000,-59.698309,-68.544884
30.53000,-59.680609,-68.527898
30.54000,-59.662929,-68.510939
30.55000,-59.645271,-68.494007
30.56000,-59.627634,-68.477102
30.57000,-59.610017,-68.460224
30.58000,-59.592421,-68.443374
30.59000,-59.574846,-68.426551
30.60000,-59.557292,-68.409754
30.61000,-59.539758,-68.392985
30.62000,-59.522245,-68.376243
30.63000,-59.504752,-68.359528
30.64000,-59.487280,-68.342840
30.65000,-59.469828,-68.326179
30.66000,-59.452397,-68.309545
30.67000,-59.434986,-68.292938
30.68000,-59.417595,-68.276359
30.69000,-59.400224,-68.259806
30.70000,-59.382874,-68.243280
30.71000,-59.365544,-68.226781
30.72000,-59.348234,-68.210309
30.73000,-59.330944,-68.193864
30.74000,-59.313674,-68.177446
30.75000,-59.296424,-68.161055
30.76000,-59.279193,-68.144690
30.77000,-59.261983,-68.128353
30.78000,-59.244793,-68.112043
30.79000,-59.227622,-68.095759
30.80000,-59.210471,-68.079502
30.81000,-59.193340,-68.063272
30.82000,-59.176228,-68.047069
30.83000,-59.159136,-68.030892
30.84000,-59.142064,-68.014742
30.85000,-59.125010,-67.998619
30.86000,-59.107977,-67.982523
30.87000,-59.090963,-67.966453
30.88000,-59.073968,-67.950410
30.89000,-59.056992,-67.934394
30.90000,-59.040036,-67.918404
30.91000,-59.023099,-67.902441
30.92000,-59.006181,-67.886505
30.93000,-58.989282,-67.870595
30.94000,-58.972403,-67.854711
30.95000,-58.955542,-67.838854
30.96000,-58.938700,-67.823024
30.97000,-58.921877,-67.807220
30.98000,-58.905074,-67.791443
30.99000,-58.888289,-67.775692
31.00000,-58.871522,-67.759967
31.01000,-58.854775,-67.744269
31.02000,-58.838046,-67.728597
31.03000,-58.821336,-67.712951
31.04000,-58.804645,-67.697332
31.05000,-58.787972,-67.681739
31.06000,-58.771318,-67.666172
31.07000,-58.754682,-67.650632
31.08000,-58.738065,-67.635117
31.09000,-58.721466,-67.619629
31.10000,-58.704886,-67.604167
31.11000,-58.688323,-67.588731
31.12000,-58.671780,-67.573321
31.13000,-58.655254,-67.557938
31.14000,-58.638747,-67.542580
31.15000,-58.622257,-67.527248
31.16000,-58.605786,-67.511943
31.17000,-58.589333,-67.496663
31.18000,-58.572898,-67.481409
31.19000,-58.556481,-67.466181
31.20000,-58.540082,-67.450979
31.21000,-58.523701,-67.435803
31.22000,-58.507338,-67.420653
31.23000,-58.490992,-67.405528
31.24000,-58.474665,-67.390429
31.25000,-58.458355,-67.375356
31.26000,-58.442063,-67.360309
31.27000,-58.425789,-67.345287
31.28000,-58.409532,-67.330291
31.29000,-58.393293,-67.315320
31.30000,-58.377071,-67.300375
31.31000,-58.360867,-67.285456
31.32000,-58.344681,-67.270562
31.33000,-58.328511,-67.255693
31.34000,-58.312360,-67.240850
31.35000,-58.296225,-67.226033
31.36000,-58.280109,-67.211241
31.37000,-58.264009,-67.196474
31.38000,-58.247927,-67.181733
31.39000,-58.231861,-67.167016
31.40000,-58.215814,-67.152325
31.41000,-58.199783,-67.137660
31.42000,-58.183769,-67.123019
31.43000,-58.167773,-67.108404
31.44000,-58.151793,-67.093814
31.45000,-58.135831,-67.079249
31.46000,-58.119886,-67.064709
31.47000,-58.103957,-67.050194
31.48000,-58.088046,-67.035704
31.49000,-58.072151,-67.021239
31.50000,-58.056273,-67.006799
31.51000,-58.040413,-66.992384
31.52000,-58.024569,-66.977994
31.53000,-58.008741,-66.963628
31.54000,-57.992931,-66.949288
31.55000,-57.977137,-66.934972
31.56000,-57.961360,-66.920681
31.57000,-57.945599,-66.906415
31.58000,-57.929856,-66.892173
31.59000,-57.914129,-66.877956
31.60000,-57.898418,-66.863764
31.61000,-57.882724,-66.849596
31.62000,-57.867046,-66.835453
31.63000,-57.851385,-66.821334
31.64000,-57.835741,-66.807240
31.65000,-57.820113,-66.793170
31.66000,-57.804501,-66.779124
31.67000,-57.788906,-66.765103
31.68000,-57.773327,-66.751107
31.69000,-57.757764,-66.737134
31.70000,-57.742218,-66.723186
31.71000,-57.726688,-66.709263
31.72000,-57.711174,-66.695363
31.73000,-57.695677,-66.681488
31.74000,-57.680195,-66.667637
31.75000,-57.664730,-66.653809
31.76000,-57.649282,-66.640006
31.77000,-57.633849,-66.626227
31.78000,-57.618432,-66.612473
31.79000,-57.603032,-66.598742
31.80000,-57.587648,-66.585035
31.81000,-57.572280,-66.571352
31.82000,-57.556927,-66.557692
31.83000,-57.541591,-66.544057
31.84000,-57.526271,-66.530446
31.85000,-57.510967,-66.516858
31.86000,-57.495679,-66.503294
31.87000,-57.480407,-66.489754
31.88000,-57.465151,-66.476237
31.89000,-57.449911,-66.462744
31.90000,-57.434687,-66.449275
31.91000,-57.419479,-66.435829
31.92000,-57.404287,-66.422407
31.93000,-57.389111,-66.409009
31.94000,-57.373950,-66.395634
31.95000,-57.358806,-66.382282
31.96000,-57.343677,-66.368954
31.97000,-57.328564,-66.355649
31.98000,-57.313467,-66.342368
31.99000,-57.298386,-66.329110
32.00000,-57.283321,-66.315875
32.01000,-57.268272,-66.302664
32.02000,-57.253238,-66.289476
32.03000,-57.238220,-66.276311
32.04000,-57.223219,-66.263169
32.05000,-57.208233,-66.250050
32.06000,-57.193262,-66.236955
32.07000,-57.178308,-66.223882
32.08000,-57.163369,-66.210833
32.09000,-57.148446,-66.197807
32.10000,-57.133539,-66.184803
32.11000,-57.118648,-66.171823
32.12000,-57.103773,-66.158865
32.13000,-57.088913,-66.145931
32.14000,-57.074069,-66.133019
32.15000,-57.059241,-66.120131
32.16000,-57.044429,-66.107265
32.17000,-57.029633,-66.094422
32.18000,-57.014853,-66.081601
32.19000,-57.000088,-66.068804
32.20000,-56.985339,-66.056029
32.21000,-56.970606,-66.043277
32.22000,-56.955889,-66.030547
32.23000,-56.941188,-66.017840
32.24000,-56.926503,-66.005156
32.25000,-56.911833,-65.992494
32.26000,-56.897180,-65.979855
32.27000,-56.882542,-65.967238
32.28000,-56.867920,-65.954644
32.29000,-56.853314,-65.942072
32.30000,-56.838725,-65.929523
32.31000,-56.824151,-65.916996
32.32000,-56.809593,-65.904491
32.33000,-56.795051,-65.892009
32.34000,-56.780525,-65.879549
32.35000,-56.766015,-65.867112
32.36000,-56.751522,-65.854696
32.37000,-56.737044,-65.842303
32.38000,-56.722583,-65.829933
32.39000,-56.708137,-65.817584
32.40000,-56.693708,-65.805258
32.41000,-56.679295,-65.792953
32.42000,-56.664898,-65.780671
32.43000,-56.650518,-65.768411
32.44000,-56.636154,-65.756174
32.45000,-56.621806,-65.743958
32.46000,-56.607474,-65.731764
32.47000,-56.593159,-65.719592
32.48000,-56.578860,-65.707443
32.49000,-56.564578,-65.695315
32.50000,-56.550312,-65.683209
32.51000,-56.536062,-65.671125
32.52000,-56.521829,-65.659063
32.53000,-56.507613,-65.647023
32.54000,-56.493414,-65.635005
32.55000,-56.479231,-65.623009
32.56000,-56.465064,-65.611034
32.57000,-56.450915,-65.599082
32.58000,-56.436782,-65.587151
32.59000,-56.422666,-65.575242
32.60000,-56.408567,-65.563355
32.61000,-56.394485,-65.551489
32.62000,-56.380421,-65.539645
32.63000,-56.366373,-65.527823
32.64000,-56.352342,-65.516023
32.65000,-56.338328,-65.504244
32.66000,-56.324332,-65.492487
32.67000,-56.310353,-65.480752
32.68000,-56.296391,-65.469038
32.69000,-56.282446,-65.457346
32.70000,-56.268519,-65.445675
32.71000,-56.254610,-65.434026
32.72000,-56.240718,-65.422399
32.73000,-56.226844,-65.410793
32.74000,-56.212988,-65.399209
32.75000,-56.199149,-65.387646
32.76000,-56.185328,-65.376105
32.77000,-56.171525,-65.364585
32.78000,-56.157741,-65.353087
32.79000,-56.143974,-65.341611
32.80000,-56.130225,-65.330155
32.81000,-56.116495,-65.318722
32.82000,-56.102783,-65.307310
32.83000,-56.089090,-65.295919
32.84000,-56.075415,-65.284550
32.85000,-56.061758,-65.273202
32.86000,-56.048120,-65.261875
32.87000,-56.034501,-65.250570
32.88000,-56.020901,-65.239287
32.89000,-56.007320,-65.228025
32.90000,-55.993758,-65.216784
32.91000,-55.980215,-65.205565
32.92000,-55.966691,-65.194367
32.93000,-55.953187,-65.183190
32.94000,-55.939702,-65.172035
32.95000,-55.926237,-65.160902
32.96000,-55.912791,-65.149789
32.97000,-55.899365,-65.138699
32.98000,-55.885959,-65.127629
32.99000,-55.872573,-65.116581
33.00000,-55.859208,-65.105554
33.01000,-55.845862,-65.094549
33.02000,-55.832537,-65.083565
33.03000,-55.819232,-65.072603
33.04000,-55.805948,-65.061662
33.05000,-55.792685,-65.050742
33.06000,-55.779442,-65.039844
33.07000,-55.766221,-65.028967
33.08000,-55.753020,-65.018111
33.09000,-55.739841,-65.007277
33.10000,-55.726684,-64.996465
33.11000,-55.713548,-64.985674
33.12000,-55.700434,-64.974904
33.13000,-55.687341,-64.964156
33.14000,-55.674271,-64.953429
33.15000,-55.661223,-64.942724
33.16000,-55.648197,-64.932040
33.17000,-55.635193,-64.921378
33.18000,-55.622213,-64.910737
33.19000,-55.609255,-64.900118
33.20000,-55.596320,-64.889520
33.21000,-55.583408,-64.878944
33.22000,-55.570519,-64.868390
33.23000,-55.557654,-64.857857
33.24000,-55.544813,-64.847345
33.25000,-55.531996,-64.836856
33.26000,-55.519202,-64.826388
33.27000,-55.506433,-64.815941
33.28000,-55.493688,-64.805517
33.29000,-55.480968,-64.795114
33.30000,-55.468273,-64.784732
33.31000,-55.455603,-64.774373
33.32000,-55.442958,-64.764035
33.33000,-55.430338,-64.753719
33.34000,-55.417744,-64.743425
33.35000,-55.405176,-64.733153
33.36000,-55.392634,-64.722902
33.37000,-55.380118,-64.712674
33.38000,-55.367629,-64.702467
33.39000,-55.355167,-64.692283
33.40000,-55.342731,-64.682120
33.41000,-55.330323,-64.671979
33.42000,-55.317942,-64.661861
33.43000,-55.305589,-64.651764
33.44000,-55.293264,-64.641690
33.45000,-55.280967,-64.631638
33.46000,-55.268699,-64.621608
33.47000,-55.256460,-64.611600
33.48000,-55.244249,-64.601615
33.49000,-55.232068,-64.591652
33.50000,-55.219916,-64.581711
33.51000,-55.207794,-64.571793
33.52000,-55.195702,-64.561897
33.53000,-55.183641,-64.552024
33.54000,-55.171610,-64.542173
33.55000,-55.159610,-64.532345
33.56000,-55.147642,-64.522539
33.57000,-55.135705,-64.512756
33.58000,-55.123800,-64.502996
33.59000,-55.111927,-64.493258
33.60000,-55.100087,-64.483544
33.61000,-55.088279,-64.473852
33.62000,-55.076505,-64.464184
33.63000,-55.064764,-64.454538
33.64000,-55.053057,-64.444915
33.65000,-55.041385,-64.435316
33.66000,-55.029747,-64.425739
33.67000,-55.018144,-64.416186
33.68000,-55.006576,-64.406657
33.69000,-54.995043,-64.397150
33.70000,-54.983547,-64.387667
33.71000,-54.972087,-64.378208
33.72000,-54.960664,-64.368772
33.73000,-54.949278,-64.359360
33.74000,-54.937930,-64.349972
33.75000,-54.926619,-64.340607
33.76000,-54.915347,-64.331266
33.77000,-54.904114,-64.321949
33.78000,-54.892920,-64.312657
33.79000,-54.881766,-64.303388
33.80000,-54.870651,-64.294144
33.81000,-54.859577,-64.284923
33.82000,-54.848544,-64.275728
33.83000,-54.837553,-64.266556
33.84000,-54.826603,-64.257409
33.85000,-54.815696,-64.248287
33.86000,-54.804831,-64.239190
33.87000,-54.794009,-64.230117
33.88000,-54.783232,-64.221069
33.89000,-54.772498,-64.212047
33.90000,-54.761810,-64.203049
33.91000,-54.751166,-64.194077
33.92000,-54.740569,-64.185130
33.93000,-54.730017,-64.176208
33.94000,-54.719513,-64.167312
33.95000,-54.709056,-64.158441
33.96000,-54.698647,-64.149597
33.97000,-54.688286,-64.140778
33.98000,-54.677974,-64.131985
33.99000,-54.667712,-64.123218
34.00000,-54.657500,-64.114477
34.01000,-54.647338,-64.105763
34.02000,-54.637228,-64.097075
34.03000,-54.627170,-64.088414
34.04000,-54.617165,-64.079780
34.05000,-54.607213,-64.071172
34.06000,-54.597314,-64.062591
34.07000,-54.587470,-64.054038
34.08000,-54.577681,-64.045511
34.09000,-54.567948,-64.037012
34.10000,-54.558271,-64.028541
34.11000,-54.548652,-64.020097
34.12000,-54.539090,-64.011681
34.13000,-54.529586,-64.003293
34.14000,-54.520142,-63.994933
34.15000,-54.510758,-63.986602
34.16000,-54.501434,-63.978298
34.17000,-54.492171,-63.970024
34.18000,-54.482971,-63.961778
34.19000,-54.473833,-63.953561
34.20000,-54.464760,-63.945373
34.21000,-54.455750,-63.937214
34.22000,-54.446806,-63.929085
34.23000,-54.437927,-63.920986
34.24000,-54.429115,-63.912916
34.25000,-54.420371,-63.904876
34.26000,-54.411696,-63.896866
34.27000,-54.403089,-63.888887
34.28000,-54.394553,-63.880938
34.29000,-54.386087,-63.873020
34.30000,-54.377694,-63.865133
34.31000,-54.369373,-63.857277
34.32000,-54.361126,-63.849452
34.33000,-54.352953,-63.841659
34.34000,-54.344856,-63.833897
34.35000,-54.336835,-63.826168
34.36000,-54.328891,-63.818470
34.37000,-54.321026,-63.810805
34.38000,-54.313240,-63.803173
34.39000,-54.305534,-63.795573
34.40000,-54.297909,-63.788007
34.41000,-54.290367,-63.780473
34.42000,-54.282908,-63.772974
34.43000,-54.275533,-63.765508
34.44000,-54.268244,-63.758076
34.45000,-54.261041,-63.750678
34.46000,-54.253926,-63.743315
34.47000,-54.246899,-63.735987
34.48000,-54.239962,-63.728694
34.49000,-54.233115,-63.721436
34.50000,-54.226361,-63.714213
34.51000,-54.219700,-63.707027
34.52000,-54.213132,-63.699876
34.53000,-54.206661,-63.692762
34.54000,-54.200286,-63.685685
34.55000,-54.194008,-63.678644
34.56000,-54.187830,-63.671641
34.57000,-54.181752,-63.664675
34.58000,-54.175776,-63.657748
34.59000,-54.169902,-63.650858
34.60000,-54.164132,-63.644007
34.61000,-54.158468,-63.637195
34.62000,-54.152911,-63.630421
34.63000,-54.147461,-63.623687
34.64000,-54.142121,-63.616993
34.65000,-54.136891,-63.610340
34.66000,-54.131773,-63.603726
34.67000,-54.126769,-63.597153
34.68000,-54.121880,-63.590622
34.69000,-54.117106,-63.584131
34.70000,-54.112451,-63.577683
34.71000,-54.107915,-63.571277
34.72000,-54.103499,-63.564914
34.73000,-54.099205,-63.558593
34.74000,-54.095035,-63.552316
34.75000,-54.090990,-63.546082
34.76000,-54.087072,-63.539893
34.77000,-54.083282,-63.533748
34.78000,-54.079622,-63.527647
34.79000,-54.076093,-63.521593
34.80000,-54.072696,-63.515583
34.81000,-54.069435,-63.509620
34.82000,-54.066309,-63.503704
34.83000,-54.063322,-63.497834
34.84000,-54.060474,-63.492012
34.85000,-54.057767,-63.486238
34.86000,-54.055203,-63.480512
34.87000,-54.052783,-63.474835
34.88000,-54.050510,-63.469207
34.89000,-54.048385,-63.463628
34.90000,-54.046410,-63.458100
34.91000,-54.044586,-63.452622
34.92000,-54.042916,-63.447196
34.93000,-54.041400,-63.441821
34.94000,-54.040042,-63.436498
34.95000,-54.038843,-63.431227
34.96000,-54.037805,-63.426010
34.97000,-54.036929,-63.420846
34.98000,-54.036218,-63.415737
34.99000,-54.035673,-63.410682
35.00000,-54.035297,-63.405682
35.01000,-54.035090,-63.400738
35.02000,-54.035057,-63.395850
35.03000,-54.035197,-63.391019
35.04000,-54.035514,-63.386246
35.05000,-54.036008,-63.381530
35.06000,-54.036683,-63.376873
35.07000,-54.037541,-63.372275
35.08000,-54.038583,-63.367737
35.09000,-54.039811,-63.363259
35.10000,-54.041227,-63.358842
35.11000,-54.042834,-63.354486
35.12000,-54.044634,-63.350193
35.13000,-54.046629,-63.345962
35.14000,-54.048820,-63.341795
35.15000,-54.051210,-63.337692
35.16000,-54.053802,-63.333653
35.17000,-54.056597,-63.329680
35.18000,-54.059598,-63.325773
35.19000,-54.062806,-63.321932
35.20000,-54.066224,-63.318159
35.21000,-54.069854,-63.314453
35.22000,-54.073699,-63.310817
35.23000,-54.077760,-63.307250
35.24000,-54.082040,-63.303753
35.25000,-54.086541,-63.300327
35.26000,-54.091265,-63.296972
35.27000,-54.096215,-63.293690
35.28000,-54.101393,-63.290481
35.29000,-54.106801,-63.287345
35.30000,-54.112441,-63.284284
35.31000,-54.118315,-63.281299
35.32000,-54.124427,-63.278389
35.33000,-54.130778,-63.275556
35.34000,-54.137370,-63.272801
35.35000,-54.144206,-63.270125
35.36000,-54.151288,-63.267527
35.37000,-54.158619,-63.265010
35.38000,-54.166200,-63.262573
35.39000,-54.174034,-63.260218
35.40000,-54.182124,-63.257946
35.41000,-54.190471,-63.255757
35.42000,-54.199077,-63.253652
35.43000,-54.207946,-63.251632
35.44000,-54.217079,-63.249698
35.45000,-54.226479,-63.247851
35.46000,-54.236148,-63.246092
35.47000,-54.246087,-63.244421
35.48000,-54.256301,-63.242839
35.49000,-54.266789,-63.241348
35.50000,-54.277556,-63.239948
35.51000,-54.288602,-63.238640
35.52000,-54.299931,-63.237425
35.53000,-54.311544,-63.236304
35.54000,-54.323444,-63.235278
35.55000,-54.335632,-63.234348
35.56000,-54.348111,-63.233515
35.57000,-54.360883,-63.232779
35.58000,-54.373950,-63.232143
35.59000,-54.387314,-63.231605
35.60000,-54.400977,-63.231169
35.61000,-54.414941,-63.230834
35.62000,-54.429208,-63.230602
35.63000,-54.443780,-63.230473
35.64000,-54.458658,-63.230449
35.65000,-54.473846,-63.230531
35.66000,-54.489344,-63.230719
35.67000,-54.505154,-63.231014
35.68000,-54.521279,-63.231419
35.69000,-54.537719,-63.231933
35.70000,-54.554478,-63.232557
35.71000,-54.571555,-63.233294
35.72000,-54.588953,-63.234143
35.73000,-54.606674,-63.235106
35.74000,-54.624719,-63.236183
35.75000,-54.643089,-63.237377
35.76000,-54.661786,-63.238687
35.77000,-54.680811,-63.240115
35.78000,-54.700165,-63.241662
35.79000,-54.719851,-63.243330
35.80000,-54.739868,-63.245118
35.81000,-54.760219,-63.247029
35.82000,-54.780904,-63.249063
35.83000,-54.801924,-63.251221
35.84000,-54.823280,-63.253504
35.85000,-54.844973,-63.255914
35.86000,-54.867005,-63.258451
35.87000,-54.889375,-63.261117
35.88000,-54.912084,-63.263912
35.89000,-54.935133,-63.266838
35.90000,-54.958522,-63.269896
35.91000,-54.982253,-63.273086
35.92000,-55.006324,-63.276410
35.93000,-55.030738,-63.279869
35.94000,-55.055493,-63.283464
35.95000,-55.080590,-63.287196
35.96000,-55.106028,-63.291066
35.97000,-55.131809,-63.295075
35.98000,-55.157931,-63.299224
35.99000,-55.184395,-63.303514
36.00000,-55.211200,-63.307946
36.01000,-55.238345,-63.312521
36.02000,-55.265831,-63.317241
36.03000,-55.293656,-63.322105
36.04000,-55.321820,-63.327116
36.05000,-55.350322,-63.332273
36.06000,-55.379161,-63.337579
36.07000,-55.408336,-63.343034
36.08000,-55.437846,-63.348638
36.09000,-55.467690,-63.354394
36.10000,-55.497866,-63.360301
36.11000,-55.528372,-63.366362
36.12000,-55.559208,-63.372575
36.13000,-55.590371,-63.378944
36.14000,-55.621860,-63.385468
36.15000,-55.653673,-63.392148
36.16000,-55.685808,-63.398985
36.17000,-55.718262,-63.405981
36.18000,-55.751034,-63.413135
36.19000,-55.784121,-63.420449
36.20000,-55.817520,-63.427923
36.21000,-55.851229,-63.435558
36.22000,-55.885245,-63.443355
36.23000,-55.919565,-63.451315
36.24000,-55.954186,-63.459438
36.25000,-55.989106,-63.467726
36.26000,-56.024321,-63.476177
36.27000,-56.059827,-63.484795
36.28000,-56.095621,-63.493578
36.29000,-56.131700,-63.502528
36.30000,-56.168060,-63.511644
36.31000,-56.204696,-63.520929
36.32000,-56.241606,-63.530382
36.33000,-56.278785,-63.540003
36.34000,-56.316229,-63.549793
36.35000,-56.353933,-63.559753
36.36000,-56.391894,-63.569883
36.37000,-56.430106,-63.580184
36.38000,-56.468565,-63.590655
36.39000,-56.507266,-63.601297
36.40000,-56.546205,-63.612110
36.41000,-56.585376,-63.623095
36.42000,-56.624775,-63.634252
36.43000,-56.664396,-63.645580
36.44000,-56.704233,-63.657081
36.45000,-56.744283,-63.668754
36.46000,-56.784538,-63.680599
36.47000,-56.824994,-63.692617
36.48000,-56.865645,-63.704807
36.49000,-56.906484,-63.717169
36.50000,-56.947507,-63.729704
36.51000,-56.988707,-63.742411
36.52000,-57.030079,-63.755289
36.53000,-57.071615,-63.768340
36.54000,-57.113311,-63.781562
36.55000,-57.155159,-63.794956
36.56000,-57.197153,-63.808520
36.57000,-57.239287,-63.822255
36.58000,-57.281555,-63.836161
36.59000,-57.323949,-63.850236
36.60000,-57.366464,-63.864481
36.61000,-57.409092,-63.878895
36.62000,-57.451828,-63.893477
36.63000,-57.494663,-63.908226
36.64000,-57.537592,-63.923143
36.65000,-57.580607,-63.938226
36.66000,-57.623702,-63.953475
36.67000,-57.666870,-63.968888
36.68000,-57.710103,-63.984465
36.69000,-57.753395,-64.000206
36.70000,-57.796739,-64.016108
36.71000,-57.840128,-64.032172
36.72000,-57.883555,-64.048396
36.73000,-57.927012,-64.064779
36.74000,-57.970493,-64.081320
36.75000,-58.013990,-64.098018
36.76000,-58.057497,-64.114872
36.77000,-58.101006,-64.131880
36.78000,-58.144511,-64.149040
36.79000,-58.188005,-64.166353
36.80000,-58.231480,-64.183816
36.81000,-58.274929,-64.201428
36.82000,-58.318346,-64.219187
36.83000,-58.361723,-64.237092
36.84000,-58.405054,-64.255142
36.85000,-58.448332,-64.273334
36.86000,-58.491550,-64.291667
36.87000,-58.534702,-64.310139
36.88000,-58.577780,-64.328749
36.89000,-58.620778,-64.347495
36.90000,-58.663689,-64.366374
36.91000,-58.706507,-64.385386
36.92000,-58.749225,-64.404528
36.93000,-58.791837,-64.423797
36.94000,-58.834336,-64.443193
36.95000,-58.876717,-64.462713
36.96000,-58.918972,-64.482355
36.97000,-58.961097,-64.502117
36.98000,-59.003084,-64.521996
36.99000,-59.044928,-64.541991
37.00000,-59.086624,-64.562098
37.01000,-59.128164,-64.582317
37.02000,-59.169544,-64.602645
37.03000,-59.210757,-64.623078
37.04000,-59.251799,-64.643616
37.05000,-59.292664,-64.664254
37.06000,-59.333347,-64.684992
37.07000,-59.373842,-64.705827
37.08000,-59.414145,-64.726755
37.09000,-59.454250,-64.747775
37.10000,-59.494152,-64.768883
37.11000,-59.533847,-64.790078
37.12000,-59.573330,-64.811356
37.13000,-59.612596,-64.832716
37.14000,-59.651642,-64.854154
37.15000,-59.690462,-64.875667
37.16000,-59.729052,-64.897253
37.17000,-59.767409,-64.918910
37.18000,-59.805528,-64.940633
37.19000,-59.843406,-64.962422
37.20000,-59.881038,-64.984272
37.21000,-59.918421,-65.006181
37.22000,-59.955552,-65.028147
37.23000,-59.992427,-65.050166
37.24000,-60.029043,-65.072235
37.25000,-60.065396,-65.094352
37.26000,-60.101484,-65.116514
37.27000,-60.137303,-65.138717
37.28000,-60.172851,-65.160960
37.29000,-60.208125,-65.183239
37.30000,-60.243123,-65.205551
37.31000,-60.277841,-65.227893
37.32000,-60.312278,-65.250263
37.33000,-60.346431,-65.272657
37.34000,-60.380298,-65.295073
37.35000,-60.413878,-65.317507
37.36000,-60.447167,-65.339958
37.37000,-60.480165,-65.362421
37.38000,-60.512869,-65.384894
37.39000,-60.545279,-65.407374
37.40000,-60.577391,-65.429859
37.41000,-60.609206,-65.452344
37.42000,-60.640722,-65.474829
37.43000,-60.671936,-65.497308
37.44000,-60.702850,-65.519781
37.45000,-60.733460,-65.542244
37.46000,-60.763768,-65.564693
37.47000,-60.793770,-65.587127
37.48000,-60.823468,-65.609543
37.49000,-60.852860,-65.631937
37.50000,-60.881945,-65.654307
37.51000,-60.910724,-65.676651
37.52000,-60.939196,-65.698965
37.53000,-60.967360,-65.721247
37.54000,-60.995216,-65.743494
37.55000,-61.022765,-65.765703
37.56000,-61.050006,-65.787873
37.57000,-61.076939,-65.809999
37.58000,-61.103564,-65.832081
37.59000,-61.129882,-65.854114
37.60000,-61.155892,-65.876097
37.61000,-61.181596,-65.898027
37.62000,-61.206992,-65.919902
37.63000,-61.232083,-65.941719
37.64000,-61.256868,-65.963475
37.65000,-61.281347,-65.985169
37.66000,-61.305522,-66.006798
37.67000,-61.329393,-66.028360
37.68000,-61.352962,-66.049851
37.69000,-61.376227,-66.071271
37.70000,-61.399192,-66.092617
37.71000,-61.421856,-66.113886
37.72000,-61.444220,-66.135077
37.73000,-61.466286,-66.156187
37.74000,-61.488054,-66.177214
37.75000,-61.509526,-66.198156
37.76000,-61.530702,-66.219012
37.77000,-61.551584,-66.239778
37.78000,-61.572174,-66.260454
37.79000,-61.592471,-66.281036
37.80000,-61.612479,-66.301524
37.81000,-61.632197,-66.321916
37.82000,-61.651628,-66.342209
37.83000,-61.670772,-66.362402
37.84000,-61.689632,-66.382492
37.85000,-61.708208,-66.402480
37.86000,-61.726502,-66.422361
37.87000,-61.744516,-66.442136
37.88000,-61.762251,-66.461802
37.89000,-61.779708,-66.481358
37.90000,-61.796890,-66.500802
37.91000,-61.813798,-66.520133
37.92000,-61.830433,-66.539350
37.93000,-61.846798,-66.558450
37.94000,-61.862893,-66.577433
37.95000,-61.878721,-66.596297
37.96000,-61.894283,-66.615040
37.97000,-61.909581,-66.633662
37.98000,-61.924617,-66.652162
37.99000,-61.939392,-66.670538
38.00000,-61.953908,-66.688788
38.01000,-61.968167,-66.706912
38.02000,-61.982171,-66.724909
38.03000,-61.995921,-66.742778
38.04000,-62.009420,-66.760517
38.05000,-62.022669,-66.778126
38.06000,-62.035669,-66.795603
38.07000,-62.048424,-66.812948
38.08000,-62.060933,-66.830160
38.09000,-62.073200,-66.847238
38.10000,-62.085227,-66.864181
38.11000,-62.097014,-66.880988
38.12000,-62.108564,-66.897659
38.13000,-62.119879,-66.914193
38.14000,-62.130960,-66.930588
38.15000,-62.141810,-66.946846
38.16000,-62.152430,-66.962964
38.17000,-62.162822,-66.978942
38.18000,-62.172988,-66.994780
38.19000,-62.182929,-67.010477
38.20000,-62.192648,-67.026032
38.21000,-62.202146,-67.041446
38.22000,-62.211426,-67.056717
38.23000,-62.220488,-67.071846
38.24000,-62.229335,-67.086831
38.25000,-62.237969,-67.101673
38.26000,-62.246391,-67.116371
38.27000,-62.254604,-67.130925
38.28000,-62.262609,-67.145334
38.29000,-62.270407,-67.159599
38.30000,-62.278001,-67.173718
38.31000,-62.285392,-67.187693
38.32000,-62.292583,-67.201522
38.33000,-62.299574,-67.215205
38.34000,-62.306368,-67.228743
38.35000,-62.312967,-67.242136
38.36000,-62.319372,-67.255382
38.37000,-62.325584,-67.268482
38.38000,-62.331607,-67.281437
38.39000,-62.337440,-67.294245
38.40000,-62.343087,-67.306908
38.41000,-62.348548,-67.319424
38.42000,-62.353826,-67.331795
38.43000,-62.358922,-67.344020
38.44000,-62.363838,-67.356099
38.45000,-62.368575,-67.368033
38.46000,-62.373135,-67.379821
38.47000,-62.377520,-67.391463
38.48000,-62.381732,-67.402961
38.49000,-62.385771,-67.414313
38.50000,-62.389640,-67.425521
38.51000,-62.393340,-67.436584
38.52000,-62.396873,-67.447503
38.53000,-62.400240,-67.458278
38.54000,-62.403444,-67.468908
38.55000,-62.406484,-67.479396
38.56000,-62.409364,-67.489740
38.57000,-62.412085,-67.499941
38.58000,-62.414647,-67.509999
38.59000,-62.417053,-67.519916
38.60000,-62.419304,-67.529690
38.61000,-62.421402,-67.539323
38.62000,-62.423348,-67.548815
38.63000,-62.425143,-67.558166
38.64000,-62.426790,-67.567377
38.65000,-62.428288,-67.576447
38.66000,-62.429641,-67.585379
38.67000,-62.430849,-67.594171
38.68000,-62.431914,-67.602825
38.69000,-62.432837,-67.611341
38.70000,-62.433620,-67.619719
38.71000,-62.434263,-67.627960
38.72000,-62.434769,-67.636065
38.73000,-62.435138,-67.644033
38.74000,-62.435373,-67.651866
38.75000,-62.435474,-67.659564
38.76000,-62.435442,-67.667127
38.77000,-62.435279,-67.674556
38.78000,-62.434987,-67.681852
38.79000,-62.434566,-67.689016
38.80000,-62.434019,-67.696047
38.81000,-62.433345,-67.702946
38.82000,-62.432547,-67.709714
38.83000,-62.431625,-67.716352
38.84000,-62.430582,-67.722860
38.85000,-62.429417,-67.729238
38.86000,-62.428133,-67.735488
38.87000,-62.426730,-67.741610
38.88000,-62.425211,-67.747605
38.89000,-62.423575,-67.753473
38.90000,-62.421824,-67.759214
38.91000,-62.419960,-67.764830
38.92000,-62.417983,-67.770322
38.93000,-62.415895,-67.775689
38.94000,-62.413697,-67.780933
38.95000,-62.411389,-67.786053
38.96000,-62.408974,-67.791052
38.97000,-62.406452,-67.795929
38.98000,-62.403824,-67.800685
38.99000,-62.401091,-67.805321
39.00000,-62.398255,-67.809837
39.01000,-62.395316,-67.814235
39.02000,-62.392276,-67.818515
39.03000,-62.389135,-67.822677
39.04000,-62.385895,-67.826722
39.05000,-62.382557,-67.830651
39.06000,-62.379122,-67.834465
39.07000,-62.375590,-67.838164
39.08000,-62.371963,-67.841750
39.09000,-62.368242,-67.845222
39.10000,-62.364428,-67.848581
39.11000,-62.360521,-67.851829
39.12000,-62.356523,-67.854965
39.13000,-62.352435,-67.857991
39.14000,-62.348257,-67.860907
39.15000,-62.343991,-67.863715
39.16000,-62.339638,-67.866413
39.17000,-62.335198,-67.869005
39.18000,-62.330672,-67.871489
39.19000,-62.326062,-67.873867
39.20000,-62.321367,-67.876140
39.21000,-62.316590,-67.878308
39.22000,-62.311731,-67.880372
39.23000,-62.306791,-67.882332
39.24000,-62.301771,-67.884190
39.25000,-62.296671,-67.885946
39.26000,-62.291493,-67.887601
39.27000,-62.286237,-67.889155
39.28000,-62.280904,-67.890610
39.29000,-62.275496,-67.891965
39.30000,-62.270012,-67.893222
39.31000,-62.264454,-67.894381
39.32000,-62.258822,-67.895444
39.33000,-62.253118,-67.896410
39.34000,-62.247342,-67.897280
39.35000,-62.241494,-67.898056
39.36000,-62.235577,-67.898737
39.37000,-62.229590,-67.899326
39.38000,-62.223534,-67.899821
39.39000,-62.217410,-67.900224
39.40000,-62.211219,-67.900536
39.41000,-62.204961,-67.900757
39.42000,-62.198638,-67.900888
39.43000,-62.192250,-67.900930
39.44000,-62.185797,-67.900884
39.45000,-62.179281,-67.900749
39.46000,-62.172703,-67.900527
39.47000,-62.166062,-67.900219
39.48000,-62.159360,-67.899825
39.49000,-62.152597,-67.899346
39.50000,-62.145774,-67.898782
39.51000,-62.138892,-67.898134
39.52000,-62.131951,-67.897403
39.53000,-62.124952,-67.896590
39.54000,-62.117896,-67.895694
39.55000,-62.110783,-67.894718
39.56000,-62.103615,-67.893661
39.57000,-62.096391,-67.892524
39.58000,-62.089113,-67.891308
39.59000,-62.081780,-67.890014
39.60000,-62.074395,-67.888642
39.61000,-62.066956,-67.887192
39.62000,-62.059466,-67.885666
39.63000,-62.051924,-67.884064
39.64000,-62.044331,-67.882386
39.65000,-62.036688,-67.880634
39.66000,-62.028995,-67.878808
39.67000,-62.021253,-67.876909
39.68000,-62.013463,-67.874936
39.69000,-62.005625,-67.872892
39.70000,-61.997740,-67.870776
39.71000,-61.989808,-67.868589
39.72000,-61.981830,-67.866332
39.73000,-61.973806,-67.864006
39.74000,-61.965737,-67.861610
39.75000,-61.957624,-67.859146
39.76000,-61.949467,-67.856614
39.77000,-61.941267,-67.854014
39.78000,-61.933024,-67.851349
39.79000,-61.924739,-67.848617
39.80000,-61.916412,-67.845819
39.81000,-61.908044,-67.842957
39.82000,-61.899635,-67.840031
39.83000,-61.891186,-67.837041
39.84000,-61.882697,-67.833988
39.85000,-61.874170,-67.830872
39.86000,-61.865603,-67.827695
39.87000,-61.856999,-67.824456
39.88000,-61.848357,-67.821156
39.89000,-61.839678,-67.817796
39.90000,-61.830963,-67.814377
39.91000,-61.822211,-67.810898
39.92000,-61.813424,-67.807361
39.93000,-61.804601,-67.803766
39.94000,-61.795744,-67.800113
39.95000,-61.786853,-67.796404
39.96000,-61.777928,-67.792638
39.97000,-61.768970,-67.788817
39.98000,-61.759978,-67.784940
39.99000,-61.750955,-67.781008
40.00000,-61.741900,-67.777023
40.01000,-61.732813,-67.772983
40.02000,-61.723695,-67.768891
40.03000,-61.714546,-67.764746
40.04000,-61.705368,-67.760549
40.05000,-61.696159,-67.756300
40.06000,-61.686922,-67.752001
40.07000,-61.677655,-67.747650
40.08000,-61.668361,-67.743250
40.09000,-61.659038,-67.738801
40.10000,-61.649687,-67.734302
40.11000,-61.640309,-67.729755
40.12000,-61.630905,-67.725159
40.13000,-61.621474,-67.720516
40.14000,-61.612017,-67.715827
40.15000,-61.602535,-67.711090
40.16000,-61.593027,-67.706308
40.17000,-61.583495,-67.701480
40.18000,-61.573938,-67.696607
40.19000,-61.564357,-67.691689
40.20000,-61.554753,-67.686727
40.21000,-61.545125,-67.681721
40.22000,-61.535475,-67.676672
40.23000,-61.525801,-67.671581
40.24000,-61.516106,-67.666447
40.25000,-61.506389,-67.661271
40.26000,-61.496651,-67.656054
40.27000,-61.486891,-67.650796
40.28000,-61.477111,-67.645497
40.29000,-61.467310,-67.640158
40.30000,-61.457490,-67.634780
40.31000,-61.447649,-67.629363
40.32000,-61.437790,-67.623907
40.33000,-61.427911,-67.618412
40.34000,-61.418014,-67.612880
40.35000,-61.408099,-67.607310
40.36000,-61.398165,-67.601703
40.37000,-61.388214,-67.596060
40.38000,-61.378246,-67.590380
40.39000,-61.368260,-67.584665
40.40000,-61.358259,-67.578914
40.41000,-61.348240,-67.573129
40.42000,-61.338206,-67.567309
40.43000,-61.328156,-67.561454
40.44000,-61.318091,-67.555566
40.45000,-61.308010,-67.549645
40.46000,-61.297915,-67.543691
40.47000,-61.287805,-67.537704
40.48000,-61.277682,-67.531685
40.49000,-61.267544,-67.525635
40.50000,-61.257393,-67.519553
40.51000,-61.247228,-67.513440
40.52000,-61.237051,-67.507297
40.53000,-61.226861,-67.501123
40.54000,-61.216658,-67.494919
40.55000,-61.206444,-67.488686
40.56000,-61.196217,-67.482424
40.57000,-61.185979,-67.476133
40.58000,-61.175730,-67.469814
40.59000,-61.165470,-67.463467
40.60000,-61.155199,-67.457092
40.61000,-61.144918,-67.450690
40.62000,-61.134626,-67.444261
40.63000,-61.124325,-67.437806
40.64000,-61.114014,-67.431324
40.65000,-61.103694,-67.424816
40.66000,-61.093364,-67.418283
40.67000,-61.083026,-67.411725
40.68000,-61.072679,-67.405141
40.69000,-61.062324,-67.398534
40.70000,-61.051961,-67.391902
40.71000,-61.041590,-67.385246
40.72000,-61.031211,-67.378567
40.73000,-61.020825,-67.371865
40.74000,-61.010432,-67.365140
40.75000,-61.000033,-67.358392
40.76000,-60.989626,-67.351622
40.77000,-60.979214,-67.344830
40.78000,-60.968795,-67.338017
40.79000,-60.958370,-67.331183
40.80000,-60.947940,-67.324327
40.81000,-60.937504,-67.317451
40.82000,-60.927063,-67.310555
40.83000,-60.916617,-67.303638
40.84000,-60.906167,-67.296702
40.85000,-60.895712,-67.289747
40.86000,-60.885253,-67.282772
40.87000,-60.874790,-67.275779
40.88000,-60.864323,-67.268767
40.89000,-60.853852,-67.261737
40.90000,-60.843378,-67.254689
40.91000,-60.832901,-67.247623
40.92000,-60.822421,-67.240541
40.93000,-60.811938,-67.233441
40.94000,-60.801453,-67.226324
40.95000,-60.790965,-67.219191
40.96000,-60.780475,-67.212041
40.97000,-60.769984,-67.204876
40.98000,-60.759491,-67.197695
40.99000,-60.748996,-67.190499
41.00000,-60.738500,-67.183287
41.01000,-60.728003,-67.176061
41.02000,-60.717505,-67.168820
41.03000,-60.707007,-67.161565
41.04000,-60.696508,-67.154296
41.05000,-60.686008,-67.147013
41.06000,-60.675509,-67.139716
41.07000,-60.665010,-67.132406
41.08000,-60.654511,-67.125084
41.09000,-60.644012,-67.117748
41.10000,-60.633514,-67.110400
41.11000,-60.623018,-67.103040
41.12000,-60.612522,-67.095668
41.13000,-60.602027,-67.088284
41.14000,-60.591534,-67.080888
41.15000,-60.581042,-67.073481
41.16000,-60.570553,-67.066064
41.17000,-60.560065,-67.058635
41.18000,-60.549579,-67.051196
41.19000,-60.539096,-67.043747
41.20000,-60.528615,-67.036287
41.21000,-60.518137,-67.028818
41.22000,-60.507662,-67.021339
41.23000,-60.497190,-67.013851
41.24000,-60.486721,-67.006354
41.25000,-60.476255,-66.998847
41.26000,-60.465793,-66.991332
41.27000,-60.455335,-66.983809
41.28000,-60.444880,-66.976277
41.29000,-60.434430,-66.968738
41.30000,-60.423984,-66.961190
41.31000,-60.413542,-66.953635
41.32000,-60.403105,-66.946073
41.33000,-60.392672,-66.938503
41.34000,-60.382244,-66.930927
41.35000,-60.371822,-66.923344
41.36000,-60.361404,-66.915754
41.37000,-60.350992,-66.908158
41.38000,-60.340585,-66.900556
41.39000,-60.330184,-66.892948
41.40000,-60.319789,-66.885334
41.41000,-60.309400,-66.877715
41.42000,-60.299017,-66.870090
41.43000,-60.288640,-66.862461
41.44000,-60.278269,-66.854826
41.45000,-60.267905,-66.847187
41.46000,-60.257548,-66.839543
41.47000,-60.247198,-66.831895
41.48000,-60.236855,-66.824243
41.49000,-60.226519,-66.816587
41.50000,-60.216190,-66.808927
41.51000,-60.205869,-66.801264
41.52000,-60.195555,-66.793597
41.53000,-60.185249,-66.785928
41.54000,-60.174951,-66.778255
41.55000,-60.164661,-66.770579
41.56000,-60.154379,-66.762901
41.57000,-60.144106,-66.755221
41.58000,-60.133841,-66.747538
41.59000,-60.123584,-66.739853
41.60000,-60.113337,-66.732166
41.61000,-60.103098,-66.724477
41.62000,-60.092868,-66.716787
41.63000,-60.082647,-66.709096
41.64000,-60.072436,-66.701403
41.65000,-60.062234,-66.693710
41.66000,-60.052042,-66.686015
41.67000,-60.041859,-66.678320
41.68000,-60.031686,-66.670624
41.69000,-60.021523,-66.662928
41.70000,-60.011370,-66.655232
41.71000,-60.001228,-66.647535
41.72000,-59.991095,-66.639839
41.73000,-59.980974,-66.632143
41.74000,-59.970862,-66.624448
41.75000,-59.960762,-66.616753
41.76000,-59.950672,-66.609059
41.77000,-59.940594,-66.601366
41.78000,-59.930526,-66.593674
41.79000,-59.920470,-66.585984
41.80000,-59.910425,-66.578294
41.81000,-59.900392,-66.570607
41.82000,-59.890370,-66.562921
41.83000,-59.880360,-66.555236
41.84000,-59.870362,-66.547554
41.85000,-59.860376,-66.539874
41.86000,-59.850402,-66.532197
41.87000,-59.840440,-66.524522
41.88000,-59.830491,-66.516849
41.89000,-59.820554,-66.509179
41.90000,-59.810629,-66.501513
41.91000,-59.800718,-66.493849
41.92000,-59.790819,-66.486188
41.93000,-59.780933,-66.478531
41.94000,-59.771061,-66.470877
41.95000,-59.761201,-66.463227
41.96000,-59.751355,-66.455581
41.97000,-59.741522,-66.447938
41.98000,-59.731703,-66.440300
41.99000,-59.721897,-66.432665
42.00000,-59.712106,-66.425036
42.01000,-59.702328,-66.417410
42.02000,-59.692564,-66.409789
42.03000,-59.682815,-66.402173
42.04000,-59.673079,-66.394561
42.05000,-59.663358,-66.386955
42.06000,-59.653652,-66.379354
42.07000,-59.643960,-66.371758
42.08000,-59.634282,-66.364167
42.09000,-59.624620,-66.356582
42.10000,-59.614972,-66.349002
42.11000,-59.605340,-66.341429
42.12000,-59.595723,-66.333861
42.13000,-59.586121,-66.326299
42.14000,-59.576534,-66.318743
42.15000,-59.566963,-66.311194
42.16000,-59.557408,-66.303650
42.17000,-59.547868,-66.296114
42.18000,-59.538344,-66.288584
42.19000,-59.528836,-66.281061
42.20000,-59.519344,-66.273544
42.21000,-59.509868,-66.266035
42.22000,-59.500409,-66.258533
42.23000,-59.490966,-66.251038
42.24000,-59.481539,-66.243550
42.25000,-59.472129,-66.236070
42.26000,-59.462736,-66.228597
42.27000,-59.453359,-66.221132
42.28000,-59.443999,-66.213675
42.29000,-59.434657,-66.206226
42.30000,-59.425332,-66.198785
42.31000,-59.416023,-66.191352
42.32000,-59.406733,-66.183927
42.33000,-59.397459,-66.176511
42.34000,-59.388204,-66.169103
42.35000,-59.378965,-66.161704
42.36000,-59.369745,-66.154313
42.37000,-59.360543,-66.146932
42.38000,-59.351359,-66.139559
42.39000,-59.342192,-66.132195
42.40000,-59.333044,-66.124841
42.41000,-59.323915,-66.117495
42.42000,-59.314803,-66.110159
42.43000,-59.305710,-66.102833
42.44000,-59.296636,-66.095516
42.45000,-59.287581,-66.088209
42.46000,-59.278545,-66.080912
42.47000,-59.269527,-66.073624
42.48000,-59.260529,-66.066347
42.49000,-59.251549,-66.059079
42.50000,-59.242589,-66.051822
42.51000,-59.233649,-66.044575
42.52000,-59.224727,-66.037339
42.53000,-59.215826,-66.030113
42.54000,-59.206944,-66.022898
42.55000,-59.198082,-66.015693
42.56000,-59.189240,-66.008500
42.57000,-59.180418,-66.001317
42.58000,-59.171616,-65.994145
42.59000,-59.162834,-65.986984
42.60000,-59.154073,-65.979835
42.61000,-59.145332,-65.972697
42.62000,-59.136611,-65.965570
42.63000,-59.127911,-65.958455
42.64000,-59.119232,-65.951351
42.65000,-59.110574,-65.944259
42.66000,-59.101937,-65.937179
42.67000,-59.093321,-65.930111
42.68000,-59.084726,-65.923055
42.69000,-59.076152,-65.916011
42.70000,-59.067600,-65.908979
42.71000,-59.059069,-65.901959
42.72000,-59.050559,-65.894952
42.73000,-59.042072,-65.887957
42.74000,-59.033606,-65.880974
42.75000,-59.025162,-65.874005
42.76000,-59.016740,-65.867048
42.77000,-59.008341,-65.860104
42.78000,-58.999963,-65.853173
42.79000,-58.991608,-65.846255
42.80000,-58.983275,-65.839349
42.81000,-58.974965,-65.832458
42.82000,-58.966677,-65.825579
42.83000,-58.958413,-65.818714
42.84000,-58.950171,-65.811862
42.85000,-58.941952,-65.805024
42.86000,-58.933756,-65.798200
42.87000,-58.925583,-65.791389
42.88000,-58.917433,-65.784592
42.89000,-58.909307,-65.777809
42.90000,-58.901205,-65.771040
42.91000,-58.893126,-65.764285
42.92000,-58.885070,-65.757544
42.93000,-58.877039,-65.750817
42.94000,-58.869031,-65.744105
42.95000,-58.861047,-65.737407
42.96000,-58.853088,-65.730724
42.97000,-58.845153,-65.724056
42.98000,-58.837242,-65.717402
42.99000,-58.829355,-65.710762
43.00000,-58.821494,-65.704138
43.01000,-58.813656,-65.697529
43.02000,-58.805844,-65.690935
43.03000,-58.798056,-65.684355
43.04000,-58.790294,-65.677791
43.05000,-58.782556,-65.671243
43.06000,-58.774844,-65.664709
43.07000,-58.767157,-65.658191
43.08000,-58.759495,-65.651689
43.09000,-58.751859,-65.645202
43.10000,-58.744249,-65.638731
43.11000,-58.736664,-65.632276
43.12000,-58.729105,-65.625836
43.13000,-58.721572,-65.619413
43.14000,-58.714065,-65.613006
43.15000,-58.706585,-65.606614
43.16000,-58.699130,-65.600239
43.17000,-58.691702,-65.593880
43.18000,-58.684301,-65.587538
43.19000,-58.676926,-65.581212
43.20000,-58.669577,-65.574902
43.21000,-58.662256,-65.568609
43.22000,-58.654962,-65.562333
43.23000,-58.647694,-65.556074
43.24000,-58.640454,-65.549831
43.25000,-58.633241,-65.543605
43.26000,-58.626055,-65.537397
43.27000,-58.618897,-65.531205
43.28000,-58.611767,-65.525031
43.29000,-58.604664,-65.518873
43.30000,-58.597589,-65.512733
43.31000,-58.590542,-65.506611
43.32000,-58.583523,-65.500506
43.33000,-58.576532,-65.494419
43.34000,-58.569569,-65.488349
43.35000,-58.562635,-65.482297
43.36000,-58.555729,-65.476262
43.37000,-58.548852,-65.470246
43.38000,-58.542004,-65.464248
43.39000,-58.535184,-65.458267
43.40000,-58.528393,-65.452305
43.41000,-58.521632,-65.446361
43.42000,-58.514899,-65.440435
43.43000,-58.508196,-65.434527
43.44000,-58.501522,-65.428638
43.45000,-58.494878,-65.422768
43.46000,-58.488263,-65.416916
43.47000,-58.481678,-65.411082
43.48000,-58.475123,-65.405268
43.49000,-58.468598,-65.399472
43.50000,-58.462103,-65.393695
43.51000,-58.455638,-65.387937
43.52000,-58.449203,-65.382198
43.53000,-58.442798,-65.376478
43.54000,-58.436425,-65.370778
43.55000,-58.430082,-65.365097
43.56000,-58.423769,-65.359435
43.57000,-58.417488,-65.353792
43.58000,-58.411237,-65.348169
43.59000,-58.405017,-65.342566
43.60000,-58.398829,-65.336982
43.61000,-58.392672,-65.331418
43.62000,-58.386547,-65.325874
43.63000,-58.380453,-65.320349
43.64000,-58.374390,-65.314845
43.65000,-58.368360,-65.309361
43.66000,-58.362361,-65.303896
43.67000,-58.356395,-65.298452
43.68000,-58.350460,-65.293029
43.69000,-58.344558,-65.287625
43.70000,-58.338688,-65.282242
43.71000,-58.332850,-65.276880
43.72000,-58.327046,-65.271538
43.73000,-58.321273,-65.266217
43.74000,-58.315534,-65.260916
43.75000,-58.309828,-65.255636
43.76000,-58.304154,-65.250377
43.77000,-58.298514,-65.245139
43.78000,-58.292907,-65.239923
43.79000,-58.287334,-65.234727
43.80000,-58.281794,-65.229552
43.81000,-58.276288,-65.224399
43.82000,-58.270815,-65.219267
43.83000,-58.265376,-65.214156
43.84000,-58.259972,-65.209067
43.85000,-58.254601,-65.203999
43.86000,-58.249264,-65.198953
43.87000,-58.243962,-65.193929
43.88000,-58.238695,-65.188926
43.89000,-58.233462,-65.183946
43.90000,-58.228263,-65.178987
43.91000,-58.223100,-65.174050
43.92000,-58.217971,-65.169136
43.93000,-58.212877,-65.164243
43.94000,-58.207819,-65.159373
43.95000,-58.202796,-65.154525
43.96000,-58.197808,-65.149699
43.97000,-58.192856,-65.144896
43.98000,-58.187939,-65.140116
43.99000,-58.183058,-65.135358
44.00000,-58.178213,-65.130622
44.01000,-58.173403,-65.125910
44.02000,-58.168630,-65.121220
44.03000,-58.163893,-65.116553
44.04000,-58.159193,-65.111909
44.05000,-58.154529,-65.107288
44.06000,-58.149901,-65.102690
44.07000,-58.145310,-65.098116
44.08000,-58.140756,-65.093564
44.09000,-58.136238,-65.089036
44.10000,-58.131758,-65.084532
44.11000,-58.127315,-65.080051
44.12000,-58.122909,-65.075593
44.13000,-58.118540,-65.071160
44.14000,-58.114209,-65.066749
44.15000,-58.109915,-65.062363
44.16000,-58.105660,-65.058001
44.17000,-58.101441,-65.053662
44.18000,-58.097261,-65.049347
44.19000,-58.093119,-65.045057
44.20000,-58.089015,-65.040791
44.21000,-58.084949,-65.036548
44.22000,-58.080922,-65.032331
44.23000,-58.076933,-65.028137
44.24000,-58.072983,-65.023968
44.25000,-58.069071,-65.019824
44.26000,-58.065198,-65.015704
44.27000,-58.061364,-65.011608
44.28000,-58.057569,-65.007538
44.29000,-58.053814,-65.003492
44.30000,-58.050097,-64.999471
44.31000,-58.046420,-64.995476
44.32000,-58.042782,-64.991505
44.33000,-58.039184,-64.987559
44.34000,-58.035626,-64.983638
44.35000,-58.032108,-64.979743
44.36000,-58.028629,-64.975873
44.37000,-58.025190,-64.972028
44.38000,-58.021792,-64.968209
44.39000,-58.018434,-64.964415
44.40000,-58.015116,-64.960647
44.41000,-58.011838,-64.956905
44.42000,-58.008601,-64.953188
44.43000,-58.005405,-64.949497
44.44000,-58.002250,-64.945833
44.45000,-57.999135,-64.942194
44.46000,-57.996061,-64.938581
44.47000,-57.993029,-64.934994
44.48000,-57.990037,-64.931433
44.49000,-57.987087,-64.927898
44.50000,-57.984178,-64.924390
44.51000,-57.981311,-64.920909
44.52000,-57.978485,-64.917453
44.53000,-57.975701,-64.914024
44.54000,-57.972959,-64.910622
44.55000,-57.970259,-64.907246
44.56000,-57.967600,-64.903898
44.57000,-57.964984,-64.900576
44.58000,-57.962410,-64.897280
44.59000,-57.959878,-64.894012
44.60000,-57.957388,-64.890771
44.61000,-57.954941,-64.887557
44.62000,-57.952536,-64.884370
44.63000,-57.950174,-64.881210
44.64000,-57.947855,-64.878077
44.65000,-57.945578,-64.874972
44.66000,-57.943345,-64.871894
44.67000,-57.941154,-64.868844
44.68000,-57.939007,-64.865821
44.69000,-57.936903,-64.862825
44.70000,-57.934841,-64.859858
44.71000,-57.932824,-64.856918
44.72000,-57.930849,-64.854006
44.73000,-57.928919,-64.851122
44.74000,-57.927031,-64.848266
44.75000,-57.925188,-64.845438
44.76000,-57.923388,-64.842637
44.77000,-57.921632,-64.839865
44.78000,-57.919920,-64.837122
44.79000,-57.918252,-64.834406
44.80000,-57.916628,-64.831719
44.81000,-57.915048,-64.829060
44.82000,-57.913513,-64.826430
44.83000,-57.912021,-64.823828
44.84000,-57.910574,-64.821254
44.85000,-57.909172,-64.818710
44.86000,-57.907814,-64.816194
44.87000,-57.906501,-64.813706
44.88000,-57.905232,-64.811248
44.89000,-57.904008,-64.808819
44.90000,-57.902828,-64.806418
44.91000,-57.901694,-64.804046
44.92000,-57.900604,-64.801704
44.93000,-57.899560,-64.799390
44.94000,-57.898560,-64.797106
44.95000,-57.897606,-64.794851
44.96000,-57.896697,-64.792626
44.97000,-57.895833,-64.790429
44.98000,-57.895014,-64.788262
44.99000,-57.894240,-64.786125
45.00000,-57.893512,-64.784017
45.01000,-57.892829,-64.781939
45.02000,-57.892192,-64.779890
45.03000,-57.891600,-64.777871
45.04000,-57.891054,-64.775881
45.05000,-57.890553,-64.773922
45.06000,-57.890098,-64.771992
45.07000,-57.889689,-64.770093
45.08000,-57.889326,-64.768223
45.09000,-57.889008,-64.766383
45.10000,-57.888736,-64.764573
45.11000,-57.888510,-64.762794
45.12000,-57.888330,-64.761044
45.13000,-57.888195,-64.759325
45.14000,-57.888107,-64.757636
45.15000,-57.888065,-64.755978
45.16000,-57.888068,-64.754349
45.17000,-57.888118,-64.752751
45.18000,-57.888214,-64.751184
45.19000,-57.888355,-64.749647
45.20000,-57.888543,-64.748141
45.21000,-57.888777,-64.746665
45.22000,-57.889057,-64.745220
45.23000,-57.889384,-64.743805
45.24000,-57.889756,-64.742422
45.25000,-57.890175,-64.741069
45.26000,-57.890640,-64.739747
45.27000,-57.891151,-64.738455
45.28000,-57.891708,-64.737195
45.29000,-57.892311,-64.735966
45.30000,-57.892961,-64.734767
45.31000,-57.893657,-64.733600
45.32000,-57.894399,-64.732463
45.33000,-57.895187,-64.731358
45.34000,-57.896021,-64.730284
45.35000,-57.896902,-64.729241
45.36000,-57.897829,-64.728229
45.37000,-57.898802,-64.727248
45.38000,-57.899821,-64.726299
45.39000,-57.900886,-64.725381
45.40000,-57.901997,-64.724494
45.41000,-57.903155,-64.723639
45.42000,-57.904358,-64.722815
45.43000,-57.905608,-64.722022
45.44000,-57.906904,-64.721261
45.45000,-57.908245,-64.720532
45.46000,-57.909633,-64.719834
45.47000,-57.911066,-64.719167
45.48000,-57.912546,-64.718532
45.49000,-57.914071,-64.717929
45.50000,-57.915642,-64.717357
45.51000,-57.917259,-64.716817
45.52000,-57.918921,-64.716308
45.53000,-57.920630,-64.715831
45.54000,-57.922384,-64.715386
45.55000,-57.924183,-64.714973
45.56000,-57.926028,-64.714591
45.57000,-57.927919,-64.714241
45.58000,-57.929855,-64.713923
45.59000,-57.931836,-64.713637
45.60000,-57.933862,-64.713382
45.61000,-57.935934,-64.713159
45.62000,-57.938051,-64.712968
45.63000,-57.940213,-64.712809
45.64000,-57.942420,-64.712682
45.65000,-57.944672,-64.712587
45.66000,-57.946969,-64.712523
45.67000,-57.949310,-64.712491
45.68000,-57.951697,-64.712492
45.69000,-57.954127,-64.712524
45.70000,-57.956603,-64.712588
45.71000,-57.959123,-64.712684
45.72000,-57.961687,-64.712811
45.73000,-57.964295,-64.712971
45.74000,-57.966947,-64.713162
45.75000,-57.969644,-64.713386
45.76000,-57.972384,-64.713641
45.77000,-57.975169,-64.713928
45.78000,-57.977997,-64.714247
45.79000,-57.980868,-64.714598
45.80000,-57.983783,-64.714981
45.81000,-57.986742,-64.715396
45.82000,-57.989743,-64.715842
45.83000,-57.992788,-64.716321
45.84000,-57.995876,-64.716831
45.85000,-57.999006,-64.717373
45.86000,-58.002180,-64.717946
45.87000,-58.005396,-64.718552
45.88000,-58.008654,-64.719189
45.89000,-58.011955,-64.719858
45.90000,-58.015298,-64.720559
45.91000,-58.018683,-64.721292
45.92000,-58.022110,-64.722056
45.93000,-58.025579,-64.722851
45.94000,-58.029089,-64.723679
45.95000,-58.032641,-64.724538
45.96000,-58.036234,-64.725429
45.97000,-58.039868,-64.726351
45.98000,-58.043543,-64.727304
45.99000,-58.047258,-64.728289
46.00000,-58.051015,-64.729306
46.01000,-58.054812,-64.730354
46.02000,-58.058649,-64.731434
46.03000,-58.062526,-64.732544
46.04000,-58.066443,-64.733686
46.05000,-58.070400,-64.734860
46.06000,-58.074397,-64.736064
46.07000,-58.078433,-64.737300
46.08000,-58.082508,-64.738567
46.09000,-58.086622,-64.739865
46.10000,-58.090775,-64.741194
46.11000,-58.094966,-64.742554
46.12000,-58.099196,-64.743945
46.13000,-58.103464,-64.745366
46.14000,-58.107769,-64.746819
46.15000,-58.112113,-64.748302
46.16000,-58.116494,-64.749817
46.17000,-58.120913,-64.751361
46.18000,-58.125369,-64.752937
46.19000,-58.129861,-64.754543
46.20000,-58.134390,-64.756179
46.21000,-58.138956,-64.757846
46.22000,-58.143558,-64.759543
46.23000,-58.148196,-64.761271
46.24000,-58.152869,-64.763029
46.25000,-58.157579,-64.764816
46.26000,-58.162323,-64.766634
46.27000,-58.167103,-64.768482
46.28000,-58.171917,-64.770360
46.29000,-58.176766,-64.772268
46.30000,-58.181649,-64.774206
46.31000,-58.186566,-64.776173
46.32000,-58.191517,-64.778170
46.33000,-58.196502,-64.780196
46.34000,-58.201520,-64.782252
46.35000,-58.206571,-64.784337
46.36000,-58.211654,-64.786452
46.37000,-58.216770,-64.788595
46.38000,-58.221919,-64.790768
46.39000,-58.227099,-64.792970
46.40000,-58.232311,-64.795200
46.41000,-58.237555,-64.797460
46.42000,-58.242829,-64.799748
46.43000,-58.248135,-64.802065
46.44000,-58.253471,-64.804410
46.45000,-58.258837,-64.806784
46.46000,-58.264233,-64.809186
46.47000,-58.269659,-64.811616
46.48000,-58.275115,-64.814075
46.49000,-58.280599,-64.816561
46.50000,-58.286112,-64.819075
46.51000,-58.291654,-64.821617
46.52000,-58.297225,-64.824187
46.53000,-58.302823,-64.826784
46.54000,-58.308448,-64.829409
46.55000,-58.314101,-64.832061
46.56000,-58.319781,-64.834740
46.57000,-58.325488,-64.837446
46.58000,-58.331221,-64.840179
46.59000,-58.336981,-64.842939
46.60000,-58.342766,-64.845726
46.61000,-58.348576,-64.848539
46.62000,-58.354412,-64.851378
46.63000,-58.360272,-64.854244
46.64000,-58.366157,-64.857136
46.65000,-58.372066,-64.860054
46.66000,-58.377999,-64.862998
46.67000,-58.383955,-64.865968
46.68000,-58.389935,-64.868964
46.69000,-58.395937,-64.871985
46.70000,-58.401962,-64.875031
46.71000,-58.408009,-64.878102
46.72000,-58.414078,-64.881199
46.73000,-58.420169,-64.884320
46.74000,-58.426281,-64.887466
46.75000,-58.432413,-64.890637
46.76000,-58.438566,-64.893832
46.77000,-58.444739,-64.897051
46.78000,-58.450932,-64.900295
46.79000,-58.457145,-64.903563
46.80000,-58.463376,-64.906854
46.81000,-58.469626,-64.910169
46.82000,-58.475895,-64.913508
46.83000,-58.482182,-64.916870
46.84000,-58.488486,-64.920255
46.85000,-58.494808,-64.923663
46.86000,-58.501147,-64.927094
46.87000,-58.507502,-64.930547
46.88000,-58.513874,-64.934024
46.89000,-58.520262,-64.937522
46.90000,-58.526665,-64.941043
46.91000,-58.533084,-64.944585
46.92000,-58.539517,-64.948150
46.93000,-58.545965,-64.951736
46.94000,-58.552427,-64.955344
46.95000,-58.558903,-64.958972
46.96000,-58.565392,-64.962622
46.97000,-58.571894,-64.966293
46.98000,-58.578409,-64.969985
46.99000,-58.584937,-64.973697
47.00000,-58.591476,-64.977430
47.01000,-58.598027,-64.981182
47.02000,-58.604589,-64.984955
47.03000,-58.611162,-64.988747
47.04000,-58.617746,-64.992559
47.05000,-58.624339,-64.996391
47.06000,-58.630943,-65.000242
47.07000,-58.637556,-65.004111
47.08000,-58.644177,-65.008000
47.09000,-58.650808,-65.011907
47.10000,-58.657447,-65.015833
47.11000,-58.664094,-65.019777
47.12000,-58.670748,-65.023738
47.13000,-58.677409,-65.027718
47.14000,-58.684078,-65.031715
47.15000,-58.690753,-65.035730
47.16000,-58.697434,-65.039762
47.17000,-58.704120,-65.043811
47.18000,-58.710812,-65.047877
47.19000,-58.717509,-65.051959
47.20000,-58.724211,-65.056058
47.21000,-58.730917,-65.060172
47.22000,-58.737627,-65.064303
47.23000,-58.744340,-65.068450
47.24000,-58.751057,-65.072612
47.25000,-58.757776,-65.076789
47.26000,-58.764498,-65.080982
47.27000,-58.771221,-65.085189
47.28000,-58.777947,-65.089411
47.29000,-58.784674,-65.093647
47.30000,-58.791402,-65.097898
47.31000,-58.798130,-65.102163
47.32000,-58.804859,-65.106441
47.33000,-58.811588,-65.110733
47.34000,-58.818316,-65.115038
47.35000,-58.825043,-65.119357
47.36000,-58.831769,-65.123688
47.37000,-58.838494,-65.128032
47.38000,-58.845217,-65.132388
47.39000,-58.851937,-65.136757
47.40000,-58.858655,-65.141137
47.41000,-58.865370,-65.145530
47.42000,-58.872082,-65.149934
47.43000,-58.878790,-65.154349
47.44000,-58.885494,-65.158775
47.45000,-58.892194,-65.163212
47.46000,-58.898889,-65.167659
47.47000,-58.905579,-65.172117
47.48000,-58.912263,-65.176586
47.49000,-58.918942,-65.181064
47.50000,-58.925615,-65.185551
47.51000,-58.932281,-65.190049
47.52000,-58.938941,-65.194555
47.53000,-58.945593,-65.199070
47.54000,-58.952238,-65.203594
47.55000,-58.958876,-65.208127
47.56000,-58.965505,-65.212668
47.57000,-58.972126,-65.217217
47.58000,-58.978738,-65.221773
47.59000,-58.985340,-65.226338
47.60000,-58.991934,-65.230909
47.61000,-58.998518,-65.235488
47.62000,-59.005091,-65.240074
47.63000,-59.011655,-65.244666
47.64000,-59.018207,-65.249264
47.65000,-59.024749,-65.253869
47.66000,-59.031279,-65.258480
47.67000,-59.037798,-65.263096
47.68000,-59.044305,-65.267717
47.69000,-59.050799,-65.272344
47.70000,-59.057281,-65.276976
47.71000,-59.063749,-65.281613
47.72000,-59.070205,-65.286254
47.73000,-59.076647,-65.290899
47.74000,-59.083076,-65.295548
47.75000,-59.089490,-65.300201
47.76000,-59.095890,-65.304858
47.77000,-59.102275,-65.309518
47.78000,-59.108645,-65.314181
47.79000,-59.115000,-65.318847
47.80000,-59.121339,-65.323515
47.81000,-59.127662,-65.328186
47.82000,-59.133970,-65.332859
47.83000,-59.140260,-65.337533
47.84000,-59.146534,-65.342210
47.85000,-59.152792,-65.346887
47.86000,-59.159031,-65.351566
47.87000,-59.165254,-65.356246
47.88000,-59.171458,-65.360927
47.89000,-59.177645,-65.365608
47.90000,-59.183813,-65.370289
47.91000,-59.189962,-65.374970
47.92000,-59.196093,-65.379651
47.93000,-59.202204,-65.384332
47.94000,-59.208296,-65.389012
47.95000,-59.214369,-65.393691
47.96000,-59.220421,-65.398369
47.97000,-59.226454,-65.403045
47.98000,-59.232466,-65.407720
47.99000,-59.238457,-65.412393
48.00000,-59.244427,-65.417064
48.01000,-59.250377,-65.421732
48.02000,-59.256305,-65.426398
48.03000,-59.262211,-65.431062
48.04000,-59.268096,-65.435722
48.05000,-59.273958,-65.440379
48.06000,-59.279798,-65.445033
48.07000,-59.285616,-65.449683
48.08000,-59.291411,-65.454329
48.09000,-59.297183,-65.458971
48.10000,-59.302931,-65.463609
48.11000,-59.308657,-65.468242
48.12000,-59.314359,-65.472871
48.13000,-59.320037,-65.477494
48.14000,-59.325690,-65.482113
48.15000,-59.331320,-65.486726
48.16000,-59.336925,-65.491333
48.17000,-59.342506,-65.495934
48.18000,-59.348062,-65.500530
48.19000,-59.353593,-65.505119
48.20000,-59.359098,-65.509702
48.21000,-59.364578,-65.514278
48.22000,-59.370033,-65.518847
48.23000,-59.375461,-65.523409
48.24000,-59.380864,-65.527963
48.25000,-59.386241,-65.532510
48.26000,-59.391591,-65.537050
48.27000,-59.396915,-65.541581
48.28000,-59.402212,-65.546104
48.29000,-59.407482,-65.550619
48.30000,-59.412726,-65.555126
48.31000,-59.417942,-65.559623
48.32000,-59.423131,-65.564112
48.33000,-59.428292,-65.568592
48.34000,-59.433426,-65.573062
48.35000,-59.438531,-65.577523
48.36000,-59.443609,-65.581974
48.37000,-59.448659,-65.586415
48.38000,-59.453681,-65.590846
48.39000,-59.458674,-65.595266
48.40000,-59.463638,-65.599676
48.41000,-59.468574,-65.604076
48.42000,-59.473482,-65.608464
48.43000,-59.478360,-65.612842
48.44000,-59.483209,-65.617208
48.45000,-59.488029,-65.621563
48.46000,-59.492820,-65.625906
48.47000,-59.497581,-65.630238
48.48000,-59.502313,-65.634557
48.49000,-59.507015,-65.638864
48.50000,-59.511687,-65.643159
48.51000,-59.516329,-65.647442
48.52000,-59.520941,-65.651712
48.53000,-59.525523,-65.655969
48.54000,-59.530075,-65.660213
48.55000,-59.534597,-65.664444
48.56000,-59.539088,-65.668661
48.57000,-59.543548,-65.672865
48.58000,-59.547978,-65.677055
48.59000,-59.552378,-65.681232
48.60000,-59.556746,-65.685394
48.61000,-59.561083,-65.689542
48.62000,-59.565390,-65.693676
48.63000,-59.569665,-65.697796
48.64000,-59.573910,-65.701900
48.65000,-59.578123,-65.705990
48.66000,-59.582304,-65.710065
48.67000,-59.586455,-65.714125
48.68000,-59.590574,-65.718170
48.69000,-59.594661,-65.722199
48.70000,-59.598717,-65.726213
48.71000,-59.602741,-65.730211
48.72000,-59.606733,-65.734193
48.73000,-59.610694,-65.738160
48.74000,-59.614622,-65.742110
48.75000,-59.618519,-65.746043
48.76000,-59.622384,-65.749961
48.77000,-59.626217,-65.753862
48.78000,-59.630018,-65.757746
48.79000,-59.633786,-65.761613
48.80000,-59.637523,-65.765464
48.81000,-59.641227,-65.769297
48.82000,-59.644900,-65.773114
48.83000,-59.648539,-65.776912
48.84000,-59.652147,-65.780694
48.85000,-59.655722,-65.784458
48.86000,-59.659265,-65.788204
48.87000,-59.662776,-65.791932
48.88000,-59.666254,-65.795643
48.89000,-59.669699,-65.799335
48.90000,-59.673112,-65.803009
48.91000,-59.676493,-65.806665
48.92000,-59.679841,-65.810303
48.93000,-59.683157,-65.813922
48.94000,-59.686439,-65.817522
48.95000,-59.689690,-65.821104
48.96000,-59.692908,-65.824667
48.97000,-59.696093,-65.828211
48.98000,-59.699246,-65.831736
48.99000,-59.702366,-65.835241
49.00000,-59.705453,-65.838728
49.01000,-59.708508,-65.842195
49.02000,-59.711530,-65.845643
49.03000,-59.714520,-65.849071
49.04000,-59.717477,-65.852480
49.05000,-59.720401,-65.855869
49.06000,-59.723293,-65.859238
49.07000,-59.726152,-65.862587
49.08000,-59.728979,-65.865916
49.09000,-59.731773,-65.869225
49.10000,-59.734534,-65.872514
49.11000,-59.737263,-65.875783
49.12000,-59.739960,-65.879031
49.13000,-59.742624,-65.882259
49.14000,-59.745255,-65.885467
49.15000,-59.747854,-65.888654
49.16000,-59.750421,-65.891820
49.17000,-59.752955,-65.894966
49.18000,-59.755457,-65.898090
49.19000,-59.757926,-65.901194
49.20000,-59.760363,-65.904278
49.21000,-59.762768,-65.907340
49.22000,-59.765141,-65.910381
49.23000,-59.767481,-65.913401
49.24000,-59.769789,-65.916400
49.25000,-59.772065,-65.919377
49.26000,-59.774309,-65.922333
49.27000,-59.776521,-65.925268
49.28000,-59.778700,-65.928182
49.29000,-59.780848,-65.931074
49.30000,-59.782964,-65.933944
49.31000,-59.785048,-65.936793
49.32000,-59.787100,-65.939621
49.33000,-59.789120,-65.942426
49.34000,-59.791109,-65.945210
49.35000,-59.793066,-65.947973
49.36000,-59.794991,-65.950713
49.37000,-59.796885,-65.953432
49.38000,-59.798747,-65.956128
49.39000,-59.800578,-65.958803
49.40000,-59.802377,-65.961456
49.41000,-59.804145,-65.964086
49.42000,-59.805881,-65.966695
49.43000,-59.807587,-65.969282
49.44000,-59.809261,-65.971846
49.45000,-59.810904,-65.974388
49.46000,-59.812516,-65.976909
49.47000,-59.814097,-65.979406
49.48000,-59.815647,-65.981882
49.49000,-59.817167,-65.984336
49.50000,-59.818655,-65.986767
49.51000,-59.820113,-65.989176
49.52000,-59.821540,-65.991562
49.53000,-59.822937,-65.993926
49.54000,-59.824303,-65.996268
49.55000,-59.825639,-65.998587
49.56000,-59.826945,-66.000884
49.57000,-59.828220,-66.003159
49.58000,-59.829465,-66.005411
49.59000,-59.830680,-66.007641
49.60000,-59.831865,-66.009848
49.61000,-59.833020,-66.012032
49.62000,-59.834145,-66.014194
49.63000,-59.835241,-66.016334
49.64000,-59.836307,-66.018451
49.65000,-59.837343,-66.020546
49.66000,-59.838350,-66.022618
49.67000,-59.839327,-66.024668
49.68000,-59.840275,-66.026695
49.69000,-59.841194,-66.028699
49.70000,-59.842083,-66.030682
49.71000,-59.842944,-66.032641
49.72000,-59.843775,-66.034578
49.73000,-59.844578,-66.036493
49.74000,-59.845352,-66.038385
49.75000,-59.846097,-66.040254
49.76000,-59.846814,-66.042101
49.77000,-59.847502,-66.043925
49.78000,-59.848162,-66.045728
49.79000,-59.848793,-66.047507
49.80000,-59.849397,-66.049264
49.81000,-59.849972,-66.050999
49.82000,-59.850519,-66.052711
49.83000,-59.851038,-66.054401
49.84000,-59.851529,-66.056068
49.85000,-59.851993,-66.057713
49.86000,-59.852429,-66.059336
49.87000,-59.852838,-66.060936
49.88000,-59.853219,-66.062514
49.89000,-59.853573,-66.064070
49.90000,-59.853899,-66.065603
49.91000,-59.854199,-66.067114
49.92000,-59.854471,-66.068603
49.93000,-59.854717,-66.070070
49.94000,-59.854936,-66.071514
49.95000,-59.855128,-66.072937
49.96000,-59.855294,-66.074337
49.97000,-59.855433,-66.075715
49.98000,-59.855546,-66.077071
49.99000,-59.855632,-66.078405
50.00000,-59.855693,-66.079717
50.01000,-59.855727,-66.081007
50.02000,-59.855736,-66.082275
50.03000,-59.855718,-66.083521
50.04000,-59.855675,-66.084745
50.05000,-59.855607,-66.085948
50.06000,-59.855513,-66.087128
50.07000,-59.855393,-66.088287
50.08000,-59.855249,-66.089424
50.09000,-59.855079,-66.090540
50.10000,-59.854884,-66.091634
50.11000,-59.854664,-66.092706
50.12000,-59.854420,-66.093757
50.13000,-59.854151,-66.094786
50.14000,-59.853857,-66.095794
50.15000,-59.853539,-66.096780
50.16000,-59.853196,-66.097745
50.17000,-59.852830,-66.098688
50.18000,-59.852439,-66.099611
50.19000,-59.852024,-66.100512
50.20000,-59.851585,-66.101392
50.21000,-59.851123,-66.102250
50.22000,-59.850637,-66.103088
50.23000,-59.850127,-66.103904
50.24000,-59.849594,-66.104700
50.25000,-59.849038,-66.105475
50.26000,-59.848459,-66.106228
50.27000,-59.847856,-66.106961
50.28000,-59.847231,-66.107674
50.29000,-59.846583,-66.108365
50.30000,-59.845912,-66.109036
50.31000,-59.845219,-66.109686
50.32000,-59.844503,-66.110316
50.33000,-59.843764,-66.110925
50.34000,-59.843004,-66.111513
50.35000,-59.842222,-66.112082
50.36000,-59.841417,-66.112630
50.37000,-59.840591,-66.113157
50.38000,-59.839743,-66.113665
50.39000,-59.838873,-66.114152
50.40000,-59.837982,-66.114620
50.41000,-59.837070,-66.115067
50.42000,-59.836136,-66.115494
50.43000,-59.835181,-66.115902
50.44000,-59.834206,-66.116289
50.45000,-59.833209,-66.116657
50.46000,-59.832192,-66.117005
50.47000,-59.831154,-66.117334
50.48000,-59.830095,-66.117643
50.49000,-59.829016,-66.117932
50.50000,-59.827917,-66.118202
50.51000,-59.826797,-66.118453
50.52000,-59.825658,-66.118685
50.53000,-59.824499,-66.118897
50.54000,-59.823320,-66.119090
50.55000,-59.822121,-66.119264
50.56000,-59.820903,-66.119419
50.57000,-59.819665,-66.119555
50.58000,-59.818408,-66.119672
50.59000,-59.817132,-66.119770
50.60000,-59.815837,-66.119850
50.61000,-59.814523,-66.119911
50.62000,-59.813190,-66.119953
50.63000,-59.811839,-66.119977
50.64000,-59.810469,-66.119982
50.65000,-59.809081,-66.119969
50.66000,-59.807674,-66.119938
50.67000,-59.806249,-66.119888
50.68000,-59.804806,-66.119821
50.69000,-59.803345,-66.119735
50.70000,-59.801866,-66.119631
50.71000,-59.800370,-66.119510
50.72000,-59.798856,-66.119370
50.73000,-59.797324,-66.119213
50.74000,-59.795775,-66.119038
50.75000,-59.794210,-66.118846
50.76000,-59.792626,-66.118636
50.77000,-59.791026,-66.118408
50.78000,-59.789410,-66.118163
50.79000,-59.787776,-66.117901
50.80000,-59.786126,-66.117622
50.81000,-59.784459,-66.117325
50.82000,-59.782776,-66.117012
50.83000,-59.781077,-66.116681
50.84000,-59.779362,-66.116334
50.85000,-59.777631,-66.115969
50.86000,-59.775884,-66.115588
50.87000,-59.774121,-66.115191
50.88000,-59.772342,-66.114776
50.89000,-59.770548,-66.114346
50.90000,-59.768739,-66.113898
50.91000,-59.766914,-66.113435
50.92000,-59.765075,-66.112955
50.93000,-59.763220,-66.112459
50.94000,-59.761350,-66.111947
50.95000,-59.759466,-66.111419
50.96000,-59.757567,-66.110875
50.97000,-59.755653,-66.110316
50.98000,-59.753725,-66.109740
50.99000,-59.751783,-66.109149
51.00000,-59.749827,-66.108542
51.01000,-59.747856,-66.107920
51.02000,-59.745872,-66.107282
51.03000,-59.743874,-66.106629
51.04000,-59.741862,-66.105961
51.05000,-59.739836,-66.105278
51.06000,-59.737797,-66.104579
51.07000,-59.735745,-66.103866
51.08000,-59.733680,-66.103137
51.09000,-59.731601,-66.102394
51.10000,-59.729510,-66.101636
51.11000,-59.727405,-66.100864
51.12000,-59.725288,-66.100077
51.13000,-59.723158,-66.099275
51.14000,-59.721016,-66.098459
51.15000,-59.718861,-66.097628
51.16000,-59.716694,-66.096784
51.17000,-59.714515,-66.095925
51.18000,-59.712324,-66.095052
51.19000,-59.710121,-66.094165
51.20000,-59.707906,-66.093265
51.21000,-59.705680,-66.092350
51.22000,-59.703442,-66.091422
51.23000,-59.701192,-66.090480
51.24000,-59.698931,-66.089525
51.25000,-59.696659,-66.088556
51.26000,-59.694376,-66.087574
51.27000,-59.692082,-66.086579
51.28000,-59.689777,-66.085570
51.29000,-59.687461,-66.084549
51.30000,-59.685134,-66.083514
51.31000,-59.682797,-66.082466
51.32000,-59.680450,-66.081406
51.33000,-59.678092,-66.080333
51.34000,-59.675724,-66.079247
51.35000,-59.673346,-66.078148
51.36000,-59.670958,-66.077037
51.37000,-59.668560,-66.075914
51.38000,-59.666152,-66.074778
51.39000,-59.663735,-66.073630
51.40000,-59.661308,-66.072470
51.41000,-59.658872,-66.071298
51.42000,-59.656427,-66.070114
51.43000,-59.653972,-66.068918
51.44000,-59.651509,-66.067710
51.45000,-59.649036,-66.066490
51.46000,-59.646554,-66.065259
51.47000,-59.644064,-66.064017
51.48000,-59.641565,-66.062763
51.49000,-59.639058,-66.061497
51.50000,-59.636542,-66.060220
51.51000,-59.634018,-66.058932
51.52000,-59.631486,-66.057633
51.53000,-59.628946,-66.056323
51.54000,-59.626397,-66.055002
51.55000,-59.623841,-66.053670
51.56000,-59.621277,-66.052328
51.57000,-59.618706,-66.050975
51.58000,-59.616127,-66.049611
51.59000,-59.613540,-66.048237
51.60000,-59.610946,-66.046852
51.61000,-59.608345,-66.045457
51.62000,-59.605737,-66.044052
51.63000,-59.603122,-66.042636
51.64000,-59.600500,-66.041211
51.65000,-59.597871,-66.039775
51.66000,-59.595236,-66.038330
51.67000,-59.592594,-66.036875
51.68000,-59.589945,-66.035410
51.69000,-59.587290,-66.033935
51.70000,-59.584629,-66.032451
51.71000,-59.581962,-66.030958
51.72000,-59.579289,-66.029455
51.73000,-59.576609,-66.027943
51.74000,-59.573924,-66.026422
51.75000,-59.571233,-66.024891
51.76000,-59.568537,-66.023352
51.77000,-59.565835,-66.021803
51.78000,-59.563128,-66.020246
51.79000,-59.560415,-66.018680
51.80000,-59.557697,-66.017105
51.81000,-59.554974,-66.015522
51.82000,-59.552246,-66.013930
51.83000,-59.549513,-66.012329
51.84000,-59.546775,-66.010721
51.85000,-59.544032,-66.009104
51.86000,-59.541285,-66.007479
51.87000,-59.538533,-66.005846
51.88000,-59.535777,-66.004204
51.89000,-59.533017,-66.002555
51.90000,-59.530252,-66.000898
51.91000,-59.527484,-65.999234
51.92000,-59.524711,-65.997561
51.93000,-59.521934,-65.995881
51.94000,-59.519154,-65.994194
51.95000,-59.516370,-65.992499
51.96000,-59.513582,-65.990796
51.97000,-59.510791,-65.989087
51.98000,-59.507996,-65.987370
51.99000,-59.505198,-65.985646
52.00000,-59.502397,-65.983915
52.01000,-59.499592,-65.982178
52.02000,-59.496785,-65.980433
52.03000,-59.493974,-65.978682
52.04000,-59.491161,-65.976923
52.05000,-59.488345,-65.975159
52.06000,-59.485526,-65.973388
52.07000,-59.482705,-65.971610
52.08000,-59.479882,-65.969826
52.09000,-59.477056,-65.968036
52.10000,-59.474227,-65.966239
52.11000,-59.471397,-65.964437
52.12000,-59.468564,-65.962628
52.13000,-59.465730,-65.960814
52.14000,-59.462893,-65.958993
52.15000,-59.460055,-65.957167
52.16000,-59.457215,-65.955335
52.17000,-59.454374,-65.953497
52.18000,-59.451530,-65.951654
52.19000,-59.448686,-65.949806
52.20000,-59.445840,-65.947952
52.21000,-59.442993,-65.946093
52.22000,-59.440144,-65.944228
52.23000,-59.437295,-65.942358
52.24000,-59.434445,-65.940484
52.25000,-59.431593,-65.938604
52.26000,-59.428741,-65.936719
52.27000,-59.425889,-65.934830
52.28000,-59.423035,-65.932935
52.29000,-59.420181,-65.931037
52.30000,-59.417327,-65.929133
52.31000,-59.414472,-65.927225
52.32000,-59.411617,-65.925312
52.33000,-59.408762,-65.923395
52.34000,-59.405907,-65.921474
52.35000,-59.403051,-65.919549
52.36000,-59.400196,-65.917619
52.37000,-59.397341,-65.915686
52.38000,-59.394486,-65.913748
52.39000,-59.391632,-65.911807
52.40000,-59.388778,-65.909861
52.41000,-59.385924,-65.907912
52.42000,-59.383071,-65.905959
52.43000,-59.380219,-65.904003
52.44000,-59.377368,-65.902043
52.45000,-59.374517,-65.900079
52.46000,-59.371667,-65.898113
52.47000,-59.368819,-65.896142
52.48000,-59.365971,-65.894169
52.49000,-59.363125,-65.892193
52.50000,-59.360279,-65.890213
52.51000,-59.357436,-65.888230
52.52000,-59.354593,-65.886245
52.53000,-59.351753,-65.884256
52.54000,-59.348913,-65.882265
52.55000,-59.346076,-65.880271
52.56000,-59.343240,-65.878275
52.57000,-59.340406,-65.876275
52.58000,-59.337574,-65.874274
52.59000,-59.334744,-65.872270
52.60000,-59.331916,-65.870263
52.61000,-59.329090,-65.868254
52.62000,-59.326267,-65.866244
52.63000,-59.323446,-65.864230
52.64000,-59.320627,-65.862215
52.65000,-59.317811,-65.860198
52.66000,-59.314997,-65.858179
52.67000,-59.312186,-65.856158
52.68000,-59.309377,-65.854135
52.69000,-59.306572,-65.852111
52.70000,-59.303769,-65.850085
52.71000,-59.300969,-65.848057
52.72000,-59.298173,-65.846028
52.73000,-59.295379,-65.843997
52.74000,-59.292588,-65.841965
52.75000,-59.289801,-65.839932
52.76000,-59.287017,-65.837897
52.77000,-59.284237,-65.835862
52.78000,-59.281460,-65.833825
52.79000,-59.278686,-65.831787
52.80000,-59.275917,-65.829748
52.81000,-59.273151,-65.827708
52.82000,-59.270388,-65.825668
52.83000,-59.267630,-65.823627
52.84000,-59.264875,-65.821585
52.85000,-59.262125,-65.819542
52.86000,-59.259378,-65.817499
52.87000,-59.256636,-65.815456
52.88000,-59.253898,-65.813411
52.89000,-59.251164,-65.811367
52.90000,-59.248435,-65.809322
52.91000,-59.245710,-65.807278
52.92000,-59.242989,-65.805232
52.93000,-59.240273,-65.803187
52.94000,-59.237562,-65.801142
52.95000,-59.234855,-65.799097
52.96000,-59.232153,-65.797052
52.97000,-59.229456,-65.795007
52.98000,-59.226764,-65.792962
52.99000,-59.224077,-65.790918
53.00000,-59.221395,-65.788874
53.01000,-59.218719,-65.786830
53.02000,-59.216047,-65.784787
53.03000,-59.213381,-65.782745
53.04000,-59.210720,-65.780703
53.05000,-59.208064,-65.778662
53.06000,-59.205414,-65.776621
53.07000,-59.202769,-65.774581
53.08000,-59.200130,-65.772542
53.09000,-59.197497,-65.770505
53.10000,-59.194869,-65.768468
53.11000,-59.192248,-65.766432
53.12000,-59.189632,-65.764397
53.13000,-59.187022,-65.762363
53.14000,-59.184418,-65.760331
53.15000,-59.181820,-65.758300
53.16000,-59.179228,-65.756270
53.17000,-59.176643,-65.754241
53.18000,-59.174063,-65.752215
53.19000,-59.171490,-65.750189
53.20000,-59.168924,-65.748165
53.21000,-59.166363,-65.746143
53.22000,-59.163810,-65.744123
53.23000,-59.161263,-65.742104
53.24000,-59.158722,-65.740087
53.25000,-59.156188,-65.738072
53.26000,-59.153661,-65.736059
53.27000,-59.151141,-65.734048
53.28000,-59.148628,-65.732039
53.29000,-59.146121,-65.730032
53.30000,-59.143622,-65.728027
53.31000,-59.141130,-65.726025
53.32000,-59.138644,-65.724025
53.33000,-59.136166,-65.722027
53.34000,-59.133695,-65.720031
53.35000,-59.131232,-65.718038
53.36000,-59.128776,-65.716048
53.37000,-59.126327,-65.714060
53.38000,-59.123886,-65.712074
53.39000,-59.121452,-65.710092
53.40000,-59.119026,-65.708112
53.41000,-59.116607,-65.706135
53.42000,-59.114196,-65.704160
53.43000,-59.111793,-65.702189
53.44000,-59.109398,-65.700220
53.45000,-59.107010,-65.698255
53.46000,-59.104631,-65.696292
53.47000,-59.102259,-65.694333
53.48000,-59.099896,-65.692377
53.49000,-59.097541,-65.690424
53.50000,-59.095193,-65.688474
53.51000,-59.092854,-65.686528
53.52000,-59.090523,-65.684585
53.53000,-59.088201,-65.682645
53.54000,-59.085887,-65.680709
53.55000,-59.083581,-65.678776
53.56000,-59.081284,-65.676847
53.57000,-59.078995,-65.674922
53.58000,-59.076714,-65.673000
53.59000,-59.074443,-65.671082
53.60000,-59.072180,-65.669168
53.61000,-59.069926,-65.667258
53.62000,-59.067680,-65.665351
53.63000,-59.065443,-65.663448
53.64000,-59.063216,-65.661550
53.65000,-59.060997,-65.659655
53.66000,-59.058787,-65.657765
53.67000,-59.056586,-65.655878
53.68000,-59.054394,-65.653996
53.69000,-59.052211,-65.652118
53.70000,-59.050038,-65.650244
53.71000,-59.047873,-65.648375
53.72000,-59.045718,-65.646510
53.73000,-59.043572,-65.644649
53.74000,-59.041436,-65.642793
53.75000,-59.039309,-65.640941
53.76000,-59.037191,-65.639094
53.77000,-59.035083,-65.637251
53.78000,-59.032985,-65.635414
53.79000,-59.030896,-65.633580
53.80000,-59.028816,-65.631752
53.81000,-59.026746,-65.629928
53.82000,-59.024686,-65.628109
53.83000,-59.022636,-65.626295
53.84000,-59.020596,-65.624486
53.85000,-59.018565,-65.622682
53.86000,-59.016544,-65.620883
53.87000,-59.014533,-65.619089
53.88000,-59.012532,-65.617300
53.89000,-59.010542,-65.615516
53.90000,-59.008561,-65.613737
53.91000,-59.006590,-65.611964
53.92000,-59.004630,-65.610196
53.93000,-59.002679,-65.608433
53.94000,-59.000739,-65.606675
53.95000,-58.998809,-65.604923
53.96000,-58.996889,-65.603177
53.97000,-58.994980,-65.601435
53.98000,-58.993081,-65.599700
53.99000,-58.991193,-65.597970
54.00000,-58.989315,-65.596245
54.01000,-58.987447,-65.594526
54.02000,-58.985590,-65.592813
54.03000,-58.983744,-65.591106
54.04000,-58.981908,-65.589404
54.05000,-58.980083,-65.587708
54.06000,-58.978268,-65.586018
54.07000,-58.976464,-65.584334
54.08000,-58.974671,-65.582655
54.09000,-58.972889,-65.580983
54.10000,-58.971117,-65.579317
54.11000,-58.969357,-65.577656
54.12000,-58.967607,-65.576002
54.13000,-58.965868,-65.574354
54.14000,-58.964140,-65.572712
54.15000,-58.962423,-65.571076
54.16000,-58.960717,-65.569447
54.17000,-58.959022,-65.567824
54.18000,-58.957339,-65.566207
54.19000,-58.955666,-65.564596
54.20000,-58.954004,-65.562992
54.21000,-58.952354,-65.561394
54.22000,-58.950715,-65.559803
54.23000,-58.949087,-65.558218
54.24000,-58.947470,-65.556639
54.25000,-58.945865,-65.555067
54.26000,-58.944271,-65.553502
54.27000,-58.942689,-65.551943
54.28000,-58.941117,-65.550391
54.29000,-58.939557,-65.548846
54.30000,-58.938009,-65.547307
54.31000,-58.936472,-65.545775
54.32000,-58.934947,-65.544250
54.33000,-58.933433,-65.542732
54.34000,-58.931931,-65.541221
54.35000,-58.930440,-65.539716
54.36000,-58.928961,-65.538218
54.37000,-58.927493,-65.536728
54.38000,-58.926037,-65.535244
54.39000,-58.924593,-65.533767
54.40000,-58.923160,-65.532298
54.41000,-58.921740,-65.530835
54.42000,-58.920331,-65.529380
54.43000,-58.918933,-65.527931
54.44000,-58.917548,-65.526490
54.45000,-58.916174,-65.525056
54.46000,-58.914812,-65.523630
54.47000,-58.913462,-65.522210
54.48000,-58.912124,-65.520798
54.49000,-58.910798,-65.519393
54.50000,-58.909484,-65.517995
54.51000,-58.908182,-65.516605
54.52000,-58.906891,-65.515222
54.53000,-58.905613,-65.513847
54.54000,-58.904347,-65.512479
54.55000,-58.903092,-65.511119
54.56000,-58.901850,-65.509766
54.57000,-58.900620,-65.508420
54.58000,-58.899402,-65.507083
54.59000,-58.898195,-65.505752
54.60000,-58.897002,-65.504430
54.61000,-58.895820,-65.503115
54.62000,-58.894650,-65.501808
54.63000,-58.893492,-65.500508
54.64000,-58.892347,-65.499216
54.65000,-58.891214,-65.497932
54.66000,-58.890093,-65.496655
54.67000,-58.888984,-65.495387
54.68000,-58.887888,-65.494126
54.69000,-58.886803,-65.492873
54.70000,-58.885731,-65.491628
54.71000,-58.884672,-65.490391
54.72000,-58.883624,-65.489162
54.73000,-58.882589,-65.487940
54.74000,-58.881566,-65.486727
54.75000,-58.880556,-65.485521
54.76000,-58.879558,-65.484324
54.77000,-58.878572,-65.483135
54.78000,-58.877598,-65.481953
54.79000,-58.876637,-65.480780
54.80000,-58.875688,-65.479615
54.81000,-58.874752,-65.478458
54.82000,-58.873828,-65.477309
54.83000,-58.872916,-65.476168
54.84000,-58.872017,-65.475035
54.85000,-58.871130,-65.473911
54.86000,-58.870256,-65.472794
54.87000,-58.869394,-65.471686
54.88000,-58.868544,-65.470586
54.89000,-58.867707,-65.469495
54.90000,-58.866882,-65.468411
54.91000,-58.866070,-65.467336
54.92000,-58.865270,-65.466270
54.93000,-58.864483,-65.465211
54.94000,-58.863708,-65.464161
54.95000,-58.862945,-65.463120
54.96000,-58.862195,-65.462087
54.97000,-58.861458,-65.461062
54.98000,-58.860733,-65.460045
54.99000,-58.860020,-65.459037
55.00000,-58.859320,-65.458038
55.01000,-58.858632,-65.457047
55.02000,-58.857957,-65.456064
55.03000,-58.857294,-65.455090
55.04000,-58.856644,-65.454124
55.05000,-58.856006,-65.453167
55.06000,-58.855381,-65.452219
55.07000,-58.854768,-65.451279
55.08000,-58.854168,-65.450347
55.09000,-58.853580,-65.449424
55.10000,-58.853004,-65.448510
55.11000,-58.852441,-65.447604
55.12000,-58.851891,-65.446707
55.13000,-58.851353,-65.445819
55.14000,-58.850827,-65.444939
55.15000,-58.850314,-65.444068
55.16000,-58.849813,-65.443205
55.17000,-58.849324,-65.442351
55.18000,-58.848849,-65.441506
55.19000,-58.848385,-65.440670
55.20000,-58.847934,-65.439842
55.21000,-58.847495,-65.439023
55.22000,-58.847069,-65.438213
55.23000,-58.846655,-65.437411
55.24000,-58.846253,-65.436618
55.25000,-58.845864,-65.435834
55.26000,-58.845487,-65.435059
55.27000,-58.845122,-65.434292
55.28000,-58.844770,-65.433534
55.29000,-58.844430,-65.432785
55.30000,-58.844103,-65.432045
55.31000,-58.843788,-65.431314
55.32000,-58.843485,-65.430591
55.33000,-58.843194,-65.429877
55.34000,-58.842916,-65.429172
55.35000,-58.842649,-65.428476
55.36000,-58.842396,-65.427789
55.37000,-58.842154,-65.427110
55.38000,-58.841924,-65.426440
55.39000,-58.841707,-65.425780
55.40000,-58.841502,-65.425128
55.41000,-58.841309,-65.424484
55.42000,-58.841128,-65.423850
55.43000,-58.840960,-65.423225
55.44000,-58.840803,-65.422608
55.45000,-58.840659,-65.422000
55.46000,-58.840526,-65.421401
55.47000,-58.840406,-65.420811
55.48000,-58.840298,-65.420230
55.49000,-58.840202,-65.419658
55.50000,-58.840118,-65.419095
55.51000,-58.840046,-65.418540
55.52000,-58.839985,-65.417995
55.53000,-58.839937,-65.417458
55.54000,-58.839901,-65.416930
55.55000,-58.839876,-65.416411
55.56000,-58.839864,-65.415901
55.57000,-58.839863,-65.415400
55.58000,-58.839874,-65.414907
55.59000,-58.839897,-65.414424
55.60000,-58.839932,-65.413949
55.61000,-58.839979,-65.413483
55.62000,-58.840037,-65.413027
55.63000,-58.840107,-65.412579
55.64000,-58.840189,-65.412140
55.65000,-58.840283,-65.411709
55.66000,-58.840388,-65.411288
55.67000,-58.840504,-65.410875
55.68000,-58.840633,-65.410472
55.69000,-58.840773,-65.410077
55.70000,-58.840924,-65.409691
55.71000,-58.841087,-65.409314
55.72000,-58.841262,-65.408946
55.73000,-58.841448,-65.408586
55.74000,-58.841645,-65.408236
55.75000,-58.841854,-65.407894
55.76000,-58.842074,-65.407561
55.77000,-58.842305,-65.407237
55.78000,-58.842548,-65.406922
55.79000,-58.842802,-65.406615
55.80000,-58.843068,-65.406317
55.81000,-58.843344,-65.406028
55.82000,-58.843632,-65.405748
55.83000,-58.843931,-65.405477
55.84000,-58.844241,-65.405214
55.85000,-58.844562,-65.404960
55.86000,-58.844894,-65.404715
55.87000,-58.845238,-65.404479
55.88000,-58.845592,-65.404251
55.89000,-58.845957,-65.404032
55.90000,-58.846333,-65.403822
55.91000,-58.846720,-65.403621
55.92000,-58.847118,-65.403428
55.93000,-58.847527,-65.403244
55.94000,-58.847946,-65.403068
55.95000,-58.848377,-65.402901
55.96000,-58.848818,-65.402743
55.97000,-58.849269,-65.402594
55.98000,-58.849732,-65.402453
55.99000,-58.850204,-65.402320
56.00000,-58.850688,-65.402197
56.01000,-58.851182,-65.402082
56.02000,-58.851686,-65.401975
56.03000,-58.852201,-65.401877
56.04000,-58.852726,-65.401788
56.05000,-58.853262,-65.401707
56.06000,-58.853808,-65.401635
56.07000,-58.854364,-65.401571
56.08000,-58.854931,-65.401515
56.09000,-58.855507,-65.401468
56.10000,-58.856094,-65.401430
56.11000,-58.856691,-65.401400
56.12000,-58.857298,-65.401378
56.13000,-58.857915,-65.401365
56.14000,-58.858542,-65.401360
56.15000,-58.859179,-65.401364
56.16000,-58.859826,-65.401376
56.17000,-58.860483,-65.401396
56.18000,-58.861150,-65.401425
56.19000,-58.861826,-65.401462
56.20000,-58.862512,-65.401507
56.21000,-58.863208,-65.401561
56.22000,-58.863913,-65.401623
56.23000,-58.864628,-65.401693
56.24000,-58.865353,-65.401771
56.25000,-58.866087,-65.401857
56.26000,-58.866830,-65.401952
56.27000,-58.867583,-65.402055
56.28000,-58.868345,-65.402166
56.29000,-58.869117,-65.402285
56.30000,-58.869898,-65.402412
56.31000,-58.870688,-65.402547
56.32000,-58.871487,-65.402690
56.33000,-58.872295,-65.402842
56.34000,-58.873112,-65.403001
56.35000,-58.873939,-65.403168
56.36000,-58.874774,-65.403344
56.37000,-58.875618,-65.403527
56.38000,-58.876471,-65.403718
56.39000,-58.877333,-65.403917
56.40000,-58.878204,-65.404124
56.41000,-58.879083,-65.404339
56.42000,-58.879971,-65.404562
56.43000,-58.880868,-65.404792
56.44000,-58.881773,-65.405030
56.45000,-58.882687,-65.405276
56.46000,-58.883609,-65.405530
56.47000,-58.884539,-65.405792
56.48000,-58.885478,-65.406061
56.49000,-58.886425,-65.406337
56.50000,-58.887381,-65.406622
56.51000,-58.888344,-65.406914
56.52000,-58.889316,-65.407214
56.53000,-58.890296,-65.407521
56.54000,-58.891283,-65.407835
56.55000,-58.892279,-65.408158
56.56000,-58.893283,-65.408487
56.57000,-58.894294,-65.408824
56.58000,-58.895313,-65.409169
56.59000,-58.896340,-65.409521
56.60000,-58.897375,-65.409880
56.61000,-58.898417,-65.410247
56.62000,-58.899467,-65.410621
56.63000,-58.900525,-65.411002
56.64000,-58.901590,-65.411391
56.65000,-58.902662,-65.411786
56.66000,-58.903742,-65.412189
56.67000,-58.904828,-65.412599
56.68000,-58.905923,-65.413016
56.69000,-58.907024,-65.413441
56.70000,-58.908132,-65.413872
56.71000,-58.909248,-65.414310
56.72000,-58.910370,-65.414756
56.73000,-58.911500,-65.415208
56.74000,-58.912636,-65.415668
56.75000,-58.913779,-65.416134
56.76000,-58.914929,-65.416607
56.77000,-58.916085,-65.417087
56.78000,-58.917249,-65.417574
56.79000,-58.918418,-65.418067
56.80000,-58.919595,-65.418568
56.81000,-58.920777,-65.419075
56.82000,-58.921966,-65.419589
56.83000,-58.923162,-65.420109
56.84000,-58.924364,-65.420636
56.85000,-58.925572,-65.421170
56.86000,-58.926786,-65.421710
56.87000,-58.928006,-65.422257
56.88000,-58.929232,-65.422810
56.89000,-58.930464,-65.423370
56.90000,-58.931703,-65.423936
56.91000,-58.932947,-65.424508
56.92000,-58.934196,-65.425087
56.93000,-58.935452,-65.425672
56.94000,-58.936713,-65.426264
56.95000,-58.937980,-65.426861
56.96000,-58.939252,-65.427465
56.97000,-58.940530,-65.428075
56.98000,-58.941813,-65.428691
56.99000,-58.943101,-65.429314
57.00000,-58.944395,-65.429942
57.01000,-58.945694,-65.430576
57.02000,-58.946998,-65.431217
57.03000,-58.948308,-65.431863
57.04000,-58.949622,-65.432515
57.05000,-58.950941,-65.433173
57.06000,-58.952265,-65.433837
57.07000,-58.953594,-65.434507
57.08000,-58.954928,-65.435183
57.09000,-58.956267,-65.435864
57.10000,-58.957610,-65.436551
57.11000,-58.958957,-65.437243
57.12000,-58.960310,-65.437942
57.13000,-58.961666,-65.438645
57.14000,-58.963028,-65.439355
57.15000,-58.964393,-65.440070
57.16000,-58.965763,-65.440790
57.17000,-58.967137,-65.441516
57.18000,-58.968515,-65.442247
57.19000,-58.969897,-65.442983
57.20000,-58.971283,-65.443725
57.21000,-58.972673,-65.444472
57.22000,-58.974067,-65.445224
57.23000,-58.975465,-65.445981
57.24000,-58.976866,-65.446744
57.25000,-58.978271,-65.447512
57.26000,-58.979680,-65.448284
57.27000,-58.981093,-65.449062
57.28000,-58.982509,-65.449845
57.29000,-58.983928,-65.450632
57.30000,-58.985351,-65.451425
57.31000,-58.986776,-65.452222
57.32000,-58.988206,-65.453025
57.33000,-58.989638,-65.453832
57.34000,-58.991073,-65.454643
57.35000,-58.992512,-65.455460
57.36000,-58.993953,-65.456281
57.37000,-58.995398,-65.457106
57.38000,-58.996845,-65.457937
57.39000,-58.998295,-65.458771
57.40000,-58.999748,-65.459611
57.41000,-59.001203,-65.460454
57.42000,-59.002661,-65.461302
57.43000,-59.004122,-65.462155
57.44000,-59.005585,-65.463011
57.45000,-59.007050,-65.463872
57.46000,-59.008518,-65.464738
57.47000,-59.009988,-65.465607
57.48000,-59.011460,-65.466481
57.49000,-59.012934,-65.467358
57.50000,-59.014410,-65.468240
57.51000,-59.015889,-65.469126
57.52000,-59.017369,-65.470015
57.53000,-59.018851,-65.470909
57.54000,-59.020335,-65.471806
57.55000,-59.021821,-65.472708
57.56000,-59.023308,-65.473613
57.57000,-59.024797,-65.474522
57.58000,-59.026288,-65.475434
57.59000,-59.027780,-65.476350
57.60000,-59.029273,-65.477270
57.61000,-59.030768,-65.478194
57.62000,-59.032264,-65.479121
57.63000,-59.033762,-65.480051
57.64000,-59.035260,-65.480985
57.65000,-59.036760,-65.481922
57.66000,-59.038261,-65.482863
57.67000,-59.039762,-65.483807
57.68000,-59.041265,-65.484754
57.69000,-59.042768,-65.485704
57.70000,-59.044273,-65.486658
57.71000,-59.045778,-65.487615
57.72000,-59.047284,-65.488574
57.73000,-59.048790,-65.489537
57.74000,-59.050297,-65.490503
57.75000,-59.051804,-65.491472
57.76000,-59.053312,-65.492444
57.77000,-59.054820,-65.493418
57.78000,-59.056329,-65.494395
57.79000,-59.057837,-65.495376
57.80000,-59.059346,-65.496359
57.81000,-59.060855,-65.497344
57.82000,-59.062364,-65.498332
57.83000,-59.063873,-65.499323
57.84000,-59.065382,-65.500316
57.85000,-59.066891,-65.501312
57.86000,-59.068400,-65.502311
57.87000,-59.069908,-65.503311
57.88000,-59.071416,-65.504315
57.89000,-59.072924,-65.505320
57.90000,-59.074431,-65.506328
57.91000,-59.075938,-65.507338
57.92000,-59.077444,-65.508350
57.93000,-59.078950,-65.509364
57.94000,-59.080455,-65.510380
57.95000,-59.081959,-65.511399
57.96000,-59.083463,-65.512419
57.97000,-59.084965,-65.513442
57.98000,-59.086467,-65.514466
57.99000,-59.087968,-65.515492
58.00000,-59.089468,-65.516520
58.01000,-59.090966,-65.517550
58.02000,-59.092464,-65.518582
58.03000,-59.093960,-65.519615
58.04000,-59.095456,-65.520650
58.05000,-59.096949,-65.521687
58.06000,-59.098442,-65.522725
58.07000,-59.099933,-65.523764
58.08000,-59.101423,-65.524805
58.09000,-59.102911,-65.525848
58.10000,-59.104397,-65.526892
58.11000,-59.105882,-65.527937
58.12000,-59.107365,-65.528984
58.13000,-59.108846,-65.530031
58.14000,-59.110326,-65.531080
58.15000,-59.111804,-65.532131
58.16000,-59.113279,-65.533182
58.17000,-59.114753,-65.534234
58.18000,-59.116225,-65.535288
58.19000,-59.117695,-65.536342
58.20000,-59.119162,-65.537397
58.21000,-59.120628,-65.538453
58.22000,-59.122091,-65.539511
58.23000,-59.123552,-65.540568
58.24000,-59.125010,-65.541627
58.25000,-59.126467,-65.542686
58.26000,-59.127920,-65.543746
58.27000,-59.129371,-65.544807
58.28000,-59.130820,-65.545868
58.29000,-59.132266,-65.546930
58.30000,-59.133709,-65.547993
58.31000,-59.135150,-65.549055
58.32000,-59.136588,-65.550119
58.33000,-59.138023,-65.551182
58.34000,-59.139455,-65.552246
58.35000,-59.140885,-65.553310
58.36000,-59.142311,-65.554375
58.37000,-59.143734,-65.555439
58.38000,-59.145155,-65.556504
58.39000,-59.146572,-65.557569
58.40000,-59.147986,-65.558634
58.41000,-59.149397,-65.559699
58.42000,-59.150804,-65.560764
58.43000,-59.152209,-65.561829
58.44000,-59.153610,-65.562894
58.45000,-59.155007,-65.563959
58.46000,-59.156401,-65.565024
58.47000,-59.157792,-65.566088
58.48000,-59.159179,-65.567152
58.49000,-59.160563,-65.568216
58.50000,-59.161943,-65.569279
58.51000,-59.163319,-65.570342
58.52000,-59.164691,-65.571405
58.53000,-59.166060,-65.572467
58.54000,-59.167425,-65.573529
58.55000,-59.168786,-65.574590
58.56000,-59.170144,-65.575651
58.57000,-59.171497,-65.576711
58.58000,-59.172846,-65.577770
58.59000,-59.174192,-65.578828
58.60000,-59.175533,-65.579886
58.61000,-59.176870,-65.580943
58.62000,-59.178203,-65.581999
58.63000,-59.179532,-65.583055
58.64000,-59.180856,-65.584109
58.65000,-59.182177,-65.585162
58.66000,-59.183493,-65.586215
58.67000,-59.184804,-65.587266
58.68000,-59.186112,-65.588317
58.69000,-59.187414,-65.589366
58.70000,-59.188713,-65.590414
58.71000,-59.190007,-65.591461
58.72000,-59.191296,-65.592507
58.73000,-59.192581,-65.593551
58.74000,-59.193861,-65.594594
58.75000,-59.195136,-65.595636
58.76000,-59.196407,-65.596677
58.77000,-59.197673,-65.597716
58.78000,-59.198934,-65.598753
58.79000,-59.200190,-65.599790
58.80000,-59.201442,-65.600824
58.81000,-59.202689,-65.601857
58.82000,-59.203930,-65.602889
58.83000,-59.205167,-65.603918
58.84000,-59.206399,-65.604947
58.85000,-59.207625,-65.605973
58.86000,-59.208847,-65.606998
58.87000,-59.210064,-65.608021
58.88000,-59.211275,-65.609042
58.89000,-59.212481,-65.610061
58.90000,-59.213683,-65.611078
58.91000,-59.214878,-65.612094
58.92000,-59.216069,-65.613107
58.93000,-59.217254,-65.614119
58.94000,-59.218434,-65.615128
58.95000,-59.219609,-65.616136
58.96000,-59.220778,-65.617141
58.97000,-59.221942,-65.618144
58.98000,-59.223100,-65.619145
58.99000,-59.224253,-65.620144
59.00000,-59.225401,-65.621141
59.01000,-59.226542,-65.622135
59.02000,-59.227679,-65.623127
59.03000,-59.228809,-65.624117
59.04000,-59.229934,-65.625104
59.05000,-59.231054,-65.626089
59.06000,-59.232168,-65.627072
59.07000,-59.233276,-65.628052
59.08000,-59.234378,-65.629029
59.09000,-59.235474,-65.630005
59.10000,-59.236565,-65.630977
59.11000,-59.237650,-65.631947
59.12000,-59.238729,-65.632914
59.13000,-59.239802,-65.633879
59.14000,-59.240869,-65.634841
59.15000,-59.241931,-65.635800
59.16000,-59.242986,-65.636757
59.17000,-59.244036,-65.637710
59.18000,-59.245079,-65.638661
59.19000,-59.246117,-65.639610
59.20000,-59.247148,-65.640555
59.21000,-59.248173,-65.641497
59.22000,-59.249193,-65.642437
59.23000,-59.250206,-65.643373
59.24000,-59.251213,-65.644307
59.25000,-59.252214,-65.645237
59.26000,-59.253209,-65.646165
59.27000,-59.254197,-65.647089
59.28000,-59.255180,-65.648010
59.29000,-59.256156,-65.648929
59.30000,-59.257126,-65.649844
59.31000,-59.258089,-65.650755
59.32000,-59.259046,-65.651664
59.33000,-59.259997,-65.652570
59.34000,-59.260942,-65.653472
59.35000,-59.261880,-65.654371
59.36000,-59.262812,-65.655266
59.37000,-59.263738,-65.656159
59.38000,-59.264657,-65.657047
59.39000,-59.265570,-65.657933
59.40000,-59.266476,-65.658815
59.41000,-59.267376,-65.659694
59.42000,-59.268270,-65.660569
59.43000,-59.269157,-65.661441
59.44000,-59.270037,-65.662309
59.45000,-59.270911,-65.663174
59.46000,-59.271778,-65.664035
59.47000,-59.272639,-65.664892
59.48000,-59.273494,-65.665746
59.49000,-59.274341,-65.666596
59.50000,-59.275183,-65.667443
59.51000,-59.276017,-65.668286
59.52000,-59.276845,-65.669125
59.53000,-59.277666,-65.669961
59.54000,-59.278481,-65.670793
59.55000,-59.279289,-65.671621
59.56000,-59.280091,-65.672445
59.57000,-59.280886,-65.673265
59.58000,-59.281674,-65.674082
59.59000,-59.282455,-65.674895
59.60000,-59.283230,-65.675704
59.61000,-59.283998,-65.676509
59.62000,-59.284759,-65.677310
59.63000,-59.285514,-65.678107
59.64000,-59.286262,-65.678900
59.65000,-59.287003,-65.679689
59.66000,-59.287737,-65.680474
59.67000,-59.288465,-65.681255
59.68000,-59.289186,-65.682033
59.69000,-59.289900,-65.682806
59.70000,-59.290607,-65.683575
59.71000,-59.291307,-65.684340
59.72000,-59.292001,-65.685101
59.73000,-59.292688,-65.685857
59.74000,-59.293368,-65.686610
59.75000,-59.294041,-65.687358
59.76000,-59.294708,-65.688102
59.77000,-59.295367,-65.688842
59.78000,-59.296020,-65.689578
59.79000,-59.296666,-65.690310
59.80000,-59.297305,-65.691037
59.81000,-59.297938,-65.691760
59.82000,-59.298563,-65.692479
59.83000,-59.299182,-65.693194
59.84000,-59.299794,-65.693904
59.85000,-59.300398,-65.694610
59.86000,-59.300997,-65.695311
59.87000,-59.301588,-65.696008
59.88000,-59.302172,-65.696701
59.89000,-59.302750,-65.697390
59.90000,-59.303320,-65.698074
59.91000,-59.303884,-65.698753
59.92000,-59.304441,-65.699428
59.93000,-59.304991,-65.700099
59.94000,-59.305534,-65.700765
59.95000,-59.306070,-65.701427
59.96000,-59.306600,-65.702085
59.97000,-59.307122,-65.702738
59.98000,-59.307638,-65.703386
59.99000,-59.308147,-65.704030
60.00000,-59.308649,-65.704669
60.01000,-59.309144,-65.705304
60.02000,-59.309633,-65.705934
60.03000,-59.310114,-65.706560
60.04000,-59.310589,-65.707181
60.05000,-59.311056,-65.707797
60.06000,-59.311517,-65.708409
60.07000,-59.311971,-65.709017
60.08000,-59.312418,-65.709619
60.09000,-59.312859,-65.710217
60.10000,-59.313292,-65.710811
60.11000,-59.313719,-65.711400
60.12000,-59.314139,-65.711984
60.13000,-59.314552,-65.712563
60.14000,-59.314958,-65.713138
60.15000,-59.315358,-65.713708
60.16000,-59.315751,-65.714274
60.17000,-59.316137,-65.714835
60.18000,-59.316516,-65.715391
60.19000,-59.316888,-65.715942
60.20000,-59.317254,-65.716489
60.21000,-59.317612,-65.717031
60.22000,-59.317964,-65.717568
60.23000,-59.318310,-65.718100
60.24000,-59.318648,-65.718628
60.25000,-59.318980,-65.719151
60.26000,-59.319305,-65.719669
60.27000,-59.319623,-65.720182
60.28000,-59.319935,-65.720691
60.29000,-59.320240,-65.721195
60.30000,-59.320538,-65.721694
60.31000,-59.320830,-65.722188
60.32000,-59.321115,-65.722678
60.33000,-59.321393,-65.723163
60.34000,-59.321664,-65.723643
60.35000,-59.321929,-65.724118
60.36000,-59.322188,-65.724588
60.37000,-59.322439,-65.725053
60.38000,-59.322684,-65.725514
60.39000,-59.322923,-65.725970
60.40000,-59.323154,-65.726421
60.41000,-59.323380,-65.726867
60.42000,-59.323598,-65.727309
60.43000,-59.323811,-65.727745
60.44000,-59.324016,-65.728177
60.45000,-59.324215,-65.728604
60.46000,-59.324408,-65.729026
60.47000,-59.324594,-65.729443
60.48000,-59.324773,-65.729856
60.49000,-59.324946,-65.730263
60.50000,-59.325113,-65.730666
60.51000,-59.325273,-65.731064
60.52000,-59.325427,-65.731457
60.53000,-59.325574,-65.731845
60.54000,-59.325715,-65.732228
60.55000,-59.325849,-65.732607
60.56000,-59.325978,-65.732980
60.57000,-59.326099,-65.733349
60.58000,-59.326215,-65.733713
60.59000,-59.326324,-65.734072
60.60000,-59.326426,-65.734426
60.61000,-59.326523,-65.734775
60.62000,-59.326613,-65.735120
60.63000,-59.326697,-65.735460
60.64000,-59.326774,-65.735795
60.65000,-59.326846,-65.736125
60.66000,-59.326911,-65.736450
60.67000,-59.326970,-65.736770
60.68000,-59.327022,-65.737086
60.69000,-59.327069,-65.737396
60.70000,-59.327109,-65.737702
60.71000,-59.327143,-65.738003
60.72000,-59.327172,-65.738300
60.73000,-59.327194,-65.738591
60.74000,-59.327210,-65.738877
60.75000,-59.327219,-65.739159
60.76000,-59.327223,-65.739436
60.77000,-59.327221,-65.739708
60.78000,-59.327213,-65.739976
60.79000,-59.327198,-65.740238
60.80000,-59.327178,-65.740496
60.81000,-59.327152,-65.740749
60.82000,-59.327120,-65.740997
60.83000,-59.327082,-65.741241
60.84000,-59.327038,-65.741479
60.85000,-59.326988,-65.741713
60.86000,-59.326932,-65.741942
60.87000,-59.326871,-65.742167
60.88000,-59.326804,-65.742386
60.89000,-59.326730,-65.742601
60.90000,-59.326651,-65.742811
60.91000,-59.326567,-65.743017
60.92000,-59.326476,-65.743217
60.93000,-59.326380,-65.743413
60.94000,-59.326278,-65.743605
60.95000,-59.326171,-65.743791
60.96000,-59.326058,-65.743973
60.97000,-59.325939,-65.744150
60.98000,-59.325815,-65.744323
60.99000,-59.325685,-65.744491
61.00000,-59.325549,-65.744654
61.01000,-59.325408,-65.744812
61.02000,-59.325261,-65.744966
61.03000,-59.325109,-65.745115
61.04000,-59.324951,-65.745260
61.05000,-59.324788,-65.745400
61.06000,-59.324620,-65.745535
61.07000,-59.324446,-65.745666
61.08000,-59.324267,-65.745792
61.09000,-59.324082,-65.745913
61.10000,-59.323892,-65.746030
61.11000,-59.323697,-65.746142
61.12000,-59.323496,-65.746250
61.13000,-59.323290,-65.746353
61.14000,-59.323079,-65.746452
61.15000,-59.322863,-65.746546
61.16000,-59.322641,-65.746636
61.17000,-59.322414,-65.746721
61.18000,-59.322182,-65.746802
61.19000,-59.321945,-65.746878
61.20000,-59.321703,-65.746949
61.21000,-59.321456,-65.747016
61.22000,-59.321203,-65.747079
61.23000,-59.320946,-65.747137
61.24000,-59.320684,-65.747191
61.25000,-59.320416,-65.747240
61.26000,-59.320144,-65.747285
61.27000,-59.319867,-65.747326
61.28000,-59.319585,-65.747362
61.29000,-59.319298,-65.747394
61.30000,-59.319006,-65.747421
61.31000,-59.318709,-65.747444
61.32000,-59.318408,-65.747463
61.33000,-59.318101,-65.747477
61.34000,-59.317790,-65.747488
61.35000,-59.317475,-65.747493
61.36000,-59.317154,-65.747495
61.37000,-59.316829,-65.747492
61.38000,-59.316499,-65.747485
61.39000,-59.316165,-65.747473
61.40000,-59.315826,-65.747458
61.41000,-59.315482,-65.747438
61.42000,-59.315134,-65.747414
61.43000,-59.314781,-65.747386
61.44000,-59.314424,-65.747353
61.45000,-59.314062,-65.747317
61.46000,-59.313696,-65.747276
61.47000,-59.313326,-65.747231
61.48000,-59.312951,-65.747182
61.49000,-59.312571,-65.747129
61.50000,-59.312188,-65.747072
61.51000,-59.311800,-65.747010
61.52000,-59.311408,-65.746945
61.53000,-59.311011,-65.746875
61.54000,-59.310610,-65.746802
61.55000,-59.310205,-65.746724
61.56000,-59.309796,-65.746642
61.57000,-59.309383,-65.746557
61.58000,-59.308966,-65.746467
61.59000,-59.308544,-65.746374
61.60000,-59.308119,-65.746276
61.61000,-59.307689,-65.746175
61.62000,-59.307256,-65.746069
61.63000,-59.306818,-65.745960
61.64000,-59.306377,-65.745847
61.65000,-59.305931,-65.745730
61.66000,-59.305482,-65.745609
61.67000,-59.305029,-65.745484
61.68000,-59.304572,-65.745356
61.69000,-59.304111,-65.745223
61.70000,-59.303646,-65.745087
61.71000,-59.303178,-65.744947
61.72000,-59.302705,-65.744803
61.73000,-59.302229,-65.744656
61.74000,-59.301750,-65.744505
61.75000,-59.301267,-65.744350
61.76000,-59.300780,-65.744191
61.77000,-59.300289,-65.744029
61.78000,-59.299795,-65.743863
61.79000,-59.299298,-65.743693
61.80000,-59.298797,-65.743520
61.81000,-59.298292,-65.743343
61.82000,-59.297784,-65.743162
61.83000,-59.297273,-65.742978
61.84000,-59.296758,-65.742791
61.85000,-59.296240,-65.742600
61.86000,-59.295719,-65.742405
61.87000,-59.295194,-65.742207
61.88000,-59.294666,-65.742005
61.89000,-59.294134,-65.741800
61.90000,-59.293600,-65.741591
61.91000,-59.293062,-65.741379
61.92000,-59.292521,-65.741164
61.93000,-59.291977,-65.740945
61.94000,-59.291430,-65.740723
61.95000,-59.290880,-65.740497
61.96000,-59.290326,-65.740268
61.97000,-59.289770,-65.740036
61.98000,-59.289211,-65.739800
61.99000,-59.288648,-65.739561
62.00000,-59.288083,-65.739319
62.01000,-59.287515,-65.739074
62.02000,-59.286944,-65.738825
62.03000,-59.286370,-65.738573
62.04000,-59.285793,-65.738318
62.05000,-59.285214,-65.738060
62.06000,-59.284631,-65.737798
62.07000,-59.284046,-65.737534
62.08000,-59.283459,-65.737266
62.09000,-59.282868,-65.736995
62.10000,-59.282275,-65.736721
62.11000,-59.281680,-65.736444
62.12000,-59.281081,-65.736164
62.13000,-59.280481,-65.735881
62.14000,-59.279877,-65.735595
62.15000,-59.279271,-65.735306
62.16000,-59.278663,-65.735014
62.17000,-59.278052,-65.734719
62.18000,-59.277439,-65.734421
62.19000,-59.276823,-65.734121
62.20000,-59.276205,-65.733817
62.21000,-59.275585,-65.733510
62.22000,-59.274962,-65.733201
62.23000,-59.274338,-65.732889
62.24000,-59.273710,-65.732574
62.25000,-59.273081,-65.732256
62.26000,-59.272449,-65.731935
62.27000,-59.271816,-65.731612
62.28000,-59.271180,-65.731286
62.29000,-59.270542,-65.730957
62.30000,-59.269902,-65.730625
62.31000,-59.269260,-65.730291
62.32000,-59.268616,-65.729954
62.33000,-59.267970,-65.729615
62.34000,-59.267322,-65.729273
62.35000,-59.266672,-65.728928
62.36000,-59.266020,-65.728581
62.37000,-59.265366,-65.728231
62.38000,-59.264710,-65.727879
62.39000,-59.264053,-65.727524
62.40000,-59.263394,-65.727166
62.41000,-59.262733,-65.726806
62.42000,-59.262070,-65.726444
62.43000,-59.261406,-65.726079
62.44000,-59.260740,-65.725712
62.45000,-59.260072,-65.725343
62.46000,-59.259402,-65.724971
62.47000,-59.258731,-65.724596
62.48000,-59.258059,-65.724220
62.49000,-59.257385,-65.723841
62.50000,-59.256709,-65.723460
62.51000,-59.256032,-65.723076
62.52000,-59.255354,-65.722690
62.53000,-59.254674,-65.722302
62.54000,-59.253993,-65.721912
62.55000,-59.253310,-65.721520
62.56000,-59.252626,-65.721125
62.57000,-59.251940,-65.720729
62.58000,-59.251254,-65.720330
62.59000,-59.250566,-65.719929
62.60000,-59.249877,-65.719526
62.61000,-59.249187,-65.719121
62.62000,-59.248495,-65.718714
62.63000,-59.247802,-65.718304
62.64000,-59.247109,-65.717893
62.65000,-59.246414,-65.717480
62.66000,-59.245718,-65.717065
62.67000,-59.245021,-65.716648
62.68000,-59.244323,-65.716229
62.69000,-59.243624,-65.715808
62.70000,-59.242924,-65.715385
62.71000,-59.242224,-65.714961
62.72000,-59.241522,-65.714534
62.73000,-59.240819,-65.714106
62.74000,-59.240116,-65.713676
62.75000,-59.239412,-65.713244
62.76000,-59.238707,-65.712810
62.77000,-59.238001,-65.712375
62.78000,-59.237294,-65.711938
62.79000,-59.236587,-65.711499
62.80000,-59.235879,-65.711059
62.81000,-59.235171,-65.710616
62.82000,-59.234462,-65.710173
62.83000,-59.233752,-65.709727
62.84000,-59.233041,-65.709280
62.85000,-59.232331,-65.708832
62.86000,-59.231619,-65.708382
62.87000,-59.230907,-65.707930
62.88000,-59.230195,-65.707477
62.89000,-59.229482,-65.707022
62.90000,-59.228769,-65.706566
62.91000,-59.228055,-65.706109
62.92000,-59.227341,-65.705650
62.93000,-59.226627,-65.705189
62.94000,-59.225912,-65.704728
62.95000,-59.225197,-65.704265
62.96000,-59.224482,-65.703800
62.97000,-59.223767,-65.703334
62.98000,-59.223051,-65.702867
62.99000,-59.222335,-65.702399
63.00000,-59.221619,-65.701929
63.01000,-59.220903,-65.701458
63.02000,-59.220187,-65.700986
63.03000,-59.219471,-65.700513
63.04000,-59.218754,-65.700038
63.05000,-59.218038,-65.699562
63.06000,-59.217322,-65.699086
63.07000,-59.216605,-65.698608
63.08000,-59.215889,-65.698129
63.09000,-59.215173,-65.697648
63.10000,-59.214457,-65.697167
63.11000,-59.213741,-65.696685
63.12000,-59.213025,-65.696202
63.13000,-59.212309,-65.695717
63.14000,-59.211593,-65.695232
63.15000,-59.210878,-65.694746
63.16000,-59.210163,-65.694259
63.17000,-59.209448,-65.693771
63.18000,-59.208734,-65.693282
63.19000,-59.208020,-65.692792
63.20000,-59.207306,-65.692301
63.21000,-59.206593,-65.691809
63.22000,-59.205879,-65.691317
63.23000,-59.205167,-65.690824
63.24000,-59.204455,-65.690330
63.25000,-59.203743,-65.689835
63.26000,-59.203032,-65.689340
63.27000,-59.202321,-65.688843
63.28000,-59.201611,-65.688346
63.29000,-59.200901,-65.687849
63.30000,-59.200192,-65.687350
63.31000,-59.199483,-65.686852
63.32000,-59.198776,-65.686352
63.33000,-59.198068,-65.685852
63.34000,-59.197362,-65.685351
63.35000,-59.196656,-65.684850
63.36000,-59.195951,-65.684348
63.37000,-59.195247,-65.683845
63.38000,-59.194543,-65.683343
63.39000,-59.193840,-65.682839
63.40000,-59.193138,-65.682335
63.41000,-59.192437,-65.681831
63.42000,-59.191737,-65.681326
63.43000,-59.191037,-65.680821
63.44000,-59.190339,-65.680316
63.45000,-59.189641,-65.679810
63.46000,-59.188944,-65.679303
63.47000,-59.188249,-65.678797
63.48000,-59.187554,-65.678290
63.49000,-59.186860,-65.677782
63.50000,-59.186168,-65.677275
63.51000,-59.185476,-65.676767
63.52000,-59.184785,-65.676259
63.53000,-59.184096,-65.675751
63.54000,-59.183408,-65.675242
63.55000,-59.182720,-65.674734
63.56000,-59.182034,-65.674225
63.57000,-59.181349,-65.673716
63.58000,-59.180666,-65.673207
63.59000,-59.179983,-65.672698
63.60000,-59.179302,-65.672188
63.61000,-59.178622,-65.671679
63.62000,-59.177943,-65.671169
63.63000,-59.177266,-65.670660
63.64000,-59.176590,-65.670150
63.65000,-59.175915,-65.669641
63.66000,-59.175242,-65.669131
63.67000,-59.174570,-65.668622
63.68000,-59.173900,-65.668113
63.69000,-59.173231,-65.667603
63.70000,-59.172563,-65.667094
63.71000,-59.171897,-65.666585
63.72000,-59.171232,-65.666076
63.73000,-59.170569,-65.665567
63.74000,-59.169907,-65.665058
63.75000,-59.169247,-65.664550
63.76000,-59.168588,-65.664041
63.77000,-59.167931,-65.663533
63.78000,-59.167276,-65.663025
63.79000,-59.166622,-65.662517
63.80000,-59.165970,-65.662010
63.81000,-59.165319,-65.661503
63.82000,-59.164671,-65.660996
63.83000,-59.164023,-65.660489
63.84000,-59.163378,-65.659983
63.85000,-59.162734,-65.659477
63.86000,-59.162092,-65.658972
63.87000,-59.161452,-65.658467
63.88000,-59.160814,-65.657962
63.89000,-59.160177,-65.657458
63.90000,-59.159542,-65.656954
63.91000,-59.158909,-65.656450
63.92000,-59.158278,-65.655947
63.93000,-59.157649,-65.655445
63.94000,-59.157022,-65.654943
63.95000,-59.156396,-65.654441
63.96000,-59.155773,-65.653940
63.97000,-59.155151,-65.653440
63.98000,-59.154532,-65.652940
63.99000,-59.153914,-65.652441
64.00000,-59.153298,-65.651942
64.01000,-59.152685,-65.651444
64.02000,-59.152073,-65.650947
64.03000,-59.151464,-65.650450
64.04000,-59.150856,-65.649954
64.05000,-59.150251,-65.649459
64.06000,-59.149647,-65.648964
64.07000,-59.149046,-65.648470
64.08000,-59.148447,-65.647976
64.09000,-59.147850,-65.647484
64.10000,-59.147255,-65.646992
64.11000,-59.146662,-65.646501
64.12000,-59.146072,-65.646011
64.13000,-59.145484,-65.645521
64.14000,-59.144898,-65.645033
64.15000,-59.144314,-65.644545
64.16000,-59.143732,-65.644058
64.17000,-59.143153,-65.643572
64.18000,-59.142576,-65.643086
64.19000,-59.142001,-65.642602
64.20000,-59.141428,-65.642119
64.21000,-59.140858,-65.641636
64.22000,-59.140290,-65.641154
64.23000,-59.139725,-65.640674
64.24000,-59.139161,-65.640194
64.25000,-59.138601,-65.639715
64.26000,-59.138042,-65.639238
64.27000,-59.137486,-65.638761
64.28000,-59.136933,-65.638285
64.29000,-59.136381,-65.637810
64.30000,-59.135833,-65.637337
64.31000,-59.135286,-65.636864
64.32000,-59.134743,-65.636393
64.33000,-59.134201,-65.635922
64.34000,-59.133662,-65.635453
64.35000,-59.133126,-65.634985
64.36000,-59.132592,-65.634518
64.37000,-59.132061,-65.634052
64.38000,-59.131532,-65.633587
64.39000,-59.131006,-65.633124
64.40000,-59.130482,-65.632661
64.41000,-59.129961,-65.632200
64.42000,-59.129443,-65.631740
64.43000,-59.128927,-65.631281
64.44000,-59.128414,-65.630824
64.45000,-59.127903,-65.630368
64.46000,-59.127395,-65.629913
64.47000,-59.126889,-65.629459
64.48000,-59.126387,-65.629006
64.49000,-59.125887,-65.628555
64.50000,-59.125389,-65.628106
64.51000,-59.124895,-65.627657
64.52000,-59.124403,-65.627210
64.53000,-59.123913,-65.626764
64.54000,-59.123427,-65.626320
64.55000,-59.122943,-65.625877
64.56000,-59.122462,-65.625435
64.57000,-59.121984,-65.624995
64.58000,-59.121508,-65.624556
64.59000,-59.121035,-65.624118
64.60000,-59.120565,-65.623682
64.61000,-59.120098,-65.623248
64.62000,-59.119634,-65.622815
64.63000,-59.119172,-65.622383
64.64000,-59.118713,-65.621953
64.65000,-59.118258,-65.621524
64.66000,-59.117804,-65.621097
64.67000,-59.117354,-65.620671
64.68000,-59.116907,-65.620247
64.69000,-59.116462,-65.619825
64.70000,-59.116021,-65.619404
64.71000,-59.115582,-65.618984
64.72000,-59.115146,-65.618566
64.73000,-59.114713,-65.618150
64.74000,-59.114283,-65.617735
64.75000,-59.113856,-65.617322
64.76000,-59.113432,-65.616911
64.77000,-59.113010,-65.616501
64.78000,-59.112592,-65.616092
64.79000,-59.112177,-65.615686
64.80000,-59.111764,-65.615281
64.81000,-59.111355,-65.614878
64.82000,-59.110948,-65.614476
64.83000,-59.110545,-65.614076
64.84000,-59.110144,-65.613678
64.85000,-59.109746,-65.613281
64.86000,-59.109352,-65.612886
64.87000,-59.108960,-65.612493
64.88000,-59.108572,-65.612102
64.89000,-59.108186,-65.611712
64.90000,-59.107804,-65.611324
64.91000,-59.107424,-65.610938
64.92000,-59.107048,-65.610554
64.93000,-59.106674,-65.610171
64.94000,-59.106304,-65.609791
64.95000,-59.105936,-65.609412
64.96000,-59.105572,-65.609035
64.97000,-59.105211,-65.608659
64.98000,-59.104853,-65.608286
64.99000,-59.104498,-65.607914
65.00000,-59.104146,-65.607544
65.01000,-59.103797,-65.607176
65.02000,-59.103451,-65.606810
65.03000,-59.103108,-65.606446
65.04000,-59.102769,-65.606083
65.05000,-59.102432,-65.605723
65.06000,-59.102099,-65.605364
65.07000,-59.101768,-65.605007
65.08000,-59.101441,-65.604652
65.09000,-59.101117,-65.604299
65.10000,-59.100796,-65.603948
65.11000,-59.100478,-65.603599
65.12000,-59.100163,-65.603252
65.13000,-59.099852,-65.602907
65.14000,-59.099543,-65.602564
65.15000,-59.099238,-65.602222
65.16000,-59.098936,-65.601883
65.17000,-59.098637,-65.601546
65.18000,-59.098341,-65.601210
65.19000,-59.098048,-65.600877
65.20000,-59.097759,-65.600546
65.21000,-59.097472,-65.600216
65.22000,-59.097189,-65.599889
65.23000,-59.096909,-65.599563
65.24000,-59.096632,-65.599240
65.25000,-59.096358,-65.598919
65.26000,-59.096088,-65.598599
65.27000,-59.095820,-65.598282
65.28000,-59.095556,-65.597967
65.29000,-59.095295,-65.597654
65.30000,-59.095037,-65.597342
65.31000,-59.094782,-65.597033
65.32000,-59.094531,-65.596726
65.33000,-59.094282,-65.596421
65.34000,-59.094037,-65.596119
65.35000,-59.093795,-65.595818
65.36000,-59.093556,-65.595519
65.37000,-59.093321,-65.595223
65.38000,-59.093088,-65.594928
65.39000,-59.092859,-65.594636
65.40000,-59.092633,-65.594346
65.41000,-59.092410,-65.594057
65.42000,-59.092190,-65.593771
65.43000,-59.091973,-65.593487
65.44000,-59.091760,-65.593206
65.45000,-59.091550,-65.592926
65.46000,-59.091343,-65.592649
65.47000,-59.091139,-65.592373
65.48000,-59.090938,-65.592100
65.49000,-59.090741,-65.591829
65.50000,-59.090546,-65.591560
65.51000,-59.090355,-65.591293
65.52000,-59.090167,-65.591029
65.53000,-59.089983,-65.590766
65.54000,-59.089801,-65.590506
65.55000,-59.089623,-65.590248
65.56000,-59.089447,-65.589992
65.57000,-59.089275,-65.589739
65.58000,-59.089106,-65.589487
65.59000,-59.088941,-65.589238
65.60000,-59.088778,-65.588991
65.61000,-59.088619,-65.588746
65.62000,-59.088463,-65.588503
65.63000,-59.088310,-65.588263
65.64000,-59.088160,-65.588024
65.65000,-59.088013,-65.587788
65.66000,-59.087869,-65.587554
65.67000,-59.087729,-65.587323
65.68000,-59.087592,-65.587093
65.69000,-59.087457,-65.586866
65.70000,-59.087326,-65.586641
65.71000,-59.087199,-65.586418
65.72000,-59.087074,-65.586198
65.73000,-59.086952,-65.585980
65.74000,-59.086834,-65.585764
65.75000,-59.086718,-65.585550
65.76000,-59.086606,-65.585338
65.77000,-59.086497,-65.585129
65.78000,-59.086391,-65.584922
65.79000,-59.086288,-65.584717
65.80000,-59.086188,-65.584514
65.81000,-59.086092,-65.584314
65.82000,-59.085998,-65.584116
65.83000,-59.085908,-65.583920
65.84000,-59.085820,-65.583726
65.85000,-59.085736,-65.583535
65.86000,-59.085655,-65.583346
65.87000,-59.085577,-65.583159
65.88000,-59.085502,-65.582974
65.89000,-59.085430,-65.582792
65.90000,-59.085361,-65.582612
65.91000,-59.085295,-65.582434
65.92000,-59.085232,-65.582258
65.93000,-59.085172,-65.582085
65.94000,-59.085116,-65.581914
65.95000,-59.085062,-65.581745
65.96000,-59.085011,-65.581579
65.97000,-59.084964,-65.581414
65.98000,-59.084919,-65.581252
65.99000,-59.084877,-65.581093
66.00000,-59.084839,-65.580935
66.01000,-59.084803,-65.580780
66.02000,-59.084771,-65.580627
66.03000,-59.084741,-65.580476
66.04000,-59.084714,-65.580328
66.05000,-59.084691,-65.580182
66.06000,-59.084670,-65.580038
66.07000,-59.084652,-65.579896
66.08000,-59.084638,-65.579757
66.09000,-59.084626,-65.579620
66.10000,-59.084617,-65.579485
66.11000,-59.084611,-65.579352
66.12000,-59.084608,-65.579222
66.13000,-59.084608,-65.579094
66.14000,-59.084611,-65.578968
66.15000,-59.084617,-65.578844
66.16000,-59.084625,-65.578723
66.17000,-59.084637,-65.578604
66.18000,-59.084651,-65.578487
66.19000,-59.084669,-65.578372
66.20000,-59.084689,-65.578260
66.21000,-59.084712,-65.578150
66.22000,-59.084738,-65.578042
66.23000,-59.084766,-65.577936
66.24000,-59.084798,-65.577833
66.25000,-59.084832,-65.577732
66.26000,-59.084870,-65.577633
66.27000,-59.084910,-65.577536
66.28000,-59.084952,-65.577442
66.29000,-59.084998,-65.577350
66.30000,-59.085047,-65.577260
66.31000,-59.085098,-65.577172
66.32000,-59.085152,-65.577087
66.33000,-59.085208,-65.577003
66.34000,-59.085268,-65.576922
66.35000,-59.085330,-65.576843
66.36000,-59.085395,-65.576767
66.37000,-59.085463,-65.576692
66.38000,-59.085533,-65.576620
66.39000,-59.085606,-65.576550
66.40000,-59.085682,-65.576482
66.41000,-59.085761,-65.576417
66.42000,-59.085842,-65.576353
66.43000,-59.085926,-65.576292
66.44000,-59.086012,-65.576233
66.45000,-59.086101,-65.576176
66.46000,-59.086193,-65.576121
66.47000,-59.086287,-65.576069
66.48000,-59.086385,-65.576018
66.49000,-59.086484,-65.575970
66.50000,-59.086586,-65.575924
66.51000,-59.086691,-65.575880
66.52000,-59.086799,-65.575839
66.53000,-59.086909,-65.575799
66.54000,-59.087021,-65.575762
66.55000,-59.087136,-65.575727
66.56000,-59.087254,-65.575694
66.57000,-59.087374,-65.575663
66.58000,-59.087497,-65.575634
66.59000,-59.087622,-65.575607
66.60000,-59.087749,-65.575583
66.61000,-59.087880,-65.575560
66.62000,-59.088012,-65.575540
66.63000,-59.088147,-65.575522
66.64000,-59.088285,-65.575506
66.65000,-59.088425,-65.575492
66.66000,-59.088567,-65.575480
66.67000,-59.088712,-65.575470
66.68000,-59.088859,-65.575463
66.69000,-59.089009,-65.575457
66.70000,-59.089161,-65.575454
66.71000,-59.089315,-65.575452
66.72000,-59.089472,-65.575453
66.73000,-59.089631,-65.575455
66.74000,-59.089792,-65.575460
66.75000,-59.089956,-65.575467
66.76000,-59.090122,-65.575476
66.77000,-59.090290,-65.575487
66.78000,-59.090461,-65.575500
66.79000,-59.090633,-65.575515
66.80000,-59.090808,-65.575532
66.81000,-59.090986,-65.575551
66.82000,-59.091165,-65.575572
66.83000,-59.091347,-65.575595
66.84000,-59.091531,-65.575620
66.85000,-59.091718,-65.575647
66.86000,-59.091906,-65.575676
66.87000,-59.092097,-65.575707
66.88000,-59.092289,-65.575740
66.89000,-59.092484,-65.575775
66.90000,-59.092681,-65.575812
66.91000,-59.092881,-65.575851
66.92000,-59.093082,-65.575892
66.93000,-59.093285,-65.575934
66.94000,-59.093491,-65.575979
66.95000,-59.093698,-65.576026
66.96000,-59.093908,-65.576075
66.97000,-59.094120,-65.576125
66.98000,-59.094333,-65.576177
66.99000,-59.094549,-65.576232
67.00000,-59.094767,-65.576288
67.01000,-59.094987,-65.576346
67.02000,-59.095208,-65.576406
67.03000,-59.095432,-65.576468
67.04000,-59.095658,-65.576532
67.05000,-59.095885,-65.576598
67.06000,-59.096115,-65.576665
67.07000,-59.096346,-65.576735
67.08000,-59.096579,-65.576806
67.09000,-59.096815,-65.576879
67.10000,-59.097052,-65.576954
67.11000,-59.097291,-65.577030
67.12000,-59.097532,-65.577109
67.13000,-59.097774,-65.577189
67.14000,-59.098019,-65.577271
67.15000,-59.098265,-65.577355
67.16000,-59.098513,-65.577441
67.17000,-59.098763,-65.577529
67.18000,-59.099014,-65.577618
67.19000,-59.099268,-65.577709
67.20000,-59.099523,-65.577802
67.21000,-59.099780,-65.577896
67.22000,-59.100038,-65.577992
67.23000,-59.100298,-65.578090
67.24000,-59.100560,-65.578190
67.25000,-59.100824,-65.578292
67.26000,-59.101089,-65.578395
67.27000,-59.101356,-65.578499
67.28000,-59.101625,-65.578606
67.29000,-59.101895,-65.578714
67.30000,-59.102166,-65.578824
67.31000,-59.102440,-65.578936
67.32000,-59.102715,-65.579049
67.33000,-59.102991,-65.579164
67.34000,-59.103269,-65.579280
67.35000,-59.103549,-65.579398
67.36000,-59.103830,-65.579518
67.37000,-59.104112,-65.579640
67.38000,-59.104396,-65.579762
67.39000,-59.104681,-65.579887
67.40000,-59.104968,-65.580013
67.41000,-59.105257,-65.580141
67.42000,-59.105546,-65.580270
67.43000,-59.105838,-65.580401
67.44000,-59.106130,-65.580534
67.45000,-59.106424,-65.580668
67.46000,-59.106720,-65.580803
67.47000,-59.107016,-65.580940
67.48000,-59.107314,-65.581079
67.49000,-59.107614,-65.581219
67.50000,-59.107914,-65.581360
67.51000,-59.108216,-65.581504
67.52000,-59.108520,-65.581648
67.53000,-59.108824,-65.581794
67.54000,-59.109130,-65.581942
67.55000,-59.109437,-65.582091
67.56000,-59.109745,-65.582241
67.57000,-59.110054,-65.582393
67.58000,-59.110365,-65.582546
67.59000,-59.110677,-65.582701
67.60000,-59.110990,-65.582857
67.61000,-59.111304,-65.583014
67.62000,-59.111619,-65.583173
67.63000,-59.111935,-65.583334
67.64000,-59.112253,-65.583495
67.65000,-59.112571,-65.583658
67.66000,-59.112891,-65.583823
67.67000,-59.113212,-65.583988
67.68000,-59.113534,-65.584155
67.69000,-59.113856,-65.584324
67.70000,-59.114180,-65.584493
67.71000,-59.114505,-65.584664
67.72000,-59.114831,-65.584837
67.73000,-59.115157,-65.585010
67.74000,-59.115485,-65.585185
67.75000,-59.115814,-65.585361
67.76000,-59.116143,-65.585538
67.77000,-59.116474,-65.585717
67.78000,-59.116805,-65.585897
67.79000,-59.117137,-65.586078
67.80000,-59.117471,-65.586260
67.81000,-59.117804,-65.586444
67.82000,-59.118139,-65.586628
67.83000,-59.118475,-65.586814
67.84000,-59.118811,-65.587001
67.85000,-59.119149,-65.587190
67.86000,-59.119487,-65.587379
67.87000,-59.119826,-65.587569
67.88000,-59.120165,-65.587761
67.89000,-59.120505,-65.587954
67.90000,-59.120846,-65.588148
67.91000,-59.121188,-65.588343
67.92000,-59.121530,-65.588539
67.93000,-59.121874,-65.588736
67.94000,-59.122217,-65.588934
67.95000,-59.122562,-65.589134
67.96000,-59.122907,-65.589334
67.97000,-59.123252,-65.589536
67.98000,-59.123599,-65.589738
67.99000,-59.123945,-65.589942
68.00000,-59.124293,-65.590146
68.01000,-59.124641,-65.590352
68.02000,-59.124989,-65.590558
68.03000,-59.125338,-65.590766
68.04000,-59.125688,-65.590974
68.05000,-59.126038,-65.591184
68.06000,-59.126389,-65.591394
68.07000,-59.126740,-65.591606
68.08000,-59.127091,-65.591818
68.09000,-59.127443,-65.592031
68.10000,-59.127796,-65.592245
68.11000,-59.128148,-65.592460
68.12000,-59.128502,-65.592676
68.13000,-59.128855,-65.592893
68.14000,-59.129209,-65.593111
68.15000,-59.129563,-65.593329
68.16000,-59.129918,-65.593549
68.17000,-59.130273,-65.593769
68.18000,-59.130628,-65.593990
68.19000,-59.130984,-65.594212
68.20000,-59.131340,-65.594435
68.21000,-59.131696,-65.594658
68.22000,-59.132052,-65.594882
68.23000,-59.132409,-65.595107
68.24000,-59.132766,-65.595333
68.25000,-59.133123,-65.595560
68.26000,-59.133481,-65.595787
68.27000,-59.133838,-65.596015
68.28000,-59.134196,-65.596244
68.29000,-59.134554,-65.596474
68.30000,-59.134912,-65.596704
68.31000,-59.135270,-65.596935
68.32000,-59.135628,-65.597166
68.33000,-59.135986,-65.597399
68.34000,-59.136345,-65.597632
68.35000,-59.136703,-65.597865
68.36000,-59.137062,-65.598100
68.37000,-59.137421,-65.598335
68.38000,-59.137779,-65.598570
68.39000,-59.138138,-65.598806
68.40000,-59.138497,-65.599043
68.41000,-59.138856,-65.599280
68.42000,-59.139214,-65.599518
68.43000,-59.139573,-65.599757
68.44000,-59.139932,-65.599996
68.45000,-59.140290,-65.600235
68.46000,-59.140649,-65.600475
68.47000,-59.141007,-65.600716
68.48000,-59.141366,-65.600957
68.49000,-59.141724,-65.601199
68.50000,-59.142082,-65.601441
68.51000,-59.142440,-65.601684
68.52000,-59.142798,-65.601927
68.53000,-59.143155,-65.602170
68.54000,-59.143513,-65.602415
68.55000,-59.143870,-65.602659
68.56000,-59.144227,-65.602904
68.57000,-59.144584,-65.603149
68.58000,-59.144941,-65.603395
68.59000,-59.145297,-65.603641
68.60000,-59.145653,-65.603888
68.61000,-59.146009,-65.604135
68.62000,-59.146365,-65.604382
68.63000,-59.146720,-65.604630
68.64000,-59.147075,-65.604878
68.65000,-59.147430,-65.605127
68.66000,-59.147784,-65.605375
68.67000,-59.148139,-65.605624
68.68000,-59.148492,-65.605874
68.69000,-59.148846,-65.606123
68.70000,-59.149199,-65.606373
68.71000,-59.149551,-65.606624
68.72000,-59.149903,-65.606874
68.73000,-59.150255,-65.607125
68.74000,-59.150606,-65.607376
68.75000,-59.150957,-65.607627
68.76000,-59.151308,-65.607879
68.77000,-59.151658,-65.608131
68.78000,-59.152007,-65.608383
68.79000,-59.152356,-65.608635
68.80000,-59.152705,-65.608887
68.81000,-59.153053,-65.609140
68.82000,-59.153400,-65.609393
68.83000,-59.153747,-65.609645
68.84000,-59.154094,-65.609899
68.85000,-59.154440,-65.610152
68.86000,-59.154785,-65.610405
68.87000,-59.155130,-65.610659
68.88000,-59.155474,-65.610912
68.89000,-59.155817,-65.611166
68.90000,-59.156160,-65.611420
68.91000,-59.156502,-65.611673
68.92000,-59.156844,-65.611927
68.93000,-59.157185,-65.612181
68.94000,-59.157525,-65.612435
68.95000,-59.157865,-65.612689
68.96000,-59.158204,-65.612944
68.97000,-59.158542,-65.613198
68.98000,-59.158880,-65.613452
68.99000,-59.159217,-65.613706
69.00000,-59.159553,-65.613960
69.01000,-59.159889,-65.614214
69.02000,-59.160223,-65.614469
69.03000,-59.160557,-65.614723
69.04000,-59.160890,-65.614977
69.05000,-59.161223,-65.615231
69.06000,-59.161554,-65.615485
69.07000,-59.161885,-65.615739
69.08000,-59.162215,-65.615992
69.09000,-59.162544,-65.616246
69.10000,-59.162873,-65.616500
69.11000,-59.163200,-65.616753
69.12000,-59.163527,-65.617007
69.13000,-59.163853,-65.617260
69.14000,-59.164178,-65.617513
69.15000,-59.164502,-65.617766
69.16000,-59.164825,-65.618019
69.17000,-59.165147,-65.618272
69.18000,-59.165469,-65.618524
69.19000,-59.165789,-65.618777
69.20000,-59.166109,-65.619029
69.21000,-59.166427,-65.619281
69.22000,-59.166745,-65.619533
69.23000,-59.167062,-65.619784
69.24000,-59.167378,-65.620036
69.25000,-59.167692,-65.620287
69.26000,-59.168006,-65.620538
69.27000,-59.168319,-65.620788
69.28000,-59.168631,-65.621039
69.29000,-59.168942,-65.621289
69.30000,-59.169251,-65.621539
69.31000,-59.169560,-65.621788
69.32000,-59.169868,-65.622037
69.33000,-59.170175,-65.622286
69.34000,-59.170480,-65.622535
69.35000,-59.170785,-65.622783
69.36000,-59.171088,-65.623031
69.37000,-59.171391,-65.623279
69.38000,-59.171692,-65.623526
69.39000,-59.171992,-65.623773
69.40000,-59.172291,-65.624020
69.41000,-59.172589,-65.624266
69.42000,-59.172886,-65.624512
69.43000,-59.173182,-65.624757
69.44000,-59.173477,-65.625003
69.45000,-59.173770,-65.625247
69.46000,-59.174063,-65.625491
69.47000,-59.174354,-65.625735
69.48000,-59.174644,-65.625979
69.49000,-59.174933,-65.626222
69.50000,-59.175220,-65.626464
69.51000,-59.175507,-65.626706
69.52000,-59.175792,-65.626948
69.53000,-59.176076,-65.627189
69.54000,-59.176359,-65.627430
69.55000,-59.176641,-65.627670
69.56000,-59.176921,-65.627910
69.57000,-59.177200,-65.628149
69.58000,-59.177478,-65.628388
69.59000,-59.177755,-65.628626
69.60000,-59.178030,-65.628864
69.61000,-59.178304,-65.629101
69.62000,-59.178577,-65.629338
69.63000,-59.178849,-65.629574
69.64000,-59.179119,-65.629810
69.65000,-59.179388,-65.630045
69.66000,-59.179656,-65.630279
69.67000,-59.179922,-65.630513
69.68000,-59.180188,-65.630746
69.69000,-59.180451,-65.630979
69.70000,-59.180714,-65.631211
69.71000,-59.180975,-65.631443
69.72000,-59.181235,-65.631674
69.73000,-59.181493,-65.631904
69.74000,-59.181751,-65.632134
69.75000,-59.182006,-65.632363
69.76000,-59.182261,-65.632591
69.77000,-59.182514,-65.632819
69.78000,-59.182766,-65.633046
69.79000,-59.183016,-65.633273
69.80000,-59.183265,-65.633499
69.81000,-59.183513,-65.633724
69.82000,-59.183759,-65.633948
69.83000,-59.184004,-65.634172
69.84000,-59.184247,-65.634395
69.85000,-59.184489,-65.634618
69.86000,-59.184729,-65.634839
69.87000,-59.184969,-65.635060
69.88000,-59.185206,-65.635281
69.89000,-59.185443,-65.635500
69.90000,-59.185678,-65.635719
69.91000,-59.185911,-65.635937
69.92000,-59.186143,-65.636155
69.93000,-59.186373,-65.636372
69.94000,-59.186603,-65.636587
69.95000,-59.186830,-65.636803
69.96000,-59.187056,-65.637017
69.97000,-59.187281,-65.637231
69.98000,-59.187504,-65.637444
69.99000,-59.187726,-65.637656
70.00000,-59.187946,-65.637867
70.01000,-59.188165,-65.638077
70.02000,-59.188382,-65.638287
70.03000,-59.188598,-65.638496
70.04000,-59.188813,-65.638704
70.05000,-59.189025,-65.638911
70.06000,-59.189237,-65.639118
70.07000,-59.189447,-65.639323
70.08000,-59.189655,-65.639528
70.09000,-59.189862,-65.639732
70.10000,-59.190067,-65.639935
70.11000,-59.190271,-65.640138
70.12000,-59.190473,-65.640339
70.13000,-59.190674,-65.640540
70.14000,-59.190873,-65.640739
70.15000,-59.191071,-65.640938
70.16000,-59.191267,-65.641136
70.17000,-59.191461,-65.641333
70.18000,-59.191654,-65.641529
70.19000,-59.191846,-65.641725
70.20000,-59.192036,-65.641919
70.21000,-59.192224,-65.642113
70.22000,-59.192411,-65.642305
70.23000,-59.192596,-65.642497
70.24000,-59.192780,-65.642688
70.25000,-59.192962,-65.642878
70.26000,-59.193143,-65.643067
70.27000,-59.193322,-65.643255
70.28000,-59.193499,-65.643442
70.29000,-59.193675,-65.643628
70.30000,-59.193849,-65.643813
70.31000,-59.194022,-65.643998
70.32000,-59.194193,-65.644181
70.33000,-59.194363,-65.644364
70.34000,-59.194531,-65.644545
70.35000,-59.194697,-65.644725
70.36000,-59.194862,-65.644905
70.37000,-59.195025,-65.645084
70.38000,-59.195187,-65.645261
70.39000,-59.195347,-65.645438
70.40000,-59.195506,-65.645613
70.41000,-59.195662,-65.645788
70.42000,-59.195818,-65.645962
70.43000,-59.195971,-65.646134
70.44000,-59.196123,-65.646306
70.45000,-59.196274,-65.646477
70.46000,-59.196423,-65.646646
70.47000,-59.196570,-65.646815
70.48000,-59.196716,-65.646983
70.49000,-59.196860,-65.647149
70.50000,-59.197002,-65.647315
70.51000,-59.197143,-65.647480
70.52000,-59.197283,-65.647643
70.53000,-59.197420,-65.647806
70.54000,-59.197556,-65.647967
70.55000,-59.197691,-65.648128
70.56000,-59.197823,-65.648287
70.57000,-59.197955,-65.648446
70.58000,-59.198084,-65.648603
70.59000,-59.198212,-65.648759
70.60000,-59.198339,-65.648914
70.61000,-59.198463,-65.649069
70.62000,-59.198587,-65.649222
70.63000,-59.198708,-65.649374
70.64000,-59.198828,-65.649525
70.65000,-59.198947,-65.649675
70.66000,-59.199063,-65.649824
70.67000,-59.199178,-65.649972
70.68000,-59.199292,-65.650119
70.69000,-59.199404,-65.650264
70.70000,-59.199514,-65.650409
70.71000,-59.199623,-65.650552
70.72000,-59.199730,-65.650695
70.73000,-59.199835,-65.650836
70.74000,-59.199939,-65.650977
70.75000,-59.200041,-65.651116
70.76000,-59.200142,-65.651254
70.77000,-59.200241,-65.651391
70.78000,-59.200338,-65.651527
70.79000,-59.200434,-65.651662
70.80000,-59.200528,-65.651796
70.81000,-59.200621,-65.651928
70.82000,-59.200712,-65.652060
70.83000,-59.200801,-65.652190
70.84000,-59.200889,-65.652320
70.85000,-59.200976,-65.652448
70.86000,-59.201060,-65.652575
70.87000,-59.201143,-65.652701
70.88000,-59.201225,-65.652826
70.89000,-59.201304,-65.652950
70.90000,-59.201383,-65.653072
70.91000,-59.201459,-65.653194
70.92000,-59.201534,-65.653314
70.93000,-59.201608,-65.653433
70.94000,-59.201680,-65.653552
70.95000,-59.201750,-65.653669
70.96000,-59.201819,-65.653785
70.97000,-59.201886,-65.653899
70.98000,-59.201951,-65.654013
70.99000,-59.202015,-65.654126
71.00000,-59.202078,-65.654237
71.01000,-59.202139,-65.654347
71.02000,-59.202198,-65.654457
71.03000,-59.202256,-65.654565
71.04000,-59.202312,-65.654672
71.05000,-59.202366,-65.654777
71.06000,-59.202419,-65.654882
71.07000,-59.202471,-65.654985
71.08000,-59.202521,-65.655088
71.09000,-59.202569,-65.655189
71.10000,-59.202616,-65.655289
71.11000,-59.202661,-65.655388
71.12000,-59.202705,-65.655486
71.13000,-59.202747,-65.655583
71.14000,-59.202788,-65.655678
71.15000,-59.202827,-65.655772
71.16000,-59.202864,-65.655866
71.17000,-59.202900,-65.655958
71.18000,-59.202935,-65.656049
71.19000,-59.202968,-65.656139
71.20000,-59.202999,-65.656227
71.21000,-59.203029,-65.656315
71.22000,-59.203057,-65.656401
71.23000,-59.203084,-65.656487
71.24000,-59.203110,-65.656571
71.25000,-59.203134,-65.656654
71.26000,-59.203156,-65.656735
71.27000,-59.203177,-65.656816
71.28000,-59.203196,-65.656896
71.29000,-59.203214,-65.656974
71.30000,-59.203230,-65.657051
71.31000,-59.203245,-65.657128
71.32000,-59.203259,-65.657203
71.33000,-59.203271,-65.657276
71.34000,-59.203281,-65.657349
71.35000,-59.203290,-65.657421
71.36000,-59.203297,-65.657491
71.37000,-59.203303,-65.657560
71.38000,-59.203308,-65.657629
71.39000,-59.203311,-65.657696
71.40000,-59.203313,-65.657761
71.41000,-59.203313,-65.657826
71.42000,-59.203312,-65.657890
71.43000,-59.203309,-65.657952
71.44000,-59.203305,-65.658014
71.45000,-59.203300,-65.658074
71.46000,-59.203293,-65.658133
71.47000,-59.203284,-65.658191
71.48000,-59.203274,-65.658248
71.49000,-59.203263,-65.658303
71.50000,-59.203250,-65.658358
71.51000,-59.203236,-65.658411
71.52000,-59.203221,-65.658464
71.53000,-59.203204,-65.658515
71.54000,-59.203186,-65.658565
71.55000,-59.203166,-65.658614
71.56000,-59.203145,-65.658662
71.57000,-59.203123,-65.658708
71.58000,-59.203099,-65.658754
71.59000,-59.203074,-65.658798
71.60000,-59.203047,-65.658842
71.61000,-59.203019,-65.658884
71.62000,-59.202990,-65.658925
71.63000,-59.202960,-65.658965
71.64000,-59.202928,-65.659004
71.65000,-59.202894,-65.659042
71.66000,-59.202860,-65.659079
71.67000,-59.202824,-65.659114
71.68000,-59.202786,-65.659149
71.69000,-59.202748,-65.659182
71.70000,-59.202708,-65.659214
71.71000,-59.202667,-65.659245
71.72000,-59.202624,-65.659276
71.73000,-59.202580,-65.659305
71.74000,-59.202535,-65.659332
71.75000,-59.202489,-65.659359
71.76000,-59.202441,-65.659385
71.77000,-59.202392,-65.659410
71.78000,-59.202342,-65.659433
71.79000,-59.202290,-65.659456
71.80000,-59.202237,-65.659477
71.81000,-59.202183,-65.659497
71.82000,-59.202128,-65.659517
71.83000,-59.202071,-65.659535
71.84000,-59.202014,-65.659552
71.85000,-59.201955,-65.659568
71.86000,-59.201894,-65.659583
71.87000,-59.201833,-65.659597
71.88000,-59.201770,-65.659610
71.89000,-59.201706,-65.659622
71.90000,-59.201641,-65.659632
71.91000,-59.201575,-65.659642
71.92000,-59.201507,-65.659651
71.93000,-59.201438,-65.659658
71.94000,-59.201368,-65.659665
71.95000,-59.201297,-65.659670
71.96000,-59.201225,-65.659675
71.97000,-59.201151,-65.659678
71.98000,-59.201077,-65.659680
71.99000,-59.201001,-65.659682
72.00000,-59.200924,-65.659682
72.01000,-59.200846,-65.659681
72.02000,-59.200767,-65.659680
72.03000,-59.200686,-65.659677
72.04000,-59.200605,-65.659673
72.05000,-59.200522,-65.659668
72.06000,-59.200439,-65.659663
72.07000,-59.200354,-65.659656
72.08000,-59.200268,-65.659648
72.09000,-59.200181,-65.659639
72.10000,-59.200093,-65.659629
72.11000,-59.200003,-65.659619
72.12000,-59.199913,-65.659607
72.13000,-59.199822,-65.659594
72.14000,-59.199729,-65.659580
72.15000,-59.199636,-65.659565
72.16000,-59.199541,-65.659550
72.17000,-59.199446,-65.659533
72.18000,-59.199349,-65.659515
72.19000,-59.199252,-65.659497
72.20000,-59.199153,-65.659477
72.21000,-59.199053,-65.659456
72.22000,-59.198953,-65.659435
72.23000,-59.198851,-65.659412
72.24000,-59.198748,-65.659389
72.25000,-59.198644,-65.659364
72.26000,-59.198540,-65.659339
72.27000,-59.198434,-65.659313
72.28000,-59.198327,-65.659285
72.29000,-59.198220,-65.659257
72.30000,-59.198111,-65.659228
72.31000,-59.198002,-65.659198
72.32000,-59.197891,-65.659167
72.33000,-59.197780,-65.659135
72.34000,-59.197667,-65.659102
72.35000,-59.197554,-65.659069
72.36000,-59.197440,-65.659034
72.37000,-59.197325,-65.658998
72.38000,-59.197209,-65.658962
72.39000,-59.197092,-65.658925
72.40000,-59.196974,-65.658886
72.41000,-59.196855,-65.658847
72.42000,-59.196736,-65.658807
72.43000,-59.196615,-65.658766
72.44000,-59.196494,-65.658725
72.45000,-59.196372,-65.658682
72.46000,-59.196249,-65.658638
72.47000,-59.196125,-65.658594
72.48000,-59.196000,-65.658549
72.49000,-59.195874,-65.658503
72.50000,-59.195748,-65.658456
72.51000,-59.195621,-65.658408
72.52000,-59.195493,-65.658359
72.53000,-59.195364,-65.658310
72.54000,-59.195234,-65.658259
72.55000,-59.195104,-65.658208
72.56000,-59.194973,-65.658156
72.57000,-59.194841,-65.658103
72.58000,-59.194708,-65.658049
72.59000,-59.194574,-65.657995
72.60000,-59.194440,-65.657940
72.61000,-59.194305,-65.657884
72.62000,-59.194169,-65.657827
72.63000,-59.194033,-65.657769
72.64000,-59.193895,-65.657710
72.65000,-59.193757,-65.657651
72.66000,-59.193619,-65.657591
72.67000,-59.193479,-65.657530
72.68000,-59.193339,-65.657468
72.69000,-59.193198,-65.657406
72.70000,-59.193057,-65.657343
72.71000,-59.192915,-65.657279
72.72000,-59.192772,-65.657214
72.73000,-59.192628,-65.657149
72.74000,-59.192484,-65.657082
72.75000,-59.192340,-65.657015
72.76000,-59.192194,-65.656948
72.77000,-59.192048,-65.656879
72.78000,-59.191901,-65.656810
72.79000,-59.191754,-65.656740
72.80000,-59.191606,-65.656669
72.81000,-59.191457,-65.656598
72.82000,-59.191308,-65.656526
72.83000,-59.191158,-65.656453
72.84000,-59.191008,-65.656379
72.85000,-59.190857,-65.656305
72.86000,-59.190706,-65.656230
72.87000,-59.190553,-65.656155
72.88000,-59.190401,-65.656078
72.89000,-59.190248,-65.656001
72.90000,-59.190094,-65.655924
72.91000,-59.189940,-65.655845
72.92000,-59.189785,-65.655766
72.93000,-59.189629,-65.655687
72.94000,-59.189474,-65.655606
72.95000,-59.189317,-65.655525
72.96000,-59.189160,-65.655444
72.97000,-59.189003,-65.655361
72.98000,-59.188845,-65.655278
72.99000,-59.188687,-65.655195
73.00000,-59.188528,-65.655111
73.01000,-59.188369,-65.655026
73.02000,-59.188209,-65.654940
73.03000,-59.188049,-65.654854
73.04000,-59.187888,-65.654768
73.05000,-59.187727,-65.654680
73.06000,-59.187565,-65.654593
73.07000,-59.187403,-65.654504
73.08000,-59.187241,-65.654415
73.09000,-59.187078,-65.654325
73.10000,-59.186915,-65.654235
73.11000,-59.186752,-65.654144
73.12000,-59.186588,-65.654053
73.13000,-59.186423,-65.653961
73.14000,-59.186258,-65.653868
73.15000,-59.186093,-65.653775
73.16000,-59.185928,-65.653682
73.17000,-59.185762,-65.653587
73.18000,-59.185596,-65.653493
73.19000,-59.185429,-65.653397
73.20000,-59.185263,-65.653301
73.21000,-59.185095,-65.653205
73.22000,-59.184928,-65.653108
73.23000,-59.184760,-65.653011
73.24000,-59.184592,-65.652913
73.25000,-59.184424,-65.652815
73.26000,-59.184255,-65.652716
73.27000,-59.184086,-65.652616
73.28000,-59.183917,-65.652516
73.29000,-59.183747,-65.652416
73.30000,-59.183577,-65.652315
73.31000,-59.183407,-65.652214
73.32000,-59.183237,-65.652112
73.33000,-59.183066,-65.652010
73.34000,-59.182896,-65.651907
73.35000,-59.182725,-65.651804
73.36000,-59.182553,-65.651700
73.37000,-59.182382,-65.651596
73.38000,-59.182210,-65.651491
73.39000,-59.182038,-65.651386
73.40000,-59.181866,-65.651281
73.41000,-59.181694,-65.651175
73.42000,-59.181521,-65.651069
73.43000,-59.181349,-65.650962
73.44000,-59.181176,-65.650855
73.45000,-59.181003,-65.650747
73.46000,-59.180830,-65.650639
73.47000,-59.180657,-65.650531
73.48000,-59.180483,-65.650422
73.49000,-59.180310,-65.650313
73.50000,-59.180136,-65.650204
73.51000,-59.179962,-65.650094
73.52000,-59.179788,-65.649983
73.53000,-59.179614,-65.649873
73.54000,-59.179440,-65.649762
73.55000,-59.179266,-65.649650
73.56000,-59.179092,-65.649539
73.57000,-59.178917,-65.649427
73.58000,-59.178743,-65.649314
73.59000,-59.178568,-65.649202
73.60000,-59.178394,-65.649089
73.61000,-59.178219,-65.648975
73.62000,-59.178044,-65.648861
73.63000,-59.177870,-65.648747
73.64000,-59.177695,-65.648633
73.65000,-59.177520,-65.648518
73.66000,-59.177345,-65.648403
73.67000,-59.177170,-65.648288
73.68000,-59.176995,-65.648173
73.69000,-59.176821,-65.648057
73.70000,-59.176646,-65.647941
73.71000,-59.176471,-65.647824
73.72000,-59.176296,-65.647708
73.73000,-59.176121,-65.647591
73.74000,-59.175946,-65.647473
73.75000,-59.175772,-65.647356
73.76000,-59.175597,-65.647238
73.77000,-59.175422,-65.647120
73.78000,-59.175248,-65.647002
73.79000,-59.175073,-65.646884
73.80000,-59.174898,-65.646765
73.81000,-59.174724,-65.646646
73.82000,-59.174550,-65.646527
73.83000,-59.174375,-65.646408
73.84000,-59.174201,-65.646288
73.85000,-59.174027,-65.646168
73.86000,-59.173853,-65.646048
73.87000,-59.173679,-65.645928
73.88000,-59.173505,-65.645808
73.89000,-59.173332,-65.645687
73.90000,-59.173158,-65.645566
73.91000,-59.172985,-65.645446
73.92000,-59.172812,-65.645324
73.93000,-59.172638,-65.645203
73.94000,-59.172465,-65.645082
73.95000,-59.172293,-65.644960
73.96000,-59.172120,-65.644839
73.97000,-59.171948,-65.644717
73.98000,-59.171775,-65.644595
73.99000,-59.171603,-65.644472
74.00000,-59.171431,-65.644350
74.01000,-59.171259,-65.644228
74.02000,-59.171088,-65.644105
74.03000,-59.170916,-65.643982
74.04000,-59.170745,-65.643860
74.05000,-59.170574,-65.643737
74.06000,-59.170404,-65.643614
74.07000,-59.170233,-65.643491
74.08000,-59.170063,-65.643367
74.09000,-59.169893,-65.643244
74.10000,-59.169723,-65.643121
74.11000,-59.169553,-65.642997
74.12000,-59.169384,-65.642874
74.13000,-59.169215,-65.642750
74.14000,-59.169046,-65.642626
74.15000,-59.168878,-65.642503
74.16000,-59.168709,-65.642379
74.17000,-59.168541,-65.642255
74.18000,-59.168374,-65.642131
74.19000,-59.168206,-65.642007
74.20000,-59.168039,-65.641883
74.21000,-59.167872,-65.641759
74.22000,-59.167706,-65.641635
74.23000,-59.167540,-65.641511
74.24000,-59.167374,-65.641387
74.25000,-59.167208,-65.641263
74.26000,-59.167043,-65.641138
74.27000,-59.166878,-65.641014
74.28000,-59.166714,-65.640890
74.29000,-59.166549,-65.640766
74.30000,-59.166386,-65.640642
74.31000,-59.166222,-65.640518
74.32000,-59.166059,-65.640394
74.33000,-59.165896,-65.640269
74.34000,-59.165734,-65.640145
74.35000,-59.165572,-65.640021
74.36000,-59.165410,-65.639897
74.37000,-59.165249,-65.639773
74.38000,-59.165088,-65.639649
74.39000,-59.164927,-65.639525
74.40000,-59.164767,-65.639402
74.41000,-59.164607,-65.639278
74.42000,-59.164448,-65.639154
74.43000,-59.164289,-65.639030
74.44000,-59.164131,-65.638907
74.45000,-59.163973,-65.638783
74.46000,-59.163815,-65.638660
74.47000,-59.163658,-65.638536
74.48000,-59.163501,-65.638413
74.49000,-59.163345,-65.638290
74.50000,-59.163189,-65.638167
74.51000,-59.163033,-65.638044
74.52000,-59.162878,-65.637921
74.53000,-59.162724,-65.637798
74.54000,-59.162569,-65.637675
74.55000,-59.162416,-65.637553
74.56000,-59.162263,-65.637430
74.57000,-59.162110,-65.637308
74.58000,-59.161958,-65.637186
74.59000,-59.161806,-65.637064
74.60000,-59.161655,-65.636942
74.61000,-59.161504,-65.636820
74.62000,-59.161354,-65.636698
74.63000,-59.161204,-65.636577
74.64000,-59.161055,-65.636455
74.65000,-59.160906,-65.636334
74.66000,-59.160758,-65.636213
74.67000,-59.160610,-65.636092
74.68000,-59.160463,-65.635971
74.69000,-59.160316,-65.635851
74.70000,-59.160170,-65.635730
74.71000,-59.160024,-65.635610
74.72000,-59.159879,-65.635490
74.73000,-59.159735,-65.635370
74.74000,-59.159591,-65.635251
74.75000,-59.159447,-65.635131
74.76000,-59.159304,-65.635012
74.77000,-59.159162,-65.634893
74.78000,-59.159020,-65.634774
74.79000,-59.158879,-65.634655
74.80000,-59.158738,-65.634537
74.81000,-59.158598,-65.634419
74.82000,-59.158458,-65.634301
74.83000,-59.158319,-65.634183
74.84000,-59.158181,-65.634066
74.85000,-59.158043,-65.633948
74.86000,-59.157906,-65.633831
74.87000,-59.157769,-65.633714
74.88000,-59.157633,-65.633598
74.89000,-59.157498,-65.633481
74.90000,-59.157363,-65.633365
74.91000,-59.157229,-65.633250
74.92000,-59.157095,-65.633134
74.93000,-59.156962,-65.633019
74.94000,-59.156830,-65.632904
74.95000,-59.156698,-65.632789
74.96000,-59.156567,-65.632674
74.97000,-59.156436,-65.632560
74.98000,-59.156306,-65.632446
74.99000,-59.156177,-65.632332
75.00000,-59.156048,-65.632219
75.01000,-59.155920,-65.632106
75.02000,-59.155793,-65.631993
75.03000,-59.155666,-65.631881
75.04000,-59.155540,-65.631768
75.05000,-59.155415,-65.631656
75.06000,-59.155290,-65.631545
75.07000,-59.155166,-65.631434
75.08000,-59.155042,-65.631323
75.09000,-59.154919,-65.631212
75.10000,-59.154797,-65.631102
75.11000,-59.154676,-65.630991
75.12000,-59.154555,-65.630882
75.13000,-59.154435,-65.630772
75.14000,-59.154315,-65.630663
75.15000,-59.154196,-65.630555
75.16000,-59.154078,-65.630446
75.17000,-59.153961,-65.630338
75.18000,-59.153844,-65.630230
75.19000,-59.153728,-65.630123
75.20000,-59.153612,-65.630016
75.21000,-59.153497,-65.629909
75.22000,-59.153383,-65.629803
75.23000,-59.153270,-65.629697
75.24000,-59.153157,-65.629592
75.25000,-59.153045,-65.629486
75.26000,-59.152934,-65.629381
75.27000,-59.152823,-65.629277
75.28000,-59.152714,-65.629173
75.29000,-59.152604,-65.629069
75.30000,-59.152496,-65.628966
75.31000,-59.152388,-65.628863
75.32000,-59.152281,-65.628760
75.33000,-59.152175,-65.628658
75.34000,-59.152069,-65.628556
75.35000,-59.151964,-65.628455
75.36000,-59.151860,-65.628354
75.37000,-59.151757,-65.628253
75.38000,-59.151654,-65.628153
75.39000,-59.151552,-65.628053
75.40000,-59.151451,-65.627953
75.41000,-59.151350,-65.627854
75.42000,-59.151251,-65.627756
75.43000,-59.151152,-65.627657
75.44000,-59.151053,-65.627560
75.45000,-59.150956,-65.627462
75.46000,-59.150859,-65.627365
75.47000,-59.150763,-65.627269
75.48000,-59.150667,-65.627173
75.49000,-59.150573,-65.627077
75.50000,-59.150479,-65.626982
75.51000,-59.150386,-65.626887
75.52000,-59.150293,-65.626792
75.53000,-59.150202,-65.626698
75.54000,-59.150111,-65.626605
75.55000,-59.150021,-65.626512
75.56000,-59.149931,-65.626419
75.57000,-59.149843,-65.626327
75.58000,-59.149755,-65.626235
75.59000,-59.149668,-65.626144
75.60000,-59.149581,-65.626053
75.61000,-59.149496,-65.625963
75.62000,-59.149411,-65.625873
75.63000,-59.149327,-65.625783
75.64000,-59.149243,-65.625694
75.65000,-59.149161,-65.625605
75.66000,-59.149079,-65.625517
75.67000,-59.148998,-65.625430
75.68000,-59.148918,-65.625343
75.69000,-59.148838,-65.625256
75.70000,-59.148760,-65.625170
75.71000,-59.148682,-65.625084
75.72000,-59.148605,-65.624999
75.73000,-59.148528,-65.624914
75.74000,-59.148453,-65.624829
75.75000,-59.148378,-65.624746
75.76000,-59.148304,-65.624662
75.77000,-59.148230,-65.624579
75.78000,-59.148158,-65.624497
75.79000,-59.148086,-65.624415
75.80000,-59.148015,-65.624334
75.81000,-59.147945,-65.624253
75.82000,-59.147875,-65.624172
75.83000,-59.147807,-65.624092
75.84000,-59.147739,-65.624013
75.85000,-59.147672,-65.623934
75.86000,-59.147605,-65.623855
75.87000,-59.147540,-65.623777
75.88000,-59.147475,-65.623700
75.89000,-59.147411,-65.623623
75.90000,-59.147348,-65.623547
75.91000,-59.147285,-65.623471
75.92000,-59.147224,-65.623395
75.93000,-59.147163,-65.623320
75.94000,-59.147103,-65.623246
75.95000,-59.147043,-65.623172
75.96000,-59.146985,-65.623099
75.97000,-59.146927,-65.623026
75.98000,-59.146870,-65.622953
75.99000,-59.146814,-65.622881
76.00000,-59.146759,-65.622810
76.01000,-59.146704,-65.622739
76.02000,-59.146650,-65.622669
76.03000,-59.146597,-65.622599
76.04000,-59.146545,-65.622530
76.05000,-59.146493,-65.622461
76.06000,-59.146443,-65.622393
76.07000,-59.146393,-65.622326
76.08000,-59.146344,-65.622258
76.09000,-59.146295,-65.622192
76.10000,-59.146248,-65.622126
76.11000,-59.146201,-65.622060
76.12000,-59.146155,-65.621995
76.13000,-59.146109,-65.621931
76.14000,-59.146065,-65.621867
76.15000,-59.146021,-65.621803
76.16000,-59.145978,-65.621741
76.17000,-59.145936,-65.621678
76.18000,-59.145895,-65.621616
76.19000,-59.145854,-65.621555
76.20000,-59.145814,-65.621494
76.21000,-59.145775,-65.621434
76.22000,-59.145737,-65.621375
76.23000,-59.145700,-65.621315
76.24000,-59.145663,-65.621257
76.25000,-59.145627,-65.621199
76.26000,-59.145592,-65.621141
76.27000,-59.145557,-65.621085
76.28000,-59.145524,-65.621028
76.29000,-59.145491,-65.620972
76.30000,-59.145459,-65.620917
76.31000,-59.145427,-65.620862
76.32000,-59.145397,-65.620808
76.33000,-59.145367,-65.620754
76.34000,-59.145338,-65.620701
76.35000,-59.145310,-65.620649
76.36000,-59.145282,-65.620597
76.37000,-59.145255,-65.620545
76.38000,-59.145229,-65.620494
76.39000,-59.145204,-65.620444
76.40000,-59.145180,-65.620394
76.41000,-59.145156,-65.620345
76.42000,-59.145133,-65.620296
76.43000,-59.145111,-65.620248
76.44000,-59.145089,-65.620201
76.45000,-59.145069,-65.620154
76.46000,-59.145049,-65.620107
76.47000,-59.145030,-65.620061
76.48000,-59.145011,-65.620016
76.49000,-59.144994,-65.619971
76.50000,-59.144977,-65.619927
76.51000,-59.144960,-65.619883
76.52000,-59.144945,-65.619840
76.53000,-59.144930,-65.619797
76.54000,-59.144916,-65.619755
76.55000,-59.144903,-65.619714
76.56000,-59.144891,-65.619673
76.57000,-59.144879,-65.619632
76.58000,-59.144868,-65.619593
76.59000,-59.144857,-65.619553
76.60000,-59.144848,-65.619515
76.61000,-59.144839,-65.619476
76.62000,-59.144831,-65.619439
76.63000,-59.144824,-65.619402
76.64000,-59.144817,-65.619365
76.65000,-59.144811,-65.619329
76.66000,-59.144806,-65.619294
76.67000,-59.144801,-65.619259
76.68000,-59.144798,-65.619225
76.69000,-59.144795,-65.619191
76.70000,-59.144792,-65.619158
76.71000,-59.144791,-65.619125
76.72000,-59.144790,-65.619093
76.73000,-59.144790,-65.619062
76.74000,-59.144790,-65.619031
76.75000,-59.144791,-65.619000
76.76000,-59.144793,-65.618970
76.77000,-59.144796,-65.618941
76.78000,-59.144799,-65.618912
76.79000,-59.144803,-65.618884
76.80000,-59.144808,-65.618856
76.81000,-59.144814,-65.618829
76.82000,-59.144820,-65.618803
76.83000,-59.144827,-65.618777
76.84000,-59.144834,-65.618751
76.85000,-59.144842,-65.618726
76.86000,-59.144851,-65.618702
76.87000,-59.144861,-65.618678
76.88000,-59.144871,-65.618655
76.89000,-59.144882,-65.618632
76.90000,-59.144893,-65.618610
76.91000,-59.144906,-65.618588
76.92000,-59.144919,-65.618567
76.93000,-59.144932,-65.618546
76.94000,-59.144947,-65.618526
76.95000,-59.144962,-65.618507
76.96000,-59.144977,-65.618488
76.97000,-59.144993,-65.618470
76.98000,-59.145010,-65.618452
76.99000,-59.145028,-65.618434
77.00000,-59.145046,-65.618418
77.01000,-59.145065,-65.618401
77.02000,-59.145085,-65.618386
77.03000,-59.145105,-65.618370
77.04000,-59.145126,-65.618356
77.05000,-59.145147,-65.618342
77.06000,-59.145169,-65.618328
77.07000,-59.145192,-65.618315
77.08000,-59.145215,-65.618303
77.09000,-59.145239,-65.618291
77.10000,-59.145264,-65.618279
77.11000,-59.145289,-65.618268
77.12000,-59.145315,-65.618258
77.13000,-59.145341,-65.618248
77.14000,-59.145369,-65.618239
77.15000,-59.145396,-65.618230
77.16000,-59.145425,-65.618221
77.17000,-59.145454,-65.618214
77.18000,-59.145483,-65.618206
77.19000,-59.145513,-65.618200
77.20000,-59.145544,-65.618193
77.21000,-59.145576,-65.618188
77.22000,-59.145607,-65.618182
77.23000,-59.145640,-65.618178
77.24000,-59.145673,-65.618174
77.25000,-59.145707,-65.618170
77.26000,-59.145741,-65.618167
77.27000,-59.145776,-65.618164
77.28000,-59.145812,-65.618162
77.29000,-59.145848,-65.618160
77.30000,-59.145884,-65.618159
77.31000,-59.145922,-65.618159
77.32000,-59.145959,-65.618159
77.33000,-59.145998,-65.618159
77.34000,-59.146037,-65.618160
77.35000,-59.146076,-65.618161
77.36000,-59.146116,-65.618163
77.37000,-59.146157,-65.618166
77.38000,-59.146198,-65.618169
77.39000,-59.146240,-65.618172
77.40000,-59.146282,-65.618176
77.41000,-59.146325,-65.618180
77.42000,-59.146368,-65.618185
77.43000,-59.146412,-65.618190
77.44000,-59.146456,-65.618196
77.45000,-59.146501,-65.618203
77.46000,-59.146546,-65.618209
77.47000,-59.146592,-65.618217
77.48000,-59.146639,-65.618225
77.49000,-59.146686,-65.618233
77.50000,-59.146733,-65.618242
77.51000,-59.146781,-65.618251
77.52000,-59.146830,-65.618260
77.53000,-59.146879,-65.618271
77.54000,-59.146929,-65.618281
77.55000,-59.146979,-65.618292
77.56000,-59.147029,-65.618304
77.57000,-59.147080,-65.618316
77.58000,-59.147132,-65.618328
77.59000,-59.147184,-65.618341
77.60000,-59.147236,-65.618355
77.61000,-59.147289,-65.618369
77.62000,-59.147343,-65.618383
77.63000,-59.147396,-65.618398
77.64000,-59.147451,-65.618413
77.65000,-59.147506,-65.618429
77.66000,-59.147561,-65.618445
77.67000,-59.147617,-65.618462
77.68000,-59.147673,-65.618479
77.69000,-59.147730,-65.618496
77.70000,-59.147787,-65.618514
77.71000,-59.147844,-65.618532
77.72000,-59.147903,-65.618551
77.73000,-59.147961,-65.618570
77.74000,-59.148020,-65.618590
77.75000,-59.148079,-65.618610
77.76000,-59.148139,-65.618631
77.77000,-59.148199,-65.618652
77.78000,-59.148260,-65.618673
77.79000,-59.148321,-65.618695
77.80000,-59.148382,-65.618717
77.81000,-59.148444,-65.618740
77.82000,-59.148507,-65.618763
77.83000,-59.148569,-65.618787
77.84000,-59.148632,-65.618811
77.85000,-59.148696,-65.618835
77.86000,-59.148760,-65.618860
77.87000,-59.148824,-65.618885
77.88000,-59.148889,-65.618911
77.89000,-59.148954,-65.618937
77.90000,-59.149019,-65.618963
77.91000,-59.149085,-65.618990
77.92000,-59.149151,-65.619017
77.93000,-59.149218,-65.619045
77.94000,-59.149285,-65.619073
77.95000,-59.149352,-65.619101
77.96000,-59.149420,-65.619130
77.97000,-59.149488,-65.619159
77.98000,-59.149556,-65.619189
77.99000,-59.149625,-65.619219
78.00000,-59.149694,-65.619249
78.01000,-59.149764,-65.619280
78.02000,-59.149834,-65.619311
78.03000,-59.149904,-65.619342
78.04000,-59.149974,-65.619374
78.05000,-59.150045,-65.619407
78.06000,-59.150116,-65.619439
78.07000,-59.150188,-65.619472
78.08000,-59.150259,-65.619506
78.09000,-59.150331,-65.619539
78.10000,-59.150404,-65.619573
78.11000,-59.150476,-65.619608
78.12000,-59.150550,-65.619643
78.13000,-59.150623,-65.619678
78.14000,-59.150696,-65.619713
78.15000,-59.150770,-65.619749
78.16000,-59.150845,-65.619785
78.17000,-59.150919,-65.619822
78.18000,-59.150994,-65.619859
78.19000,-59.151069,-65.619896
78.20000,-59.151144,-65.619934
78.21000,-59.151220,-65.619972
78.22000,-59.151296,-65.620010
78.23000,-59.151372,-65.620048
78.24000,-59.151448,-65.620087
78.25000,-59.151525,-65.620127
78.26000,-59.151602,-65.620166
78.27000,-59.151679,-65.620206
78.28000,-59.151757,-65.620246
78.29000,-59.151835,-65.620287
78.30000,-59.151912,-65.620328
78.31000,-59.151991,-65.620369
78.32000,-59.152069,-65.620410
78.33000,-59.152148,-65.620452
78.34000,-59.152227,-65.620494
78.35000,-59.152306,-65.620537
78.36000,-59.152385,-65.620579
78.37000,-59.152465,-65.620622
78.38000,-59.152544,-65.620666
78.39000,-59.152624,-65.620709
78.40000,-59.152705,-65.620753
78.41000,-59.152785,-65.620797
78.42000,-59.152866,-65.620842
78.43000,-59.152946,-65.620887
78.44000,-59.153027,-65.620932
78.45000,-59.153109,-65.620977
78.46000,-59.153190,-65.621023
78.47000,-59.153272,-65.621069
78.48000,-59.153353,-65.621115
78.49000,-59.153435,-65.621161
78.50000,-59.153517,-65.621208
78.51000,-59.153600,-65.621255
78.52000,-59.153682,-65.621302
78.53000,-59.153765,-65.621350
78.54000,-59.153847,-65.621397
78.55000,-59.153930,-65.621445
78.56000,-59.154013,-65.621494
78.57000,-59.154097,-65.621542
78.58000,-59.154180,-65.621591
78.59000,-59.154263,-65.621640
78.60000,-59.154347,-65.621689
78.61000,-59.154431,-65.621739
78.62000,-59.154515,-65.621789
78.63000,-59.154599,-65.621839
78.64000,-59.154683,-65.621889
78.65000,-59.154767,-65.621939
78.66000,-59.154852,-65.621990
78.67000,-59.154936,-65.622041
78.68000,-59.155021,-65.622092
78.69000,-59.155105,-65.622143
78.70000,-59.155190,-65.622195
78.71000,-59.155275,-65.622247
78.72000,-59.155360,-65.622299
78.73000,-59.155445,-65.622351
78.74000,-59.155531,-65.622403
78.75000,-59.155616,-65.622456
78.76000,-59.155701,-65.622509
78.77000,-59.155787,-65.622562
78.78000,-59.155872,-65.622615
78.79000,-59.155958,-65.622669
78.80000,-59.156044,-65.622722
78.81000,-59.156129,-65.622776
78.82000,-59.156215,-65.622830
78.83000,-59.156301,-65.622884
78.84000,-59.156387,-65.622939
78.85000,-59.156473,-65.622993
78.86000,-59.156559,-65.623048
78.87000,-59.156645,-65.623103
78.88000,-59.156731,-65.623158
78.89000,-59.156817,-65.623213
78.90000,-59.156904,-65.623269
78.91000,-59.156990,-65.623325
78.92000,-59.157076,-65.623380
78.93000,-59.157163,-65.623436
78.94000,-59.157249,-65.623492
78.95000,-59.157335,-65.623549
78.96000,-59.157422,-65.623605
78.97000,-59.157508,-65.623662
78.98000,-59.157594,-65.623718
78.99000,-59.157681,-65.623775
79.00000,-59.157767,-65.623832
79.01000,-59.157854,-65.623890
79.02000,-59.157940,-65.623947
79.03000,-59.158026,-65.624004
79.04000,-59.158113,-65.624062
79.05000,-59.158199,-65.624120
79.06000,-59.158286,-65.624177
79.07000,-59.158372,-65.624235
79.08000,-59.158458,-65.624293
79.09000,-59.158545,-65.624352
79.10000,-59.158631,-65.624410
79.11000,-59.158717,-65.624469
79.12000,-59.158803,-65.624527
79.13000,-59.158889,-65.624586
79.14000,-59.158976,-65.624645
79.15000,-59.159062,-65.624704
79.16000,-59.159148,-65.624763
79.17000,-59.159234,-65.624822
79.18000,-59.159320,-65.624881
79.19000,-59.159406,-65.624940
79.20000,-59.159492,-65.625000
79.21000,-59.159577,-65.625059
79.22000,-59.159663,-65.625119
79.23000,-59.159749,-65.625178
79.24000,-59.159834,-65.625238
79.25000,-59.159920,-65.625298
79.26000,-59.160005,-65.625358
79.27000,-59.160091,-65.625418
79.28000,-59.160176,-65.625478
79.29000,-59.160261,-65.625538
79.30000,-59.160346,-65.625598
79.31000,-59.160431,-65.625659
79.32000,-59.160516,-65.625719
79.33000,-59.160601,-65.625780
79.34000,-59.160686,-65.625840
79.35000,-59.160770,-65.625901
79.36000,-59.160855,-65.625961
79.37000,-59.160939,-65.626022
79.38000,-59.161023,-65.626083
79.39000,-59.161108,-65.626143
79.40000,-59.161192,-65.626204
79.41000,-59.161276,-65.626265
79.42000,-59.161360,-65.626326
79.43000,-59.161443,-65.626387
79.44000,-59.161527,-65.626448
79.45000,-59.161610,-65.626509
79.46000,-59.161694,-65.626570
79.47000,-59.161777,-65.626631
79.48000,-59.161860,-65.626692
79.49000,-59.161943,-65.626753
79.50000,-59.162025,-65.626815
79.51000,-59.162108,-65.626876
79.52000,-59.162191,-65.626937
79.53000,-59.162273,-65.626998
79.54000,-59.162355,-65.627059
79.55000,-59.162437,-65.627121
79.56000,-59.162519,-65.627182
79.57000,-59.162601,-65.627243
79.58000,-59.162682,-65.627305
79.59000,-59.162763,-65.627366
79.60000,-59.162845,-65.627427
79.61000,-59.162926,-65.627488
79.62000,-59.163007,-65.627550
79.63000,-59.163087,-65.627611
79.64000,-59.163168,-65.627672
79.65000,-59.163248,-65.627733
79.66000,-59.163328,-65.627795
79.67000,-59.163408,-65.627856
79.68000,-59.163488,-65.627917
79.69000,-59.163567,-65.627978
79.70000,-59.163647,-65.628040
79.71000,-59.163726,-65.628101
79.72000,-59.163805,-65.628162
79.73000,-59.163883,-65.628223
79.74000,-59.163962,-65.628284
79.75000,-59.164040,-65.628345
79.76000,-59.164119,-65.628406
79.77000,-59.164196,-65.628467
79.78000,-59.164274,-65.628528
79.79000,-59.164352,-65.628589
79.80000,-59.164429,-65.628650
79.81000,-59.164506,-65.628710
79.82000,-59.164583,-65.628771
79.83000,-59.164659,-65.628832
79.84000,-59.164736,-65.628893
79.85000,-59.164812,-65.628953
79.86000,-59.164888,-65.629014
79.87000,-59.164964,-65.629074
79.88000,-59.165039,-65.629135
79.89000,-59.165114,-65.629195
79.90000,-59.165189,-65.629255
79.91000,-59.165264,-65.629315
79.92000,-59.165338,-65.629376
79.93000,-59.165413,-65.629436
79.94000,-59.165487,-65.629496
79.95000,-59.165560,-65.629556
79.96000,-59.165634,-65.629616
79.97000,-59.165707,-65.629675
79.98000,-59.165780,-65.629735
79.99000,-59.165853,-65.629795
80.00000,-59.165925,-65.629854
80.01000,-59.165998,-65.629914
80.02000,-59.166069,-65.629973
80.03000,-59.166141,-65.630032
80.04000,-59.166213,-65.630092
80.05000,-59.166284,-65.630151
80.06000,-59.166354,-65.630210
80.07000,-59.166425,-65.630268
80.08000,-59.166495,-65.630327
80.09000,-59.166565,-65.630386
80.10000,-59.166635,-65.630445
80.11000,-59.166705,-65.630503
80.12000,-59.166774,-65.630561
80.13000,-59.166843,-65.630620
80.14000,-59.166911,-65.630678
80.15000,-59.166980,-65.630736
80.16000,-59.167048,-65.630794
80.17000,-59.167115,-65.630852
80.18000,-59.167183,-65.630909
80.19000,-59.167250,-65.630967
80.20000,-59.167317,-65.631024
80.21000,-59.167383,-65.631082
80.22000,-59.167450,-65.631139
80.23000,-59.167516,-65.631196
80.24000,-59.167581,-65.631253
80.25000,-59.167647,-65.631310
80.26000,-59.167712,-65.631367
80.27000,-59.167776,-65.631423
80.28000,-59.167841,-65.631480
80.29000,-59.167905,-65.631536
80.30000,-59.167969,-65.631592
80.31000,-59.168032,-65.631648
80.32000,-59.168095,-65.631704
80.33000,-59.168158,-65.631760
80.34000,-59.168221,-65.631815
80.35000,-59.168283,-65.631871
80.36000,-59.168345,-65.631926
80.37000,-59.168406,-65.631981
80.38000,-59.168468,-65.632036
80.39000,-59.168529,-65.632091
80.40000,-59.168589,-65.632145
80.41000,-59.168649,-65.632200
80.42000,-59.168709,-65.632254
80.43000,-59.168769,-65.632308
80.44000,-59.168828,-65.632362
80.45000,-59.168887,-65.632416
80.46000,-59.168946,-65.632470
80.47000,-59.169004,-65.632523
80.48000,-59.169062,-65.632577
80.49000,-59.169119,-65.632630
80.50000,-59.169177,-65.632683
80.51000,-59.169234,-65.632736
80.52000,-59.169290,-65.632788
80.53000,-59.169346,-65.632841
80.54000,-59.169402,-65.632893
80.55000,-59.169458,-65.632945
80.56000,-59.169513,-65.632997
80.57000,-59.169568,-65.633049
80.58000,-59.169622,-65.633101
80.59000,-59.169676,-65.633152
80.60000,-59.169730,-65.633203
80.61000,-59.169783,-65.633254
80.62000,-59.169836,-65.633305
80.63000,-59.169889,-65.633356
80.64000,-59.169941,-65.633406
80.65000,-59.169993,-65.633457
80.66000,-59.170045,-65.633507
80.67000,-59.170096,-65.633557
80.68000,-59.170147,-65.633606
80.69000,-59.170198,-65.633656
80.70000,-59.170248,-65.633705
80.71000,-59.170298,-65.633754
80.72000,-59.170347,-65.633803
80.73000,-59.170396,-65.633852
80.74000,-59.170445,-65.633900
80.75000,-59.170494,-65.633948
80.76000,-59.170542,-65.633996
80.77000,-59.170589,-65.634044
80.78000,-59.170636,-65.634092
80.79000,-59.170683,-65.634139
80.80000,-59.170730,-65.634186
80.81000,-59.170776,-65.634233
80.82000,-59.170822,-65.634280
80.83000,-59.170867,-65.634327
80.84000,-59.170912,-65.634373
80.85000,-59.170957,-65.634419
80.86000,-59.171001,-65.634465
80.87000,-59.171045,-65.634511
80.88000,-59.171089,-65.634556
80.89000,-59.171132,-65.634602
80.90000,-59.171175,-65.634647
80.91000,-59.171217,-65.634692
80.92000,-59.171259,-65.634736
80.93000,-59.171301,-65.634780
80.94000,-59.171342,-65.634825
80.95000,-59.171383,-65.634868
80.96000,-59.171424,-65.634912
80.97000,-59.171464,-65.634956
80.98000,-59.171504,-65.634999
80.99000,-59.171543,-65.635042
81.00000,-59.171582,-65.635085
81.01000,-59.171621,-65.635127
81.02000,-59.171659,-65.635169
81.03000,-59.171697,-65.635211
81.04000,-59.171734,-65.635253
81.05000,-59.171771,-65.635295
81.06000,-59.171808,-65.635336
81.07000,-59.171844,-65.635377
81.08000,-59.171880,-65.635418
81.09000,-59.171916,-65.635459
81.10000,-59.171951,-65.635499
81.11000,-59.171986,-65.635539
81.12000,-59.172020,-65.635579
81.13000,-59.172054,-65.635619
81.14000,-59.172088,-65.635658
81.15000,-59.172121,-65.635697
81.16000,-59.172154,-65.635736
81.17000,-59.172187,-65.635775
81.18000,-59.172219,-65.635813
81.19000,-59.172250,-65.635851
81.20000,-59.172282,-65.635889
81.21000,-59.172313,-65.635927
81.22000,-59.172343,-65.635964
81.23000,-59.172373,-65.636001
81.24000,-59.172403,-65.636038
81.25000,-59.172432,-65.636075
81.26000,-59.172461,-65.636111
81.27000,-59.172490,-65.636147
81.28000,-59.172518,-65.636183
81.29000,-59.172546,-65.636219
81.30000,-59.172574,-65.636254
81.31000,-59.172601,-65.636289
81.32000,-59.172627,-65.636324
81.33000,-59.172654,-65.636359
81.34000,-59.172680,-65.636393
81.35000,-59.172705,-65.636427
81.36000,-59.172730,-65.636461
81.37000,-59.172755,-65.636494
81.38000,-59.172779,-65.636528
81.39000,-59.172803,-65.636561
81.40000,-59.172827,-65.636593
81.41000,-59.172850,-65.636626
81.42000,-59.172873,-65.636658
81.43000,-59.172895,-65.636690
81.44000,-59.172917,-65.636722
81.45000,-59.172939,-65.636753
81.46000,-59.172960,-65.636784
81.47000,-59.172981,-65.636815
81.48000,-59.173002,-65.636846
81.49000,-59.173022,-65.636876
81.50000,-59.173042,-65.636906
81.51000,-59.173061,-65.636936
81.52000,-59.173080,-65.636966
81.53000,-59.173099,-65.636995
81.54000,-59.173117,-65.637024
81.55000,-59.173135,-65.637053
81.56000,-59.173152,-65.637081
81.57000,-59.173169,-65.637110
81.58000,-59.173186,-65.637138
81.59000,-59.173202,-65.637165
81.60000,-59.173218,-65.637193
81.61000,-59.173234,-65.637220
81.62000,-59.173249,-65.637247
81.63000,-59.173264,-65.637273
81.64000,-59.173278,-65.637300
81.65000,-59.173292,-65.637326
81.66000,-59.173306,-65.637351
81.67000,-59.173319,-65.637377
81.68000,-59.173332,-65.637402
81.69000,-59.173344,-65.637427
81.70000,-59.173357,-65.637452
81.71000,-59.173368,-65.637476
81.72000,-59.173380,-65.637500
81.73000,-59.173391,-65.637524
81.74000,-59.173401,-65.637548
81.75000,-59.173412,-65.637571
81.76000,-59.173422,-65.637594
81.77000,-59.173431,-65.637617
81.78000,-59.173440,-65.637640
81.79000,-59.173449,-65.637662
81.80000,-59.173458,-65.637684
81.81000,-59.173466,-65.637705
81.82000,-59.173473,-65.637727
81.83000,-59.173481,-65.637748
81.84000,-59.173488,-65.637769
81.85000,-59.173494,-65.637789
81.86000,-59.173501,-65.637810
81.87000,-59.173506,-65.637830
81.88000,-59.173512,-65.637850
81.89000,-59.173517,-65.637869
81.90000,-59.173522,-65.637888
81.91000,-59.173526,-65.637907
81.92000,-59.173530,-65.637926
81.93000,-59.173534,-65.637944
81.94000,-59.173537,-65.637962
81.95000,-59.173540,-65.637980
81.96000,-59.173543,-65.637998
81.97000,-59.173545,-65.638015
81.98000,-59.173547,-65.638032
81.99000,-59.173549,-65.638049
82.00000,-59.173550,-65.638065
82.01000,-59.173551,-65.638082
82.02000,-59.173551,-65.638097
82.03000,-59.173552,-65.638113
82.04000,-59.173551,-65.638128
82.05000,-59.173551,-65.638144
82.06000,-59.173550,-65.638158
82.07000,-59.173549,-65.638173
82.08000,-59.173547,-65.638187
82.09000,-59.173545,-65.638201
82.10000,-59.173543,-65.638215
82.11000,-59.173540,-65.638229
82.12000,-59.173537,-65.638242
82.13000,-59.173534,-65.638255
82.14000,-59.173531,-65.638267
82.15000,-59.173527,-65.638280
82.16000,-59.173522,-65.638292
82.17000,-59.173518,-65.638304
82.18000,-59.173513,-65.638315
82.19000,-59.173507,-65.638327
82.20000,-59.173502,-65.638338
82.21000,-59.173496,-65.638348
82.22000,-59.173490,-65.638359
82.23000,-59.173483,-65.638369
82.24000,-59.173476,-65.638379
82.25000,-59.173469,-65.638389
82.26000,-59.173461,-65.638398
82.27000,-59.173453,-65.638407
82.28000,-59.173445,-65.638416
82.29000,-59.173436,-65.638425
82.30000,-59.173427,-65.638433
82.31000,-59.173418,-65.638441
82.32000,-59.173409,-65.638449
82.33000,-59.173399,-65.638457
82.34000,-59.173389,-65.638464
82.35000,-59.173378,-65.638471
82.36000,-59.173367,-65.638478
82.37000,-59.173356,-65.638484
82.38000,-59.173345,-65.638491
82.39000,-59.173333,-65.638497
82.40000,-59.173321,-65.638502
82.41000,-59.173309,-65.638508
82.42000,-59.173296,-65.638513
82.43000,-59.173283,-65.638518
82.44000,-59.173270,-65.638523
82.45000,-59.173256,-65.638527
82.46000,-59.173242,-65.638531
82.47000,-59.173228,-65.638535
82.48000,-59.173213,-65.638539
82.49000,-59.173199,-65.638542
82.50000,-59.173184,-65.638546
82.51000,-59.173168,-65.638548
82.52000,-59.173153,-65.638551
82.53000,-59.173137,-65.638553
82.54000,-59.173120,-65.638556
82.55000,-59.173104,-65.638557
82.56000,-59.173087,-65.638559
82.57000,-59.173070,-65.638560
82.58000,-59.173053,-65.638562
82.59000,-59.173035,-65.638562
82.60000,-59.173017,-65.638563
82.61000,-59.172999,-65.638563
82.62000,-59.172980,-65.638564
82.63000,-59.172961,-65.638563
82.64000,-59.172942,-65.638563
82.65000,-59.172923,-65.638562
82.66000,-59.172903,-65.638562
82.67000,-59.172883,-65.638560
82.68000,-59.172863,-65.638559
82.69000,-59.172843,-65.638558
82.70000,-59.172822,-65.638556
82.71000,-59.172801,-65.638554
82.72000,-59.172780,-65.638551
82.73000,-59.172758,-65.638549
82.74000,-59.172737,-65.638546
82.75000,-59.172715,-65.638543
82.76000,-59.172692,-65.638540
82.77000,-59.172670,-65.638536
82.78000,-59.172647,-65.638532
82.79000,-59.172624,-65.638528
82.80000,-59.172601,-65.638524
82.81000,-59.172577,-65.638520
82.82000,-59.172553,-65.638515
82.83000,-59.172529,-65.638510
82.84000,-59.172505,-65.638505
82.85000,-59.172480,-65.638499
82.86000,-59.172456,-65.638494
82.87000,-59.172431,-65.638488
82.88000,-59.172405,-65.638482
82.89000,-59.172380,-65.638476
82.90000,-59.172354,-65.638469
82.91000,-59.172328,-65.638462
82.92000,-59.172302,-65.638455
82.93000,-59.172276,-65.638448
82.94000,-59.172249,-65.638441
82.95000,-59.172222,-65.638433
82.96000,-59.172195,-65.638425
82.97000,-59.172167,-65.638417
82.98000,-59.172140,-65.638409
82.99000,-59.172112,-65.638400
83.00000,-59.172084,-65.638391
83.01000,-59.172056,-65.638382
83.02000,-59.172027,-65.638373
83.03000,-59.171999,-65.638364
83.04000,-59.171970,-65.638354
83.05000,-59.171941,-65.638344
83.06000,-59.171911,-65.638334
83.07000,-59.171882,-65.638324
83.08000,-59.171852,-65.638313
83.09000,-59.171822,-65.638303
83.10000,-59.171792,-65.638292
83.11000,-59.171762,-65.638281
83.12000,-59.171731,-65.638269
83.13000,-59.171700,-65.638258
83.14000,-59.171669,-65.638246
83.15000,-59.171638,-65.638234
83.16000,-59.171607,-65.638222
83.17000,-59.171575,-65.638210
83.18000,-59.171544,-65.638197
83.19000,-59.171512,-65.638185
83.20000,-59.171480,-65.638172
83.21000,-59.171447,-65.638158
83.22000,-59.171415,-65.638145
83.23000,-59.171382,-65.638132
83.24000,-59.171349,-65.638118
83.25000,-59.171316,-65.638104
83.26000,-59.171283,-65.638090
83.27000,-59.171250,-65.638076
83.28000,-59.171216,-65.638061
83.29000,-59.171183,-65.638046
83.30000,-59.171149,-65.638031
83.31000,-59.171115,-65.638016
83.32000,-59.171080,-65.638001
83.33000,-59.171046,-65.637986
83.34000,-59.171011,-65.637970
83.35000,-59.170977,-65.637954
83.36000,-59.170942,-65.637938
83.37000,-59.170907,-65.637922
83.38000,-59.170872,-65.637906
83.39000,-59.170836,-65.637889
83.40000,-59.170801,-65.637873
83.41000,-59.170765,-65.637856
83.42000,-59.170729,-65.637839
83.43000,-59.170693,-65.637821
83.44000,-59.170657,-65.637804
83.45000,-59.170621,-65.637786
83.46000,-59.170585,-65.637769
83.47000,-59.170548,-65.637751
83.48000,-59.170511,-65.637733
83.49000,-59.170475,-65.637714
83.50000,-59.170438,-65.637696
83.51000,-59.170401,-65.637677
83.52000,-59.170363,-65.637659
83.53000,-59.170326,-65.637640
83.54000,-59.170288,-65.637621
83.55000,-59.170251,-65.637601
83.56000,-59.170213,-65.637582
83.57000,-59.170175,-65.637562
83.58000,-59.170137,-65.637543
83.59000,-59.170099,-65.637523
83.60000,-59.170061,-65.637503
83.61000,-59.170023,-65.637483
83.62000,-59.169984,-65.637462
83.63000,-59.169946,-65.637442
83.64000,-59.169907,-65.637421
83.65000,-59.169868,-65.637400
83.66000,-59.169829,-65.637379
83.67000,-59.169790,-65.637358
83.68000,-59.169751,-65.637337
83.69000,-59.169712,-65.637316
83.70000,-59.169672,-65.637294
83.71000,-59.169633,-65.637272
83.72000,-59.169594,-65.637251
83.73000,-59.169554,-65.637229
83.74000,-59.169514,-65.637206
83.75000,-59.169474,-65.637184
83.76000,-59.169434,-65.637162
83.77000,-59.169394,-65.637139
83.78000,-59.169354,-65.637117
83.79000,-59.169314,-65.637094
83.80000,-59.169274,-65.637071
83.81000,-59.169234,-65.637048
83.82000,-59.169193,-65.637025
83.83000,-59.169153,-65.637001
83.84000,-59.169112,-65.636978
83.85000,-59.169071,-65.636955
83.86000,-59.169031,-65.636931
83.87000,-59.168990,-65.636907
83.88000,-59.168949,-65.636883
83.89000,-59.168908,-65.636859
83.90000,-59.168867,-65.636835
83.91000,-59.168826,-65.636811
83.92000,-59.168785,-65.636786
83.93000,-59.168744,-65.636762
83.94000,-59.168702,-65.636737
83.95000,-59.168661,-65.636712
83.96000,-59.168620,-65.636687
83.97000,-59.168578,-65.636662
83.98000,-59.168537,-65.636637
83.99000,-59.168495,-65.636612
84.00000,-59.168454,-65.636587
84.01000,-59.168412,-65.636561
84.02000,-59.168370,-65.636536
84.03000,-59.168328,-65.636510
84.04000,-59.168287,-65.636485
84.05000,-59.168245,-65.636459
84.06000,-59.168203,-65.636433
84.07000,-59.168161,-65.636407
84.08000,-59.168119,-65.636381
84.09000,-59.168077,-65.636354
84.10000,-59.168035,-65.636328
84.11000,-59.167993,-65.636302
84.12000,-59.167951,-65.636275
84.13000,-59.167909,-65.636249
84.14000,-59.167867,-65.636222
84.15000,-59.167824,-65.636195
84.16000,-59.167782,-65.636168
84.17000,-59.167740,-65.636141
84.18000,-59.167698,-65.636114
84.19000,-59.167655,-65.636087
84.20000,-59.167613,-65.636060
84.21000,-59.167571,-65.636033
84.22000,-59.167529,-65.636005
84.23000,-59.167486,-65.635978
84.24000,-59.167444,-65.635950
84.25000,-59.167401,-65.635923
84.26000,-59.167359,-65.635895
84.27000,-59.167317,-65.635867
84.28000,-59.167274,-65.635839
84.29000,-59.167232,-65.635812
84.30000,-59.167190,-65.635784
84.31000,-59.167147,-65.635755
84.32000,-59.167105,-65.635727
84.33000,-59.167062,-65.635699
84.34000,-59.167020,-65.635671
84.35000,-59.166978,-65.635643
84.36000,-59.166935,-65.635614
84.37000,-59.166893,-65.635586
84.38000,-59.166851,-65.635557
84.39000,-59.166808,-65.635529
84.40000,-59.166766,-65.635500
84.41000,-59.166724,-65.635471
84.42000,-59.166681,-65.635443
84.43000,-59.166639,-65.635414
84.44000,-59.166597,-65.635385
84.45000,-59.166554,-65.635356
84.46000,-59.166512,-65.635327
84.47000,-59.166470,-65.635298
84.48000,-59.166428,-65.635269
84.49000,-59.166386,-65.635240
84.50000,-59.166344,-65.635211
84.51000,-59.166301,-65.635182
84.52000,-59.166259,-65.635152
84.53000,-59.166217,-65.635123
84.54000,-59.166175,-65.635094
84.55000,-59.166133,-65.635064
84.56000,-59.166091,-65.635035
84.57000,-59.166050,-65.635005
84.58000,-59.166008,-65.634976
84.59000,-59.165966,-65.634946
84.60000,-59.165924,-65.634917
84.61000,-59.165882,-65.634887
84.62000,-59.165841,-65.634858
84.63000,-59.165799,-65.634828
84.64000,-59.165757,-65.634798
84.65000,-59.165716,-65.634769
84.66000,-59.165674,-65.634739
84.67000,-59.165633,-65.634709
84.68000,-59.165592,-65.634679
84.69000,-59.165550,-65.634649
84.70000,-59.165509,-65.634620
84.71000,-59.165468,-65.634590
84.72000,-59.165427,-65.634560
84.73000,-59.165385,-65.634530
84.74000,-59.165344,-65.634500
84.75000,-59.165303,-65.634470
84.76000,-59.165263,-65.634440
84.77000,-59.165222,-65.634410
84.78000,-59.165181,-65.634380
84.79000,-59.165140,-65.634350
84.80000,-59.165100,-65.634320
84.81000,-59.165059,-65.634290
84.82000,-59.165019,-65.634260
84.83000,-59.164978,-65.634230
84.84000,-59.164938,-65.634200
84.85000,-59.164897,-65.634170
84.86000,-59.164857,-65.634140
84.87000,-59.164817,-65.634110
84.88000,-59.164777,-65.634080
84.89000,-59.164737,-65.634049
84.90000,-59.164697,-65.634019
84.91000,-59.164657,-65.633989
84.92000,-59.164618,-65.633959
84.93000,-59.164578,-65.633929
84.94000,-59.164539,-65.633899
84.95000,-59.164499,-65.633869
84.96000,-59.164460,-65.633839
84.97000,-59.164421,-65.633809
84.98000,-59.164381,-65.633779
84.99000,-59.164342,-65.633749
85.00000,-59.164303,-65.633719
85.01000,-59.164264,-65.633689
85.02000,-59.164226,-65.633659
85.03000,-59.164187,-65.633629
85.04000,-59.164148,-65.633599
85.05000,-59.164110,-65.633569
85.06000,-59.164071,-65.633539
85.07000,-59.164033,-65.633509
85.08000,-59.163995,-65.633479
85.09000,-59.163957,-65.633449
85.10000,-59.163919,-65.633419
85.11000,-59.163881,-65.633389
85.12000,-59.163843,-65.633359
85.13000,-59.163805,-65.633330
85.14000,-59.163768,-65.633300
85.15000,-59.163730,-65.633270
85.16000,-59.163693,-65.633240
85.17000,-59.163656,-65.633211
85.18000,-59.163619,-65.633181
85.19000,-59.163582,-65.633151
85.20000,-59.163545,-65.633122
85.21000,-59.163508,-65.633092
85.22000,-59.163472,-65.633063
85.23000,-59.163435,-65.633033
85.24000,-59.163399,-65.633004
85.25000,-59.163362,-65.632974
85.26000,-59.163326,-65.632945
85.27000,-59.163290,-65.632915
85.28000,-59.163254,-65.632886
85.29000,-59.163219,-65.632857
85.30000,-59.163183,-65.632827
85.31000,-59.163147,-65.632798
85.32000,-59.163112,-65.632769
85.33000,-59.163077,-65.632740
85.34000,-59.163042,-65.632711
85.35000,-59.163007,-65.632682
85.36000,-59.162972,-65.632653
85.37000,-59.162937,-65.632624
85.38000,-59.162902,-65.632595
85.39000,-59.162868,-65.632566
85.40000,-59.162834,-65.632537
85.41000,-59.162799,-65.632509
85.42000,-59.162765,-65.632480
85.43000,-59.162732,-65.632451
85.44000,-59.162698,-65.632423
85.45000,-59.162664,-65.632394
85.46000,-59.162631,-65.632366
85.47000,-59.162597,-65.632337
85.48000,-59.162564,-65.632309
85.49000,-59.162531,-65.632281
85.50000,-59.162498,-65.632252
85.51000,-59.162465,-65.632224
85.52000,-59.162433,-65.632196
85.53000,-59.162400,-65.632168
85.54000,-59.162368,-65.632140
85.55000,-59.162336,-65.632112
85.56000,-59.162304,-65.632084
85.57000,-59.162272,-65.632056
85.58000,-59.162240,-65.632029
85.59000,-59.162208,-65.632001
85.60000,-59.162177,-65.631973
85.61000,-59.162146,-65.631946
85.62000,-59.162115,-65.631918
85.63000,-59.162084,-65.631891
85.64000,-59.162053,-65.631864
85.65000,-59.162022,-65.631837
85.66000,-59.161992,-65.631809
85.67000,-59.161961,-65.631782
85.68000,-59.161931,-65.631755
85.69000,-59.161901,-65.631728
85.70000,-59.161871,-65.631701
85.71000,-59.161842,-65.631675
85.72000,-59.161812,-65.631648
85.73000,-59.161783,-65.631621
85.74000,-59.161753,-65.631595
85.75000,-59.161724,-65.631568
85.76000,-59.161695,-65.631542
85.77000,-59.161667,-65.631515
85.78000,-59.161638,-65.631489
85.79000,-59.161610,-65.631463
85.80000,-59.161581,-65.631437
85.81000,-59.161553,-65.631411
85.82000,-59.161526,-65.631385
85.83000,-59.161498,-65.631359
85.84000,-59.161470,-65.631333
85.85000,-59.161443,-65.631308
85.86000,-59.161416,-65.631282
85.87000,-59.161389,-65.631257
85.88000,-59.161362,-65.631231
85.89000,-59.161335,-65.631206
85.90000,-59.161308,-65.631181
85.91000,-59.161282,-65.631156
85.92000,-59.161256,-65.631131
85.93000,-59.161230,-65.631106
85.94000,-59.161204,-65.631081
85.95000,-59.161178,-65.631056
85.96000,-59.161153,-65.631032
85.97000,-59.161127,-65.631007
85.98000,-59.161102,-65.630983
85.99000,-59.161077,-65.630958
86.00000,-59.161053,-65.630934
86.01000,-59.161028,-65.630910
86.02000,-59.161003,-65.630886
86.03000,-59.160979,-65.630862
86.04000,-59.160955,-65.630838
86.05000,-59.160931,-65.630814
86.06000,-59.160907,-65.630790
86.07000,-59.160884,-65.630767
86.08000,-59.160861,-65.630743
86.09000,-59.160837,-65.630720
86.10000,-59.160814,-65.630697
86.11000,-59.160792,-65.630674
86.12000,-59.160769,-65.630651
86.13000,-59.160746,-65.630628
86.14000,-59.160724,-65.630605
86.15000,-59.160702,-65.630582
86.16000,-59.160680,-65.630559
86.17000,-59.160658,-65.630537
86.18000,-59.160637,-65.630514
86.19000,-59.160615,-65.630492
86.20000,-59.160594,-65.630470
86.21000,-59.160573,-65.630448
86.22000,-59.160552,-65.630426
86.23000,-59.160532,-65.630404
86.24000,-59.160511,-65.630382
86.25000,-59.160491,-65.630361
86.26000,-59.160471,-65.630339
86.27000,-59.160451,-65.630318
86.28000,-59.160431,-65.630296
86.29000,-59.160412,-65.630275
86.30000,-59.160393,-65.630254
86.31000,-59.160373,-65.630233
86.32000,-59.160354,-65.630212
86.33000,-59.160336,-65.630192
86.34000,-59.160317,-65.630171
86.35000,-59.160299,-65.630150
86.36000,-59.160280,-65.630130
86.37000,-59.160262,-65.630110
86.38000,-59.160245,-65.630090
86.39000,-59.160227,-65.630070
86.40000,-59.160209,-65.630050
86.41000,-59.160192,-65.630030
86.42000,-59.160175,-65.630010
86.43000,-59.160158,-65.629991
86.44000,-59.160142,-65.629971
86.45000,-59.160125,-65.629952
86.46000,-59.160109,-65.629933
86.47000,-59.160093,-65.629914
86.48000,-59.160077,-65.629895
86.49000,-59.160061,-65.629876
86.50000,-59.160045,-65.629857
86.51000,-59.160030,-65.629838
86.52000,-59.160015,-65.629820
86.53000,-59.160000,-65.629802
86.54000,-59.159985,-65.629783
86.55000,-59.159970,-65.629765
86.56000,-59.159956,-65.629747
86.57000,-59.159942,-65.629730
86.58000,-59.159927,-65.629712
86.59000,-59.159914,-65.629694
86.60000,-59.159900,-65.629677
86.61000,-59.159886,-65.629659
86.62000,-59.159873,-65.629642
86.63000,-59.159860,-65.629625
86.64000,-59.159847,-65.629608
86.65000,-59.159834,-65.629591
86.66000,-59.159822,-65.629575
86.67000,-59.159809,-65.629558
86.68000,-59.159797,-65.629542
86.69000,-59.159785,-65.629525
86.70000,-59.159774,-65.629509
86.71000,-59.159762,-65.629493
86.72000,-59.159751,-65.629477
86.73000,-59.159739,-65.629461
86.74000,-59.159728,-65.629445
86.75000,-59.159717,-65.629430
86.76000,-59.159707,-65.629414
86.77000,-59.159696,-65.629399
86.78000,-59.159686,-65.629384
86.79000,-59.159676,-65.629369
86.80000,-59.159666,-65.629354
86.81000,-59.159656,-65.629339
86.82000,-59.159647,-65.629325
86.83000,-59.159638,-65.629310
86.84000,-59.159628,-65.629296
86.85000,-59.159619,-65.629282
86.86000,-59.159611,-65.629267
86.87000,-59.159602,-65.629253
86.88000,-59.159594,-65.629240
86.89000,-59.159586,-65.629226
86.90000,-59.159578,-65.629212
86.91000,-59.159570,-65.629199
86.92000,-59.159562,-65.629186
86.93000,-59.159555,-65.629172
86.94000,-59.159547,-65.629159
86.95000,-59.159540,-65.629146
86.96000,-59.159533,-65.629134
86.97000,-59.159527,-65.629121
86.98000,-59.159520,-65.629108
86.99000,-59.159514,-65.629096
87.00000,-59.159508,-65.629084
87.01000,-59.159502,-65.629072
87.02000,-59.159496,-65.629060
87.03000,-59.159490,-65.629048
87.04000,-59.159485,-65.629036
87.05000,-59.159479,-65.629024
87.06000,-59.159474,-65.629013
87.07000,-59.159469,-65.629002
87.08000,-59.159465,-65.628990
87.09000,-59.159460,-65.628979
87.10000,-59.159456,-65.628969
87.11000,-59.159452,-65.628958
87.12000,-59.159448,-65.628947
87.13000,-59.159444,-65.628937
87.14000,-59.159440,-65.628926
87.15000,-59.159437,-65.628916
87.16000,-59.159434,-65.628906
87.17000,-59.159431,-65.628896
87.18000,-59.159428,-65.628886
87.19000,-59.159425,-65.628876
87.20000,-59.159422,-65.628867
87.21000,-59.159420,-65.628857
87.22000,-59.159418,-65.628848
87.23000,-59.159416,-65.628839
87.24000,-59.159414,-65.628830
87.25000,-59.159412,-65.628821
87.26000,-59.159411,-65.628812
87.27000,-59.159410,-65.628804
87.28000,-59.159408,-65.628795
87.29000,-59.159407,-65.628787
87.30000,-59.159407,-65.628778
87.31000,-59.159406,-65.628770
87.32000,-59.159406,-65.628762
87.33000,-59.159405,-65.628755
87.34000,-59.159405,-65.628747
87.35000,-59.159405,-65.628739
87.36000,-59.159406,-65.628732
87.37000,-59.159406,-65.628725
87.38000,-59.159407,-65.628717
87.39000,-59.159407,-65.628710
87.40000,-59.159408,-65.628704
87.41000,-59.159409,-65.628697
87.42000,-59.159411,-65.628690
87.43000,-59.159412,-65.628684
87.44000,-59.159414,-65.628677
87.45000,-59.159415,-65.628671
87.46000,-59.159417,-65.628665
87.47000,-59.159420,-65.628659
87.48000,-59.159422,-65.628653
87.49000,-59.159424,-65.628648
87.50000,-59.159427,-65.628642
87.51000,-59.159430,-65.628637
87.52000,-59.159432,-65.628631
87.53000,-59.159436,-65.628626
87.54000,-59.159439,-65.628621
87.55000,-59.159442,-65.628616
87.56000,-59.159446,-65.628611
87.57000,-59.159450,-65.628607
87.58000,-59.159453,-65.628602
87.59000,-59.159457,-65.628598
87.60000,-59.159462,-65.628594
87.61000,-59.159466,-65.628590
87.62000,-59.159471,-65.628586
87.63000,-59.159475,-65.628582
87.64000,-59.159480,-65.628578
87.65000,-59.159485,-65.628574
87.66000,-59.159490,-65.628571
87.67000,-59.159496,-65.628568
87.68000,-59.159501,-65.628564
87.69000,-59.159507,-65.628561
87.70000,-59.159512,-65.628558
87.71000,-59.159518,-65.628556
87.72000,-59.159524,-65.628553
87.73000,-59.159531,-65.628550
87.74000,-59.159537,-65.628548
87.75000,-59.159543,-65.628546
87.76000,-59.159550,-65.628543
87.77000,-59.159557,-65.628541
87.78000,-59.159564,-65.628539
87.79000,-59.159571,-65.628538
87.80000,-59.159578,-65.628536
87.81000,-59.159586,-65.628534
87.82000,-59.159593,-65.628533
87.83000,-59.159601,-65.628532
87.84000,-59.159609,-65.628530
87.85000,-59.159617,-65.628529
87.86000,-59.159625,-65.628528
87.87000,-59.159633,-65.628528
87.88000,-59.159641,-65.628527
87.89000,-59.159650,-65.628526
87.90000,-59.159659,-65.628526
87.91000,-59.159668,-65.628526
87.92000,-59.159676,-65.628525
87.93000,-59.159686,-65.628525
87.94000,-59.159695,-65.628525
87.95000,-59.159704,-65.628526
87.96000,-59.159714,-65.628526
87.97000,-59.159723,-65.628526
87.98000,-59.159733,-65.628527
87.99000,-59.159743,-65.628528
88.00000,-59.159753,-65.628528
88.01000,-59.159763,-65.628529
88.02000,-59.159774,-65.628530
88.03000,-59.159784,-65.628531
88.04000,-59.159795,-65.628533
88.05000,-59.159805,-65.628534
88.06000,-59.159816,-65.628535
88.07000,-59.159827,-65.628537
88.08000,-59.159838,-65.628539
88.09000,-59.159849,-65.628541
88.10000,-59.159861,-65.628543
88.11000,-59.159872,-65.628545
88.12000,-59.159884,-65.628547
88.13000,-59.159895,-65.628549
88.14000,-59.159907,-65.628552
88.15000,-59.159919,-65.628554
88.16000,-59.159931,-65.628557
88.17000,-59.159943,-65.628559
88.18000,-59.159956,-65.628562
88.19000,-59.159968,-65.628565
88.20000,-59.159981,-65.628568
88.21000,-59.159993,-65.628572
88.22000,-59.160006,-65.628575
88.23000,-59.160019,-65.628578
88.24000,-59.160032,-65.628582
88.25000,-59.160045,-65.628586
88.26000,-59.160058,-65.628589
88.27000,-59.160072,-65.628593
88.28000,-59.160085,-65.628597
88.29000,-59.160099,-65.628601
88.30000,-59.160112,-65.628606
88.31000,-59.160126,-65.628610
88.32000,-59.160140,-65.628614
88.33000,-59.160154,-65.628619
88.34000,-59.160168,-65.628623
88.35000,-59.160182,-65.628628
88.36000,-59.160197,-65.628633
88.37000,-59.160211,-65.628638
88.38000,-59.160226,-65.628643
88.39000,-59.160240,-65.628648
88.40000,-59.160255,-65.628653
88.41000,-59.160270,-65.628659
88.42000,-59.160285,-65.628664
88.43000,-59.160300,-65.628670
88.44000,-59.160315,-65.628675
88.45000,-59.160330,-65.628681
88.46000,-59.160345,-65.628687
88.47000,-59.160361,-65.628693
88.48000,-59.160376,-65.628699
88.49000,-59.160392,-65.628705
88.50000,-59.160408,-65.628711
88.51000,-59.160423,-65.628718
88.52000,-59.160439,-65.628724
88.53000,-59.160455,-65.628731
88.54000,-59.160471,-65.628737
88.55000,-59.160488,-65.628744
88.56000,-59.160504,-65.628751
88.57000,-59.160520,-65.628758
88.58000,-59.160537,-65.628765
88.59000,-59.160553,-65.628772
88.60000,-59.160570,-65.628779
88.61000,-59.160586,-65.628787
88.62000,-59.160603,-65.628794
88.63000,-59.160620,-65.628802
88.64000,-59.160637,-65.628809
88.65000,-59.160654,-65.628817
88.66000,-59.160671,-65.628825
88.67000,-59.160688,-65.628832
88.68000,-59.160705,-65.628840
88.69000,-59.160723,-65.628848
88.70000,-59.160740,-65.628857
88.71000,-59.160758,-65.628865
88.72000,-59.160775,-65.628873
88.73000,-59.160793,-65.628881
88.74000,-59.160810,-65.628890
88.75000,-59.160828,-65.628898
88.76000,-59.160846,-65.628907
88.77000,-59.160864,-65.628916
88.78000,-59.160882,-65.628925
88.79000,-59.160900,-65.628934
88.80000,-59.160918,-65.628942
88.81000,-59.160936,-65.628952
88.82000,-59.160955,-65.628961
88.83000,-59.160973,-65.628970
88.84000,-59.160991,-65.628979
88.85000,-59.161010,-65.628989
88.86000,-59.161028,-65.628998
88.87000,-59.161047,-65.629008
88.88000,-59.161066,-65.629017
88.89000,-59.161084,-65.629027
88.90000,-59.161103,-65.629037
88.91000,-59.161122,-65.629047
88.92000,-59.161141,-65.629057
88.93000,-59.161160,-65.629067
88.94000,-59.161179,-65.629077
88.95000,-59.161198,-65.629087
88.96000,-59.161217,-65.629097
88.97000,-59.161236,-65.629107
88.98000,-59.161255,-65.629118
88.99000,-59.161274,-65.629128
89.00000,-59.161294,-65.629139
89.01000,-59.161313,-65.629149
89.02000,-59.161332,-65.629160
89.03000,-59.161352,-65.629171
89.04000,-59.161371,-65.629181
89.05000,-59.161391,-65.629192
89.06000,-59.161411,-65.629203
89.07000,-59.161430,-65.629214
89.08000,-59.161450,-65.629225
89.09000,-59.161470,-65.629236
89.10000,-59.161489,-65.629248
89.11000,-59.161509,-65.629259
89.12000,-59.161529,-65.629270
89.13000,-59.161549,-65.629282
89.14000,-59.161569,-65.629293
89.15000,-59.161589,-65.629305
89.16000,-59.161609,-65.629316
89.17000,-59.161629,-65.629328
89.18000,-59.161649,-65.629340
89.19000,-59.161669,-65.629351
89.20000,-59.161689,-65.629363
89.21000,-59.161710,-65.629375
89.22000,-59.161730,-65.629387
89.23000,-59.161750,-65.629399
89.24000,-59.161770,-65.629411
89.25000,-59.161791,-65.629423
89.26000,-59.161811,-65.629435
89.27000,-59.161831,-65.629448
89.28000,-59.161852,-65.629460
89.29000,-59.161872,-65.629472
89.30000,-59.161893,-65.629485
89.31000,-59.161913,-65.629497
89.32000,-59.161934,-65.629510
89.33000,-59.161954,-65.629522
89.34000,-59.161975,-65.629535
89.35000,-59.161995,-65.629547
89.36000,-59.162016,-65.629560
89.37000,-59.162037,-65.629573
89.38000,-59.162057,-65.629586
89.39000,-59.162078,-65.629599
89.40000,-59.162099,-65.629611
89.41000,-59.162119,-65.629624
89.42000,-59.162140,-65.629637
89.43000,-59.162161,-65.629650
89.44000,-59.162182,-65.629664
89.45000,-59.162202,-65.629677
89.46000,-59.162223,-65.629690
89.47000,-59.162244,-65.629703
89.48000,-59.162265,-65.629716
89.49000,-59.162286,-65.629730
89.50000,-59.162306,-65.629743
89.51000,-59.162327,-65.629756
89.52000,-59.162348,-65.629770
89.53000,-59.162369,-65.629783
89.54000,-59.162390,-65.629797
89.55000,-59.162411,-65.629810
89.56000,-59.162431,-65.629824
89.57000,-59.162452,-65.629838
89.58000,-59.162473,-65.629851
89.59000,-59.162494,-65.629865
89.60000,-59.162515,-65.629879
89.61000,-59.162536,-65.629892
89.62000,-59.162557,-65.629906
89.63000,-59.162578,-65.629920
89.64000,-59.162598,-65.629934
89.65000,-59.162619,-65.629948
89.66000,-59.162640,-65.629962
89.67000,-59.162661,-65.629976
89.68000,-59.162682,-65.629990
89.69000,-59.162703,-65.630004
89.70000,-59.162724,-65.630018
89.71000,-59.162745,-65.630032
89.72000,-59.162765,-65.630046
89.73000,-59.162786,-65.630060
89.74000,-59.162807,-65.630074
89.75000,-59.162828,-65.630089
89.76000,-59.162849,-65.630103
89.77000,-59.162869,-65.630117
89.78000,-59.162890,-65.630131
89.79000,-59.162911,-65.630146
89.80000,-59.162932,-65.630160
89.81000,-59.162953,-65.630174
89.82000,-59.162973,-65.630189
89.83000,-59.162994,-65.630203
89.84000,-59.163015,-65.630218
89.85000,-59.163035,-65.630232
89.86000,-59.163056,-65.630246
89.87000,-59.163077,-65.630261
89.88000,-59.163097,-65.630275
89.89000,-59.163118,-65.630290
89.90000,-59.163139,-65.630305
89.91000,-59.163159,-65.630319
89.92000,-59.163180,-65.630334
89.93000,-59.163200,-65.630348
89.94000,-59.163221,-65.630363
89.95000,-59.163241,-65.630377
89.96000,-59.163262,-65.630392
89.97000,-59.163282,-65.630407
89.98000,-59.163302,-65.630421
89.99000,-59.163323,-65.630436
90.00000,-59.163343,-65.630451
90.01000,-59.163364,-65.630465
90.02000,-59.163384,-65.630480
90.03000,-59.163404,-65.630495
90.04000,-59.163424,-65.630510
90.05000,-59.163445,-65.630524
90.06000,-59.163465,-65.630539
90.07000,-59.163485,-65.630554
90.08000,-59.163505,-65.630569
90.09000,-59.163525,-65.630583
90.10000,-59.163545,-65.630598
90.11000,-59.163565,-65.630613
90.12000,-59.163585,-65.630628
90.13000,-59.163605,-65.630642
90.14000,-59.163625,-65.630657
90.15000,-59.163645,-65.630672
90.16000,-59.163665,-65.630687
90.17000,-59.163684,-65.630702
90.18000,-59.163704,-65.630717
90.19000,-59.163724,-65.630731
90.20000,-59.163744,-65.630746
90.21000,-59.163763,-65.630761
90.22000,-59.163783,-65.630776
90.23000,-59.163802,-65.630791
90.24000,-59.163822,-65.630805
90.25000,-59.163841,-65.630820
90.26000,-59.163861,-65.630835
90.27000,-59.163880,-65.630850
90.28000,-59.163900,-65.630865
90.29000,-59.163919,-65.630879
90.30000,-59.163938,-65.630894
90.31000,-59.163957,-65.630909
90.32000,-59.163976,-65.630924
90.33000,-59.163996,-65.630939
90.34000,-59.164015,-65.630953
90.35000,-59.164034,-65.630968
90.36000,-59.164053,-65.630983
90.37000,-59.164071,-65.630998
90.38000,-59.164090,-65.631012
90.39000,-59.164109,-65.631027
90.40000,-59.164128,-65.631042
90.41000,-59.164147,-65.631056
90.42000,-59.164165,-65.631071
90.43000,-59.164184,-65.631086
90.44000,-59.164202,-65.631101
90.45000,-59.164221,-65.631115
90.46000,-59.164239,-65.631130
90.47000,-59.164258,-65.631144
90.48000,-59.164276,-65.631159
90.49000,-59.164294,-65.631174
90.50000,-59.164312,-65.631188
90.51000,-59.164331,-65.631203
90.52000,-59.164349,-65.631217
90.53000,-59.164367,-65.631232
90.54000,-59.164385,-65.631247
90.55000,-59.164403,-65.631261
90.56000,-59.164421,-65.631276
90.57000,-59.164438,-65.631290
90.58000,-59.164456,-65.631304
90.59000,-59.164474,-65.631319
90.60000,-59.164491,-65.631333
90.61000,-59.164509,-65.631348
90.62000,-59.164526,-65.631362
90.63000,-59.164544,-65.631376
90.64000,-59.164561,-65.631391
90.65000,-59.164578,-65.631405
90.66000,-59.164596,-65.631419
90.67000,-59.164613,-65.631434
90.68000,-59.164630,-65.631448
90.69000,-59.164647,-65.631462
90.70000,-59.164664,-65.631476
90.71000,-59.164681,-65.631491
90.72000,-59.164698,-65.631505
90.73000,-59.164714,-65.631519
90.74000,-59.164731,-65.631533
90.75000,-59.164748,-65.631547
90.76000,-59.164764,-65.631561
90.77000,-59.164781,-65.631575
90.78000,-59.164797,-65.631589
90.79000,-59.164814,-65.631603
90.80000,-59.164830,-65.631617
90.81000,-59.164846,-65.631631
90.82000,-59.164862,-65.631645
90.83000,-59.164878,-65.631659
90.84000,-59.164894,-65.631672
90.85000,-59.164910,-65.631686
90.86000,-59.164926,-65.631700
90.87000,-59.164942,-65.631714
90.88000,-59.164957,-65.631727
90.89000,-59.164973,-65.631741
90.90000,-59.164989,-65.631755
90.91000,-59.165004,-65.631768
90.92000,-59.165019,-65.631782
90.93000,-59.165035,-65.631795
90.94000,-59.165050,-65.631809
90.95000,-59.165065,-65.631822
90.96000,-59.165080,-65.631836
90.97000,-59.165095,-65.631849
90.98000,-59.165110,-65.631862
90.99000,-59.165125,-65.631876
91.00000,-59.165140,-65.631889
91.01000,-59.165154,-65.631902
91.02000,-59.165169,-65.631915
91.03000,-59.165184,-65.631928
91.04000,-59.165198,-65.631942
91.05000,-59.165212,-65.631955
91.06000,-59.165227,-65.631968
91.07000,-59.165241,-65.631981
91.08000,-59.165255,-65.631994
91.09000,-59.165269,-65.632007
91.10000,-59.165283,-65.632019
91.11000,-59.165297,-65.632032
91.12000,-59.165311,-65.632045
91.13000,-59.165324,-65.632058
91.14000,-59.165338,-65.632071
91.15000,-59.165352,-65.632083
91.16000,-59.165365,-65.632096
91.17000,-59.165379,-65.632108
91.18000,-59.165392,-65.632121
91.19000,-59.165405,-65.632133
91.20000,-59.165418,-65.632146
91.21000,-59.165431,-65.632158
91.22000,-59.165444,-65.632171
91.23000,-59.165457,-65.632183
91.24000,-59.165470,-65.632195
91.25000,-59.165483,-65.632207
91.26000,-59.165495,-65.632220
91.27000,-59.165508,-65.632232
91.28000,-59.165520,-65.632244
91.29000,-59.165533,-65.632256
91.30000,-59.165545,-65.632268
91.31000,-59.165557,-65.632280
91.32000,-59.165569,-65.632292
91.33000,-59.165581,-65.632304
91.34000,-59.165593,-65.632315
91.35000,-59.165605,-65.632327
91.36000,-59.165617,-65.632339
91.37000,-59.165628,-65.632350
91.38000,-59.165640,-65.632362
91.39000,-59.165651,-65.632374
91.40000,-59.165663,-65.632385
91.41000,-59.165674,-65.632396
91.42000,-59.165685,-65.632408
91.43000,-59.165696,-65.632419
91.44000,-59.165708,-65.632430
91.45000,-59.165718,-65.632442
91.46000,-59.165729,-65.632453
91.47000,-59.165740,-65.632464
91.48000,-59.165751,-65.632475
91.49000,-59.165761,-65.632486
91.50000,-59.165772,-65.632497
91.51000,-59.165782,-65.632508
91.52000,-59.165793,-65.632519
91.53000,-59.165803,-65.632530
91.54000,-59.165813,-65.632540
91.55000,-59.165823,-65.632551
91.56000,-59.165833,-65.632562
91.57000,-59.165843,-65.632572
91.58000,-59.165853,-65.632583
91.59000,-59.165862,-65.632593
91.60000,-59.165872,-65.632604
91.61000,-59.165881,-65.632614
91.62000,-59.165891,-65.632625
91.63000,-59.165900,-65.632635
91.64000,-59.165909,-65.632645
91.65000,-59.165918,-65.632655
91.66000,-59.165928,-65.632665
91.67000,-59.165936,-65.632675
91.68000,-59.165945,-65.632685
91.69000,-59.165954,-65.632695
91.70000,-59.165963,-65.632705
91.71000,-59.165971,-65.632715
91.72000,-59.165980,-65.632724
91.73000,-59.165988,-65.632734
91.74000,-59.165996,-65.632744
91.75000,-59.166005,-65.632753
91.76000,-59.166013,-65.632763
91.77000,-59.166021,-65.632772
91.78000,-59.166029,-65.632782
91.79000,-59.166037,-65.632791
91.80000,-59.166044,-65.632800
91.81000,-59.166052,-65.632809
91.82000,-59.166059,-65.632819
91.83000,-59.166067,-65.632828
91.84000,-59.166074,-65.632837
91.85000,-59.166082,-65.632846
91.86000,-59.166089,-65.632855
91.87000,-59.166096,-65.632863
91.88000,-59.166103,-65.632872
91.89000,-59.166110,-65.632881
91.90000,-59.166117,-65.632889
91.91000,-59.166123,-65.632898
91.92000,-59.166130,-65.632907
91.93000,-59.166136,-65.632915
91.94000,-59.166143,-65.632923
91.95000,-59.166149,-65.632932
91.96000,-59.166155,-65.632940
91.97000,-59.166162,-65.632948
91.98000,-59.166168,-65.632956
91.99000,-59.166174,-65.632965
92.00000,-59.166179,-65.632973
92.01000,-59.166185,-65.632981
92.02000,-59.166191,-65.632988
92.03000,-59.166196,-65.632996
92.04000,-59.166202,-65.633004
92.05000,-59.166207,-65.633012
92.06000,-59.166213,-65.633019
92.07000,-59.166218,-65.633027
92.08000,-59.166223,-65.633034
92.09000,-59.166228,-65.633042
92.10000,-59.166233,-65.633049
92.11000,-59.166238,-65.633057
92.12000,-59.166243,-65.633064
92.13000,-59.166247,-65.633071
92.14000,-59.166252,-65.633078
92.15000,-59.166256,-65.633085
92.16000,-59.166261,-65.633092
92.17000,-59.166265,-65.633099
92.18000,-59.166269,-65.633106
92.19000,-59.166273,-65.633113
92.20000,-59.166277,-65.633120
92.21000,-59.166281,-65.633126
92.22000,-59.166285,-65.633133
92.23000,-59.166289,-65.633139
92.24000,-59.166292,-65.633146
92.25000,-59.166296,-65.633152
92.26000,-59.166299,-65.633159
92.27000,-59.166303,-65.633165
92.28000,-59.166306,-65.633171
92.29000,-59.166309,-65.633177
92.30000,-59.166312,-65.633183
92.31000,-59.166315,-65.633189
92.32000,-59.166318,-65.633195
92.33000,-59.166321,-65.633201
92.34000,-59.166324,-65.633207
92.35000,-59.166327,-65.633213
92.36000,-59.166329,-65.633219
92.37000,-59.166332,-65.633224
92.38000,-59.166334,-65.633230
92.39000,-59.166336,-65.633235
92.40000,-59.166338,-65.633241
92.41000,-59.166341,-65.633246
92.42000,-59.166343,-65.633251
92.43000,-59.166344,-65.633256
92.44000,-59.166346,-65.633262
92.45000,-59.166348,-65.633267
92.46000,-59.166350,-65.633272
92.47000,-59.166351,-65.633277
92.48000,-59.166353,-65.633282
92.49000,-59.166354,-65.633286
92.50000,-59.166356,-65.633291
92.51000,-59.166357,-65.633296
92.52000,-59.166358,-65.633301
92.53000,-59.166359,-65.633305
92.54000,-59.166360,-65.633310
92.55000,-59.166361,-65.633314
92.56000,-59.166362,-65.633318
92.57000,-59.166362,-65.633323
92.58000,-59.166363,-65.633327
92.59000,-59.166363,-65.633331
92.60000,-59.166364,-65.633335
92.61000,-59.166364,-65.633339
92.62000,-59.166365,-65.633343
92.63000,-59.166365,-65.633347
92.64000,-59.166365,-65.633351
92.65000,-59.166365,-65.633355
92.66000,-59.166365,-65.633358
92.67000,-59.166365,-65.633362
92.68000,-59.166364,-65.633366
92.69000,-59.166364,-65.633369
92.70000,-59.166364,-65.633373
92.71000,-59.166363,-65.633376
92.72000,-59.166363,-65.633379
92.73000,-59.166362,-65.633382
92.74000,-59.166361,-65.633386
92.75000,-59.166361,-65.633389
92.76000,-59.166360,-65.633392
92.77000,-59.166359,-65.633395
92.78000,-59.166358,-65.633398
92.79000,-59.166356,-65.633400
92.80000,-59.166355,-65.633403
92.81000,-59.166354,-65.633406
92.82000,-59.166353,-65.633409
92.83000,-59.166351,-65.633411
92.84000,-59.166350,-65.633414
92.85000,-59.166348,-65.633416
92.86000,-59.166346,-65.633419
92.87000,-59.166344,-65.633421
92.88000,-59.166343,-65.633423
92.89000,-59.166341,-65.633425
92.90000,-59.166339,-65.633428
92.91000,-59.166337,-65.633430
92.92000,-59.166334,-65.633432
92.93000,-59.166332,-65.633434
92.94000,-59.166330,-65.633435
92.95000,-59.166327,-65.633437
92.96000,-59.166325,-65.633439
92.97000,-59.166322,-65.633441
92.98000,-59.166320,-65.633442
92.99000,-59.166317,-65.633444
93.00000,-59.166314,-65.633445
93.01000,-59.166311,-65.633447
93.02000,-59.166309,-65.633448
93.03000,-59.166306,-65.633450
93.04000,-59.166302,-65.633451
93.05000,-59.166299,-65.633452
93.06000,-59.166296,-65.633453
93.07000,-59.166293,-65.633454
93.08000,-59.166289,-65.633455
93.09000,-59.166286,-65.633456
93.10000,-59.166282,-65.633457
93.11000,-59.166279,-65.633458
93.12000,-59.166275,-65.633458
93.13000,-59.166271,-65.633459
93.14000,-59.166268,-65.633460
93.15000,-59.166264,-65.633460
93.16000,-59.166260,-65.633461
93.17000,-59.166256,-65.633461
93.18000,-59.166252,-65.633462
93.19000,-59.166248,-65.633462
93.20000,-59.166243,-65.633462
93.21000,-59.166239,-65.633462
93.22000,-59.166235,-65.633463
93.23000,-59.166230,-65.633463
93.24000,-59.166226,-65.633463
93.25000,-59.166221,-65.633463
93.26000,-59.166217,-65.633463
93.27000,-59.166212,-65.633462
93.28000,-59.166207,-65.633462
93.29000,-59.166202,-65.633462
93.30000,-59.166197,-65.633462
93.31000,-59.166192,-65.633461
93.32000,-59.166187,-65.633461
93.33000,-59.166182,-65.633460
93.34000,-59.166177,-65.633460
93.35000,-59.166172,-65.633459
93.36000,-59.166167,-65.633458
93.37000,-59.166161,-65.633458
93.38000,-59.166156,-65.633457
93.39000,-59.166151,-65.633456
93.40000,-59.166145,-65.633455
93.41000,-59.166139,-65.633454
93.42000,-59.166134,-65.633453
93.43000,-59.166128,-65.633452
93.44000,-59.166122,-65.633451
93.45000,-59.166116,-65.633449
93.46000,-59.166111,-65.633448
93.47000,-59.166105,-65.633447
93.48000,-59.166099,-65.633446
93.49000,-59.166093,-65.633444
93.50000,-59.166086,-65.633443
93.51000,-59.166080,-65.633441
93.52000,-59.166074,-65.633439
93.53000,-59.166068,-65.633438
93.54000,-59.166061,-65.633436
93.55000,-59.166055,-65.633434
93.56000,-59.166049,-65.633433
93.57000,-59.166042,-65.633431
93.58000,-59.166035,-65.633429
93.59000,-59.166029,-65.633427
93.60000,-59.166022,-65.633425
93.61000,-59.166015,-65.633423
93.62000,-59.166009,-65.633421
93.63000,-59.166002,-65.633418
93.64000,-59.165995,-65.633416
93.65000,-59.165988,-65.633414
93.66000,-59.165981,-65.633412
93.67000,-59.165974,-65.633409
93.68000,-59.165967,-65.633407
93.69000,-59.165960,-65.633404
93.70000,-59.165952,-65.633402
93.71000,-59.165945,-65.633399
93.72000,-59.165938,-65.633396
93.73000,-59.165930,-65.633394
93.74000,-59.165923,-65.633391
93.75000,-59.165916,-65.633388
93.76000,-59.165908,-65.633385
93.77000,-59.165901,-65.633382
93.78000,-59.165893,-65.633379
93.79000,-59.165885,-65.633376
93.80000,-59.165878,-65.633373
93.81000,-59.165870,-65.633370
93.82000,-59.165862,-65.633367
93.83000,-59.165854,-65.633364
93.84000,-59.165846,-65.633361
93.85000,-59.165839,-65.633357
93.86000,-59.165831,-65.633354
93.87000,-59.165823,-65.633351
93.88000,-59.165815,-65.633347
93.89000,-59.165806,-65.633344
93.90000,-59.165798,-65.633340
93.91000,-59.165790,-65.633337
93.92000,-59.165782,-65.633333
93.93000,-59.165774,-65.633330
93.94000,-59.165765,-65.633326
93.95000,-59.165757,-65.633322
93.96000,-59.165749,-65.633318
93.97000,-59.165740,-65.633314
93.98000,-59.165732,-65.633311
93.99000,-59.165723,-65.633307
94.00000,-59.165715,-65.633303
94.01000,-59.165706,-65.633299
94.02000,-59.165698,-65.633295
94.03000,-59.165689,-65.633291
94.04000,-59.165680,-65.633286
94.05000,-59.165672,-65.633282
94.06000,-59.165663,-65.633278
94.07000,-59.165654,-65.633274
94.08000,-59.165645,-65.633269
94.09000,-59.165637,-65.633265
94.10000,-59.165628,-65.633261
94.11000,-59.165619,-65.633256
94.12000,-59.165610,-65.633252
94.13000,-59.165601,-65.633247
94.14000,-59.165592,-65.633243
94.15000,-59.165583,-65.633238
94.16000,-59.165574,-65.633234
94.17000,-59.165565,-65.633229
94.18000,-59.165555,-65.633224
94.19000,-59.165546,-65.633219
94.20000,-59.165537,-65.633215
94.21000,-59.165528,-65.633210
94.22000,-59.165519,-65.633205
94.23000,-59.165509,-65.633200
94.24000,-59.165500,-65.633195
94.25000,-59.165491,-65.633190
94.26000,-59.165481,-65.633185
94.27000,-59.165472,-65.633180
94.28000,-59.165462,-65.633175
94.29000,-59.165453,-65.633170
94.30000,-59.165444,-65.633165
94.31000,-59.165434,-65.633160
94.32000,-59.165425,-65.633154
94.33000,-59.165415,-65.633149
94.34000,-59.165405,-65.633144
94.35000,-59.165396,-65.633139
94.36000,-59.165386,-65.633133
94.37000,-59.165377,-65.633128
94.38000,-59.165367,-65.633122
94.39000,-59.165357,-65.633117
94.40000,-59.165347,-65.633111
94.41000,-59.165338,-65.633106
94.42000,-59.165328,-65.633100
94.43000,-59.165318,-65.633095
94.44000,-59.165308,-65.633089
94.45000,-59.165299,-65.633084
94.46000,-59.165289,-65.633078
94.47000,-59.165279,-65.633072
94.48000,-59.165269,-65.633066
94.49000,-59.165259,-65.633061
94.50000,-59.165249,-65.633055
94.51000,-59.165239,-65.633049
94.52000,-59.165230,-65.633043
94.53000,-59.165220,-65.633037
94.54000,-59.165210,-65.633031
94.55000,-59.165200,-65.633026
94.56000,-59.165190,-65.633020
94.57000,-59.165180,-65.633014
94.58000,-59.165170,-65.633008
94.59000,-59.165160,-65.633001
94.60000,-59.165150,-65.632995
94.61000,-59.165139,-65.632989
94.62000,-59.165129,-65.632983
94.63000,-59.165119,-65.632977
94.64000,-59.165109,-65.632971
94.65000,-59.165099,-65.632965
94.66000,-59.165089,-65.632958
94.67000,-59.165079,-65.632952
94.68000,-59.165069,-65.632946
94.69000,-59.165059,-65.632940
94.70000,-59.165048,-65.632933
94.71000,-59.165038,-65.632927
94.72000,-59.165028,-65.632921
94.73000,-59.165018,-65.632914
94.74000,-59.165008,-65.632908
94.75000,-59.164998,-65.632901
94.76000,-59.164987,-65.632895
94.77000,-59.164977,-65.632888
94.78000,-59.164967,-65.632882
94.79000,-59.164957,-65.632875
94.80000,-59.164946,-65.632869
94.81000,-59.164936,-65.632862
94.82000,-59.164926,-65.632856
94.83000,-59.164916,-65.632849
94.84000,-59.164906,-65.632842
94.85000,-59.164895,-65.632836
94.86000,-59.164885,-65.632829
94.87000,-59.164875,-65.632822
94.88000,-59.164865,-65.632816
94.89000,-59.164854,-65.632809
94.90000,-59.164844,-65.632802
94.91000,-59.164834,-65.632795
94.92000,-59.164823,-65.632789
94.93000,-59.164813,-65.632782
94.94000,-59.164803,-65.632775
94.95000,-59.164793,-65.632768
94.96000,-59.164782,-65.632761
94.97000,-59.164772,-65.632755
94.98000,-59.164762,-65.632748
94.99000,-59.164752,-65.632741
95.00000,-59.164741,-65.632734
95.01000,-59.164731,-65.632727
95.02000,-59.164721,-65.632720
95.03000,-59.164711,-65.632713
95.04000,-59.164700,-65.632706
95.05000,-59.164690,-65.632699
95.06000,-59.164680,-65.632692
95.07000,-59.164670,-65.632685
95.08000,-59.164660,-65.632678
95.09000,-59.164649,-65.632671
95.10000,-59.164639,-65.632664
95.11000,-59.164629,-65.632657
95.12000,-59.164619,-65.632650
95.13000,-59.164609,-65.632643
95.14000,-59.164598,-65.632636
95.15000,-59.164588,-65.632629
95.16000,-59.164578,-65.632622
95.17000,-59.164568,-65.632615
95.18000,-59.164558,-65.632607
95.19000,-59.164548,-65.632600
95.20000,-59.164537,-65.632593
95.21000,-59.164527,-65.632586
95.22000,-59.164517,-65.632579
95.23000,-59.164507,-65.632572
95.24000,-59.164497,-65.632565
95.25000,-59.164487,-65.632557
95.26000,-59.164477,-65.632550
95.27000,-59.164467,-65.632543
95.28000,-59.164457,-65.632536
95.29000,-59.164447,-65.632529
95.30000,-59.164437,-65.632521
95.31000,-59.164427,-65.632514
95.32000,-59.164417,-65.632507
95.33000,-59.164407,-65.632500
95.34000,-59.164397,-65.632492
95.35000,-59.164387,-65.632485
95.36000,-59.164377,-65.632478
95.37000,-59.164367,-65.632471
95.38000,-59.164357,-65.632463
95.39000,-59.164347,-65.632456
95.40000,-59.164337,-65.632449
95.41000,-59.164328,-65.632442
95.42000,-59.164318,-65.632434
95.43000,-59.164308,-65.632427
95.44000,-59.164298,-65.632420
95.45000,-59.164288,-65.632413
95.46000,-59.164279,-65.632405
95.47000,-59.164269,-65.632398
95.48000,-59.164259,-65.632391
95.49000,-59.164250,-65.632384
95.50000,-59.164240,-65.632376
95.51000,-59.164230,-65.632369
95.52000,-59.164221,-65.632362
95.53000,-59.164211,-65.632354
95.54000,-59.164201,-65.632347
95.55000,-59.164192,-65.632340
95.56000,-59.164182,-65.632333
95.57000,-59.164173,-65.632325
95.58000,-59.164163,-65.632318
95.59000,-59.164154,-65.632311
95.60000,-59.164144,-65.632303
95.61000,-59.164135,-65.632296
95.62000,-59.164125,-65.632289
95.63000,-59.164116,-65.632282
95.64000,-59.164106,-65.632274
95.65000,-59.164097,-65.632267
95.66000,-59.164088,-65.632260
95.67000,-59.164078,-65.632253
95.68000,-59.164069,-65.632245
95.69000,-59.164060,-65.632238
95.70000,-59.164051,-65.632231
95.71000,-59.164041,-65.632224
95.72000,-59.164032,-65.632216
95.73000,-59.164023,-65.632209
95.74000,-59.164014,-65.632202
95.75000,-59.164005,-65.632195
95.76000,-59.163996,-65.632188
95.77000,-59.163987,-65.632180
95.78000,-59.163978,-65.632173
95.79000,-59.163969,-65.632166
95.80000,-59.163960,-65.632159
95.81000,-59.163951,-65.632152
95.82000,-59.163942,-65.632144
95.83000,-59.163933,-65.632137
95.84000,-59.163924,-65.632130
95.85000,-59.163915,-65.632123
95.86000,-59.163907,-65.632116
95.87000,-59.163898,-65.632109
95.88000,-59.163889,-65.632102
95.89000,-59.163880,-65.632095
95.90000,-59.163872,-65.632087
95.91000,-59.163863,-65.632080
95.92000,-59.163854,-65.632073
95.93000,-59.163846,-65.632066
95.94000,-59.163837,-65.632059
95.95000,-59.163829,-65.632052
95.96000,-59.163820,-65.632045
95.97000,-59.163812,-65.632038
95.98000,-59.163803,-65.632031
95.99000,-59.163795,-65.632024
96.00000,-59.163787,-65.632017
96.01000,-59.163778,-65.632010
96.02000,-59.163770,-65.632003
96.03000,-59.163762,-65.631996
96.04000,-59.163753,-65.631989
96.05000,-59.163745,-65.631982
96.06000,-59.163737,-65.631975
96.07000,-59.163729,-65.631969
96.08000,-59.163721,-65.631962
96.09000,-59.163713,-65.631955
96.10000,-59.163705,-65.631948
96.11000,-59.163697,-65.631941
96.12000,-59.163689,-65.631934
96.13000,-59.163681,-65.631927
96.14000,-59.163673,-65.631921
96.15000,-59.163665,-65.631914
96.16000,-59.163657,-65.631907
96.17000,-59.163650,-65.631900
96.18000,-59.163642,-65.631894
96.19000,-59.163634,-65.631887
96.20000,-59.163627,-65.631880
96.21000,-59.163619,-65.631873
96.22000,-59.163611,-65.631867
96.23000,-59.163604,-65.631860
96.24000,-59.163596,-65.631853
96.25000,-59.163589,-65.631847
96.26000,-59.163581,-65.631840
96.27000,-59.163574,-65.631834
96.28000,-59.163567,-65.631827
96.29000,-59.163559,-65.631821
96.30000,-59.163552,-65.631814
96.31000,-59.163545,-65.631808
96.32000,-59.163537,-65.631801
96.33000,-59.163530,-65.631795
96.34000,-59.163523,-65.631788
96.35000,-59.163516,-65.631782
96.36000,-59.163509,-65.631775
96.37000,-59.163502,-65.631769
96.38000,-59.163495,-65.631762
96.39000,-59.163488,-65.631756
96.40000,-59.163481,-65.631750
96.41000,-59.163474,-65.631743
96.42000,-59.163467,-65.631737
96.43000,-59.163461,-65.631731
96.44000,-59.163454,-65.631725
96.45000,-59.163447,-65.631718
96.46000,-59.163441,-65.631712
96.47000,-59.163434,-65.631706
96.48000,-59.163427,-65.631700
96.49000,-59.163421,-65.631694
96.50000,-59.163414,-65.631687
96.51000,-59.163408,-65.631681
96.52000,-59.163402,-65.631675
96.53000,-59.163395,-65.631669
96.54000,-59.163389,-65.631663
96.55000,-59.163383,-65.631657
96.56000,-59.163376,-65.631651
96.57000,-59.163370,-65.631645
96.58000,-59.163364,-65.631639
96.59000,-59.163358,-65.631633
96.60000,-59.163352,-65.631627
96.61000,-59.163346,-65.631621
96.62000,-59.163340,-65.631616
96.63000,-59.163334,-65.631610
96.64000,-59.163328,-65.631604
96.65000,-59.163322,-65.631598
96.66000,-59.163316,-65.631592
96.67000,-59.163311,-65.631587
96.68000,-59.163305,-65.631581
96.69000,-59.163299,-65.631575
96.70000,-59.163294,-65.631569
96.71000,-59.163288,-65.631564
96.72000,-59.163282,-65.631558
96.73000,-59.163277,-65.631553
96.74000,-59.163271,-65.631547
96.75000,-59.163266,-65.631542
96.76000,-59.163261,-65.631536
96.77000,-59.163255,-65.631530
96.78000,-59.163250,-65.631525
96.79000,-59.163245,-65.631520
96.80000,-59.163240,-65.631514
96.81000,-59.163234,-65.631509
96.82000,-59.163229,-65.631503
96.83000,-59.163224,-65.631498
96.84000,-59.163219,-65.631493
96.85000,-59.163214,-65.631488
96.86000,-59.163209,-65.631482
96.87000,-59.163204,-65.631477
96.88000,-59.163200,-65.631472
96.89000,-59.163195,-65.631467
96.90000,-59.163190,-65.631461
96.91000,-59.163185,-65.631456
96.92000,-59.163181,-65.631451
96.93000,-59.163176,-65.631446
96.94000,-59.163171,-65.631441
96.95000,-59.163167,-65.631436
96.96000,-59.163162,-65.631431
96.97000,-59.163158,-65.631426
96.98000,-59.163154,-65.631421
96.99000,-59.163149,-65.631416
97.00000,-59.163145,-65.631412
97.01000,-59.163141,-65.631407
97.02000,-59.163137,-65.631402
97.03000,-59.163132,-65.631397
97.04000,-59.163128,-65.631392
97.05000,-59.163124,-65.631388
97.06000,-59.163120,-65.631383
97.07000,-59.163116,-65.631378
97.08000,-59.163112,-65.631374
97.09000,-59.163108,-65.631369
97.10000,-59.163105,-65.631365
97.11000,-59.163101,-65.631360
97.12000,-59.163097,-65.631355
97.13000,-59.163093,-65.631351
97.14000,-59.163090,-65.631346
97.15000,-59.163086,-65.631342
97.16000,-59.163082,-65.631338
97.17000,-59.163079,-65.631333
97.18000,-59.163075,-65.631329
97.19000,-59.163072,-65.631325
97.20000,-59.163069,-65.631320
97.21000,-59.163065,-65.631316
97.22000,-59.163062,-65.631312
97.23000,-59.163059,-65.631308
97.24000,-59.163056,-65.631304
97.25000,-59.163052,-65.631299
97.26000,-59.163049,-65.631295
97.27000,-59.163046,-65.631291
97.28000,-59.163043,-65.631287
97.29000,-59.163040,-65.631283
97.30000,-59.163037,-65.631279
97.31000,-59.163034,-65.631275
97.32000,-59.163032,-65.631271
97.33000,-59.163029,-65.631268
97.34000,-59.163026,-65.631264
97.35000,-59.163023,-65.631260
97.36000,-59.163021,-65.631256
97.37000,-59.163018,-65.631252
97.38000,-59.163016,-65.631249
97.39000,-59.163013,-65.631245
97.40000,-59.163011,-65.631241
97.41000,-59.163008,-65.631238
97.42000,-59.163006,-65.631234
97.43000,-59.163004,-65.631231
97.44000,-59.163001,-65.631227
97.45000,-59.162999,-65.631224
97.46000,-59.162997,-65.631220
97.47000,-59.162995,-65.631217
97.48000,-59.162993,-65.631213
97.49000,-59.162991,-65.631210
97.50000,-59.162989,-65.631206
97.51000,-59.162987,-65.631203
97.52000,-59.162985,-65.631200
97.53000,-59.162983,-65.631197
97.54000,-59.162981,-65.631193
97.55000,-59.162979,-65.631190
97.56000,-59.162977,-65.631187
97.57000,-59.162976,-65.631184
97.58000,-59.162974,-65.631181
97.59000,-59.162972,-65.631178
97.60000,-59.162971,-65.631175
97.61000,-59.162969,-65.631172
97.62000,-59.162968,-65.631169
97.63000,-59.162966,-65.631166
97.64000,-59.162965,-65.631163
97.65000,-59.162964,-65.631160
97.66000,-59.162962,-65.631157
97.67000,-59.162961,-65.631155
97.68000,-59.162960,-65.631152
97.69000,-59.162959,-65.631149
97.70000,-59.162958,-65.631146
97.71000,-59.162957,-65.631144
97.72000,-59.162956,-65.631141
97.73000,-59.162955,-65.631139
97.74000,-59.162954,-65.631136
97.75000,-59.162953,-65.631134
97.76000,-59.162952,-65.631131
97.77000,-59.162951,-65.631129
97.78000,-59.162950,-65.631126
97.79000,-59.162950,-65.631124
97.80000,-59.162949,-65.631121
97.81000,-59.162948,-65.631119
97.82000,-59.162948,-65.631117
97.83000,-59.162947,-65.631114
97.84000,-59.162947,-65.631112
97.85000,-59.162946,-65.631110
97.86000,-59.162946,-65.631108
97.87000,-59.162945,-65.631106
97.88000,-59.162945,-65.631104
97.89000,-59.162945,-65.631102
97.90000,-59.162944,-65.631099
97.91000,-59.162944,-65.631097
97.92000,-59.162944,-65.631095
97.93000,-59.162944,-65.631094
97.94000,-59.162944,-65.631092
97.95000,-59.162944,-65.631090
97.96000,-59.162944,-65.631088
97.97000,-59.162944,-65.631086
97.98000,-59.162944,-65.631084
97.99000,-59.162944,-65.631083
98.00000,-59.162944,-65.631081
98.01000,-59.162944,-65.631079
98.02000,-59.162945,-65.631077
98.03000,-59.162945,-65.631076
98.04000,-59.162945,-65.631074
98.05000,-59.162946,-65.631073
98.06000,-59.162946,-65.631071
98.07000,-59.162946,-65.631070
98.08000,-59.162947,-65.631068
98.09000,-59.162947,-65.631067
98.10000,-59.162948,-65.631065
98.11000,-59.162949,-65.631064
98.12000,-59.162949,-65.631063
98.13000,-59.162950,-65.631061
98.14000,-59.162951,-65.631060
98.15000,-59.162951,-65.631059
98.16000,-59.162952,-65.631058
98.17000,-59.162953,-65.631057
98.18000,-59.162954,-65.631055
98.19000,-59.162955,-65.631054
98.20000,-59.162956,-65.631053
98.21000,-59.162957,-65.631052
98.22000,-59.162958,-65.631051
98.23000,-59.162959,-65.631050
98.24000,-59.162960,-65.631049
98.25000,-59.162961,-65.631048
98.26000,-59.162962,-65.631047
98.27000,-59.162964,-65.631047
98.28000,-59.162965,-65.631046
98.29000,-59.162966,-65.631045
98.30000,-59.162968,-65.631044
98.31000,-59.162969,-65.631043
98.32000,-59.162970,-65.631043
98.33000,-59.162972,-65.631042
98.34000,-59.162973,-65.631041
98.35000,-59.162975,-65.631041
98.36000,-59.162976,-65.631040
98.37000,-59.162978,-65.631040
98.38000,-59.162980,-65.631039
98.39000,-59.162981,-65.631039
98.40000,-59.162983,-65.631038
98.41000,-59.162985,-65.631038
98.42000,-59.162986,-65.631037
98.43000,-59.162988,-65.631037
98.44000,-59.162990,-65.631037
98.45000,-59.162992,-65.631036
98.46000,-59.162994,-65.631036
98.47000,-59.162996,-65.631036
98.48000,-59.162998,-65.631036
98.49000,-59.163000,-65.631036
98.50000,-59.163002,-65.631035
98.51000,-59.163004,-65.631035
98.52000,-59.163006,-65.631035
98.53000,-59.163008,-65.631035
98.54000,-59.163010,-65.631035
98.55000,-59.163013,-65.631035
98.56000,-59.163015,-65.631035
98.57000,-59.163017,-65.631035
98.58000,-59.163019,-65.631035
98.59000,-59.163022,-65.631035
98.60000,-59.163024,-65.631035
98.61000,-59.163027,-65.631036
98.62000,-59.163029,-65.631036
98.63000,-59.163031,-65.631036
98.64000,-59.163034,-65.631036
98.65000,-59.163037,-65.631037
98.66000,-59.163039,-65.631037
98.67000,-59.163042,-65.631037
98.68000,-59.163044,-65.631038
98.69000,-59.163047,-65.631038
98.70000,-59.163050,-65.631039
98.71000,-59.163052,-65.631039
98.72000,-59.163055,-65.631039
98.73000,-59.163058,-65.631040
98.74000,-59.163061,-65.631041
98.75000,-59.163064,-65.631041
98.76000,-59.163066,-65.631042
98.77000,-59.163069,-65.631042
98.78000,-59.163072,-65.631043
98.79000,-59.163075,-65.631044
98.80000,-59.163078,-65.631044
98.81000,-59.163081,-65.631045
98.82000,-59.163084,-65.631046
98.83000,-59.163087,-65.631047
98.84000,-59.163090,-65.631047
98.85000,-59.163094,-65.631048
98.86000,-59.163097,-65.631049
98.87000,-59.163100,-65.631050
98.88000,-59.163103,-65.631051
98.89000,-59.163106,-65.631052
98.90000,-59.163110,-65.631053
98.91000,-59.163113,-65.631054
98.92000,-59.163116,-65.631055
98.93000,-59.163120,-65.631056
98.94000,-59.163123,-65.631057
98.95000,-59.163126,-65.631058
98.96000,-59.163130,-65.631059
98.97000,-59.163133,-65.631060
98.98000,-59.163137,-65.631062
98.99000,-59.163140,-65.631063
99.00000,-59.163144,-65.631064
99.01000,-59.163147,-65.631065
99.02000,-59.163151,-65.631067
99.03000,-59.163154,-65.631068
99.04000,-59.163158,-65.631069
99.05000,-59.163162,-65.631071
99.06000,-59.163165,-65.631072
99.07000,-59.163169,-65.631073
99.08000,-59.163173,-65.631075
99.09000,-59.163177,-65.631076
99.10000,-59.163180,-65.631078
99.11000,-59.163184,-65.631079
99.12000,-59.163188,-65.631081
99.13000,-59.163192,-65.631082
99.14000,-59.163196,-65.631084
99.15000,-59.163199,-65.631085
99.16000,-59.163203,-65.631087
99.17000,-59.163207,-65.631089
99.18000,-59.163211,-65.631090
99.19000,-59.163215,-65.631092
99.20000,-59.163219,-65.631094
99.21000,-59.163223,-65.631096
99.22000,-59.163227,-65.631097
99.23000,-59.163231,-65.631099
99.24000,-59.163235,-65.631101
99.25000,-59.163239,-65.631103
99.26000,-59.163243,-65.631105
99.27000,-59.163248,-65.631106
99.28000,-59.163252,-65.631108
99.29000,-59.163256,-65.631110
99.30000,-59.163260,-65.631112
99.31000,-59.163264,-65.631114
99.32000,-59.163268,-65.631116
99.33000,-59.163273,-65.631118
99.34000,-59.163277,-65.631120
99.35000,-59.163281,-65.631122
99.36000,-59.163286,-65.631124
99.37000,-59.163290,-65.631126
99.38000,-59.163294,-65.631128
99.39000,-59.163298,-65.631130
99.40000,-59.163303,-65.631133
99.41000,-59.163307,-65.631135
99.42000,-59.163312,-65.631137
99.43000,-59.163316,-65.631139
99.44000,-59.163320,-65.631141
99.45000,-59.163325,-65.631144
99.46000,-59.163329,-65.631146
99.47000,-59.163334,-65.631148
99.48000,-59.163338,-65.631150
99.49000,-59.163343,-65.631153
99.50000,-59.163347,-65.631155
99.51000,-59.163352,-65.631157
99.52000,-59.163356,-65.631160
99.53000,-59.163361,-65.631162
99.54000,-59.163365,-65.631165
99.55000,-59.163370,-65.631167
99.56000,-59.163375,-65.631169
99.57000,-59.163379,-65.631172
99.58000,-59.163384,-65.631174
99.59000,-59.163389,-65.631177
99.60000,-59.163393,-65.631179
99.61000,-59.163398,-65.631182
99.62000,-59.163403,-65.631185
99.63000,-59.163407,-65.631187
99.64000,-59.163412,-65.631190
99.65000,-59.163417,-65.631192
99.66000,-59.163421,-65.631195
99.67000,-59.163426,-65.631198
99.68000,-59.163431,-65.631200
99.69000,-59.163436,-65.631203
99.70000,-59.163440,-65.631206
99.71000,-59.163445,-65.631208
99.72000,-59.163450,-65.631211
99.73000,-59.163455,-65.631214
99.74000,-59.163460,-65.631216
99.75000,-59.163464,-65.631219
99.76000,-59.163469,-65.631222
99.77000,-59.163474,-65.631225
99.78000,-59.163479,-65.631228
99.79000,-59.163484,-65.631230
99.80000,-59.163489,-65.631233
99.81000,-59.163493,-65.631236
99.82000,-59.163498,-65.631239
99.83000,-59.163503,-65.631242
99.84000,-59.163508,-65.631245
99.85000,-59.163513,-65.631248
99.86000,-59.163518,-65.631251
99.87000,-59.163523,-65.631254
99.88000,-59.163528,-65.631256
99.89000,-59.163533,-65.631259
99.90000,-59.163538,-65.631262
99.91000,-59.163543,-65.631265
99.92000,-59.163548,-65.631268
99.93000,-59.163552,-65.631271
99.94000,-59.163557,-65.631274
99.95000,-59.163562,-65.631277
99.96000,-59.163567,-65.631281
99.97000,-59.163572,-65.631284
99.98000,-59.163577,-65.631287
99.99000,-59.163582,-65.631290
100.00000,-59.163587,-65.631293
100.01000,-59.163592,-65.631296
100.02000,-59.163597,-65.631299
100.03000,-59.163602,-65.631302
100.04000,-59.163607,-65.631305
100.05000,-59.163612,-65.631309
100.06000,-59.163617,-65.631312
100.07000,-59.163622,-65.631315
100.08000,-59.163627,-65.631318
100.09000,-59.163632,-65.631321
100.10000,-59.163638,-65.631325
100.11000,-59.163643,-65.631328
100.12000,-59.163648,-65.631331
100.13000,-59.163653,-65.631334
100.14000,-59.163658,-65.631337
100.15000,-59.163663,-65.631341
100.16000,-59.163668,-65.631344
100.17000,-59.163673,-65.631347
100.18000,-59.163678,-65.631351
100.19000,-59.163683,-65.631354
100.20000,-59.163688,-65.631357
100.21000,-59.163693,-65.631361
100.22000,-59.163698,-65.631364
100.23000,-59.163703,-65.631367
100.24000,-59.163708,-65.631371
100.25000,-59.163713,-65.631374
100.26000,-59.163718,-65.631377
100.27000,-59.163723,-65.631381
100.28000,-59.163728,-65.631384
100.29000,-59.163733,-65.631387
100.30000,-59.163738,-65.631391
100.31000,-59.163743,-65.631394
100.32000,-59.163748,-65.631398
100.33000,-59.163754,-65.631401
100.34000,-59.163759,-65.631404
100.35000,-59.163764,-65.631408
100.36000,-59.163769,-65.631411
100.37000,-59.163774,-65.631415
100.38000,-59.163779,-65.631418
100.39000,-59.163784,-65.631422
100.40000,-59.163789,-65.631425
100.41000,-59.163794,-65.631428
100.42000,-59.163799,-65.631432
100.43000,-59.163804,-65.631435
100.44000,-59.163809,-65.631439
100.45000,-59.163814,-65.631442
100.46000,-59.163819,-65.631446
100.47000,-59.163824,-65.631449
100.48000,-59.163829,-65.631453
100.49000,-59.163834,-65.631456
100.50000,-59.163839,-65.631460
100.51000,-59.163844,-65.631463
100.52000,-59.163849,-65.631467
100.53000,-59.163854,-65.631470
100.54000,-59.163859,-65.631474
100.55000,-59.163864,-65.631477
100.56000,-59.163869,-65.631481
100.57000,-59.163874,-65.631485
100.58000,-59.163879,-65.631488
100.59000,-59.163883,-65.631492
100.60000,-59.163888,-65.631495
100.61000,-59.163893,-65.631499
100.62000,-59.163898,-65.631502
100.63000,-59.163903,-65.631506
100.64000,-59.163908,-65.631509
100.65000,-59.163913,-65.631513
100.66000,-59.163918,-65.631516
100.67000,-59.163923,-65.631520
100.68000,-59.163928,-65.631524
100.69000,-59.163932,-65.631527
100.70000,-59.163937,-65.631531
100.71000,-59.163942,-65.631534
100.72000,-59.163947,-65.631538
100.73000,-59.163952,-65.631541
100.74000,-59.163957,-65.631545
100.75000,-59.163962,-65.631549
100.76000,-59.163966,-65.631552
100.77000,-59.163971,-65.631556
100.78000,-59.163976,-65.631559
100.79000,-59.163981,-65.631563
100.80000,-59.163985,-65.631567
100.81000,-59.163990,-65.631570
100.82000,-59.163995,-65.631574
100.83000,-59.164000,-65.631577
100.84000,-59.164004,-65.631581
100.85000,-59.164009,-65.631584
100.86000,-59.164014,-65.631588
100.87000,-59.164019,-65.631592
100.88000,-59.164023,-65.631595
100.89000,-59.164028,-65.631599
100.90000,-59.164033,-65.631602
100.91000,-59.164037,-65.631606
100.92000,-59.164042,-65.631610
100.93000,-59.164047,-65.631613
100.94000,-59.164051,-65.631617
100.95000,-59.164056,-65.631620
100.96000,-59.164060,-65.631624
100.97000,-59.164065,-65.631627
100.98000,-59.164070,-65.631631
100.99000,-59.164074,-65.631635
101.00000,-59.164079,-65.631638
101.01000,-59.164083,-65.631642
101.02000,-59.164088,-65.631645
101.03000,-59.164092,-65.631649
101.04000,-59.164097,-65.631652
101.05000,-59.164101,-65.631656
101.06000,-59.164106,-65.631659
101.07000,-59.164110,-65.631663
101.08000,-59.164115,-65.631666
101.09000,-59.164119,-65.631670
101.10000,-59.164124,-65.631674
101.11000,-59.164128,-65.631677
101.12000,-59.164132,-65.631681
101.13000,-59.164137,-65.631684
101.14000,-59.164141,-65.631688
101.15000,-59.164146,-65.631691
101.16000,-59.164150,-65.631695
101.17000,-59.164154,-65.631698
101.18000,-59.164159,-65.631702
101.19000,-59.164163,-65.631705
101.20000,-59.164167,-65.631709
101.21000,-59.164171,-65.631712
101.22000,-59.164176,-65.631716
101.23000,-59.164180,-65.631719
101.24000,-59.164184,-65.631723
101.25000,-59.164188,-65.631726
101.26000,-59.164192,-65.631730
101.27000,-59.164197,-65.631733
101.28000,-59.164201,-65.631736
101.29000,-59.164205,-65.631740
101.30000,-59.164209,-65.631743
101.31000,-59.164213,-65.631747
101.32000,-59.164217,-65.631750
101.33000,-59.164221,-65.631754
101.34000,-59.164225,-65.631757
101.35000,-59.164229,-65.631760
101.36000,-59.164234,-65.631764
101.37000,-59.164238,-65.631767
101.38000,-59.164242,-65.631771
101.39000,-59.164246,-65.631774
101.40000,-59.164249,-65.631777
101.41000,-59.164253,-65.631781
101.42000,-59.164257,-65.631784
101.43000,-59.164261,-65.631788
101.44000,-59.164265,-65.631791
101.45000,-59.164269,-65.631794
101.46000,-59.164273,-65.631798
101.47000,-59.164277,-65.631801
101.48000,-59.164281,-65.631804
101.49000,-59.164284,-65.631808
101.50000,-59.164288,-65.631811
101.51000,-59.164292,-65.631814
101.52000,-59.164296,-65.631817
101.53000,-59.164299,-65.631821
101.54000,-59.164303,-65.631824
101.55000,-59.164307,-65.631827
101.56000,-59.164310,-65.631831
101.57000,-59.164314,-65.631834
101.58000,-59.164318,-65.631837
101.59000,-59.164321,-65.631840
101.60000,-59.164325,-65.631843
101.61000,-59.164329,-65.631847
101.62000,-59.164332,-65.631850
101.63000,-59.164336,-65.631853
101.64000,-59.164339,-65.631856
101.65000,-59.164343,-65.631859
101.66000,-59.164346,-65.631863
101.67000,-59.164350,-65.631866
101.68000,-59.164353,-65.631869
101.69000,-59.164357,-65.631872
101.70000,-59.164360,-65.631875
101.71000,-59.164363,-65.631878
101.72000,-59.164367,-65.631881
101.73000,-59.164370,-65.631885
101.74000,-59.164373,-65.631888
101.75000,-59.164377,-65.631891
101.76000,-59.164380,-65.631894
101.77000,-59.164383,-65.631897
101.78000,-59.164387,-65.631900
101.79000,-59.164390,-65.631903
101.80000,-59.164393,-65.631906
101.81000,-59.164396,-65.631909
101.82000,-59.164399,-65.631912
101.83000,-59.164403,-65.631915
101.84000,-59.164406,-65.631918
101.85000,-59.164409,-65.631921
101.86000,-59.164412,-65.631924
101.87000,-59.164415,-65.631927
101.88000,-59.164418,-65.631930
101.89000,-59.164421,-65.631933
101.90000,-59.164424,-65.631936
101.91000,-59.164427,-65.631939
101.92000,-59.164430,-65.631941
101.93000,-59.164433,-65.631944
101.94000,-59.164436,-65.631947
101.95000,-59.164439,-65.631950
101.96000,-59.164442,-65.631953
101.97000,-59.164444,-65.631956
101.98000,-59.164447,-65.631959
101.99000,-59.164450,-65.631961
102.00000,-59.164453,-65.631964
102.01000,-59.164456,-65.631967
102.02000,-59.164458,-65.631970
102.03000,-59.164461,-65.631972
102.04000,-59.164464,-65.631975
102.05000,-59.164466,-65.631978
102.06000,-59.164469,-65.631981
102.07000,-59.164472,-65.631983
102.08000,-59.164474,-65.631986
102.09000,-59.164477,-65.631989
102.10000,-59.164480,-65.631991
102.11000,-59.164482,-65.631994
102.12000,-59.164485,-65.631997
102.13000,-59.164487,-65.631999
102.14000,-59.164490,-65.632002
102.15000,-59.164492,-65.632005
102.16000,-59.164495,-65.632007
102.17000,-59.164497,-65.632010
102.18000,-59.164499,-65.632012
102.19000,-59.164502,-65.632015
102.20000,-59.164504,-65.632018
102.21000,-59.164506,-65.632020
102.22000,-59.164509,-65.632023
102.23000,-59.164511,-65.632025
102.24000,-59.164513,-65.632028
102.25000,-59.164516,-65.632030
102.26000,-59.164518,-65.632032
102.27000,-59.164520,-65.632035
102.28000,-59.164522,-65.632037
102.29000,-59.164524,-65.632040
102.30000,-59.164526,-65.632042
102.31000,-59.164529,-65.632045
102.32000,-59.164531,-65.632047
102.33000,-59.164533,-65.632049
102.34000,-59.164535,-65.632052
102.35000,-59.164537,-65.632054
102.36000,-59.164539,-65.632056
102.37000,-59.164541,-65.632059
102.38000,-59.164543,-65.632061
102.39000,-59.164545,-65.632063
102.40000,-59.164547,-65.632065
102.41000,-59.164548,-65.632068
102.42000,-59.164550,-65.632070
102.43000,-59.164552,-65.632072
102.44000,-59.164554,-65.632074
102.45000,-59.164556,-65.632077
102.46000,-59.164558,-65.632079
102.47000,-59.164559,-65.632081
102.48000,-59.164561,-65.632083
102.49000,-59.164563,-65.632085
102.50000,-59.164564,-65.632087
102.51000,-59.164566,-65.632089
102.52000,-59.164568,-65.632091
102.53000,-59.164569,-65.632094
102.54000,-59.164571,-65.632096
102.55000,-59.164572,-65.632098
102.56000,-59.164574,-65.632100
102.57000,-59.164576,-65.632102
102.58000,-59.164577,-65.632104
102.59000,-59.164579,-65.632106
102.60000,-59.164580,-65.632108
102.61000,-59.164581,-65.632110
102.62000,-59.164583,-65.632112
102.63000,-59.164584,-65.632113
102.64000,-59.164586,-65.632115
102.65000,-59.164587,-65.632117
102.66000,-59.164588,-65.632119
102.67000,-59.164590,-65.632121
102.68000,-59.164591,-65.632123
102.69000,-59.164592,-65.632125
102.70000,-59.164593,-65.632126
102.71000,-59.164595,-65.632128
102.72000,-59.164596,-65.632130
102.73000,-59.164597,-65.632132
102.74000,-59.164598,-65.632134
102.75000,-59.164599,-65.632135
102.76000,-59.164600,-65.632137
102.77000,-59.164601,-65.632139
102.78000,-59.164602,-65.632140
102.79000,-59.164603,-65.632142
102.80000,-59.164604,-65.632144
102.81000,-59.164605,-65.632145
102.82000,-59.164606,-65.632147
102.83000,-59.164607,-65.632149
102.84000,-59.164608,-65.632150
102.85000,-59.164609,-65.632152
102.86000,-59.164610,-65.632153
102.87000,-59.164611,-65.632155
102.88000,-59.164612,-65.632156
102.89000,-59.164613,-65.632158
102.90000,-59.164613,-65.632159
102.91000,-59.164614,-65.632161
102.92000,-59.164615,-65.632162
102.93000,-59.164616,-65.632164
102.94000,-59.164616,-65.632165
102.95000,-59.164617,-65.632167
102.96000,-59.164618,-65.632168
102.97000,-59.164618,-65.632169
102.98000,-59.164619,-65.632171
102.99000,-59.164619,-65.632172
103.00000,-59.164620,-65.632173
103.01000,-59.164621,-65.632175
103.02000,-59.164621,-65.632176
103.03000,-59.164622,-65.632177
103.04000,-59.164622,-65.632179
103.05000,-59.164622,-65.632180
103.06000,-59.164623,-65.632181
103.07000,-59.164623,-65.632182
103.08000,-59.164624,-65.632184
103.09000,-59.164624,-65.632185
103.10000,-59.164624,-65.632186
103.11000,-59.164625,-65.632187
103.12000,-59.164625,-65.632188
103.13000,-59.164625,-65.632189
103.14000,-59.164626,-65.632191
103.15000,-59.164626,-65.632192
103.16000,-59.164626,-65.632193
103.17000,-59.164626,-65.632194
103.18000,-59.164627,-65.632195
103.19000,-59.164627,-65.632196
103.20000,-59.164627,-65.632197
103.21000,-59.164627,-65.632198
103.22000,-59.164627,-65.632199
103.23000,-59.164627,-65.632200
103.24000,-59.164627,-65.632201
103.25000,-59.164627,-65.632202
103.26000,-59.164627,-65.632203
103.27000,-59.164627,-65.632204
103.28000,-59.164627,-65.632204
103.29000,-59.164627,-65.632205
103.30000,-59.164627,-65.632206
103.31000,-59.164627,-65.632207
103.32000,-59.164627,-65.632208
103.33000,-59.164627,-65.632209
103.34000,-59.164627,-65.632209
103.35000,-59.164627,-65.632210
103.36000,-59.164626,-65.632211
103.37000,-59.164626,-65.632212
103.38000,-59.164626,-65.632212
103.39000,-59.164626,-65.632213
103.40000,-59.164625,-65.632214
103.41000,-59.164625,-65.632215
103.42000,-59.164625,-65.632215
103.43000,-59.164625,-65.632216
103.44000,-59.164624,-65.632217
103.45000,-59.164624,-65.632217
103.46000,-59.164623,-65.632218
103.47000,-59.164623,-65.632218
103.48000,-59.164623,-65.632219
103.49000,-59.164622,-65.632219
103.50000,-59.164622,-65.632220
103.51000,-59.164621,-65.632221
103.52000,-59.164621,-65.632221
103.53000,-59.164620,-65.632222
103.54000,-59.164620,-65.632222
103.55000,-59.164619,-65.632223
103.56000,-59.164619,-65.632223
103.57000,-59.164618,-65.632223
103.58000,-59.164617,-65.632224
103.59000,-59.164617,-65.632224
103.60000,-59.164616,-65.632225
103.61000,-59.164615,-65.632225
103.62000,-59.164615,-65.632225
103.63000,-59.164614,-65.632226
103.64000,-59.164613,-65.632226
103.65000,-59.164613,-65.632226
103.66000,-59.164612,-65.632227
103.67000,-59.164611,-65.632227
103.68000,-59.164610,-65.632227
103.69000,-59.164610,-65.632227
103.70000,-59.164609,-65.632228
103.71000,-59.164608,-65.632228
103.72000,-59.164607,-65.632228
103.73000,-59.164606,-65.632228
103.74000,-59.164605,-65.632228
103.75000,-59.164604,-65.632229
103.76000,-59.164603,-65.632229
103.77000,-59.164603,-65.632229
103.78000,-59.164602,-65.632229
103.79000,-59.164601,-65.632229
103.80000,-59.164600,-65.632229
103.81000,-59.164599,-65.632229
103.82000,-59.164598,-65.632229
103.83000,-59.164596,-65.632229
103.84000,-59.164595,-65.632229
103.85000,-59.164594,-65.632229
103.86000,-59.164593,-65.632229
103.87000,-59.164592,-65.632229
103.88000,-59.164591,-65.632229
103.89000,-59.164590,-65.632229
103.90000,-59.164589,-65.632229
103.91000,-59.164588,-65.632229
103.92000,-59.164586,-65.632229
103.93000,-59.164585,-65.632229
103.94000,-59.164584,-65.632229
103.95000,-59.164583,-65.632229
103.96000,-59.164581,-65.632229
103.97000,-59.164580,-65.632228
103.98000,-59.164579,-65.632228
103.99000,-59.164578,-65.632228
104.00000,-59.164576,-65.632228
104.01000,-59.164575,-65.632228
104.02000,-59.164574,-65.632227
104.03000,-59.164572,-65.632227
104.04000,-59.164571,-65.632227
104.05000,-59.164570,-65.632227
104.06000,-59.164568,-65.632226
104.07000,-59.164567,-65.632226
104.08000,-59.164565,-65.632226
104.09000,-59.164564,-65.632225
104.10000,-59.164562,-65.632225
104.11000,-59.164561,-65.632225
104.12000,-59.164559,-65.632224
104.13000,-59.164558,-65.632224
104.14000,-59.164556,-65.632224
104.15000,-59.164555,-65.632223
104.16000,-59.164553,-65.632223
104.17000,-59.164552,-65.632222
104.18000,-59.164550,-65.632222
104.19000,-59.164549,-65.632222
104.20000,-59.164547,-65.632221
104.21000,-59.164545,-65.632221
104.22000,-59.164544,-65.632220
104.23000,-59.164542,-65.632220
104.24000,-59.164541,-65.632219
104.25000,-59.164539,-65.632219
104.26000,-59.164537,-65.632218
104.27000,-59.164536,-65.632217
104.28000,-59.164534,-65.632217
104.29000,-59.164532,-65.632216
104.30000,-59.164530,-65.632216
104.31000,-59.164529,-65.632215
104.32000,-59.164527,-65.632214
104.33000,-59.164525,-65.632214
104.34000,-59.164523,-65.632213
104.35000,-59.164522,-65.632213
104.36000,-59.164520,-65.632212
104.37000,-59.164518,-65.632211
104.38000,-59.164516,-65.632210
104.39000,-59.164514,-65.632210
104.40000,-59.164513,-65.632209
104.41000,-59.164511,-65.632208
104.42000,-59.164509,-65.632208
104.43000,-59.164507,-65.632207
104.44000,-59.164505,-65.632206
104.45000,-59.164503,-65.632205
104.46000,-59.164501,-65.632205
104.47000,-59.164499,-65.632204
104.48000,-59.164497,-65.632203
104.49000,-59.164495,-65.632202
104.50000,-59.164494,-65.632201
104.51000,-59.164492,-65.632200
104.52000,-59.164490,-65.632200
104.53000,-59.164488,-65.632199
104.54000,-59.164486,-65.632198
104.55000,-59.164484,-65.632197
104.56000,-59.164482,-65.632196
104.57000,-59.164480,-65.632195
104.58000,-59.164478,-65.632194
104.59000,-59.164476,-65.632193
104.60000,-59.164473,-65.632192
104.61000,-59.164471,-65.632191
104.62000,-59.164469,-65.632190
104.63000,-59.164467,-65.632189
104.64000,-59.164465,-65.632188
104.65000,-59.164463,-65.632187
104.66000,-59.164461,-65.632186
104.67000,-59.164459,-65.632185
104.68000,-59.164457,-65.632184
104.69000,-59.164455,-65.632183
104.70000,-59.164453,-65.632182
104.71000,-59.164450,-65.632181
104.72000,-59.164448,-65.632180
104.73000,-59.164446,-65.632179
104.74000,-59.164444,-65.632178
104.75000,-59.164442,-65.632177
104.76000,-59.164440,-65.632176
104.77000,-59.164437,-65.632175
104.78000,-59.164435,-65.632174
104.79000,-59.164433,-65.632173
104.80000,-59.164431,-65.632171
104.81000,-59.164429,-65.632170
104.82000,-59.164426,-65.632169
104.83000,-59.164424,-65.632168
104.84000,-59.164422,-65.632167
104.85000,-59.164420,-65.632166
104.86000,-59.164417,-65.632164
104.87000,-59.164415,-65.632163
104.88000,-59.164413,-65.632162
104.89000,-59.164411,-65.632161
104.90000,-59.164408,-65.632159
104.91000,-59.164406,-65.632158
104.92000,-59.164404,-65.632157
104.93000,-59.164401,-65.632156
104.94000,-59.164399,-65.632154
104.95000,-59.164397,-65.632153
104.96000,-59.164394,-65.632152
104.97000,-59.164392,-65.632151
104.98000,-59.164390,-65.632149
104.99000,-59.164387,-65.632148
105.00000,-59.164385,-65.632147
105.01000,-59.164383,-65.632145
105.02000,-59.164380,-65.632144
105.03000,-59.164378,-65.632143
105.04000,-59.164376,-65.632141
105.05000,-59.164373,-65.632140
105.06000,-59.164371,-65.632139
105.07000,-59.164369,-65.632137
105.08000,-59.164366,-65.632136
105.09000,-59.164364,-65.632135
105.10000,-59.164361,-65.632133
105.11000,-59.164359,-65.632132
105.12000,-59.164357,-65.632130
105.13000,-59.164354,-65.632129
105.14000,-59.164352,-65.632127
105.15000,-59.164349,-65.632126
105.16000,-59.164347,-65.632125
105.17000,-59.164345,-65.632123
105.18000,-59.164342,-65.632122
105.19000,-59.164340,-65.632120
105.20000,-59.164337,-65.632119
105.21000,-59.164335,-65.632117
105.22000,-59.164333,-65.632116
105.23000,-59.164330,-65.632114
105.24000,-59.164328,-65.632113
105.25000,-59.164325,-65.632111
105.26000,-59.164323,-65.632110
105.27000,-59.164320,-65.632108
105.28000,-59.164318,-65.632107
105.29000,-59.164315,-65.632105
105.30000,-59.164313,-65.632104
105.31000,-59.164310,-65.632102
105.32000,-59.164308,-65.632101
105.33000,-59.164306,-65.632099
105.34000,-59.164303,-65.632098
105.35000,-59.164301,-65.632096
105.36000,-59.164298,-65.632095
105.37000,-59.164296,-65.632093
105.38000,-59.164293,-65.632092
105.39000,-59.164291,-65.632090
105.40000,-59.164288,-65.632088
105.41000,-59.164286,-65.632087
105.42000,-59.164283,-65.632085
105.43000,-59.164281,-65.632084
105.44000,-59.164278,-65.632082
105.45000,-59.164276,-65.632080
105.46000,-59.164273,-65.632079
105.47000,-59.164271,-65.632077
105.48000,-59.164268,-65.632076
105.49000,-59.164266,-65.632074
105.50000,-59.164264,-65.632072
105.51000,-59.164261,-65.632071
105.52000,-59.164259,-65.632069
105.53000,-59.164256,-65.632067
105.54000,-59.164254,-65.632066
105.55000,-59.164251,-65.632064
105.56000,-59.164249,-65.632063
105.57000,-59.164246,-65.632061
105.58000,-59.164244,-65.632059
105.59000,-59.164241,-65.632058
105.60000,-59.164239,-65.632056
105.61000,-59.164236,-65.632054
105.62000,-59.164234,-65.632053
105.63000,-59.164231,-65.632051
105.64000,-59.164229,-65.632049
105.65000,-59.164226,-65.632048
105.66000,-59.164224,-65.632046
105.67000,-59.164221,-65.632044
105.68000,-59.164219,-65.632042
105.69000,-59.164216,-65.632041
105.70000,-59.164214,-65.632039
105.71000,-59.164211,-65.632037
105.72000,-59.164209,-65.632036
105.73000,-59.164207,-65.632034
105.74000,-59.164204,-65.632032
105.75000,-59.164202,-65.632031
105.76000,-59.164199,-65.632029
105.77000,-59.164197,-65.632027
105.78000,-59.164194,-65.632025
105.79000,-59.164192,-65.632024
105.80000,-59.164189,-65.632022
105.81000,-59.164187,-65.632020
105.82000,-59.164184,-65.632019
105.83000,-59.164182,-65.632017
105.84000,-59.164180,-65.632015
105.85000,-59.164177,-65.632013
105.86000,-59.164175,-65.632012
105.87000,-59.164172,-65.632010
105.88000,-59.164170,-65.632008
105.89000,-59.164167,-65.632006
105.90000,-59.164165,-65.632005
105.91000,-59.164163,-65.632003
105.92000,-59.164160,-65.632001
105.93000,-59.164158,-65.631999
105.94000,-59.164155,-65.631998
105.95000,-59.164153,-65.631996
105.96000,-59.164150,-65.631994
105.97000,-59.164148,-65.631992
105.98000,-59.164146,-65.631991
105.99000,-59.164143,-65.631989
106.00000,-59.164141,-65.631987
106.01000,-59.164138,-65.631985
106.02000,-59.164136,-65.631984
106.03000,-59.164134,-65.631982
106.04000,-59.164131,-65.631980
106.05000,-59.164129,-65.631978
106.06000,-59.164127,-65.631977
106.07000,-59.164124,-65.631975
106.08000,-59.164122,-65.631973
106.09000,-59.164120,-65.631971
106.10000,-59.164117,-65.631970
106.11000,-59.164115,-65.631968
106.12000,-59.164112,-65.631966
106.13000,-59.164110,-65.631964
106.14000,-59.164108,-65.631963
106.15000,-59.164105,-65.631961
106.16000,-59.164103,-65.631959
106.17000,-59.164101,-65.631957
106.18000,-59.164099,-65.631955
106.19000,-59.164096,-65.631954
106.20000,-59.164094,-65.631952
106.21000,-59.164092,-65.631950
106.22000,-59.164089,-65.631948
106.23000,-59.164087,-65.631947
106.24000,-59.164085,-65.631945
106.25000,-59.164082,-65.631943
106.26000,-59.164080,-65.631941
106.27000,-59.164078,-65.631940
106.28000,-59.164076,-65.631938
106.29000,-59.164073,-65.631936
106.30000,-59.164071,-65.631934
106.31000,-59.164069,-65.631933
106.32000,-59.164067,-65.631931
106.33000,-59.164065,-65.631929
106.34000,-59.164062,-65.631927
106.35000,-59.164060,-65.631926
106.36000,-59.164058,-65.631924
106.37000,-59.164056,-65.631922
106.38000,-59.164053,-65.631920
106.39000,-59.164051,-65.631919
106.40000,-59.164049,-65.631917
106.41000,-59.164047,-65.631915
106.42000,-59.164045,-65.631913
106.43000,-59.164043,-65.631912
106.44000,-59.164040,-65.631910
106.45000,-59.164038,-65.631908
106.46000,-59.164036,-65.631907
106.47000,-59.164034,-65.631905
106.48000,-59.164032,-65.631903
106.49000,-59.164030,-65.631901
106.50000,-59.164028,-65.631900
106.51000,-59.164026,-65.631898
106.52000,-59.164023,-65.631896
106.53000,-59.164021,-65.631895
106.54000,-59.164019,-65.631893
106.55000,-59.164017,-65.631891
106.56000,-59.164015,-65.631889
106.57000,-59.164013,-65.631888
106.58000,-59.164011,-65.631886
106.59000,-59.164009,-65.631884
106.60000,-59.164007,-65.631883
106.61000,-59.164005,-65.631881
106.62000,-59.164003,-65.631879
106.63000,-59.164001,-65.631878
106.64000,-59.163999,-65.631876
106.65000,-59.163997,-65.631874
106.66000,-59.163995,-65.631872
106.67000,-59.163993,-65.631871
106.68000,-59.163991,-65.631869
106.69000,-59.163989,-65.631867
106.70000,-59.163987,-65.631866
106.71000,-59.163985,-65.631864
106.72000,-59.163983,-65.631862
106.73000,-59.163981,-65.631861
106.74000,-59.163979,-65.631859
106.75000,-59.163977,-65.631858
106.76000,-59.163976,-65.631856
106.77000,-59.163974,-65.631854
106.78000,-59.163972,-65.631853
106.79000,-59.163970,-65.631851
106.80000,-59.163968,-65.631849
106.81000,-59.163966,-65.631848
106.82000,-59.163964,-65.631846
106.83000,-59.163962,-65.631844
106.84000,-59.163961,-65.631843
106.85000,-59.163959,-65.631841
106.86000,-59.163957,-65.631840
106.87000,-59.163955,-65.631838
106.88000,-59.163953,-65.631836
106.89000,-59.163952,-65.631835
106.90000,-59.163950,-65.631833
106.91000,-59.163948,-65.631832
106.92000,-59.163946,-65.631830
106.93000,-59.163945,-65.631829
106.94000,-59.163943,-65.631827
106.95000,-59.163941,-65.631825
106.96000,-59.163939,-65.631824
106.97000,-59.163938,-65.631822
106.98000,-59.163936,-65.631821
106.99000,-59.163934,-65.631819
107.00000,-59.163933,-65.631818
107.01000,-59.163931,-65.631816
107.02000,-59.163929,-65.631815
107.03000,-59.163928,-65.631813
107.04000,-59.163926,-65.631812
107.05000,-59.163924,-65.631810
107.06000,-59.163923,-65.631808
107.07000,-59.163921,-65.631807
107.08000,-59.163919,-65.631805
107.09000,-59.163918,-65.631804
107.10000,-59.163916,-65.631802
107.11000,-59.163915,-65.631801
107.12000,-59.163913,-65.631800
107.13000,-59.163912,-65.631798
107.14000,-59.163910,-65.631797
107.15000,-59.163908,-65.631795
107.16000,-59.163907,-65.631794
107.17000,-59.163905,-65.631792
107.18000,-59.163904,-65.631791
107.19000,-59.163902,-65.631789
107.20000,-59.163901,-65.631788
107.21000,-59.163899,-65.631786
107.22000,-59.163898,-65.631785
107.23000,-59.163897,-65.631784
107.24000,-59.163895,-65.631782
107.25000,-59.163894,-65.631781
107.26000,-59.163892,-65.631779
107.27000,-59.163891,-65.631778
107.28000,-59.163889,-65.631777
107.29000,-59.163888,-65.631775
107.30000,-59.163887,-65.631774
107.31000,-59.163885,-65.631772
107.32000,-59.163884,-65.631771
107.33000,-59.163883,-65.631770
107.34000,-59.163881,-65.631768
107.35000,-59.163880,-65.631767
107.36000,-59.163879,-65.631766
107.37000,-59.163877,-65.631764
107.38000,-59.163876,-65.631763
107.39000,-59.163875,-65.631762
107.40000,-59.163873,-65.631760
107.41000,-59.163872,-65.631759
107.42000,-59.163871,-65.631758
107.43000,-59.163870,-65.631756
107.44000,-59.163868,-65.631755
107.45000,-59.163867,-65.631754
107.46000,-59.163866,-65.631753
107.47000,-59.163865,-65.631751
107.48000,-59.163864,-65.631750
107.49000,-59.163862,-65.631749
107.50000,-59.163861,-65.631747
107.51000,-59.163860,-65.631746
107.52000,-59.163859,-65.631745
107.53000,-59.163858,-65.631744
107.54000,-59.163857,-65.631742
107.55000,-59.163856,-65.631741
107.56000,-59.163854,-65.631740
107.57000,-59.163853,-65.631739
107.58000,-59.163852,-65.631738
107.59000,-59.163851,-65.631736
107.60000,-59.163850,-65.631735
107.61000,-59.163849,-65.631734
107.62000,-59.163848,-65.631733
107.63000,-59.163847,-65.631732
107.64000,-59.163846,-65.631731
107.65000,-59.163845,-65.631729
107.66000,-59.163844,-65.631728
107.67000,-59.163843,-65.631727
107.68000,-59.163842,-65.631726
107.69000,-59.163841,-65.631725
107.70000,-59.163840,-65.631724
107.71000,-59.163839,-65.631723
107.72000,-59.163838,-65.631722
107.73000,-59.163837,-65.631720
107.74000,-59.163837,-65.631719
107.75000,-59.163836,-65.631718
107.76000,-59.163835,-65.631717
107.77000,-59.163834,-65.631716
107.78000,-59.163833,-65.631715
107.79000,-59.163832,-65.631714
107.80000,-59.163831,-65.631713
107.81000,-59.163831,-65.631712
107.82000,-59.163830,-65.631711
107.83000,-59.163829,-65.631710
107.84000,-59.163828,-65.631709
107.85000,-59.163827,-65.631708
107.86000,-59.163827,-65.631707
107.87000,-59.163826,-65.631706
107.88000,-59.163825,-65.631705
107.89000,-59.163824,-65.631704
107.90000,-59.163824,-65.631703
107.91000,-59.163823,-65.631702
107.92000,-59.163822,-65.631701
107.93000,-59.163822,-65.631700
107.94000,-59.163821,-65.631699
107.95000,-59.163820,-65.631698
107.96000,-59.163819,-65.631697
107.97000,-59.163819,-65.631696
107.98000,-59.163818,-65.631695
107.99000,-59.163818,-65.631694
108.00000,-59.163817,-65.631694
108.01000,-59.163816,-65.631693
108.02000,-59.163816,-65.631692
108.03000,-59.163815,-65.631691
108.04000,-59.163815,-65.631690
108.05000,-59.163814,-65.631689
108.06000,-59.163814,-65.631688
108.07000,-59.163813,-65.631688
108.08000,-59.163812,-65.631687
108.09000,-59.163812,-65.631686
108.10000,-59.163811,-65.631685
108.11000,-59.163811,-65.631684
108.12000,-59.163810,-65.631683
108.13000,-59.163810,-65.631683
108.14000,-59.163810,-65.631682
108.15000,-59.163809,-65.631681
108.16000,-59.163809,-65.631680
108.17000,-59.163808,-65.631680
108.18000,-59.163808,-65.631679
108.19000,-59.163807,-65.631678
108.20000,-59.163807,-65.631677
108.21000,-59.163807,-65.631677
108.22000,-59.163806,-65.631676
108.23000,-59.163806,-65.631675
108.24000,-59.163806,-65.631674
108.25000,-59.163805,-65.631674
108.26000,-59.163805,-65.631673
108.27000,-59.163805,-65.631672
108.28000,-59.163804,-65.631672
108.29000,-59.163804,-65.631671
108.30000,-59.163804,-65.631670
108.31000,-59.163803,-65.631670
108.32000,-59.163803,-65.631669
108.33000,-59.163803,-65.631668
108.34000,-59.163803,-65.631668
108.35000,-59.163802,-65.631667
108.36000,-59.163802,-65.631666
108.37000,-59.163802,-65.631666
108.38000,-59.163802,-65.631665
108.39000,-59.163802,-65.631665
108.40000,-59.163801,-65.631664
108.41000,-59.163801,-65.631663
108.42000,-59.163801,-65.631663
108.43000,-59.163801,-65.631662
108.44000,-59.163801,-65.631662
108.45000,-59.163801,-65.631661
108.46000,-59.163800,-65.631661
108.47000,-59.163800,-65.631660
108.48000,-59.163800,-65.631660
108.49000,-59.163800,-65.631659
108.50000,-59.163800,-65.631659
108.51000,-59.163800,-65.631658
108.52000,-59.163800,-65.631658
108.53000,-59.163800,-65.631657
108.54000,-59.163800,-65.631657
108.55000,-59.163800,-65.631656
108.56000,-59.163800,-65.631656
108.57000,-59.163800,-65.631655
108.58000,-59.163800,-65.631655
108.59000,-59.163800,-65.631654
108.60000,-59.163800,-65.631654
108.61000,-59.163800,-65.631654
108.62000,-59.163800,-65.631653
108.63000,-59.163800,-65.631653
108.64000,-59.163800,-65.631652
108.65000,-59.163800,-65.631652
108.66000,-59.163800,-65.631652
108.67000,-59.163800,-65.631651
108.68000,-59.163800,-65.631651
108.69000,-59.163801,-65.631651
108.70000,-59.163801,-65.631650
108.71000,-59.163801,-65.631650
108.72000,-59.163801,-65.631649
108.73000,-59.163801,-65.631649
108.74000,-59.163801,-65.631649
108.75000,-59.163801,-65.631649
108.76000,-59.163802,-65.631648
108.77000,-59.163802,-65.631648
108.78000,-59.163802,-65.631648
108.79000,-59.163802,-65.631647
108.80000,-59.163802,-65.631647
108.81000,-59.163803,-65.631647
108.82000,-59.163803,-65.631647
108.83000,-59.163803,-65.631646
108.84000,-59.163803,-65.631646
108.85000,-59.163804,-65.631646
108.86000,-59.163804,-65.631646
108.87000,-59.163804,-65.631645
108.88000,-59.163804,-65.631645
108.89000,-59.163805,-65.631645
108.90000,-59.163805,-65.631645
108.91000,-59.163805,-65.631645
108.92000,-59.163806,-65.631644
108.93000,-59.163806,-65.631644
108.94000,-59.163806,-65.631644
108.95000,-59.163807,-65.631644
108.96000,-59.163807,-65.631644
108.97000,-59.163807,-65.631644
108.98000,-59.163808,-65.631643
108.99000,-59.163808,-65.631643
109.00000,-59.163809,-65.631643
109.01000,-59.163809,-65.631643
109.02000,-59.163809,-65.631643
109.03000,-59.163810,-65.631643
109.04000,-59.163810,-65.631643
109.05000,-59.163811,-65.631643
109.06000,-59.163811,-65.631643
109.07000,-59.163812,-65.631643
109.08000,-59.163812,-65.631643
109.09000,-59.163813,-65.631642
109.10000,-59.163813,-65.631642
109.11000,-59.163814,-65.631642
109.12000,-59.163814,-65.631642
109.13000,-59.163815,-65.631642
109.14000,-59.163815,-65.631642
109.15000,-59.163816,-65.631642
109.16000,-59.163816,-65.631642
109.17000,-59.163817,-65.631642
109.18000,-59.163817,-65.631642
109.19000,-59.163818,-65.631642
109.20000,-59.163818,-65.631642
109.21000,-59.163819,-65.631642
109.22000,-59.163819,-65.631642
109.23000,-59.163820,-65.631642
109.24000,-59.163821,-65.631642
109.25000,-59.163821,-65.631643
109.26000,-59.163822,-65.631643
109.27000,-59.163822,-65.631643
109.28000,-59.163823,-65.631643
109.29000,-59.163824,-65.631643
109.30000,-59.163824,-65.631643
109.31000,-59.163825,-65.631643
109.32000,-59.163826,-65.631643
109.33000,-59.163826,-65.631643
109.34000,-59.163827,-65.631643
109.35000,-59.163828,-65.631644
109.36000,-59.163828,-65.631644
109.37000,-59.163829,-65.631644
109.38000,-59.163830,-65.631644
109.39000,-59.163830,-65.631644
109.40000,-59.163831,-65.631644
109.41000,-59.163832,-65.631644
109.42000,-59.163833,-65.631645
109.43000,-59.163833,-65.631645
109.44000,-59.163834,-65.631645
109.45000,-59.163835,-65.631645
109.46000,-59.163836,-65.631645
109.47000,-59.163836,-65.631646
109.48000,-59.163837,-65.631646
109.49000,-59.163838,-65.631646
109.50000,-59.163839,-65.631646
109.51000,-59.163839,-65.631646
109.52000,-59.163840,-65.631647
109.53000,-59.163841,-65.631647
109.54000,-59.163842,-65.631647
109.55000,-59.163843,-65.631647
109.56000,-59.163843,-65.631648
109.57000,-59.163844,-65.631648
109.58000,-59.163845,-65.631648
109.59000,-59.163846,-65.631649
109.60000,-59.163847,-65.631649
109.61000,-59.163848,-65.631649
109.62000,-59.163849,-65.631649
109.63000,-59.163849,-65.631650
109.64000,-59.163850,-65.631650
109.65000,-59.163851,-65.631650
109.66000,-59.163852,-65.631651
109.67000,-59.163853,-65.631651
109.68000,-59.163854,-65.631651
109.69000,-59.163855,-65.631652
109.70000,-59.163856,-65.631652
109.71000,-59.163856,-65.631652
109.72000,-59.163857,-65.631653
109.73000,-59.163858,-65.631653
109.74000,-59.163859,-65.631653
109.75000,-59.163860,-65.631654
109.76000,-59.163861,-65.631654
109.77000,-59.163862,-65.631655
109.78000,-59.163863,-65.631655
109.79000,-59.163864,-65.631655
109.80000,-59.163865,-65.631656
109.81000,-59.163866,-65.631656
109.82000,-59.163867,-65.631657
109.83000,-59.163868,-65.631657
109.84000,-59.163869,-65.631657
109.85000,-59.163870,-65.631658
109.86000,-59.163871,-65.631658
109.87000,-59.163872,-65.631659
109.88000,-59.163873,-65.631659
109.89000,-59.163874,-65.631660
109.90000,-59.163875,-65.631660
109.91000,-59.163876,-65.631661
109.92000,-59.163877,-65.631661
109.93000,-59.163878,-65.631662
109.94000,-59.163879,-65.631662
109.95000,-59.163880,-65.631663
109.96000,-59.163881,-65.631663
109.97000,-59.163882,-65.631664
109.98000,-59.163883,-65.631664
109.99000,-59.163884,-65.631665
110.00000,-59.163885,-65.631665
110.01000,-59.163886,-65.631666
110.02000,-59.163887,-65.631666
110.03000,-59.163888,-65.631667
110.04000,-59.163889,-65.631667
110.05000,-59.163890,-65.631668
110.06000,-59.163891,-65.631668
110.07000,-59.163892,-65.631669
110.08000,-59.163893,-65.631669
110.09000,-59.163895,-65.631670
110.10000,-59.163896,-65.631670
110.11000,-59.163897,-65.631671
110.12000,-59.163898,-65.631672
110.13000,-59.163899,-65.631672
110.14000,-59.163900,-65.631673
110.15000,-59.163901,-65.631673
110.16000,-59.163902,-65.631674
110.17000,-59.163903,-65.631674
110.18000,-59.163904,-65.631675
110.19000,-59.163906,-65.631676
110.20000,-59.163907,-65.631676
110.21000,-59.163908,-65.631677
110.22000,-59.163909,-65.631677
110.23000,-59.163910,-65.631678
110.24000,-59.163911,-65.631679
110.25000,-59.163912,-65.631679
110.26000,-59.163913,-65.631680
110.27000,-59.163915,-65.631681
110.28000,-59.163916,-65.631681
110.29000,-59.163917,-65.631682
110.30000,-59.163918,-65.631682
110.31000,-59.163919,-65.631683
110.32000,-59.163920,-65.631684
110.33000,-59.163922,-65.631684
110.34000,-59.163923,-65.631685
110.35000,-59.163924,-65.631686
110.36000,-59.163925,-65.631686
110.37000,-59.163926,-65.631687
110.38000,-59.163927,-65.631688
110.39000,-59.163929,-65.631688
110.40000,-59.163930,-65.631689
110.41000,-59.163931,-65.631690
110.42000,-59.163932,-65.631690
110.43000,-59.163933,-65.631691
110.44000,-59.163934,-65.631692
110.45000,-59.163936,-65.631693
110.46000,-59.163937,-65.631693
110.47000,-59.163938,-65.631694
110.48000,-59.163939,-65.631695
110.49000,-59.163940,-65.631695
110.50000,-59.163942,-65.631696
110.51000,-59.163943,-65.631697
110.52000,-59.163944,-65.631698
110.53000,-59.163945,-65.631698
110.54000,-59.163946,-65.631699
110.55000,-59.163947,-65.631700
110.56000,-59.163949,-65.631700
110.57000,-59.163950,-65.631701
110.58000,-59.163951,-65.631702
110.59000,-59.163952,-65.631703
110.60000,-59.163954,-65.631703
110.61000,-59.163955,-65.631704
110.62000,-59.163956,-65.631705
110.63000,-59.163957,-65.631706
110.64000,-59.163958,-65.631706
110.65000,-59.163960,-65.631707
110.66000,-59.163961,-65.631708
110.67000,-59.163962,-65.631709
110.68000,-59.163963,-65.631709
110.69000,-59.163964,-65.631710
110.70000,-59.163966,-65.631711
110.71000,-59.163967,-65.631712
110.72000,-59.163968,-65.631713
110.73000,-59.163969,-65.631713
110.74000,-59.163971,-65.631714
110.75000,-59.163972,-65.631715
110.76000,-59.163973,-65.631716
110.77000,-59.163974,-65.631717
110.78000,-59.163975,-65.631717
110.79000,-59.163977,-65.631718
110.80000,-59.163978,-65.631719
110.81000,-59.163979,-65.631720
110.82000,-59.163980,-65.631720
110.83000,-59.163981,-65.631721
110.84000,-59.163983,-65.631722
110.85000,-59.163984,-65.631723
110.86000,-59.163985,-65.631724
110.87000,-59.163986,-65.631725
110.88000,-59.163988,-65.631725
110.89000,-59.163989,-65.631726
110.90000,-59.163990,-65.631727
110.91000,-59.163991,-65.631728
110.92000,-59.163992,-65.631729
110.93000,-59.163994,-65.631729
110.94000,-59.163995,-65.631730
110.95000,-59.163996,-65.631731
110.96000,-59.163997,-65.631732
110.97000,-59.163999,-65.631733
110.98000,-59.164000,-65.631734
110.99000,-59.164001,-65.631734
111.00000,-59.164002,-65.631735
111.01000,-59.164003,-65.631736
111.02000,-59.164005,-65.631737
111.03000,-59.164006,-65.631738
111.04000,-59.164007,-65.631739
111.05000,-59.164008,-65.631739
111.06000,-59.164009,-65.631740
111.07000,-59.164011,-65.631741
111.08000,-59.164012,-65.631742
111.09000,-59.164013,-65.631743
111.10000,-59.164014,-65.631744
111.11000,-59.164016,-65.631744
111.12000,-59.164017,-65.631745
111.13000,-59.164018,-65.631746
111.14000,-59.164019,-65.631747
111.15000,-59.164020,-65.631748
111.16000,-59.164022,-65.631749
111.17000,-59.164023,-65.631750
111.18000,-59.164024,-65.631750
111.19000,-59.164025,-65.631751
111.20000,-59.164026,-65.631752
111.21000,-59.164028,-65.631753
111.22000,-59.164029,-65.631754
111.23000,-59.164030,-65.631755
111.24000,-59.164031,-65.631756
111.25000,-59.164032,-65.631756
111.26000,-59.164033,-65.631757
111.27000,-59.164035,-65.631758
111.28000,-59.164036,-65.631759
111.29000,-59.164037,-65.631760
111.30000,-59.164038,-65.631761
111.31000,-59.164039,-65.631762
111.32000,-59.164041,-65.631762
111.33000,-59.164042,-65.631763
111.34000,-59.164043,-65.631764
111.35000,-59.164044,-65.631765
111.36000,-59.164045,-65.631766
111.37000,-59.164046,-65.631767
111.38000,-59.164048,-65.631768
111.39000,-59.164049,-65.631769
111.40000,-59.164050,-65.631769
111.41000,-59.164051,-65.631770
111.42000,-59.164052,-65.631771
111.43000,-59.164053,-65.631772
111.44000,-59.164055,-65.631773
111.45000,-59.164056,-65.631774
111.46000,-59.164057,-65.631775
111.47000,-59.164058,-65.631775
111.48000,-59.164059,-65.631776
111.49000,-59.164060,-65.631777
111.50000,-59.164061,-65.631778
111.51000,-59.164062,-65.631779
111.52000,-59.164064,-65.631780
111.53000,-59.164065,-65.631781
111.54000,-59.164066,-65.631782
111.55000,-59.164067,-65.631782
111.56000,-59.164068,-65.631783
111.57000,-59.164069,-65.631784
111.58000,-59.164070,-65.631785
111.59000,-59.164071,-65.631786
111.60000,-59.164073,-65.631787
111.61000,-59.164074,-65.631788
111.62000,-59.164075,-65.631788
111.63000,-59.164076,-65.631789
111.64000,-59.164077,-65.631790
111.65000,-59.164078,-65.631791
111.66000,-59.164079,-65.631792
111.67000,-59.164080,-65.631793
111.68000,-59.164081,-65.631794
111.69000,-59.164082,-65.631794
111.70000,-59.164083,-65.631795
111.71000,-59.164085,-65.631796
111.72000,-59.164086,-65.631797
111.73000,-59.164087,-65.631798
111.74000,-59.164088,-65.631799
111.75000,-59.164089,-65.631800
111.76000,-59.164090,-65.631800
111.77000,-59.164091,-65.631801
111.78000,-59.164092,-65.631802
111.79000,-59.164093,-65.631803
111.80000,-59.164094,-65.631804
111.81000,-59.164095,-65.631805
111.82000,-59.164096,-65.631806
111.83000,-59.164097,-65.631806
111.84000,-59.164098,-65.631807
111.85000,-59.164099,-65.631808
111.86000,-59.164100,-65.631809
111.87000,-59.164101,-65.631810
111.88000,-59.164102,-65.631811
111.89000,-59.164103,-65.631811
111.90000,-59.164104,-65.631812
111.91000,-59.164105,-65.631813
111.92000,-59.164106,-65.631814
111.93000,-59.164107,-65.631815
111.94000,-59.164108,-65.631816
111.95000,-59.164109,-65.631816
111.96000,-59.164110,-65.631817
111.97000,-59.164111,-65.631818
111.98000,-59.164112,-65.631819
111.99000,-59.164113,-65.631820
112.00000,-59.164114,-65.631821
112.01000,-59.164115,-65.631821
112.02000,-59.164116,-65.631822
112.03000,-59.164117,-65.631823
112.04000,-59.164118,-65.631824
112.05000,-59.164119,-65.631825
112.06000,-59.164120,-65.631825
112.07000,-59.164121,-65.631826
112.08000,-59.164122,-65.631827
112.09000,-59.164123,-65.631828
112.10000,-59.164123,-65.631829
112.11000,-59.164124,-65.631829
112.12000,-59.164125,-65.631830
112.13000,-59.164126,-65.631831
112.14000,-59.164127,-65.631832
112.15000,-59.164128,-65.631833
112.16000,-59.164129,-65.631833
112.17000,-59.164130,-65.631834
112.18000,-59.164131,-65.631835
112.19000,-59.164132,-65.631836
112.20000,-59.164132,-65.631837
112.21000,-59.164133,-65.631837
112.22000,-59.164134,-65.631838
112.23000,-59.164135,-65.631839
112.24000,-59.164136,-65.631840
112.25000,-59.164137,-65.631840
112.26000,-59.164138,-65.631841
112.27000,-59.164138,-65.631842
112.28000,-59.164139,-65.631843
112.29000,-59.164140,-65.631843
112.30000,-59.164141,-65.631844
112.31000,-59.164142,-65.631845
112.32000,-59.164143,-65.631846
112.33000,-59.164143,-65.631847
112.34000,-59.164144,-65.631847
112.35000,-59.164145,-65.631848
112.36000,-59.164146,-65.631849
112.37000,-59.164147,-65.631850
112.38000,-59.164147,-65.631850
112.39000,-59.164148,-65.631851
112.40000,-59.164149,-65.631852
112.41000,-59.164150,-65.631852
112.42000,-59.164151,-65.631853
112.43000,-59.164151,-65.631854
112.44000,-59.164152,-65.631855
112.45000,-59.164153,-65.631855
112.46000,-59.164154,-65.631856
112.47000,-59.164154,-65.631857
112.48000,-59.164155,-65.631858
112.49000,-59.164156,-65.631858
112.50000,-59.164157,-65.631859
112.51000,-59.164157,-65.631860
112.52000,-59.164158,-65.631860
112.53000,-59.164159,-65.631861
112.54000,-59.164160,-65.631862
112.55000,-59.164160,-65.631862
112.56000,-59.164161,-65.631863
112.57000,-59.164162,-65.631864
112.58000,-59.164162,-65.631865
112.59000,-59.164163,-65.631865
112.60000,-59.164164,-65.631866
112.61000,-59.164164,-65.631867
112.62000,-59.164165,-65.631867
112.63000,-59.164166,-65.631868
112.64000,-59.164166,-65.631869
112.65000,-59.164167,-65.631869
112.66000,-59.164168,-65.631870
112.67000,-59.164168,-65.631871
112.68000,-59.164169,-65.631871
112.69000,-59.164170,-65.631872
112.70000,-59.164170,-65.631873
112.71000,-59.164171,-65.631873
112.72000,-59.164172,-65.631874
112.73000,-59.164172,-65.631874
112.74000,-59.164173,-65.631875
112.75000,-59.164173,-65.631876
112.76000,-59.164174,-65.631876
112.77000,-59.164175,-65.631877
112.78000,-59.164175,-65.631878
112.79000,-59.164176,-65.631878
112.80000,-59.164176,-65.631879
112.81000,-59.164177,-65.631880
112.82000,-59.164177,-65.631880
112.83000,-59.164178,-65.631881
112.84000,-59.164179,-65.631881
112.85000,-59.164179,-65.631882
112.86000,-59.164180,-65.631883
112.87000,-59.164180,-65.631883
112.88000,-59.164181,-65.631884
112.89000,-59.164181,-65.631884
112.90000,-59.164182,-65.631885
112.91000,-59.164182,-65.631886
112.92000,-59.164183,-65.631886
112.93000,-59.164183,-65.631887
112.94000,-59.164184,-65.631887
112.95000,-59.164184,-65.631888
112.96000,-59.164185,-65.631888
112.97000,-59.164185,-65.631889
112.98000,-59.164186,-65.631889
112.99000,-59.164186,-65.631890
113.00000,-59.164187,-65.631891
113.01000,-59.164187,-65.631891
113.02000,-59.164188,-65.631892
113.03000,-59.164188,-65.631892
113.04000,-59.164189,-65.631893
113.05000,-59.164189,-65.631893
113.06000,-59.164189,-65.631894
113.07000,-59.164190,-65.631894
113.08000,-59.164190,-65.631895
113.09000,-59.164191,-65.631895
113.10000,-59.164191,-65.631896
113.11000,-59.164192,-65.631896
113.12000,-59.164192,-65.631897
113.13000,-59.164192,-65.631897
113.14000,-59.164193,-65.631898
113.15000,-59.164193,-65.631898
113.16000,-59.164194,-65.631899
113.17000,-59.164194,-65.631899
113.18000,-59.164194,-65.631900
113.19000,-59.164195,-65.631900
113.20000,-59.164195,-65.631901
113.21000,-59.164195,-65.631901
113.22000,-59.164196,-65.631902
113.23000,-59.164196,-65.631902
113.24000,-59.164196,-65.631903
113.25000,-59.164197,-65.631903
113.26000,-59.164197,-65.631904
113.27000,-59.164197,-65.631904
113.28000,-59.164198,-65.631905
113.29000,-59.164198,-65.631905
113.30000,-59.164198,-65.631906
113.31000,-59.164199,-65.631906
113.32000,-59.164199,-65.631906
113.33000,-59.164199,-65.631907
113.34000,-59.164199,-65.631907
113.35000,-59.164200,-65.631908
113.36000,-59.164200,-65.631908
113.37000,-59.164200,-65.631909
113.38000,-59.164201,-65.631909
113.39000,-59.164201,-65.631909
113.40000,-59.164201,-65.631910
113.41000,-59.164201,-65.631910
113.42000,-59.164202,-65.631911
113.43000,-59.164202,-65.631911
113.44000,-59.164202,-65.631911
113.45000,-59.164202,-65.631912
113.46000,-59.164202,-65.631912
113.47000,-59.164203,-65.631913
113.48000,-59.164203,-65.631913
113.49000,-59.164203,-65.631913
113.50000,-59.164203,-65.631914
113.51000,-59.164204,-65.631914
113.52000,-59.164204,-65.631914
113.53000,-59.164204,-65.631915
113.54000,-59.164204,-65.631915
113.55000,-59.164204,-65.631915
113.56000,-59.164204,-65.631916
113.57000,-59.164205,-65.631916
113.58000,-59.164205,-65.631916
113.59000,-59.164205,-65.631917
113.60000,-59.164205,-65.631917
113.61000,-59.164205,-65.631917
113.62000,-59.164205,-65.631918
113.63000,-59.164205,-65.631918
113.64000,-59.164206,-65.631918
113.65000,-59.164206,-65.631919
113.66000,-59.164206,-65.631919
113.67000,-59.164206,-65.631919
113.68000,-59.164206,-65.631920
113.69000,-59.164206,-65.631920
113.70000,-59.164206,-65.631920
113.71000,-59.164206,-65.631920
113.72000,-59.164206,-65.631921
113.73000,-59.164206,-65.631921
113.74000,-59.164207,-65.631921
113.75000,-59.164207,-65.631922
113.76000,-59.164207,-65.631922
113.77000,-59.164207,-65.631922
113.78000,-59.164207,-65.631922
113.79000,-59.164207,-65.631923
113.80000,-59.164207,-65.631923
113.81000,-59.164207,-65.631923
113.82000,-59.164207,-65.631923
113.83000,-59.164207,-65.631924
113.84000,-59.164207,-65.631924
113.85000,-59.164207,-65.631924
113.86000,-59.164207,-65.631924
113.87000,-59.164207,-65.631925
113.88000,-59.164207,-65.631925
113.89000,-59.164207,-65.631925
113.90000,-59.164207,-65.631925
113.91000,-59.164207,-65.631925
113.92000,-59.164207,-65.631926
113.93000,-59.164207,-65.631926
113.94000,-59.164207,-65.631926
113.95000,-59.164207,-65.631926
113.96000,-59.164207,-65.631926
113.97000,-59.164207,-65.631927
113.98000,-59.164207,-65.631927
113.99000,-59.164207,-65.631927
114.00000,-59.164207,-65.631927
114.01000,-59.164207,-65.631927
114.02000,-59.164207,-65.631927
114.03000,-59.164206,-65.631928
114.04000,-59.164206,-65.631928
114.05000,-59.164206,-65.631928
114.06000,-59.164206,-65.631928
114.07000,-59.164206,-65.631928
114.08000,-59.164206,-65.631928
114.09000,-59.164206,-65.631929
114.10000,-59.164206,-65.631929
114.11000,-59.164206,-65.631929
114.12000,-59.164206,-65.631929
114.13000,-59.164206,-65.631929
114.14000,-59.164205,-65.631929
114.15000,-59.164205,-65.631929
114.16000,-59.164205,-65.631929
114.17000,-59.164205,-65.631930
114.18000,-59.164205,-65.631930
114.19000,-59.164205,-65.631930
114.20000,-59.164205,-65.631930
114.21000,-59.164204,-65.631930
114.22000,-59.164204,-65.631930
114.23000,-59.164204,-65.631930
114.24000,-59.164204,-65.631930
114.25000,-59.164204,-65.631930
114.26000,-59.164204,-65.631930
114.27000,-59.164203,-65.631930
114.28000,-59.164203,-65.631931
114.29000,-59.164203,-65.631931
114.30000,-59.164203,-65.631931
114.31000,-59.164203,-65.631931
114.32000,-59.164202,-65.631931
114.33000,-59.164202,-65.631931
114.34000,-59.164202,-65.631931
114.35000,-59.164202,-65.631931
114.36000,-59.164202,-65.631931
114.37000,-59.164201,-65.631931
114.38000,-59.164201,-65.631931
114.39000,-59.164201,-65.631931
114.40000,-59.164201,-65.631931
114.41000,-59.164200,-65.631931
114.42000,-59.164200,-65.631931
114.43000,-59.164200,-65.631931
114.44000,-59.164200,-65.631931
114.45000,-59.164199,-65.631931
114.46000,-59.164199,-65.631931
114.47000,-59.164199,-65.631931
114.48000,-59.164199,-65.631931
114.49000,-59.164198,-65.631931
114.50000,-59.164198,-65.631931
114.51000,-59.164198,-65.631931
114.52000,-59.164198,-65.631931
114.53000,-59.164197,-65.631931
114.54000,-59.164197,-65.631931
114.55000,-59.164197,-65.631931
114.56000,-59.164196,-65.631931
114.57000,-59.164196,-65.631931
114.58000,-59.164196,-65.631931
114.59000,-59.164196,-65.631931
114.60000,-59.164195,-65.631931
114.61000,-59.164195,-65.631931
114.62000,-59.164195,-65.631931
114.63000,-59.164194,-65.631931
114.64000,-59.164194,-65.631931
114.65000,-59.164194,-65.631931
114.66000,-59.164193,-65.631931
114.67000,-59.164193,-65.631930
114.68000,-59.164193,-65.631930
114.69000,-59.164192,-65.631930
114.70000,-59.164192,-65.631930
114.71000,-59.164192,-65.631930
114.72000,-59.164191,-65.631930
114.73000,-59.164191,-65.631930
114.74000,-59.164190,-65.631930
114.75000,-59.164190,-65.631930
114.76000,-59.164190,-65.631930
114.77000,-59.164189,-65.631930
114.78000,-59.164189,-65.631930
114.79000,-59.164189,-65.631929
114.80000,-59.164188,-65.631929
114.81000,-59.164188,-65.631929
114.82000,-59.164187,-65.631929
114.83000,-59.164187,-65.631929
114.84000,-59.164187,-65.631929
114.85000,-59.164186,-65.631929
114.86000,-59.164186,-65.631929
114.87000,-59.164185,-65.631928
114.88000,-59.164185,-65.631928
114.89000,-59.164185,-65.631928
114.90000,-59.164184,-65.631928
114.91000,-59.164184,-65.631928
114.92000,-59.164183,-65.631928
114.93000,-59.164183,-65.631928
114.94000,-59.164183,-65.631927
114.95000,-59.164182,-65.631927
114.96000,-59.164182,-65.631927
114.97000,-59.164181,-65.631927
114.98000,-59.164181,-65.631927
114.99000,-59.164180,-65.631927
115.00000,-59.164180,-65.631927
115.01000,-59.164180,-65.631926
115.02000,-59.164179,-65.631926
115.03000,-59.164179,-65.631926
115.04000,-59.164178,-65.631926
115.05000,-59.164178,-65.631926
115.06000,-59.164177,-65.631925
115.07000,-59.164177,-65.631925
115.08000,-59.164176,-65.631925
115.09000,-59.164176,-65.631925
115.10000,-59.164175,-65.631925
115.11000,-59.164175,-65.631924
115.12000,-59.164174,-65.631924
115.13000,-59.164174,-65.631924
115.14000,-59.164174,-65.631924
115.15000,-59.164173,-65.631924
115.16000,-59.164173,-65.631923
115.17000,-59.164172,-65.631923
115.18000,-59.164172,-65.631923
115.19000,-59.164171,-65.631923
115.20000,-59.164171,-65.631923
115.21000,-59.164170,-65.631922
115.22000,-59.164170,-65.631922
115.23000,-59.164169,-65.631922
115.24000,-59.164169,-65.631922
115.25000,-59.164168,-65.631921
115.26000,-59.164168,-65.631921
115.27000,-59.164167,-65.631921
115.28000,-59.164167,-65.631921
115.29000,-59.164166,-65.631920
115.30000,-59.164166,-65.631920
115.31000,-59.164165,-65.631920
115.32000,-59.164165,-65.631920
115.33000,-59.164164,-65.631919
115.34000,-59.164164,-65.631919
115.35000,-59.164163,-65.631919
115.36000,-59.164162,-65.631919
115.37000,-59.164162,-65.631918
115.38000,-59.164161,-65.631918
115.39000,-59.164161,-65.631918
115.40000,-59.164160,-65.631918
115.41000,-59.164160,-65.631917
115.42000,-59.164159,-65.631917
115.43000,-59.164159,-65.631917
115.44000,-59.164158,-65.631916
115.45000,-59.164158,-65.631916
115.46000,-59.164157,-65.631916
115.47000,-59.164157,-65.631916
115.48000,-59.164156,-65.631915
115.49000,-59.164155,-65.631915
115.50000,-59.164155,-65.631915
115.51000,-59.164154,-65.631914
115.52000,-59.164154,-65.631914
115.53000,-59.164153,-65.631914
115.54000,-59.164153,-65.631914
115.55000,-59.164152,-65.631913
115.56000,-59.164152,-65.631913
115.57000,-59.164151,-65.631913
115.58000,-59.164150,-65.631912
115.59000,-59.164150,-65.631912
115.60000,-59.164149,-65.631912
115.61000,-59.164149,-65.631911
115.62000,-59.164148,-65.631911
115.63000,-59.164148,-65.631911
115.64000,-59.164147,-65.631910
115.65000,-59.164147,-65.631910
115.66000,-59.164146,-65.631910
115.67000,-59.164145,-65.631909
115.68000,-59.164145,-65.631909
115.69000,-59.164144,-65.631909
115.70000,-59.164144,-65.631908
115.71000,-59.164143,-65.631908
115.72000,-59.164143,-65.631908
115.73000,-59.164142,-65.631907
115.74000,-59.164141,-65.631907
115.75000,-59.164141,-65.631907
115.76000,-59.164140,-65.631906
115.77000,-59.164140,-65.631906
115.78000,-59.164139,-65.631906
115.79000,-59.164138,-65.631905
115.80000,-59.164138,-65.631905
115.81000,-59.164137,-65.631905
115.82000,-59.164137,-65.631904
115.83000,-59.164136,-65.631904
115.84000,-59.164136,-65.631904
115.85000,-59.164135,-65.631903
115.86000,-59.164134,-65.631903
115.87000,-59.164134,-65.631903
115.88000,-59.164133,-65.631902
115.89000,-59.164133,-65.631902
115.90000,-59.164132,-65.631901
115.91000,-59.164131,-65.631901
115.92000,-59.164131,-65.631901
115.93000,-59.164130,-65.631900
115.94000,-59.164130,-65.631900
115.95000,-59.164129,-65.631900
115.96000,-59.164128,-65.631899
115.97000,-59.164128,-65.631899
115.98000,-59.164127,-65.631898
115.99000,-59.164127,-65.631898
116.00000,-59.164126,-65.631898
116.01000,-59.164125,-65.631897
116.02000,-59.164125,-65.631897
116.03000,-59.164124,-65.631897
116.04000,-59.164124,-65.631896
116.05000,-59.164123,-65.631896
116.06000,-59.164122,-65.631895
116.07000,-59.164122,-65.631895
116.08000,-59.164121,-65.631895
116.09000,-59.164121,-65.631894
116.10000,-59.164120,-65.631894
116.11000,-59.164119,-65.631893
116.12000,-59.164119,-65.631893
116.13000,-59.164118,-65.631893
116.14000,-59.164118,-65.631892
116.15000,-59.164117,-65.631892
116.16000,-59.164116,-65.631891
116.17000,-59.164116,-65.631891
116.18000,-59.164115,-65.631891
116.19000,-59.164115,-65.631890
116.20000,-59.164114,-65.631890
116.21000,-59.164113,-65.631889
116.22000,-59.164113,-65.631889
116.23000,-59.164112,-65.631889
116.24000,-59.164112,-65.631888
116.25000,-59.164111,-65.631888
116.26000,-59.164110,-65.631887
116.27000,-59.164110,-65.631887
116.28000,-59.164109,-65.631887
116.29000,-59.164109,-65.631886
116.30000,-59.164108,-65.631886
116.31000,-59.164107,-65.631885
116.32000,-59.164107,-65.631885
116.33000,-59.164106,-65.631885
116.34000,-59.164106,-65.631884
116.35000,-59.164105,-65.631884
116.36000,-59.164104,-65.631883
116.37000,-59.164104,-65.631883
116.38000,-59.164103,-65.631883
116.39000,-59.164103,-65.631882
116.40000,-59.164102,-65.631882
116.41000,-59.164101,-65.631881
116.42000,-59.164101,-65.631881
116.43000,-59.164100,-65.631880
116.44000,-59.164100,-65.631880
116.45000,-59.164099,-65.631880
116.46000,-59.164099,-65.631879
116.47000,-59.164098,-65.631879
116.48000,-59.164097,-65.631878
116.49000,-59.164097,-65.631878
116.50000,-59.164096,-65.631877
116.51000,-59.164096,-65.631877
116.52000,-59.164095,-65.631877
116.53000,-59.164094,-65.631876
116.54000,-59.164094,-65.631876
116.55000,-59.164093,-65.631875
116.56000,-59.164093,-65.631875
116.57000,-59.164092,-65.631875
116.58000,-59.164091,-65.631874
116.59000,-59.164091,-65.631874
116.60000,-59.164090,-65.631873
116.61000,-59.164090,-65.631873
116.62000,-59.164089,-65.631872
116.63000,-59.164089,-65.631872
116.64000,-59.164088,-65.631872
116.65000,-59.164087,-65.631871
116.66000,-59.164087,-65.631871
116.67000,-59.164086,-65.631870
116.68000,-59.164086,-65.631870
116.69000,-59.164085,-65.631869
116.70000,-59.164085,-65.631869
116.71000,-59.164084,-65.631869
116.72000,-59.164083,-65.631868
116.73000,-59.164083,-65.631868
116.74000,-59.164082,-65.631867
116.75000,-59.164082,-65.631867
116.76000,-59.164081,-65.631866
116.77000,-59.164081,-65.631866
116.78000,-59.164080,-65.631866
116.79000,-59.164079,-65.631865
116.80000,-59.164079,-65.631865
116.81000,-59.164078,-65.631864
116.82000,-59.164078,-65.631864
116.83000,-59.164077,-65.631863
116.84000,-59.164077,-65.631863
116.85000,-59.164076,-65.631863
116.86000,-59.164076,-65.631862
116.87000,-59.164075,-65.631862
116.88000,-59.164075,-65.631861
116.89000,-59.164074,-65.631861
116.90000,-59.164073,-65.631861
116.91000,-59.164073,-65.631860
116.92000,-59.164072,-65.631860
116.93000,-59.164072,-65.631859
116.94000,-59.164071,-65.631859
116.95000,-59.164071,-65.631858
116.96000,-59.164070,-65.631858
116.97000,-59.164070,-65.631858
116.98000,-59.164069,-65.631857
116.99000,-59.164069,-65.631857
117.00000,-59.164068,-65.631856
117.01000,-59.164068,-65.631856
117.02000,-59.164067,-65.631855
117.03000,-59.164066,-65.631855
117.04000,-59.164066,-65.631855
117.05000,-59.164065,-65.631854
117.06000,-59.164065,-65.631854
117.07000,-59.164064,-65.631853
117.08000,-59.164064,-65.631853
117.09000,-59.164063,-65.631853
117.10000,-59.164063,-65.631852
117.11000,-59.164062,-65.631852
117.12000,-59.164062,-65.631851
117.13000,-59.164061,-65.631851
117.14000,-59.164061,-65.631850
117.15000,-59.164060,-65.631850
117.16000,-59.164060,-65.631850
117.17000,-59.164059,-65.631849
117.18000,-59.164059,-65.631849
117.19000,-59.164058,-65.631848
117.20000,-59.164058,-65.631848
117.21000,-59.164057,-65.631848
117.22000,-59.164057,-65.631847
117.23000,-59.164056,-65.631847
117.24000,-59.164056,-65.631846
117.25000,-59.164055,-65.631846
117.26000,-59.164055,-65.631846
117.27000,-59.164054,-65.631845
117.28000,-59.164054,-65.631845
117.29000,-59.164053,-65.631844
117.30000,-59.164053,-65.631844
117.31000,-59.164052,-65.631843
117.32000,-59.164052,-65.631843
117.33000,-59.164052,-65.631843
117.34000,-59.164051,-65.631842
117.35000,-59.164051,-65.631842
117.36000,-59.164050,-65.631841
117.37000,-59.164050,-65.631841
117.38000,-59.164049,-65.631841
117.39000,-59.164049,-65.631840
117.40000,-59.164048,-65.631840
117.41000,-59.164048,-65.631839
117.42000,-59.164047,-65.631839
117.43000,-59.164047,-65.631839
117.44000,-59.164046,-65.631838
117.45000,-59.164046,-65.631838
117.46000,-59.164046,-65.631838
117.47000,-59.164045,-65.631837
117.48000,-59.164045,-65.631837
117.49000,-59.164044,-65.631836
117.50000,-59.164044,-65.631836
117.51000,-59.164043,-65.631836
117.52000,-59.164043,-65.631835
117.53000,-59.164043,-65.631835
117.54000,-59.164042,-65.631834
117.55000,-59.164042,-65.631834
117.56000,-59.164041,-65.631834
117.57000,-59.164041,-65.631833
117.58000,-59.164040,-65.631833
117.59000,-59.164040,-65.631833
117.60000,-59.164040,-65.631832
117.61000,-59.164039,-65.631832
117.62000,-59.164039,-65.631831
117.63000,-59.164038,-65.631831
117.64000,-59.164038,-65.631831
117.65000,-59.164038,-65.631830
117.66000,-59.164037,-65.631830
117.67000,-59.164037,-65.631830
117.68000,-59.164036,-65.631829
117.69000,-59.164036,-65.631829
117.70000,-59.164036,-65.631829
117.71000,-59.164035,-65.631828
117.72000,-59.164035,-65.631828
117.73000,-59.164035,-65.631827
117.74000,-59.164034,-65.631827
117.75000,-59.164034,-65.631827
117.76000,-59.164033,-65.631826
117.77000,-59.164033,-65.631826
117.78000,-59.164033,-65.631826
117.79000,-59.164032,-65.631825
117.80000,-59.164032,-65.631825
117.81000,-59.164032,-65.631825
117.82000,-59.164031,-65.631824
117.83000,-59.164031,-65.631824
117.84000,-59.164030,-65.631824
117.85000,-59.164030,-65.631823
117.86000,-59.164030,-65.631823
117.87000,-59.164029,-65.631823
117.88000,-59.164029,-65.631822
117.89000,-59.164029,-65.631822
117.90000,-59.164028,-65.631822
117.91000,-59.164028,-65.631821
117.92000,-59.164028,-65.631821
117.93000,-59.164027,-65.631821
117.94000,-59.164027,-65.631820
117.95000,-59.164027,-65.631820
117.96000,-59.164026,-65.631820
117.97000,-59.164026,-65.631819
117.98000,-59.164026,-65.631819
117.99000,-59.164025,-65.631819
118.00000,-59.164025,-65.631818
118.01000,-59.164025,-65.631818
118.02000,-59.164025,-65.631818
118.03000,-59.164024,-65.631817
118.04000,-59.164024,-65.631817
118.05000,-59.164024,-65.631817
118.06000,-59.164023,-65.631816
118.07000,-59.164023,-65.631816
118.08000,-59.164023,-65.631816
118.09000,-59.164022,-65.631815
118.10000,-59.164022,-65.631815
118.11000,-59.164022,-65.631815
118.12000,-59.164022,-65.631814
118.13000,-59.164021,-65.631814
118.14000,-59.164021,-65.631814
118.15000,-59.164021,-65.631814
118.16000,-59.164021,-65.631813
118.17000,-59.164020,-65.631813
118.18000,-59.164020,-65.631813
118.19000,-59.164020,-65.631812
118.20000,-59.164019,-65.631812
118.21000,-59.164019,-65.631812
118.22000,-59.164019,-65.631812
118.23000,-59.164019,-65.631811
118.24000,-59.164018,-65.631811
118.25000,-59.164018,-65.631811
118.26000,-59.164018,-65.631810
118.27000,-59.164018,-65.631810
118.28000,-59.164017,-65.631810
118.29000,-59.164017,-65.631810
118.30000,-59.164017,-65.631809
118.31000,-59.164017,-65.631809
118.32000,-59.164017,-65.631809
118.33000,-59.164016,-65.631809
118.34000,-59.164016,-65.631808
118.35000,-59.164016,-65.631808
118.36000,-59.164016,-65.631808
118.37000,-59.164015,-65.631807
118.38000,-59.164015,-65.631807
118.39000,-59.164015,-65.631807
118.40000,-59.164015,-65.631807
118.41000,-59.164015,-65.631806
118.42000,-59.164014,-65.631806
118.43000,-59.164014,-65.631806
118.44000,-59.164014,-65.631806
118.45000,-59.164014,-65.631805
118.46000,-59.164014,-65.631805
118.47000,-59.164013,-65.631805
118.48000,-59.164013,-65.631805
118.49000,-59.164013,-65.631804
118.50000,-59.164013,-65.631804
118.51000,-59.164013,-65.631804
118.52000,-59.164013,-65.631804
118.53000,-59.164012,-65.631804
118.54000,-59.164012,-65.631803
118.55000,-59.164012,-65.631803
118.56000,-59.164012,-65.631803
118.57000,-59.164012,-65.631803
118.58000,-59.164012,-65.631802
118.59000,-59.164011,-65.631802
118.60000,-59.164011,-65.631802
118.61000,-59.164011,-65.631802
118.62000,-59.164011,-65.631801
118.63000,-59.164011,-65.631801
118.64000,-59.164011,-65.631801
118.65000,-59.164011,-65.631801
118.66000,-59.164010,-65.631801
118.67000,-59.164010,-65.631800
118.68000,-59.164010,-65.631800
118.69000,-59.164010,-65.631800
118.70000,-59.164010,-65.631800
118.71000,-59.164010,-65.631800
118.72000,-59.164010,-65.631799
118.73000,-59.164010,-65.631799
118.74000,-59.164009,-65.631799
118.75000,-59.164009,-65.631799
118.76000,-59.164009,-65.631799
118.77000,-59.164009,-65.631798
118.78000,-59.164009,-65.631798
118.79000,-59.164009,-65.631798
118.80000,-59.164009,-65.631798
118.81000,-59.164009,-65.631798
118.82000,-59.164009,-65.631798
118.83000,-59.164008,-65.631797
118.84000,-59.164008,-65.631797
118.85000,-59.164008,-65.631797
118.86000,-59.164008,-65.631797
118.87000,-59.164008,-65.631797
118.88000,-59.164008,-65.631797
118.89000,-59.164008,-65.631796
118.90000,-59.164008,-65.631796
118.91000,-59.164008,-65.631796
118.92000,-59.164008,-65.631796
118.93000,-59.164008,-65.631796
118.94000,-59.164008,-65.631796
118.95000,-59.164008,-65.631795
118.96000,-59.164008,-65.631795
118.97000,-59.164007,-65.631795
118.98000,-59.164007,-65.631795
118.99000,-59.164007,-65.631795
119.00000,-59.164007,-65.631795
119.01000,-59.164007,-65.631795
119.02000,-59.164007,-65.631794
119.03000,-59.164007,-65.631794
119.04000,-59.164007,-65.631794
119.05000,-59.164007,-65.631794
119.06000,-59.164007,-65.631794
119.07000,-59.164007,-65.631794
119.08000,-59.164007,-65.631794
119.09000,-59.164007,-65.631793
119.10000,-59.164007,-65.631793
119.11000,-59.164007,-65.631793
119.12000,-59.164007,-65.631793
119.13000,-59.164007,-65.631793
119.14000,-59.164007,-65.631793
119.15000,-59.164007,-65.631793
119.16000,-59.164007,-65.631793
119.17000,-59.164007,-65.631792
119.18000,-59.164007,-65.631792
119.19000,-59.164007,-65.631792
119.20000,-59.164007,-65.631792
119.21000,-59.164007,-65.631792
119.22000,-59.164007,-65.631792
119.23000,-59.164007,-65.631792
119.24000,-59.164007,-65.631792
119.25000,-59.164007,-65.631792
119.26000,-59.164007,-65.631792
119.27000,-59.164007,-65.631791
119.28000,-59.164007,-65.631791
119.29000,-59.164007,-65.631791
119.30000,-59.164007,-65.631791
119.31000,-59.164007,-65.631791
119.32000,-59.164007,-65.631791
119.33000,-59.164007,-65.631791
119.34000,-59.164007,-65.631791
119.35000,-59.164007,-65.631791
119.36000,-59.164007,-65.631791
119.37000,-59.164007,-65.631791
119.38000,-59.164007,-65.631791
119.39000,-59.164007,-65.631791
119.40000,-59.164007,-65.631790
119.41000,-59.164007,-65.631790
119.42000,-59.164008,-65.631790
119.43000,-59.164008,-65.631790
119.44000,-59.164008,-65.631790
119.45000,-59.164008,-65.631790
119.46000,-59.164008,-65.631790
119.47000,-59.164008,-65.631790
119.48000,-59.164008,-65.631790
119.49000,-59.164008,-65.631790
119.50000,-59.164008,-65.631790
119.51000,-59.164008,-65.631790
119.52000,-59.164008,-65.631790
119.53000,-59.164008,-65.631790
119.54000,-59.164008,-65.631790
119.55000,-59.164008,-65.631790
119.56000,-59.164008,-65.631790
119.57000,-59.164009,-65.631790
119.58000,-59.164009,-65.631790
119.59000,-59.164009,-65.631789
119.60000,-59.164009,-65.631789
119.61000,-59.164009,-65.631789
119.62000,-59.164009,-65.631789
119.63000,-59.164009,-65.631789
119.64000,-59.164009,-65.631789
119.65000,-59.164009,-65.631789
119.66000,-59.164009,-65.631789
119.67000,-59.164010,-65.631789
119.68000,-59.164010,-65.631789
119.69000,-59.164010,-65.631789
119.70000,-59.164010,-65.631789
119.71000,-59.164010,-65.631789
119.72000,-59.164010,-65.631789
119.73000,-59.164010,-65.631789
119.74000,-59.164010,-65.631789
119.75000,-59.164010,-65.631789
119.76000,-59.164011,-65.631789
119.77000,-59.164011,-65.631789
119.78000,-59.164011,-65.631789
119.79000,-59.164011,-65.631789
119.80000,-59.164011,-65.631789
119.81000,-59.164011,-65.631789
119.82000,-59.164011,-65.631789
119.83000,-59.164012,-65.631789
119.84000,-59.164012,-65.631789
119.85000,-59.164012,-65.631789
119.86000,-59.164012,-65.631789
119.87000,-59.164012,-65.631789
119.88000,-59.164012,-65.631789
119.89000,-59.164012,-65.631789
119.90000,-59.164013,-65.631789
119.91000,-59.164013,-65.631789
119.92000,-59.164013,-65.631789
119.93000,-59.164013,-65.631789
119.94000,-59.164013,-65.631789
119.95000,-59.164013,-65.631789
119.96000,-59.164014,-65.631789
119.97000,-59.164014,-65.631789
119.98000,-59.164014,-65.631790
119.99000,-59.164014,-65.631790
120.00000,-59.164014,-65.631790
120.01000,-59.164014,-65.631790
120.02000,-59.164015,-65.631790
120.03000,-59.164015,-65.631790
120.04000,-59.164015,-65.631790
120.05000,-59.164015,-65.631790
120.06000,-59.164015,-65.631790
120.07000,-59.164015,-65.631790
120.08000,-59.164016,-65.631790
120.09000,-59.164016,-65.631790
120.10000,-59.164016,-65.631790
120.11000,-59.164016,-65.631790
120.12000,-59.164016,-65.631790
120.13000,-59.164017,-65.631790
120.14000,-59.164017,-65.631790
120.15000,-59.164017,-65.631790
120.16000,-59.164017,-65.631790
120.17000,-59.164017,-65.631790
120.18000,-59.164018,-65.631790
120.19000,-59.164018,-65.631791
120.20000,-59.164018,-65.631791
120.21000,-59.164018,-65.631791
120.22000,-59.164018,-65.631791
120.23000,-59.164019,-65.631791
120.24000,-59.164019,-65.631791
120.25000,-59.164019,-65.631791
120.26000,-59.164019,-65.631791
120.27000,-59.164019,-65.631791
120.28000,-59.164020,-65.631791
120.29000,-59.164020,-65.631791
120.30000,-59.164020,-65.631791
120.31000,-59.164020,-65.631791
120.32000,-59.164020,-65.631792
120.33000,-59.164021,-65.631792
120.34000,-59.164021,-65.631792
120.35000,-59.164021,-65.631792
120.36000,-59.164021,-65.631792
120.37000,-59.164022,-65.631792
120.38000,-59.164022,-65.631792
120.39000,-59.164022,-65.631792
120.40000,-59.164022,-65.631792
120.41000,-59.164022,-65.631792
120.42000,-59.164023,-65.631792
120.43000,-59.164023,-65.631793
120.44000,-59.164023,-65.631793
120.45000,-59.164023,-65.631793
120.46000,-59.164024,-65.631793
120.47000,-59.164024,-65.631793
120.48000,-59.164024,-65.631793
120.49000,-59.164024,-65.631793
120.50000,-59.164025,-65.631793
120.51000,-59.164025,-65.631793
120.52000,-59.164025,-65.631794
120.53000,-59.164025,-65.631794
120.54000,-59.164026,-65.631794
120.55000,-59.164026,-65.631794
120.56000,-59.164026,-65.631794
120.57000,-59.164026,-65.631794
120.58000,-59.164027,-65.631794
120.59000,-59.164027,-65.631794
120.60000,-59.164027,-65.631794
120.61000,-59.164027,-65.631795
120.62000,-59.164028,-65.631795
120.63000,-59.164028,-65.631795
120.64000,-59.164028,-65.631795
120.65000,-59.164028,-65.631795
120.66000,-59.164029,-65.631795
120.67000,-59.164029,-65.631795
120.68000,-59.164029,-65.631795
120.69000,-59.164029,-65.631796
120.70000,-59.164030,-65.631796
120.71000,-59.164030,-65.631796
120.72000,-59.164030,-65.631796
120.73000,-59.164030,-65.631796
120.74000,-59.164031,-65.631796
120.75000,-59.164031,-65.631796
120.76000,-59.164031,-65.631797
120.77000,-59.164031,-65.631797
120.78000,-59.164032,-65.631797
120.79000,-59.164032,-65.631797
120.80000,-59.164032,-65.631797
120.81000,-59.164033,-65.631797
120.82000,-59.164033,-65.631797
120.83000,-59.164033,-65.631798
120.84000,-59.164033,-65.631798
120.85000,-59.164034,-65.631798
120.86000,-59.164034,-65.631798
120.87000,-59.164034,-65.631798
120.88000,-59.164034,-65.631798
120.89000,-59.164035,-65.631798
120.90000,-59.164035,-65.631799
120.91000,-59.164035,-65.631799
120.92000,-59.164036,-65.631799
120.93000,-59.164036,-65.631799
120.94000,-59.164036,-65.631799
120.95000,-59.164036,-65.631799
120.96000,-59.164037,-65.631800
120.97000,-59.164037,-65.631800
120.98000,-59.164037,-65.631800
120.99000,-59.164038,-65.631800
121.00000,-59.164038,-65.631800
121.01000,-59.164038,-65.631800
121.02000,-59.164038,-65.631801
121.03000,-59.164039,-65.631801
121.04000,-59.164039,-65.631801
121.05000,-59.164039,-65.631801
121.06000,-59.164040,-65.631801
121.07000,-59.164040,-65.631801
121.08000,-59.164040,-65.631802
121.09000,-59.164040,-65.631802
121.10000,-59.164041,-65.631802
121.11000,-59.164041,-65.631802
121.12000,-59.164041,-65.631802
121.13000,-59.164042,-65.631802
121.14000,-59.164042,-65.631803
121.15000,-59.164042,-65.631803
121.16000,-59.164042,-65.631803
121.17000,-59.164043,-65.631803
121.18000,-59.164043,-65.631803
121.19000,-59.164043,-65.631803
121.20000,-59.164044,-65.631804
121.21000,-59.164044,-65.631804
121.22000,-59.164044,-65.631804
121.23000,-59.164044,-65.631804
121.24000,-59.164045,-65.631804
121.25000,-59.164045,-65.631805
121.26000,-59.164045,-65.631805
121.27000,-59.164046,-65.631805
121.28000,-59.164046,-65.631805
121.29000,-59.164046,-65.631805
121.30000,-59.164046,-65.631805
121.31000,-59.164047,-65.631806
121.32000,-59.164047,-65.631806
121.33000,-59.164047,-65.631806
121.34000,-59.164048,-65.631806
121.35000,-59.164048,-65.631806
121.36000,-59.164048,-65.631807
121.37000,-59.164049,-65.631807
121.38000,-59.164049,-65.631807
121.39000,-59.164049,-65.631807
121.40000,-59.164049,-65.631807
121.41000,-59.164050,-65.631808
121.42000,-59.164050,-65.631808
121.43000,-59.164050,-65.631808
121.44000,-59.164051,-65.631808
121.45000,-59.164051,-65.631808
121.46000,-59.164051,-65.631809
121.47000,-59.164052,-65.631809
121.48000,-59.164052,-65.631809
121.49000,-59.164052,-65.631809
121.50000,-59.164052,-65.631809
121.51000,-59.164053,-65.631810
121.52000,-59.164053,-65.631810
121.53000,-59.164053,-65.631810
121.54000,-59.164054,-65.631810
121.55000,-59.164054,-65.631810
121.56000,-59.164054,-65.631811
121.57000,-59.164054,-65.631811
121.58000,-59.164055,-65.631811
121.59000,-59.164055,-65.631811
121.60000,-59.164055,-65.631811
121.61000,-59.164056,-65.631812
121.62000,-59.164056,-65.631812
121.63000,-59.164056,-65.631812
121.64000,-59.164057,-65.631812
121.65000,-59.164057,-65.631812
121.66000,-59.164057,-65.631813
121.67000,-59.164057,-65.631813
121.68000,-59.164058,-65.631813
121.69000,-59.164058,-65.631813
121.70000,-59.164058,-65.631813
121.71000,-59.164059,-65.631814
121.72000,-59.164059,-65.631814
121.73000,-59.164059,-65.631814
121.74000,-59.164059,-65.631814
121.75000,-59.164060,-65.631814
121.76000,-59.164060,-65.631815
121.77000,-59.164060,-65.631815
121.78000,-59.164061,-65.631815
121.79000,-59.164061,-65.631815
121.80000,-59.164061,-65.631815
121.81000,-59.164061,-65.631816
121.82000,-59.164062,-65.631816
121.83000,-59.164062,-65.631816
121.84000,-59.164062,-65.631816
121.85000,-59.164063,-65.631816
121.86000,-59.164063,-65.631817
121.87000,-59.164063,-65.631817
121.88000,-59.164063,-65.631817
121.89000,-59.164064,-65.631817
121.90000,-59.164064,-65.631817
121.91000,-59.164064,-65.631818
121.92000,-59.164065,-65.631818
121.93000,-59.164065,-65.631818
121.94000,-59.164065,-65.631818
121.95000,-59.164065,-65.631819
121.96000,-59.164066,-65.631819
121.97000,-59.164066,-65.631819
121.98000,-59.164066,-65.631819
121.99000,-59.164067,-65.631819
122.00000,-59.164067,-65.631820
122.01000,-59.164067,-65.631820
122.02000,-59.164067,-65.631820
122.03000,-59.164068,-65.631820
122.04000,-59.164068,-65.631820
122.05000,-59.164068,-65.631821
122.06000,-59.164069,-65.631821
122.07000,-59.164069,-65.631821
122.08000,-59.164069,-65.631821
122.09000,-59.164069,-65.631821
122.10000,-59.164070,-65.631822
122.11000,-59.164070,-65.631822
122.12000,-59.164070,-65.631822
122.13000,-59.164071,-65.631822
122.14000,-59.164071,-65.631823
122.15000,-59.164071,-65.631823
122.16000,-59.164071,-65.631823
122.17000,-59.164072,-65.631823
122.18000,-59.164072,-65.631823
122.19000,-59.164072,-65.631824
122.20000,-59.164072,-65.631824
122.21000,-59.164073,-65.631824
122.22000,-59.164073,-65.631824
122.23000,-59.164073,-65.631824
122.24000,-59.164073,-65.631825
122.25000,-59.164074,-65.631825
122.26000,-59.164074,-65.631825
122.27000,-59.164074,-65.631825
122.28000,-59.164075,-65.631825
122.29000,-59.164075,-65.631826
122.30000,-59.164075,-65.631826
122.31000,-59.164075,-65.631826
122.32000,-59.164076,-65.631826
122.33000,-59.164076,-65.631826
122.34000,-59.164076,-65.631827
122.35000,-59.164076,-65.631827
122.36000,-59.164077,-65.631827
122.37000,-59.164077,-65.631827
122.38000,-59.164077,-65.631827
122.39000,-59.164077,-65.631828
122.40000,-59.164078,-65.631828
122.41000,-59.164078,-65.631828
122.42000,-59.164078,-65.631828
122.43000,-59.164078,-65.631829
122.44000,-59.164079,-65.631829
122.45000,-59.164079,-65.631829
122.46000,-59.164079,-65.631829
122.47000,-59.164079,-65.631829
122.48000,-59.164080,-65.631830
122.49000,-59.164080,-65.631830
122.50000,-59.164080,-65.631830
122.51000,-59.164080,-65.631830
122.52000,-59.164081,-65.631830
122.53000,-59.164081,-65.631831
122.54000,-59.164081,-65.631831
122.55000,-59.164081,-65.631831
122.56000,-59.164082,-65.631831
122.57000,-59.164082,-65.631831
122.58000,-59.164082,-65.631832
122.59000,-59.164082,-65.631832
122.60000,-59.164082,-65.631832
122.61000,-59.164083,-65.631832
122.62000,-59.164083,-65.631832
122.63000,-59.164083,-65.631833
122.64000,-59.164083,-65.631833
122.65000,-59.164084,-65.631833
122.66000,-59.164084,-65.631833
122.67000,-59.164084,-65.631833
122.68000,-59.164084,-65.631834
122.69000,-59.164085,-65.631834
122.70000,-59.164085,-65.631834
122.71000,-59.164085,-65.631834
122.72000,-59.164085,-65.631834
122.73000,-59.164085,-65.631834
122.74000,-59.164086,-65.631835
122.75000,-59.164086,-65.631835
122.76000,-59.164086,-65.631835
122.77000,-59.164086,-65.631835
122.78000,-59.164087,-65.631835
122.79000,-59.164087,-65.631836
122.80000,-59.164087,-65.631836
122.81000,-59.164087,-65.631836
122.82000,-59.164087,-65.631836
122.83000,-59.164088,-65.631836
122.84000,-59.164088,-65.631837
122.85000,-59.164088,-65.631837
122.86000,-59.164088,-65.631837
122.87000,-59.164088,-65.631837
122.88000,-59.164089,-65.631837
122.89000,-59.164089,-65.631838
122.90000,-59.164089,-65.631838
122.91000,-59.164089,-65.631838
122.92000,-59.164089,-65.631838
122.93000,-59.164090,-65.631838
122.94000,-59.164090,-65.631838
122.95000,-59.164090,-65.631839
122.96000,-59.164090,-65.631839
122.97000,-59.164090,-65.631839
122.98000,-59.164091,-65.631839
122.99000,-59.164091,-65.631839
123.00000,-59.164091,-65.631840
123.01000,-59.164091,-65.631840
123.02000,-59.164091,-65.631840
123.03000,-59.164092,-65.631840
123.04000,-59.164092,-65.631840
123.05000,-59.164092,-65.631840
123.06000,-59.164092,-65.631841
123.07000,-59.164092,-65.631841
123.08000,-59.164093,-65.631841
123.09000,-59.164093,-65.631841
123.10000,-59.164093,-65.631841
123.11000,-59.164093,-65.631841
123.12000,-59.164093,-65.631842
123.13000,-59.164093,-65.631842
123.14000,-59.164094,-65.631842
123.15000,-59.164094,-65.631842
123.16000,-59.164094,-65.631842
123.17000,-59.164094,-65.631842
123.18000,-59.164094,-65.631843
123.19000,-59.164094,-65.631843
123.20000,-59.164095,-65.631843
123.21000,-59.164095,-65.631843
123.22000,-59.164095,-65.631843
123.23000,-59.164095,-65.631843
123.24000,-59.164095,-65.631844
123.25000,-59.164095,-65.631844
123.26000,-59.164096,-65.631844
123.27000,-59.164096,-65.631844
123.28000,-59.164096,-65.631844
123.29000,-59.164096,-65.631844
123.30000,-59.164096,-65.631845
123.31000,-59.164096,-65.631845
123.32000,-59.164097,-65.631845
123.33000,-59.164097,-65.631845
123.34000,-59.164097,-65.631845
123.35000,-59.164097,-65.631845
123.36000,-59.164097,-65.631846
123.37000,-59.164097,-65.631846
123.38000,-59.164097,-65.631846
123.39000,-59.164098,-65.631846
123.40000,-59.164098,-65.631846
123.41000,-59.164098,-65.631846
123.42000,-59.164098,-65.631846
123.43000,-59.164098,-65.631847
123.44000,-59.164098,-65.631847
123.45000,-59.164098,-65.631847
123.46000,-59.164099,-65.631847
123.47000,-59.164099,-65.631847
123.48000,-59.164099,-65.631847
123.49000,-59.164099,-65.631847
123.50000,-59.164099,-65.631848
123.51000,-59.164099,-65.631848
123.52000,-59.164099,-65.631848
123.53000,-59.164099,-65.631848
123.54000,-59.164100,-65.631848
123.55000,-59.164100,-65.631848
123.56000,-59.164100,-65.631848
123.57000,-59.164100,-65.631849
123.58000,-59.164100,-65.631849
123.59000,-59.164100,-65.631849
123.60000,-59.164100,-65.631849
123.61000,-59.164100,-65.631849
123.62000,-59.164100,-65.631849
123.63000,-59.164101,-65.631849
123.64000,-59.164101,-65.631850
123.65000,-59.164101,-65.631850
123.66000,-59.164101,-65.631850
123.67000,-59.164101,-65.631850
123.68000,-59.164101,-65.631850
123.69000,-59.164101,-65.631850
123.70000,-59.164101,-65.631850
123.71000,-59.164101,-65.631850
123.72000,-59.164102,-65.631851
123.73000,-59.164102,-65.631851
123.74000,-59.164102,-65.631851
123.75000,-59.164102,-65.631851
123.76000,-59.164102,-65.631851
123.77000,-59.164102,-65.631851
123.78000,-59.164102,-65.631851
123.79000,-59.164102,-65.631851
123.80000,-59.164102,-65.631852
123.81000,-59.164102,-65.631852
123.82000,-59.164102,-65.631852
123.83000,-59.164103,-65.631852
123.84000,-59.164103,-65.631852
123.85000,-59.164103,-65.631852
123.86000,-59.164103,-65.631852
123.87000,-59.164103,-65.631852
123.88000,-59.164103,-65.631852
123.89000,-59.164103,-65.631853
123.90000,-59.164103,-65.631853
123.91000,-59.164103,-65.631853
123.92000,-59.164103,-65.631853
123.93000,-59.164103,-65.631853
123.94000,-59.164103,-65.631853
123.95000,-59.164103,-65.631853
123.96000,-59.164104,-65.631853
123.97000,-59.164104,-65.631853
123.98000,-59.164104,-65.631853
123.99000,-59.164104,-65.631854
124.00000,-59.164104,-65.631854
124.01000,-59.164104,-65.631854
124.02000,-59.164104,-65.631854
124.03000,-59.164104,-65.631854
124.04000,-59.164104,-65.631854
124.05000,-59.164104,-65.631854
124.06000,-59.164104,-65.631854
124.07000,-59.164104,-65.631854
124.08000,-59.164104,-65.631854
124.09000,-59.164104,-65.631855
124.10000,-59.164104,-65.631855
124.11000,-59.164104,-65.631855
124.12000,-59.164104,-65.631855
124.13000,-59.164105,-65.631855
124.14000,-59.164105,-65.631855
124.15000,-59.164105,-65.631855
124.16000,-59.164105,-65.631855
124.17000,-59.164105,-65.631855
124.18000,-59.164105,-65.631855
124.19000,-59.164105,-65.631855
124.20000,-59.164105,-65.631856
124.21000,-59.164105,-65.631856
124.22000,-59.164105,-65.631856
124.23000,-59.164105,-65.631856
124.24000,-59.164105,-65.631856
124.25000,-59.164105,-65.631856
124.26000,-59.164105,-65.631856
124.27000,-59.164105,-65.631856
124.28000,-59.164105,-65.631856
124.29000,-59.164105,-65.631856
124.30000,-59.164105,-65.631856
124.31000,-59.164105,-65.631856
124.32000,-59.164105,-65.631856
124.33000,-59.164105,-65.631856
124.34000,-59.164105,-65.631857
124.35000,-59.164105,-65.631857
124.36000,-59.164105,-65.631857
124.37000,-59.164105,-65.631857
124.38000,-59.164105,-65.631857
124.39000,-59.164105,-65.631857
124.40000,-59.164105,-65.631857
124.41000,-59.164105,-65.631857
124.42000,-59.164105,-65.631857
124.43000,-59.164105,-65.631857
124.44000,-59.164105,-65.631857
124.45000,-59.164105,-65.631857
124.46000,-59.164105,-65.631857
124.47000,-59.164105,-65.631857
124.48000,-59.164105,-65.631857
124.49000,-59.164105,-65.631857
124.50000,-59.164105,-65.631858
124.51000,-59.164105,-65.631858
124.52000,-59.164105,-65.631858
124.53000,-59.164105,-65.631858
124.54000,-59.164105,-65.631858
124.55000,-59.164105,-65.631858
124.56000,-59.164105,-65.631858
124.57000,-59.164105,-65.631858
124.58000,-59.164105,-65.631858
124.59000,-59.164105,-65.631858
124.60000,-59.164105,-65.631858
124.61000,-59.164105,-65.631858
124.62000,-59.164105,-65.631858
124.63000,-59.164105,-65.631858
124.64000,-59.164105,-65.631858
124.65000,-59.164105,-65.631858
124.66000,-59.164105,-65.631858
124.67000,-59.164105,-65.631858
124.68000,-59.164105,-65.631858
124.69000,-59.164105,-65.631858
124.70000,-59.164105,-65.631858
124.71000,-59.164105,-65.631858
124.72000,-59.164105,-65.631858
124.73000,-59.164105,-65.631858
124.74000,-59.164105,-65.631859
124.75000,-59.164105,-65.631859
124.76000,-59.164105,-65.631859
124.77000,-59.164105,-65.631859
124.78000,-59.164105,-65.631859
124.79000,-59.164105,-65.631859
124.80000,-59.164105,-65.631859
124.81000,-59.164105,-65.631859
124.82000,-59.164105,-65.631859
124.83000,-59.164105,-65.631859
124.84000,-59.164105,-65.631859
124.85000,-59.164105,-65.631859
124.86000,-59.164105,-65.631859
124.87000,-59.164105,-65.631859
124.88000,-59.164105,-65.631859
124.89000,-59.164104,-65.631859
124.90000,-59.164104,-65.631859
124.91000,-59.164104,-65.631859
124.92000,-59.164104,-65.631859
124.93000,-59.164104,-65.631859
124.94000,-59.164104,-65.631859
124.95000,-59.164104,-65.631859
124.96000,-59.164104,-65.631859
124.97000,-59.164104,-65.631859
124.98000,-59.164104,-65.631859
124.99000,-59.164104,-65.631859
125.00000,-59.164104,-65.631859
125.01000,-59.164104,-65.631859
125.02000,-59.164104,-65.631859
125.03000,-59.164104,-65.631859
125.04000,-59.164104,-65.631859
125.05000,-59.164104,-65.631859
125.06000,-59.164104,-65.631859
125.07000,-59.164104,-65.631859
125.08000,-59.164103,-65.631859
125.09000,-59.164103,-65.631859
125.10000,-59.164103,-65.631859
125.11000,-59.164103,-65.631859
125.12000,-59.164103,-65.631859
125.13000,-59.164103,-65.631859
125.14000,-59.164103,-65.631859
125.15000,-59.164103,-65.631859
125.16000,-59.164103,-65.631859
125.17000,-59.164103,-65.631859
125.18000,-59.164103,-65.631859
125.19000,-59.164103,-65.631859
125.20000,-59.164103,-65.631859
125.21000,-59.164103,-65.631859
125.22000,-59.164102,-65.631859
125.23000,-59.164102,-65.631859
125.24000,-59.164102,-65.631859
125.25000,-59.164102,-65.631859
125.26000,-59.164102,-65.631859
125.27000,-59.164102,-65.631859
125.28000,-59.164102,-65.631859
125.29000,-59.164102,-65.631859
125.30000,-59.164102,-65.631859
125.31000,-59.164102,-65.631859
125.32000,-59.164102,-65.631859
125.33000,-59.164102,-65.631859
125.34000,-59.164102,-65.631859
125.35000,-59.164101,-65.631859
125.36000,-59.164101,-65.631859
125.37000,-59.164101,-65.631859
125.38000,-59.164101,-65.631859
125.39000,-59.164101,-65.631859
125.40000,-59.164101,-65.631859
125.41000,-59.164101,-65.631859
125.42000,-59.164101,-65.631859
125.43000,-59.164101,-65.631859
125.44000,-59.164101,-65.631859
125.45000,-59.164101,-65.631858
125.46000,-59.164100,-65.631858
125.47000,-59.164100,-65.631858
125.48000,-59.164100,-65.631858
125.49000,-59.164100,-65.631858
125.50000,-59.164100,-65.631858
125.51000,-59.164100,-65.631858
125.52000,-59.164100,-65.631858
125.53000,-59.164100,-65.631858
125.54000,-59.164100,-65.631858
125.55000,-59.164100,-65.631858
125.56000,-59.164099,-65.631858
125.57000,-59.164099,-65.631858
125.58000,-59.164099,-65.631858
125.59000,-59.164099,-65.631858
125.60000,-59.164099,-65.631858
125.61000,-59.164099,-65.631858
125.62000,-59.164099,-65.631858
125.63000,-59.164099,-65.631858
125.64000,-59.164099,-65.631858
125.65000,-59.164098,-65.631858
125.66000,-59.164098,-65.631858
125.67000,-59.164098,-65.631858
125.68000,-59.164098,-65.631858
125.69000,-59.164098,-65.631858
125.70000,-59.164098,-65.631858
125.71000,-59.164098,-65.631857
125.72000,-59.164098,-65.631857
125.73000,-59.164098,-65.631857
125.74000,-59.164097,-65.631857
125.75000,-59.164097,-65.631857
125.76000,-59.164097,-65.631857
125.77000,-59.164097,-65.631857
125.78000,-59.164097,-65.631857
125.79000,-59.164097,-65.631857
125.80000,-59.164097,-65.631857
125.81000,-59.164097,-65.631857
125.82000,-59.164097,-65.631857
125.83000,-59.164096,-65.631857
125.84000,-59.164096,-65.631857
125.85000,-59.164096,-65.631857
125.86000,-59.164096,-65.631857
125.87000,-59.164096,-65.631857
125.88000,-59.164096,-65.631857
125.89000,-59.164096,-65.631857
125.90000,-59.164096,-65.631856
125.91000,-59.164095,-65.631856
125.92000,-59.164095,-65.631856
125.93000,-59.164095,-65.631856
125.94000,-59.164095,-65.631856
125.95000,-59.164095,-65.631856
125.96000,-59.164095,-65.631856
125.97000,-59.164095,-65.631856
125.98000,-59.164095,-65.631856
125.99000,-59.164094,-65.631856
126.00000,-59.164094,-65.631856
126.01000,-59.164094,-65.631856
126.02000,-59.164094,-65.631856
126.03000,-59.164094,-65.631856
126.04000,-59.164094,-65.631856
126.05000,-59.164094,-65.631856
126.06000,-59.164094,-65.631855
126.07000,-59.164093,-65.631855
126.08000,-59.164093,-65.631855
126.09000,-59.164093,-65.631855
126.10000,-59.164093,-65.631855
126.11000,-59.164093,-65.631855
126.12000,-59.164093,-65.631855
126.13000,-59.164093,-65.631855
126.14000,-59.164092,-65.631855
126.15000,-59.164092,-65.631855
126.16000,-59.164092,-65.631855
126.17000,-59.164092,-65.631855
126.18000,-59.164092,-65.631855
126.19000,-59.164092,-65.631855
126.20000,-59.164092,-65.631854
126.21000,-59.164092,-65.631854
126.22000,-59.164091,-65.631854
126.23000,-59.164091,-65.631854
126.24000,-59.164091,-65.631854
126.25000,-59.164091,-65.631854
126.26000,-59.164091,-65.631854
126.27000,-59.164091,-65.631854
126.28000,-59.164091,-65.631854
126.29000,-59.164090,-65.631854
126.30000,-59.164090,-65.631854
126.31000,-59.164090,-65.631854
126.32000,-59.164090,-65.631854
126.33000,-59.164090,-65.631853
126.34000,-59.164090,-65.631853
126.35000,-59.164090,-65.631853
126.36000,-59.164089,-65.631853
126.37000,-59.164089,-65.631853
126.38000,-59.164089,-65.631853
126.39000,-59.164089,-65.631853
126.40000,-59.164089,-65.631853
126.41000,-59.164089,-65.631853
126.42000,-59.164089,-65.631853
126.43000,-59.164088,-65.631853
126.44000,-59.164088,-65.631853
126.45000,-59.164088,-65.631852
126.46000,-59.164088,-65.631852
126.47000,-59.164088,-65.631852
126.48000,-59.164088,-65.631852
126.49000,-59.164088,-65.631852
126.50000,-59.164087,-65.631852
126.51000,-59.164087,-65.631852
126.52000,-59.164087,-65.631852
126.53000,-59.164087,-65.631852
126.54000,-59.164087,-65.631852
126.55000,-59.164087,-65.631852
126.56000,-59.164087,-65.631851
126.57000,-59.164086,-65.631851
126.58000,-59.164086,-65.631851
126.59000,-59.164086,-65.631851
126.60000,-59.164086,-65.631851
126.61000,-59.164086,-65.631851
126.62000,-59.164086,-65.631851
126.63000,-59.164086,-65.631851
126.64000,-59.164085,-65.631851
126.65000,-59.164085,-65.631851
126.66000,-59.164085,-65.631851
126.67000,-59.164085,-65.631850
126.68000,-59.164085,-65.631850
126.69000,-59.164085,-65.631850
126.70000,-59.164085,-65.631850
126.71000,-59.164084,-65.631850
126.72000,-59.164084,-65.631850
126.73000,-59.164084,-65.631850
126.74000,-59.164084,-65.631850
126.75000,-59.164084,-65.631850
126.76000,-59.164084,-65.631850
126.77000,-59.164084,-65.631849
126.78000,-59.164083,-65.631849
126.79000,-59.164083,-65.631849
126.80000,-59.164083,-65.631849
126.81000,-59.164083,-65.631849
126.82000,-59.164083,-65.631849
126.83000,-59.164083,-65.631849
126.84000,-59.164083,-65.631849
126.85000,-59.164082,-65.631849
126.86000,-59.164082,-65.631849
126.87000,-59.164082,-65.631849
126.88000,-59.164082,-65.631848
126.89000,-59.164082,-65.631848
126.90000,-59.164082,-65.631848
126.91000,-59.164082,-65.631848
126.92000,-59.164081,-65.631848
126.93000,-59.164081,-65.631848
126.94000,-59.164081,-65.631848
126.95000,-59.164081,-65.631848
126.96000,-59.164081,-65.631848
126.97000,-59.164081,-65.631848
126.98000,-59.164081,-65.631847
126.99000,-59.164080,-65.631847
127.00000,-59.164080,-65.631847
127.01000,-59.164080,-65.631847
127.02000,-59.164080,-65.631847
127.03000,-59.164080,-65.631847
127.04000,-59.164080,-65.631847
127.05000,-59.164079,-65.631847
127.06000,-59.164079,-65.631847
127.07000,-59.164079,-65.631847
127.08000,-59.164079,-65.631846
127.09000,-59.164079,-65.631846
127.10000,-59.164079,-65.631846
127.11000,-59.164079,-65.631846
127.12000,-59.164078,-65.631846
127.13000,-59.164078,-65.631846
127.14000,-59.164078,-65.631846
127.15000,-59.164078,-65.631846
127.16000,-59.164078,-65.631846
127.17000,-59.164078,-65.631846
127.18000,-59.164078,-65.631845
127.19000,-59.164078,-65.631845
127.20000,-59.164077,-65.631845
127.21000,-59.164077,-65.631845
127.22000,-59.164077,-65.631845
127.23000,-59.164077,-65.631845
127.24000,-59.164077,-65.631845
127.25000,-59.164077,-65.631845
127.26000,-59.164077,-65.631845
127.27000,-59.164076,-65.631844
127.28000,-59.164076,-65.631844
127.29000,-59.164076,-65.631844
127.30000,-59.164076,-65.631844
127.31000,-59.164076,-65.631844
127.32000,-59.164076,-65.631844
127.33000,-59.164076,-65.631844
127.34000,-59.164075,-65.631844
127.35000,-59.164075,-65.631844
127.36000,-59.164075,-65.631844
127.37000,-59.164075,-65.631843
127.38000,-59.164075,-65.631843
127.39000,-59.164075,-65.631843
127.40000,-59.164075,-65.631843
127.41000,-59.164074,-65.631843
127.42000,-59.164074,-65.631843
127.43000,-59.164074,-65.631843
127.44000,-59.164074,-65.631843
127.45000,-59.164074,-65.631843
127.46000,-59.164074,-65.631843
127.47000,-59.164074,-65.631842
127.48000,-59.164074,-65.631842
127.49000,-59.164073,-65.631842
127.50000,-59.164073,-65.631842
127.51000,-59.164073,-65.631842
127.52000,-59.164073,-65.631842
127.53000,-59.164073,-65.631842
127.54000,-59.164073,-65.631842
127.55000,-59.164073,-65.631842
127.56000,-59.164072,-65.631842
127.57000,-59.164072,-65.631841
127.58000,-59.164072,-65.631841
127.59000,-59.164072,-65.631841
127.60000,-59.164072,-65.631841
127.61000,-59.164072,-65.631841
127.62000,-59.164072,-65.631841
127.63000,-59.164072,-65.631841
127.64000,-59.164071,-65.631841
127.65000,-59.164071,-65.631841
127.66000,-59.164071,-65.631840
127.67000,-59.164071,-65.631840
127.68000,-59.164071,-65.631840
127.69000,-59.164071,-65.631840
127.70000,-59.164071,-65.631840
127.71000,-59.164071,-65.631840
127.72000,-59.164070,-65.631840
127.73000,-59.164070,-65.631840
127.74000,-59.164070,-65.631840
127.75000,-59.164070,-65.631840
127.76000,-59.164070,-65.631839
127.77000,-59.164070,-65.631839
127.78000,-59.164070,-65.631839
127.79000,-59.164070,-65.631839
127.80000,-59.164069,-65.631839
127.81000,-59.164069,-65.631839
127.82000,-59.164069,-65.631839
127.83000,-59.164069,-65.631839
127.84000,-59.164069,-65.631839
127.85000,-59.164069,-65.631839
127.86000,-59.164069,-65.631838
127.87000,-59.164069,-65.631838
127.88000,-59.164069,-65.631838
127.89000,-59.164068,-65.631838
127.90000,-59.164068,-65.631838
127.91000,-59.164068,-65.631838
127.92000,-59.164068,-65.631838
127.93000,-59.164068,-65.631838
127.94000,-59.164068,-65.631838
127.95000,-59.164068,-65.631838
127.96000,-59.164068,-65.631838
127.97000,-59.164067,-65.631837
127.98000,-59.164067,-65.631837
127.99000,-59.164067,-65.631837
128.00000,-59.164067,-65.631837
128.01000,-59.164067,-65.631837
128.02000,-59.164067,-65.631837
128.03000,-59.164067,-65.631837
128.04000,-59.164067,-65.631837
128.05000,-59.164067,-65.631837
128.06000,-59.164067,-65.631837
128.07000,-59.164066,-65.631836
128.08000,-59.164066,-65.631836
128.09000,-59.164066,-65.631836
128.10000,-59.164066,-65.631836
128.11000,-59.164066,-65.631836
128.12000,-59.164066,-65.631836
128.13000,-59.164066,-65.631836
128.14000,-59.164066,-65.631836
128.15000,-59.164066,-65.631836
128.16000,-59.164065,-65.631836
128.17000,-59.164065,-65.631836
128.18000,-59.164065,-65.631835
128.19000,-59.164065,-65.631835
128.20000,-59.164065,-65.631835
128.21000,-59.164065,-65.631835
128.22000,-59.164065,-65.631835
128.23000,-59.164065,-65.631835
128.24000,-59.164065,-65.631835
128.25000,-59.164065,-65.631835
128.26000,-59.164064,-65.631835
128.27000,-59.164064,-65.631835
128.28000,-59.164064,-65.631835
128.29000,-59.164064,-65.631834
128.30000,-59.164064,-65.631834
128.31000,-59.164064,-65.631834
128.32000,-59.164064,-65.631834
128.33000,-59.164064,-65.631834
128.34000,-59.164064,-65.631834
128.35000,-59.164064,-65.631834
128.36000,-59.164064,-65.631834
128.37000,-59.164063,-65.631834
128.38000,-59.164063,-65.631834
128.39000,-59.164063,-65.631834
128.40000,-59.164063,-65.631833
128.41000,-59.164063,-65.631833
128.42000,-59.164063,-65.631833
128.43000,-59.164063,-65.631833
128.44000,-59.164063,-65.631833
128.45000,-59.164063,-65.631833
128.46000,-59.164063,-65.631833
128.47000,-59.164063,-65.631833
128.48000,-59.164062,-65.631833
128.49000,-59.164062,-65.631833
128.50000,-59.164062,-65.631833
128.51000,-59.164062,-65.631833
128.52000,-59.164062,-65.631832
128.53000,-59.164062,-65.631832
128.54000,-59.164062,-65.631832
128.55000,-59.164062,-65.631832
128.56000,-59.164062,-65.631832
128.57000,-59.164062,-65.631832
128.58000,-59.164062,-65.631832
128.59000,-59.164062,-65.631832
128.60000,-59.164062,-65.631832
128.61000,-59.164061,-65.631832
128.62000,-59.164061,-65.631832
128.63000,-59.164061,-65.631832
128.64000,-59.164061,-65.631832
128.65000,-59.164061,-65.631831
128.66000,-59.164061,-65.631831
128.67000,-59.164061,-65.631831
128.68000,-59.164061,-65.631831
128.69000,-59.164061,-65.631831
128.70000,-59.164061,-65.631831
128.71000,-59.164061,-65.631831
128.72000,-59.164061,-65.631831
128.73000,-59.164061,-65.631831
128.74000,-59.164061,-65.631831
128.75000,-59.164060,-65.631831
128.76000,-59.164060,-65.631831
128.77000,-59.164060,-65.631831
128.78000,-59.164060,-65.631831
128.79000,-59.164060,-65.631830
128.80000,-59.164060,-65.631830
128.81000,-59.164060,-65.631830
128.82000,-59.164060,-65.631830
128.83000,-59.164060,-65.631830
128.84000,-59.164060,-65.631830
128.85000,-59.164060,-65.631830
128.86000,-59.164060,-65.631830
128.87000,-59.164060,-65.631830
128.88000,-59.164060,-65.631830
128.89000,-59.164060,-65.631830
128.90000,-59.164060,-65.631830
128.91000,-59.164059,-65.631830
128.92000,-59.164059,-65.631830
128.93000,-59.164059,-65.631829
128.94000,-59.164059,-65.631829
128.95000,-59.164059,-65.631829
128.96000,-59.164059,-65.631829
128.97000,-59.164059,-65.631829
128.98000,-59.164059,-65.631829
128.99000,-59.164059,-65.631829
129.00000,-59.164059,-65.631829
129.01000,-59.164059,-65.631829
129.02000,-59.164059,-65.631829
129.03000,-59.164059,-65.631829
129.04000,-59.164059,-65.631829
129.05000,-59.164059,-65.631829
129.06000,-59.164059,-65.631829
129.07000,-59.164059,-65.631829
129.08000,-59.164059,-65.631829
129.09000,-59.164059,-65.631828
129.10000,-59.164058,-65.631828
129.11000,-59.164058,-65.631828
129.12000,-59.164058,-65.631828
129.13000,-59.164058,-65.631828
129.14000,-59.164058,-65.631828
129.15000,-59.164058,-65.631828
129.16000,-59.164058,-65.631828
129.17000,-59.164058,-65.631828
129.18000,-59.164058,-65.631828
129.19000,-59.164058,-65.631828
129.20000,-59.164058,-65.631828
129.21000,-59.164058,-65.631828
129.22000,-59.164058,-65.631828
129.23000,-59.164058,-65.631828
129.24000,-59.164058,-65.631828
129.25000,-59.164058,-65.631828
129.26000,-59.164058,-65.631828
129.27000,-59.164058,-65.631828
129.28000,-59.164058,-65.631827
129.29000,-59.164058,-65.631827
129.30000,-59.164058,-65.631827
129.31000,-59.164058,-65.631827
129.32000,-59.164058,-65.631827
129.33000,-59.164058,-65.631827
129.34000,-59.164058,-65.631827
129.35000,-59.164058,-65.631827
129.36000,-59.164058,-65.631827
129.37000,-59.164058,-65.631827
129.38000,-59.164058,-65.631827
129.39000,-59.164057,-65.631827
129.40000,-59.164057,-65.631827
129.41000,-59.164057,-65.631827
129.42000,-59.164057,-65.631827
129.43000,-59.164057,-65.631827
129.44000,-59.164057,-65.631827
129.45000,-59.164057,-65.631827
129.46000,-59.164057,-65.631827
129.47000,-59.164057,-65.631827
129.48000,-59.164057,-65.631827
129.49000,-59.164057,-65.631826
129.50000,-59.164057,-65.631826
129.51000,-59.164057,-65.631826
129.52000,-59.164057,-65.631826
129.53000,-59.164057,-65.631826
129.54000,-59.164057,-65.631826
129.55000,-59.164057,-65.631826
129.56000,-59.164057,-65.631826
129.57000,-59.164057,-65.631826
129.58000,-59.164057,-65.631826
129.59000,-59.164057,-65.631826
129.60000,-59.164057,-65.631826
129.61000,-59.164057,-65.631826
129.62000,-59.164057,-65.631826
129.63000,-59.164057,-65.631826
129.64000,-59.164057,-65.631826
129.65000,-59.164057,-65.631826
129.66000,-59.164057,-65.631826
129.67000,-59.164057,-65.631826
129.68000,-59.164057,-65.631826
129.69000,-59.164057,-65.631826
129.70000,-59.164057,-65.631826
129.71000,-59.164057,-65.631826
129.72000,-59.164057,-65.631826
129.73000,-59.164057,-65.631826
129.74000,-59.164057,-65.631826
129.75000,-59.164057,-65.631826
129.76000,-59.164057,-65.631826
129.77000,-59.164057,-65.631826
129.78000,-59.164057,-65.631826
129.79000,-59.164057,-65.631825
129.80000,-59.164057,-65.631825
129.81000,-59.164057,-65.631825
129.82000,-59.164057,-65.631825
129.83000,-59.164057,-65.631825
129.84000,-59.164057,-65.631825
129.85000,-59.164057,-65.631825
129.86000,-59.164057,-65.631825
129.87000,-59.164057,-65.631825
129.88000,-59.164057,-65.631825
129.89000,-59.164057,-65.631825
129.90000,-59.164057,-65.631825
129.91000,-59.164057,-65.631825
129.92000,-59.164057,-65.631825
129.93000,-59.164057,-65.631825
129.94000,-59.164057,-65.631825
129.95000,-59.164057,-65.631825
129.96000,-59.164057,-65.631825
129.97000,-59.164057,-65.631825
129.98000,-59.164057,-65.631825
129.99000,-59.164057,-65.631825
130.00000,-59.164057,-65.631825
130.01000,-59.164057,-65.631825
130.02000,-59.164057,-65.631825
130.03000,-59.164057,-65.631825
130.04000,-59.164057,-65.631825
130.05000,-59.164057,-65.631825
130.06000,-59.164057,-65.631825
130.07000,-59.164057,-65.631825
130.08000,-59.164057,-65.631825
130.09000,-59.164057,-65.631825
130.10000,-59.164057,-65.631825
130.11000,-59.164057,-65.631825
130.12000,-59.164057,-65.631825
130.13000,-59.164057,-65.631825
130.14000,-59.164057,-65.631825
130.15000,-59.164057,-65.631825
130.16000,-59.164057,-65.631825
130.17000,-59.164057,-65.631825
130.18000,-59.164057,-65.631825
130.19000,-59.164057,-65.631825
130.20000,-59.164057,-65.631825
130.21000,-59.164057,-65.631825
130.22000,-59.164057,-65.631825
130.23000,-59.164057,-65.631825
130.24000,-59.164057,-65.631825
130.25000,-59.164058,-65.631825
130.26000,-59.164058,-65.631825
130.27000,-59.164058,-65.631825
130.28000,-59.164058,-65.631825
130.29000,-59.164058,-65.631825
130.30000,-59.164058,-65.631825
130.31000,-59.164058,-65.631825
130.32000,-59.164058,-65.631825
130.33000,-59.164058,-65.631825
130.34000,-59.164058,-65.631825
130.35000,-59.164058,-65.631825
130.36000,-59.164058,-65.631825
130.37000,-59.164058,-65.631825
130.38000,-59.164058,-65.631825
130.39000,-59.164058,-65.631825
130.40000,-59.164058,-65.631825
130.41000,-59.164058,-65.631825
130.42000,-59.164058,-65.631825
130.43000,-59.164058,-65.631825
130.44000,-59.164058,-65.631825
130.45000,-59.164058,-65.631825
130.46000,-59.164058,-65.631825
130.47000,-59.164058,-65.631825
130.48000,-59.164058,-65.631825
130.49000,-59.164058,-65.631825
130.50000,-59.164058,-65.631825
130.51000,-59.164058,-65.631825
130.52000,-59.164058,-65.631825
130.53000,-59.164058,-65.631825
130.54000,-59.164058,-65.631825
130.55000,-59.164058,-65.631825
130.56000,-59.164058,-65.631825
130.57000,-59.164059,-65.631825
130.58000,-59.164059,-65.631825
130.59000,-59.164059,-65.631825
130.60000,-59.164059,-65.631825
130.61000,-59.164059,-65.631825
130.62000,-59.164059,-65.631825
130.63000,-59.164059,-65.631825
130.64000,-59.164059,-65.631825
130.65000,-59.164059,-65.631825
130.66000,-59.164059,-65.631825
130.67000,-59.164059,-65.631825
130.68000,-59.164059,-65.631825
130.69000,-59.164059,-65.631825
130.70000,-59.164059,-65.631825
130.71000,-59.164059,-65.631825
130.72000,-59.164059,-65.631825
130.73000,-59.164059,-65.631825
130.74000,-59.164059,-65.631825
130.75000,-59.164059,-65.631825
130.76000,-59.164059,-65.631825
130.77000,-59.164059,-65.631825
130.78000,-59.164059,-65.631825
130.79000,-59.164059,-65.631825
130.80000,-59.164060,-65.631825
130.81000,-59.164060,-65.631825
130.82000,-59.164060,-65.631825
130.83000,-59.164060,-65.631825
130.84000,-59.164060,-65.631825
130.85000,-59.164060,-65.631825
130.86000,-59.164060,-65.631825
130.87000,-59.164060,-65.631825
130.88000,-59.164060,-65.631825
130.89000,-59.164060,-65.631825
130.90000,-59.164060,-65.631825
130.91000,-59.164060,-65.631825
130.92000,-59.164060,-65.631825
130.93000,-59.164060,-65.631825
130.94000,-59.164060,-65.631825
130.95000,-59.164060,-65.631825
130.96000,-59.164060,-65.631825
130.97000,-59.164060,-65.631825
130.98000,-59.164060,-65.631825
130.99000,-59.164061,-65.631825
131.00000,-59.164061,-65.631825
131.01000,-59.164061,-65.631825
131.02000,-59.164061,-65.631825
131.03000,-59.164061,-65.631825
131.04000,-59.164061,-65.631825
131.05000,-59.164061,-65.631826
131.06000,-59.164061,-65.631826
131.07000,-59.164061,-65.631826
131.08000,-59.164061,-65.631826
131.09000,-59.164061,-65.631826
131.10000,-59.164061,-65.631826
131.11000,-59.164061,-65.631826
131.12000,-59.164061,-65.631826
131.13000,-59.164061,-65.631826
131.14000,-59.164061,-65.631826
131.15000,-59.164061,-65.631826
131.16000,-59.164061,-65.631826
131.17000,-59.164062,-65.631826
131.18000,-59.164062,-65.631826
131.19000,-59.164062,-65.631826
131.20000,-59.164062,-65.631826
131.21000,-59.164062,-65.631826
131.22000,-59.164062,-65.631826
131.23000,-59.164062,-65.631826
131.24000,-59.164062,-65.631826
131.25000,-59.164062,-65.631826
131.26000,-59.164062,-65.631826
131.27000,-59.164062,-65.631826
131.28000,-59.164062,-65.631826
131.29000,-59.164062,-65.631826
131.30000,-59.164062,-65.631826
131.31000,-59.164062,-65.631826
131.32000,-59.164062,-65.631826
131.33000,-59.164063,-65.631826
131.34000,-59.164063,-65.631826
131.35000,-59.164063,-65.631826
131.36000,-59.164063,-65.631826
131.37000,-59.164063,-65.631826
131.38000,-59.164063,-65.631826
131.39000,-59.164063,-65.631827
131.40000,-59.164063,-65.631827
131.41000,-59.164063,-65.631827
131.42000,-59.164063,-65.631827
131.43000,-59.164063,-65.631827
131.44000,-59.164063,-65.631827
131.45000,-59.164063,-65.631827
131.46000,-59.164063,-65.631827
131.47000,-59.164063,-65.631827
131.48000,-59.164064,-65.631827
131.49000,-59.164064,-65.631827
131.50000,-59.164064,-65.631827
131.51000,-59.164064,-65.631827
131.52000,-59.164064,-65.631827
131.53000,-59.164064,-65.631827
131.54000,-59.164064,-65.631827
131.55000,-59.164064,-65.631827
131.56000,-59.164064,-65.631827
131.57000,-59.164064,-65.631827
131.58000,-59.164064,-65.631827
131.59000,-59.164064,-65.631827
131.60000,-59.164064,-65.631827
131.61000,-59.164064,-65.631827
131.62000,-59.164064,-65.631827
131.63000,-59.164065,-65.631827
131.64000,-59.164065,-65.631827
131.65000,-59.164065,-65.631827
131.66000,-59.164065,-65.631828
131.67000,-59.164065,-65.631828
131.68000,-59.164065,-65.631828
131.69000,-59.164065,-65.631828
131.70000,-59.164065,-65.631828
131.71000,-59.164065,-65.631828
131.72000,-59.164065,-65.631828
131.73000,-59.164065,-65.631828
131.74000,-59.164065,-65.631828
131.75000,-59.164065,-65.631828
131.76000,-59.164065,-65.631828
131.77000,-59.164066,-65.631828
131.78000,-59.164066,-65.631828
131.79000,-59.164066,-65.631828
131.80000,-59.164066,-65.631828
131.81000,-59.164066,-65.631828
131.82000,-59.164066,-65.631828
131.83000,-59.164066,-65.631828
131.84000,-59.164066,-65.631828
131.85000,-59.164066,-65.631828
131.86000,-59.164066,-65.631828
131.87000,-59.164066,-65.631828
131.88000,-59.164066,-65.631828
131.89000,-59.164066,-65.631829
131.90000,-59.164066,-65.631829
131.91000,-59.164066,-65.631829
131.92000,-59.164067,-65.631829
131.93000,-59.164067,-65.631829
131.94000,-59.164067,-65.631829
131.95000,-59.164067,-65.631829
131.96000,-59.164067,-65.631829
131.97000,-59.164067,-65.631829
131.98000,-59.164067,-65.631829
131.99000,-59.164067,-65.631829
132.00000,-59.164067,-65.631829
132.01000,-59.164067,-65.631829
132.02000,-59.164067,-65.631829
132.03000,-59.164067,-65.631829
132.04000,-59.164067,-65.631829
132.05000,-59.164067,-65.631829
132.06000,-59.164068,-65.631829
132.07000,-59.164068,-65.631829
132.08000,-59.164068,-65.631829
132.09000,-59.164068,-65.631829
132.10000,-59.164068,-65.631829
132.11000,-59.164068,-65.631830
132.12000,-59.164068,-65.631830
132.13000,-59.164068,-65.631830
132.14000,-59.164068,-65.631830
132.15000,-59.164068,-65.631830
132.16000,-59.164068,-65.631830
132.17000,-59.164068,-65.631830
132.18000,-59.164068,-65.631830
132.19000,-59.164068,-65.631830
132.20000,-59.164069,-65.631830
132.21000,-59.164069,-65.631830
132.22000,-59.164069,-65.631830
132.23000,-59.164069,-65.631830
132.24000,-59.164069,-65.631830
132.25000,-59.164069,-65.631830
132.26000,-59.164069,-65.631830
132.27000,-59.164069,-65.631830
132.28000,-59.164069,-65.631830
132.29000,-59.164069,-65.631830
132.30000,-59.164069,-65.631830
132.31000,-59.164069,-65.631831
132.32000,-59.164069,-65.631831
132.33000,-59.164069,-65.631831
132.34000,-59.164070,-65.631831
132.35000,-59.164070,-65.631831
132.36000,-59.164070,-65.631831
132.37000,-59.164070,-65.631831
132.38000,-59.164070,-65.631831
132.39000,-59.164070,-65.631831
132.40000,-59.164070,-65.631831
132.41000,-59.164070,-65.631831
132.42000,-59.164070,-65.631831
132.43000,-59.164070,-65.631831
132.44000,-59.164070,-65.631831
132.45000,-59.164070,-65.631831
132.46000,-59.164070,-65.631831
132.47000,-59.164070,-65.631831
132.48000,-59.164071,-65.631831
132.49000,-59.164071,-65.631831
132.50000,-59.164071,-65.631831
132.51000,-59.164071,-65.631832
132.52000,-59.164071,-65.631832
132.53000,-59.164071,-65.631832
132.54000,-59.164071,-65.631832
132.55000,-59.164071,-65.631832
132.56000,-59.164071,-65.631832
132.57000,-59.164071,-65.631832
132.58000,-59.164071,-65.631832
132.59000,-59.164071,-65.631832
132.60000,-59.164071,-65.631832
132.61000,-59.164071,-65.631832
132.62000,-59.164071,-65.631832
132.63000,-59.164072,-65.631832
132.64000,-59.164072,-65.631832
132.65000,-59.164072,-65.631832
132.66000,-59.164072,-65.631832
132.67000,-59.164072,-65.631832
132.68000,-59.164072,-65.631832
132.69000,-59.164072,-65.631832
132.70000,-59.164072,-65.631832
132.71000,-59.164072,-65.631833
132.72000,-59.164072,-65.631833
132.73000,-59.164072,-65.631833
132.74000,-59.164072,-65.631833
132.75000,-59.164072,-65.631833
132.76000,-59.164072,-65.631833
132.77000,-59.164073,-65.631833
132.78000,-59.164073,-65.631833
132.79000,-59.164073,-65.631833
132.80000,-59.164073,-65.631833
132.81000,-59.164073,-65.631833
132.82000,-59.164073,-65.631833
132.83000,-59.164073,-65.631833
132.84000,-59.164073,-65.631833
132.85000,-59.164073,-65.631833
132.86000,-59.164073,-65.631833
132.87000,-59.164073,-65.631833
132.88000,-59.164073,-65.631833
132.89000,-59.164073,-65.631833
132.90000,-59.164073,-65.631833
132.91000,-59.164073,-65.631834
132.92000,-59.164073,-65.631834
132.93000,-59.164074,-65.631834
132.94000,-59.164074,-65.631834
132.95000,-59.164074,-65.631834
132.96000,-59.164074,-65.631834
132.97000,-59.164074,-65.631834
132.98000,-59.164074,-65.631834
132.99000,-59.164074,-65.631834
133.00000,-59.164074,-65.631834
133.01000,-59.164074,-65.631834
133.02000,-59.164074,-65.631834
133.03000,-59.164074,-65.631834
133.04000,-59.164074,-65.631834
133.05000,-59.164074,-65.631834
133.06000,-59.164074,-65.631834
133.07000,-59.164074,-65.631834
133.08000,-59.164074,-65.631834
133.09000,-59.164075,-65.631834
133.10000,-59.164075,-65.631834
133.11000,-59.164075,-65.631835
133.12000,-59.164075,-65.631835
133.13000,-59.164075,-65.631835
133.14000,-59.164075,-65.631835
133.15000,-59.164075,-65.631835
133.16000,-59.164075,-65.631835
133.17000,-59.164075,-65.631835
133.18000,-59.164075,-65.631835
133.19000,-59.164075,-65.631835
133.20000,-59.164075,-65.631835
133.21000,-59.164075,-65.631835
133.22000,-59.164075,-65.631835
133.23000,-59.164075,-65.631835
133.24000,-59.164075,-65.631835
133.25000,-59.164075,-65.631835
133.26000,-59.164075,-65.631835
133.27000,-59.164076,-65.631835
133.28000,-59.164076,-65.631835
133.29000,-59.164076,-65.631835
133.30000,-59.164076,-65.631835
133.31000,-59.164076,-65.631835
133.32000,-59.164076,-65.631836
133.33000,-59.164076,-65.631836
133.34000,-59.164076,-65.631836
133.35000,-59.164076,-65.631836
133.36000,-59.164076,-65.631836
133.37000,-59.164076,-65.631836
133.38000,-59.164076,-65.631836
133.39000,-59.164076,-65.631836
133.40000,-59.164076,-65.631836
133.41000,-59.164076,-65.631836
133.42000,-59.164076,-65.631836
133.43000,-59.164076,-65.631836
133.44000,-59.164076,-65.631836
133.45000,-59.164077,-65.631836
133.46000,-59.164077,-65.631836
133.47000,-59.164077,-65.631836
133.48000,-59.164077,-65.631836
133.49000,-59.164077,-65.631836
133.50000,-59.164077,-65.631836
133.51000,-59.164077,-65.631836
133.52000,-59.164077,-65.631836
133.53000,-59.164077,-65.631836
133.54000,-59.164077,-65.631837
133.55000,-59.164077,-65.631837
133.56000,-59.164077,-65.631837
133.57000,-59.164077,-65.631837
133.58000,-59.164077,-65.631837
133.59000,-59.164077,-65.631837
133.60000,-59.164077,-65.631837
133.61000,-59.164077,-65.631837
133.62000,-59.164077,-65.631837
133.63000,-59.164077,-65.631837
133.64000,-59.164077,-65.631837
133.65000,-59.164077,-65.631837
133.66000,-59.164078,-65.631837
133.67000,-59.164078,-65.631837
133.68000,-59.164078,-65.631837
133.69000,-59.164078,-65.631837
133.70000,-59.164078,-65.631837
133.71000,-59.164078,-65.631837
133.72000,-59.164078,-65.631837
133.73000,-59.164078,-65.631837
133.74000,-59.164078,-65.631837
133.75000,-59.164078,-65.631837
133.76000,-59.164078,-65.631837
133.77000,-59.164078,-65.631838
133.78000,-59.164078,-65.631838
133.79000,-59.164078,-65.631838
133.80000,-59.164078,-65.631838
133.81000,-59.164078,-65.631838
133.82000,-59.164078,-65.631838
133.83000,-59.164078,-65.631838
133.84000,-59.164078,-65.631838
133.85000,-59.164078,-65.631838
133.86000,-59.164078,-65.631838
133.87000,-59.164078,-65.631838
133.88000,-59.164078,-65.631838
133.89000,-59.164078,-65.631838
133.90000,-59.164079,-65.631838
133.91000,-59.164079,-65.631838
133.92000,-59.164079,-65.631838
133.93000,-59.164079,-65.631838
133.94000,-59.164079,-65.631838
133.95000,-59.164079,-65.631838
133.96000,-59.164079,-65.631838
133.97000,-59.164079,-65.631838
133.98000,-59.164079,-65.631838
133.99000,-59.164079,-65.631838
134.00000,-59.164079,-65.631838
134.01000,-59.164079,-65.631838
134.02000,-59.164079,-65.631838
134.03000,-59.164079,-65.631839
134.04000,-59.164079,-65.631839
134.05000,-59.164079,-65.631839
134.06000,-59.164079,-65.631839
134.07000,-59.164079,-65.631839
134.08000,-59.164079,-65.631839
134.09000,-59.164079,-65.631839
134.10000,-59.164079,-65.631839
134.11000,-59.164079,-65.631839
134.12000,-59.164079,-65.631839
134.13000,-59.164079,-65.631839
134.14000,-59.164079,-65.631839
134.15000,-59.164079,-65.631839
134.16000,-59.164079,-65.631839
134.17000,-59.164079,-65.631839
134.18000,-59.164079,-65.631839
134.19000,-59.164079,-65.631839
134.20000,-59.164079,-65.631839
134.21000,-59.164080,-65.631839
134.22000,-59.164080,-65.631839
134.23000,-59.164080,-65.631839
134.24000,-59.164080,-65.631839
134.25000,-59.164080,-65.631839
134.26000,-59.164080,-65.631839
134.27000,-59.164080,-65.631839
134.28000,-59.164080,-65.631839
134.29000,-59.164080,-65.631839
134.30000,-59.164080,-65.631839
134.31000,-59.164080,-65.631839
134.32000,-59.164080,-65.631839
134.33000,-59.164080,-65.631840
134.34000,-59.164080,-65.631840
134.35000,-59.164080,-65.631840
134.36000,-59.164080,-65.631840
134.37000,-59.164080,-65.631840
134.38000,-59.164080,-65.631840
134.39000,-59.164080,-65.631840
134.40000,-59.164080,-65.631840
134.41000,-59.164080,-65.631840
134.42000,-59.164080,-65.631840
134.43000,-59.164080,-65.631840
134.44000,-59.164080,-65.631840
134.45000,-59.164080,-65.631840
134.46000,-59.164080,-65.631840
134.47000,-59.164080,-65.631840
134.48000,-59.164080,-65.631840
134.49000,-59.164080,-65.631840
134.50000,-59.164080,-65.631840
134.51000,-59.164080,-65.631840
134.52000,-59.164080,-65.631840
134.53000,-59.164080,-65.631840
134.54000,-59.164080,-65.631840
134.55000,-59.164080,-65.631840
134.56000,-59.164080,-65.631840
134.57000,-59.164080,-65.631840
134.58000,-59.164080,-65.631840
134.59000,-59.164080,-65.631840
134.60000,-59.164080,-65.631840
134.61000,-59.164080,-65.631840
134.62000,-59.164080,-65.631840
134.63000,-59.164080,-65.631840
134.64000,-59.164080,-65.631840
134.65000,-59.164080,-65.631840
134.66000,-59.164080,-65.631840
134.67000,-59.164080,-65.631840
134.68000,-59.164080,-65.631840
134.69000,-59.164081,-65.631840
134.70000,-59.164081,-65.631840
134.71000,-59.164081,-65.631841
134.72000,-59.164081,-65.631841
134.73000,-59.164081,-65.631841
134.74000,-59.164081,-65.631841
134.75000,-59.164081,-65.631841
134.76000,-59.164081,-65.631841
134.77000,-59.164081,-65.631841
134.78000,-59.164081,-65.631841
134.79000,-59.164081,-65.631841
134.80000,-59.164081,-65.631841
134.81000,-59.164081,-65.631841
134.82000,-59.164081,-65.631841
134.83000,-59.164081,-65.631841
134.84000,-59.164081,-65.631841
134.85000,-59.164081,-65.631841
134.86000,-59.164081,-65.631841
134.87000,-59.164081,-65.631841
134.88000,-59.164081,-65.631841
134.89000,-59.164081,-65.631841
134.90000,-59.164081,-65.631841
134.91000,-59.164081,-65.631841
134.92000,-59.164081,-65.631841
134.93000,-59.164081,-65.631841
134.94000,-59.164081,-65.631841
134.95000,-59.164081,-65.631841
134.96000,-59.164081,-65.631841
134.97000,-59.164081,-65.631841
134.98000,-59.164081,-65.631841
134.99000,-59.164081,-65.631841
135.00000,-59.164081,-65.631841
135.01000,-59.164081,-65.631841
135.02000,-59.164081,-65.631841
135.03000,-59.164081,-65.631841
135.04000,-59.164081,-65.631841
135.05000,-59.164081,-65.631841
135.06000,-59.164081,-65.631841
135.07000,-59.164081,-65.631841
135.08000,-59.164081,-65.631841
135.09000,-59.164081,-65.631841
135.10000,-59.164081,-65.631841
135.11000,-59.164081,-65.631841
135.12000,-59.164081,-65.631841
135.13000,-59.164081,-65.631841
135.14000,-59.164081,-65.631841
135.15000,-59.164081,-65.631841
135.16000,-59.164081,-65.631841
135.17000,-59.164081,-65.631841
135.18000,-59.164081,-65.631841
135.19000,-59.164081,-65.631841
135.20000,-59.164081,-65.631841
135.21000,-59.164081,-65.631841
135.22000,-59.164081,-65.631841
135.23000,-59.164081,-65.631841
135.24000,-59.164081,-65.631841
135.25000,-59.164081,-65.631841
135.26000,-59.164081,-65.631841
135.27000,-59.164081,-65.631841
135.28000,-59.164081,-65.631841
135.29000,-59.164081,-65.631841
135.30000,-59.164081,-65.631841
135.31000,-59.164081,-65.631841
135.32000,-59.164081,-65.631841
135.33000,-59.164081,-65.631841
135.34000,-59.164081,-65.631841
135.35000,-59.164081,-65.631841
135.36000,-59.164081,-65.631841
135.37000,-59.164081,-65.631841
135.38000,-59.164081,-65.631841
135.39000,-59.164081,-65.631841
135.40000,-59.164081,-65.631841
135.41000,-59.164081,-65.631842
135.42000,-59.164081,-65.631842
135.43000,-59.164081,-65.631842
135.44000,-59.164081,-65.631842
135.45000,-59.164081,-65.631842
135.46000,-59.164081,-65.631842
135.47000,-59.164081,-65.631842
135.48000,-59.164081,-65.631842
135.49000,-59.164081,-65.631842
135.50000,-59.164081,-65.631842
135.51000,-59.164081,-65.631842
135.52000,-59.164081,-65.631842
135.53000,-59.164081,-65.631842
135.54000,-59.164081,-65.631842
135.55000,-59.164081,-65.631842
135.56000,-59.164081,-65.631842
135.57000,-59.164080,-65.631842
135.58000,-59.164080,-65.631842
135.59000,-59.164080,-65.631842
135.60000,-59.164080,-65.631842
135.61000,-59.164080,-65.631842
135.62000,-59.164080,-65.631842
135.63000,-59.164080,-65.631842
135.64000,-59.164080,-65.631842
135.65000,-59.164080,-65.631842
135.66000,-59.164080,-65.631842
135.67000,-59.164080,-65.631842
135.68000,-59.164080,-65.631842
135.69000,-59.164080,-65.631842
135.70000,-59.164080,-65.631842
135.71000,-59.164080,-65.631842
135.72000,-59.164080,-65.631842
135.73000,-59.164080,-65.631842
135.74000,-59.164080,-65.631842
135.75000,-59.164080,-65.631842
135.76000,-59.164080,-65.631842
135.77000,-59.164080,-65.631842
135.78000,-59.164080,-65.631842
135.79000,-59.164080,-65.631842
135.80000,-59.164080,-65.631842
135.81000,-59.164080,-65.631842
135.82000,-59.164080,-65.631842
135.83000,-59.164080,-65.631842
135.84000,-59.164080,-65.631842
135.85000,-59.164080,-65.631842
135.86000,-59.164080,-65.631842
135.87000,-59.164080,-65.631842
135.88000,-59.164080,-65.631842
135.89000,-59.164080,-65.631842
135.90000,-59.164080,-65.631842
135.91000,-59.164080,-65.631842
135.92000,-59.164080,-65.631842
135.93000,-59.164080,-65.631842
135.94000,-59.164080,-65.631842
135.95000,-59.164080,-65.631842
135.96000,-59.164080,-65.631842
135.97000,-59.164080,-65.631842
135.98000,-59.164080,-65.631842
135.99000,-59.164080,-65.631842
136.00000,-59.164080,-65.631842
136.01000,-59.164080,-65.631841
136.02000,-59.164080,-65.631841
136.03000,-59.164080,-65.631841
136.04000,-59.164080,-65.631841
136.05000,-59.164080,-65.631841
136.06000,-59.164080,-65.631841
136.07000,-59.164080,-65.631841
136.08000,-59.164080,-65.631841
136.09000,-59.164080,-65.631841
136.10000,-59.164080,-65.631841
136.11000,-59.164080,-65.631841
136.12000,-59.164079,-65.631841
136.13000,-59.164079,-65.631841
136.14000,-59.164079,-65.631841
136.15000,-59.164079,-65.631841
136.16000,-59.164079,-65.631841
136.17000,-59.164079,-65.631841
136.18000,-59.164079,-65.631841
136.19000,-59.164079,-65.631841
136.20000,-59.164079,-65.631841
136.21000,-59.164079,-65.631841
136.22000,-59.164079,-65.631841
136.23000,-59.164079,-65.631841
136.24000,-59.164079,-65.631841
136.25000,-59.164079,-65.631841
136.26000,-59.164079,-65.631841
136.27000,-59.164079,-65.631841
136.28000,-59.164079,-65.631841
136.29000,-59.164079,-65.631841
136.30000,-59.164079,-65.631841
136.31000,-59.164079,-65.631841
136.32000,-59.164079,-65.631841
136.33000,-59.164079,-65.631841
136.34000,-59.164079,-65.631841
136.35000,-59.164079,-65.631841
136.36000,-59.164079,-65.631841
136.37000,-59.164079,-65.631841
136.38000,-59.164079,-65.631841
136.39000,-59.164079,-65.631841
136.40000,-59.164079,-65.631841
136.41000,-59.164079,-65.631841
136.42000,-59.164079,-65.631841
136.43000,-59.164079,-65.631841
136.44000,-59.164079,-65.631841
136.45000,-59.164079,-65.631841
136.46000,-59.164079,-65.631841
136.47000,-59.164079,-65.631841
136.48000,-59.164079,-65.631841
136.49000,-59.164078,-65.631841
136.50000,-59.164078,-65.631841
136.51000,-59.164078,-65.631841
136.52000,-59.164078,-65.631841
136.53000,-59.164078,-65.631841
136.54000,-59.164078,-65.631841
136.55000,-59.164078,-65.631841
136.56000,-59.164078,-65.631841
136.57000,-59.164078,-65.631841
136.58000,-59.164078,-65.631841
136.59000,-59.164078,-65.631841
136.60000,-59.164078,-65.631841
136.61000,-59.164078,-65.631841
136.62000,-59.164078,-65.631841
136.63000,-59.164078,-65.631841
136.64000,-59.164078,-65.631841
136.65000,-59.164078,-65.631841
136.66000,-59.164078,-65.631841
136.67000,-59.164078,-65.631841
136.68000,-59.164078,-65.631841
136.69000,-59.164078,-65.631841
136.70000,-59.164078,-65.631841
136.71000,-59.164078,-65.631841
136.72000,-59.164078,-65.631841
136.73000,-59.164078,-65.631841
136.74000,-59.164078,-65.631841
136.75000,-59.164078,-65.631841
136.76000,-59.164078,-65.631841
136.77000,-59.164078,-65.631841
136.78000,-59.164078,-65.631841
136.79000,-59.164078,-65.631841
136.80000,-59.164078,-65.631841
136.81000,-59.164077,-65.631840
136.82000,-59.164077,-65.631840
136.83000,-59.164077,-65.631840
136.84000,-59.164077,-65.631840
136.85000,-59.164077,-65.631840
136.86000,-59.164077,-65.631840
136.87000,-59.164077,-65.631840
136.88000,-59.164077,-65.631840
136.89000,-59.164077,-65.631840
136.90000,-59.164077,-65.631840
136.91000,-59.164077,-65.631840
136.92000,-59.164077,-65.631840
136.93000,-59.164077,-65.631840
136.94000,-59.164077,-65.631840
136.95000,-59.164077,-65.631840
136.96000,-59.164077,-65.631840
136.97000,-59.164077,-65.631840
136.98000,-59.164077,-65.631840
136.99000,-59.164077,-65.631840
137.00000,-59.164077,-65.631840
137.01000,-59.164077,-65.631840
137.02000,-59.164077,-65.631840
137.03000,-59.164077,-65.631840
137.04000,-59.164077,-65.631840
137.05000,-59.164077,-65.631840
137.06000,-59.164077,-65.631840
137.07000,-59.164077,-65.631840
137.08000,-59.164077,-65.631840
137.09000,-59.164077,-65.631840
137.10000,-59.164077,-65.631840
137.11000,-59.164076,-65.631840
137.12000,-59.164076,-65.631840
137.13000,-59.164076,-65.631840
137.14000,-59.164076,-65.631840
137.15000,-59.164076,-65.631840
137.16000,-59.164076,-65.631840
137.17000,-59.164076,-65.631840
137.18000,-59.164076,-65.631840
137.19000,-59.164076,-65.631840
137.20000,-59.164076,-65.631840
137.21000,-59.164076,-65.631840
137.22000,-59.164076,-65.631840
137.23000,-59.164076,-65.631840
137.24000,-59.164076,-65.631840
137.25000,-59.164076,-65.631840
137.26000,-59.164076,-65.631840
137.27000,-59.164076,-65.631840
137.28000,-59.164076,-65.631840
137.29000,-59.164076,-65.631840
137.30000,-59.164076,-65.631839
137.31000,-59.164076,-65.631839
137.32000,-59.164076,-65.631839
137.33000,-59.164076,-65.631839
137.34000,-59.164076,-65.631839
137.35000,-59.164076,-65.631839
137.36000,-59.164076,-65.631839
137.37000,-59.164076,-65.631839
137.38000,-59.164076,-65.631839
137.39000,-59.164075,-65.631839
137.40000,-59.164075,-65.631839
137.41000,-59.164075,-65.631839
137.42000,-59.164075,-65.631839
137.43000,-59.164075,-65.631839
137.44000,-59.164075,-65.631839
137.45000,-59.164075,-65.631839
137.46000,-59.164075,-65.631839
137.47000,-59.164075,-65.631839
137.48000,-59.164075,-65.631839
137.49000,-59.164075,-65.631839
137.50000,-59.164075,-65.631839
137.51000,-59.164075,-65.631839
137.52000,-59.164075,-65.631839
137.53000,-59.164075,-65.631839
137.54000,-59.164075,-65.631839
137.55000,-59.164075,-65.631839
137.56000,-59.164075,-65.631839
137.57000,-59.164075,-65.631839
137.58000,-59.164075,-65.631839
137.59000,-59.164075,-65.631839
137.60000,-59.164075,-65.631839
137.61000,-59.164075,-65.631839
137.62000,-59.164075,-65.631839
137.63000,-59.164075,-65.631839
137.64000,-59.164075,-65.631839
137.65000,-59.164075,-65.631839
137.66000,-59.164075,-65.631839
137.67000,-59.164075,-65.631839
137.68000,-59.164074,-65.631839
137.69000,-59.164074,-65.631839
137.70000,-59.164074,-65.631839
137.71000,-59.164074,-65.631839
137.72000,-59.164074,-65.631838
137.73000,-59.164074,-65.631838
137.74000,-59.164074,-65.631838
137.75000,-59.164074,-65.631838
137.76000,-59.164074,-65.631838
137.77000,-59.164074,-65.631838
137.78000,-59.164074,-65.631838
137.79000,-59.164074,-65.631838
137.80000,-59.164074,-65.631838
137.81000,-59.164074,-65.631838
137.82000,-59.164074,-65.631838
137.83000,-59.164074,-65.631838
137.84000,-59.164074,-65.631838
137.85000,-59.164074,-65.631838
137.86000,-59.164074,-65.631838
137.87000,-59.164074,-65.631838
137.88000,-59.164074,-65.631838
137.89000,-59.164074,-65.631838
137.90000,-59.164074,-65.631838
137.91000,-59.164074,-65.631838
137.92000,-59.164074,-65.631838
137.93000,-59.164074,-65.631838
137.94000,-59.164074,-65.631838
137.95000,-59.164074,-65.631838
137.96000,-59.164074,-65.631838
137.97000,-59.164073,-65.631838
137.98000,-59.164073,-65.631838
137.99000,-59.164073,-65.631838
138.00000,-59.164073,-65.631838
138.01000,-59.164073,-65.631838
138.02000,-59.164073,-65.631838
138.03000,-59.164073,-65.631838
138.04000,-59.164073,-65.631838
138.05000,-59.164073,-65.631838
138.06000,-59.164073,-65.631838
138.07000,-59.164073,-65.631838
138.08000,-59.164073,-65.631838
138.09000,-59.164073,-65.631838
138.10000,-59.164073,-65.631838
138.11000,-59.164073,-65.631838
138.12000,-59.164073,-65.631837
138.13000,-59.164073,-65.631837
138.14000,-59.164073,-65.631837
138.15000,-59.164073,-65.631837
138.16000,-59.164073,-65.631837
138.17000,-59.164073,-65.631837
138.18000,-59.164073,-65.631837
138.19000,-59.164073,-65.631837
138.20000,-59.164073,-65.631837
138.21000,-59.164073,-65.631837
138.22000,-59.164073,-65.631837
138.23000,-59.164073,-65.631837
138.24000,-59.164073,-65.631837
138.25000,-59.164073,-65.631837
138.26000,-59.164073,-65.631837
138.27000,-59.164073,-65.631837
138.28000,-59.164073,-65.631837
138.29000,-59.164072,-65.631837
138.30000,-59.164072,-65.631837
138.31000,-59.164072,-65.631837
138.32000,-59.164072,-65.631837
138.33000,-59.164072,-65.631837
138.34000,-59.164072,-65.631837
138.35000,-59.164072,-65.631837
138.36000,-59.164072,-65.631837
138.37000,-59.164072,-65.631837
138.38000,-59.164072,-65.631837
138.39000,-59.164072,-65.631837
138.40000,-59.164072,-65.631837
138.41000,-59.164072,-65.631837
138.42000,-59.164072,-65.631837
138.43000,-59.164072,-65.631837
138.44000,-59.164072,-65.631837
138.45000,-59.164072,-65.631837
138.46000,-59.164072,-65.631837
138.47000,-59.164072,-65.631837
138.48000,-59.164072,-65.631837
138.49000,-59.164072,-65.631837
138.50000,-59.164072,-65.631837
138.51000,-59.164072,-65.631837
138.52000,-59.164072,-65.631837
138.53000,-59.164072,-65.631836
138.54000,-59.164072,-65.631836
138.55000,-59.164072,-65.631836
138.56000,-59.164072,-65.631836
138.57000,-59.164072,-65.631836
138.58000,-59.164072,-65.631836
138.59000,-59.164072,-65.631836
138.60000,-59.164072,-65.631836
138.61000,-59.164072,-65.631836
138.62000,-59.164072,-65.631836
138.63000,-59.164071,-65.631836
138.64000,-59.164071,-65.631836
138.65000,-59.164071,-65.631836
138.66000,-59.164071,-65.631836
138.67000,-59.164071,-65.631836
138.68000,-59.164071,-65.631836
138.69000,-59.164071,-65.631836
138.70000,-59.164071,-65.631836
138.71000,-59.164071,-65.631836
138.72000,-59.164071,-65.631836
138.73000,-59.164071,-65.631836
138.74000,-59.164071,-65.631836
138.75000,-59.164071,-65.631836
138.76000,-59.164071,-65.631836
138.77000,-59.164071,-65.631836
138.78000,-59.164071,-65.631836
138.79000,-59.164071,-65.631836
138.80000,-59.164071,-65.631836
138.81000,-59.164071,-65.631836
138.82000,-59.164071,-65.631836
138.83000,-59.164071,-65.631836
138.84000,-59.164071,-65.631836
138.85000,-59.164071,-65.631836
138.86000,-59.164071,-65.631836
138.87000,-59.164071,-65.631836
138.88000,-59.164071,-65.631836
138.89000,-59.164071,-65.631836
138.90000,-59.164071,-65.631836
138.91000,-59.164071,-65.631836
138.92000,-59.164071,-65.631836
138.93000,-59.164071,-65.631836
138.94000,-59.164071,-65.631836
138.95000,-59.164071,-65.631836
138.96000,-59.164071,-65.631836
138.97000,-59.164071,-65.631836
138.98000,-59.164071,-65.631835
138.99000,-59.164071,-65.631835
139.00000,-59.164071,-65.631835
139.01000,-59.164071,-65.631835
139.02000,-59.164071,-65.631835
139.03000,-59.164071,-65.631835
139.04000,-59.164071,-65.631835
139.05000,-59.164070,-65.631835
139.06000,-59.164070,-65.631835
139.07000,-59.164070,-65.631835
139.08000,-59.164070,-65.631835
139.09000,-59.164070,-65.631835
139.10000,-59.164070,-65.631835
139.11000,-59.164070,-65.631835
139.12000,-59.164070,-65.631835
139.13000,-59.164070,-65.631835
139.14000,-59.164070,-65.631835
139.15000,-59.164070,-65.631835
139.16000,-59.164070,-65.631835
139.17000,-59.164070,-65.631835
139.18000,-59.164070,-65.631835
139.19000,-59.164070,-65.631835
139.20000,-59.164070,-65.631835
139.21000,-59.164070,-65.631835
139.22000,-59.164070,-65.631835
139.23000,-59.164070,-65.631835
139.24000,-59.164070,-65.631835
139.25000,-59.164070,-65.631835
139.26000,-59.164070,-65.631835
139.27000,-59.164070,-65.631835
139.28000,-59.164070,-65.631835
139.29000,-59.164070,-65.631835
139.30000,-59.164070,-65.631835
139.31000,-59.164070,-65.631835
139.32000,-59.164070,-65.631835
139.33000,-59.164070,-65.631835
139.34000,-59.164070,-65.631835
139.35000,-59.164070,-65.631835
139.36000,-59.164070,-65.631835
139.37000,-59.164070,-65.631835
139.38000,-59.164070,-65.631835
139.39000,-59.164070,-65.631835
139.40000,-59.164070,-65.631835
139.41000,-59.164070,-65.631835
139.42000,-59.164070,-65.631835
139.43000,-59.164070,-65.631835
139.44000,-59.164070,-65.631835
139.45000,-59.164070,-65.631835
139.46000,-59.164070,-65.631835
139.47000,-59.164070,-65.631835
139.48000,-59.164070,-65.631835
139.49000,-59.164070,-65.631835
139.50000,-59.164070,-65.631835
139.51000,-59.164070,-65.631835
139.52000,-59.164070,-65.631834
139.53000,-59.164070,-65.631834
139.54000,-59.164070,-65.631834
139.55000,-59.164070,-65.631834
139.56000,-59.164070,-65.631834
139.57000,-59.164070,-65.631834
139.58000,-59.164070,-65.631834
139.59000,-59.164070,-65.631834
139.60000,-59.164070,-65.631834
139.61000,-59.164070,-65.631834
139.62000,-59.164070,-65.631834
139.63000,-59.164070,-65.631834
139.64000,-59.164070,-65.631834
139.65000,-59.164070,-65.631834
139.66000,-59.164070,-65.631834
139.67000,-59.164069,-65.631834
139.68000,-59.164069,-65.631834
139.69000,-59.164069,-65.631834
139.70000,-59.164069,-65.631834
139.71000,-59.164069,-65.631834
139.72000,-59.164069,-65.631834
139.73000,-59.164069,-65.631834
139.74000,-59.164069,-65.631834
139.75000,-59.164069,-65.631834
139.76000,-59.164069,-65.631834
139.77000,-59.164069,-65.631834
139.78000,-59.164069,-65.631834
139.79000,-59.164069,-65.631834
139.80000,-59.164069,-65.631834
139.81000,-59.164069,-65.631834
139.82000,-59.164069,-65.631834
139.83000,-59.164069,-65.631834
139.84000,-59.164069,-65.631834
139.85000,-59.164069,-65.631834
139.86000,-59.164069,-65.631834
139.87000,-59.164069,-65.631834
139.88000,-59.164069,-65.631834
139.89000,-59.164069,-65.631834
139.90000,-59.164069,-65.631834
139.91000,-59.164069,-65.631834
139.92000,-59.164069,-65.631834
139.93000,-59.164069,-65.631834
139.94000,-59.164069,-65.631834
139.95000,-59.164069,-65.631834
139.96000,-59.164069,-65.631834
139.97000,-59.164069,-65.631834
139.98000,-59.164069,-65.631834
139.99000,-59.164069,-65.631834
140.00000,-59.164069,-65.631834
140.01000,-59.164069,-65.631834
140.02000,-59.164069,-65.631834
140.03000,-59.164069,-65.631834
140.04000,-59.164069,-65.631834
140.05000,-59.164069,-65.631834
140.06000,-59.164069,-65.631834
140.07000,-59.164069,-65.631834
140.08000,-59.164069,-65.631834
140.09000,-59.164069,-65.631834
140.10000,-59.164069,-65.631834
140.11000,-59.164069,-65.631834
140.12000,-59.164069,-65.631834
140.13000,-59.164069,-65.631834
140.14000,-59.164069,-65.631834
140.15000,-59.164069,-65.631834
140.16000,-59.164069,-65.631834
140.17000,-59.164069,-65.631834
140.18000,-59.164069,-65.631834
140.19000,-59.164069,-65.631834
140.20000,-59.164069,-65.631834
140.21000,-59.164069,-65.631834
140.22000,-59.164069,-65.631834
140.23000,-59.164069,-65.631834
140.24000,-59.164069,-65.631834
140.25000,-59.164069,-65.631834
140.26000,-59.164069,-65.631834
140.27000,-59.164069,-65.631834
140.28000,-59.164069,-65.631834
140.29000,-59.164069,-65.631834
140.30000,-59.164069,-65.631834
140.31000,-59.164069,-65.631834
140.32000,-59.164069,-65.631834
140.33000,-59.164069,-65.631834
140.34000,-59.164069,-65.631834
140.35000,-59.164069,-65.631834
140.36000,-59.164069,-65.631834
140.37000,-59.164069,-65.631834
140.38000,-59.164069,-65.631833
140.39000,-59.164069,-65.631833
140.40000,-59.164069,-65.631833
140.41000,-59.164069,-65.631833
140.42000,-59.164069,-65.631833
140.43000,-59.164069,-65.631833
140.44000,-59.164069,-65.631833
140.45000,-59.164069,-65.631833
140.46000,-59.164069,-65.631833
140.47000,-59.164069,-65.631833
140.48000,-59.164069,-65.631833
140.49000,-59.164069,-65.631833
140.50000,-59.164069,-65.631833
140.51000,-59.164069,-65.631833
140.52000,-59.164069,-65.631833
140.53000,-59.164069,-65.631833
140.54000,-59.164069,-65.631833
140.55000,-59.164069,-65.631833
140.56000,-59.164069,-65.631833
140.57000,-59.164069,-65.631833
140.58000,-59.164069,-65.631833
140.59000,-59.164069,-65.631833
140.60000,-59.164069,-65.631833
140.61000,-59.164069,-65.631833
140.62000,-59.164069,-65.631833
140.63000,-59.164069,-65.631833
140.64000,-59.164069,-65.631833
140.65000,-59.164069,-65.631833
140.66000,-59.164069,-65.631833
140.67000,-59.164069,-65.631833
140.68000,-59.164069,-65.631833
140.69000,-59.164069,-65.631833
140.70000,-59.164069,-65.631833
140.71000,-59.164069,-65.631833
140.72000,-59.164069,-65.631833
140.73000,-59.164069,-65.631833
140.74000,-59.164069,-65.631833
140.75000,-59.164069,-65.631833
140.76000,-59.164069,-65.631833
140.77000,-59.164069,-65.631833
140.78000,-59.164069,-65.631833
140.79000,-59.164069,-65.631833
140.80000,-59.164069,-65.631833
140.81000,-59.164069,-65.631833
140.82000,-59.164069,-65.631833
140.83000,-59.164069,-65.631833
140.84000,-59.164069,-65.631833
140.85000,-59.164069,-65.631833
140.86000,-59.164069,-65.631833
140.87000,-59.164069,-65.631833
140.88000,-59.164069,-65.631833
140.89000,-59.164069,-65.631833
140.90000,-59.164069,-65.631833
140.91000,-59.164069,-65.631833
140.92000,-59.164069,-65.631833
140.93000,-59.164069,-65.631833
140.94000,-59.164069,-65.631833
140.95000,-59.164069,-65.631833
140.96000,-59.164069,-65.631833
140.97000,-59.164069,-65.631833
140.98000,-59.164069,-65.631833
140.99000,-59.164069,-65.631833
141.00000,-59.164069,-65.631833
141.01000,-59.164069,-65.631833
141.02000,-59.164069,-65.631833
141.03000,-59.164069,-65.631833
141.04000,-59.164069,-65.631833
141.05000,-59.164069,-65.631833
141.06000,-59.164069,-65.631833
141.07000,-59.164069,-65.631833
141.08000,-59.164069,-65.631833
141.09000,-59.164069,-65.631833
141.10000,-59.164069,-65.631833
141.11000,-59.164069,-65.631833
141.12000,-59.164069,-65.631833
141.13000,-59.164069,-65.631833
141.14000,-59.164069,-65.631833
141.15000,-59.164069,-65.631833
141.16000,-59.164069,-65.631833
141.17000,-59.164069,-65.631833
141.18000,-59.164069,-65.631833
141.19000,-59.164069,-65.631833
141.20000,-59.164069,-65.631833
141.21000,-59.164069,-65.631833
141.22000,-59.164069,-65.631833
141.23000,-59.164069,-65.631833
141.24000,-59.164070,-65.631833
141.25000,-59.164070,-65.631833
141.26000,-59.164070,-65.631833
141.27000,-59.164070,-65.631833
141.28000,-59.164070,-65.631833
141.29000,-59.164070,-65.631833
141.30000,-59.164070,-65.631833
141.31000,-59.164070,-65.631833
141.32000,-59.164070,-65.631833
141.33000,-59.164070,-65.631833
141.34000,-59.164070,-65.631833
141.35000,-59.164070,-65.631833
141.36000,-59.164070,-65.631833
141.37000,-59.164070,-65.631833
141.38000,-59.164070,-65.631833
141.39000,-59.164070,-65.631833
141.40000,-59.164070,-65.631833
141.41000,-59.164070,-65.631833
141.42000,-59.164070,-65.631833
141.43000,-59.164070,-65.631833
141.44000,-59.164070,-65.631833
141.45000,-59.164070,-65.631833
141.46000,-59.164070,-65.631833
141.47000,-59.164070,-65.631833
141.48000,-59.164070,-65.631833
141.49000,-59.164070,-65.631833
141.50000,-59.164070,-65.631833
141.51000,-59.164070,-65.631833
141.52000,-59.164070,-65.631833
141.53000,-59.164070,-65.631833
141.54000,-59.164070,-65.631833
141.55000,-59.164070,-65.631833
141.56000,-59.164070,-65.631833
141.57000,-59.164070,-65.631833
141.58000,-59.164070,-65.631833
141.59000,-59.164070,-65.631833
141.60000,-59.164070,-65.631833
141.61000,-59.164070,-65.631833
141.62000,-59.164070,-65.631833
141.63000,-59.164070,-65.631833
141.64000,-59.164070,-65.631833
141.65000,-59.164070,-65.631833
141.66000,-59.164070,-65.631833
141.67000,-59.164070,-65.631833
141.68000,-59.164070,-65.631833
141.69000,-59.164070,-65.631834
141.70000,-59.164070,-65.631834
141.71000,-59.164070,-65.631834
141.72000,-59.164070,-65.631834
141.73000,-59.164070,-65.631834
141.74000,-59.164070,-65.631834
141.75000,-59.164070,-65.631834
141.76000,-59.164070,-65.631834
141.77000,-59.164070,-65.631834
141.78000,-59.164070,-65.631834
141.79000,-59.164070,-65.631834
141.80000,-59.164070,-65.631834
141.81000,-59.164070,-65.631834
141.82000,-59.164070,-65.631834
141.83000,-59.164070,-65.631834
141.84000,-59.164070,-65.631834
141.85000,-59.164070,-65.631834
141.86000,-59.164070,-65.631834
141.87000,-59.164070,-65.631834
141.88000,-59.164070,-65.631834
141.89000,-59.164070,-65.631834
141.90000,-59.164070,-65.631834
141.91000,-59.164070,-65.631834
141.92000,-59.164070,-65.631834
141.93000,-59.164070,-65.631834
141.94000,-59.164070,-65.631834
141.95000,-59.164070,-65.631834
141.96000,-59.164070,-65.631834
141.97000,-59.164070,-65.631834
141.98000,-59.164070,-65.631834
141.99000,-59.164070,-65.631834
142.00000,-59.164071,-65.631834
142.01000,-59.164071,-65.631834
142.02000,-59.164071,-65.631834
142.03000,-59.164071,-65.631834
142.04000,-59.164071,-65.631834
142.05000,-59.164071,-65.631834
142.06000,-59.164071,-65.631834
142.07000,-59.164071,-65.631834
142.08000,-59.164071,-65.631834
142.09000,-59.164071,-65.631834
142.10000,-59.164071,-65.631834
142.11000,-59.164071,-65.631834
142.12000,-59.164071,-65.631834
142.13000,-59.164071,-65.631834
142.14000,-59.164071,-65.631834
142.15000,-59.164071,-65.631834
142.16000,-59.164071,-65.631834
142.17000,-59.164071,-65.631834
142.18000,-59.164071,-65.631834
142.19000,-59.164071,-65.631834
142.20000,-59.164071,-65.631834
142.21000,-59.164071,-65.631834
142.22000,-59.164071,-65.631834
142.23000,-59.164071,-65.631834
142.24000,-59.164071,-65.631834
142.25000,-59.164071,-65.631834
142.26000,-59.164071,-65.631834
142.27000,-59.164071,-65.631834
142.28000,-59.164071,-65.631834
142.29000,-59.164071,-65.631834
142.30000,-59.164071,-65.631834
142.31000,-59.164071,-65.631834
142.32000,-59.164071,-65.631834
142.33000,-59.164071,-65.631834
142.34000,-59.164071,-65.631834
142.35000,-59.164071,-65.631834
142.36000,-59.164071,-65.631834
142.37000,-59.164071,-65.631834
142.38000,-59.164071,-65.631834
142.39000,-59.164071,-65.631834
142.40000,-59.164071,-65.631834
142.41000,-59.164071,-65.631834
142.42000,-59.164071,-65.631834
142.43000,-59.164071,-65.631834
142.44000,-59.164071,-65.631834
142.45000,-59.164071,-65.631834
142.46000,-59.164071,-65.631834
142.47000,-59.164071,-65.631834
142.48000,-59.164071,-65.631834
142.49000,-59.164071,-65.631834
142.50000,-59.164071,-65.631834
142.51000,-59.164071,-65.631834
142.52000,-59.164071,-65.631834
142.53000,-59.164071,-65.631834
142.54000,-59.164071,-65.631834
142.55000,-59.164071,-65.631834
142.56000,-59.164071,-65.631834
142.57000,-59.164071,-65.631834
142.58000,-59.164071,-65.631834
142.59000,-59.164071,-65.631834
142.60000,-59.164072,-65.631834
142.61000,-59.164072,-65.631834
142.62000,-59.164072,-65.631834
142.63000,-59.164072,-65.631834
142.64000,-59.164072,-65.631834
142.65000,-59.164072,-65.631834
142.66000,-59.164072,-65.631834
142.67000,-59.164072,-65.631834
142.68000,-59.164072,-65.631834
142.69000,-59.164072,-65.631834
142.70000,-59.164072,-65.631834
142.71000,-59.164072,-65.631834
142.72000,-59.164072,-65.631834
142.73000,-59.164072,-65.631834
142.74000,-59.164072,-65.631834
142.75000,-59.164072,-65.631834
142.76000,-59.164072,-65.631834
142.77000,-59.164072,-65.631835
142.78000,-59.164072,-65.631835
142.79000,-59.164072,-65.631835
142.80000,-59.164072,-65.631835
142.81000,-59.164072,-65.631835
142.82000,-59.164072,-65.631835
142.83000,-59.164072,-65.631835
142.84000,-59.164072,-65.631835
142.85000,-59.164072,-65.631835
142.86000,-59.164072,-65.631835
142.87000,-59.164072,-65.631835
142.88000,-59.164072,-65.631835
142.89000,-59.164072,-65.631835
142.90000,-59.164072,-65.631835
142.91000,-59.164072,-65.631835
142.92000,-59.164072,-65.631835
142.93000,-59.164072,-65.631835
142.94000,-59.164072,-65.631835
142.95000,-59.164072,-65.631835
142.96000,-59.164072,-65.631835
142.97000,-59.164072,-65.631835
142.98000,-59.164072,-65.631835
142.99000,-59.164072,-65.631835
143.00000,-59.164072,-65.631835
143.01000,-59.164072,-65.631835
143.02000,-59.164072,-65.631835
143.03000,-59.164072,-65.631835
143.04000,-59.164072,-65.631835
143.05000,-59.164072,-65.631835
143.06000,-59.164072,-65.631835
143.07000,-59.164072,-65.631835
143.08000,-59.164072,-65.631835
143.09000,-59.164072,-65.631835
143.10000,-59.164072,-65.631835
143.11000,-59.164072,-65.631835
143.12000,-59.164072,-65.631835
143.13000,-59.164072,-65.631835
143.14000,-59.164072,-65.631835
143.15000,-59.164072,-65.631835
143.16000,-59.164072,-65.631835
143.17000,-59.164072,-65.631835
143.18000,-59.164072,-65.631835
143.19000,-59.164073,-65.631835
143.20000,-59.164073,-65.631835
143.21000,-59.164073,-65.631835
143.22000,-59.164073,-65.631835
143.23000,-59.164073,-65.631835
143.24000,-59.164073,-65.631835
143.25000,-59.164073,-65.631835
143.26000,-59.164073,-65.631835
143.27000,-59.164073,-65.631835
143.28000,-59.164073,-65.631835
143.29000,-59.164073,-65.631835
143.30000,-59.164073,-65.631835
143.31000,-59.164073,-65.631835
143.32000,-59.164073,-65.631835
143.33000,-59.164073,-65.631835
143.34000,-59.164073,-65.631835
143.35000,-59.164073,-65.631835
143.36000,-59.164073,-65.631835
143.37000,-59.164073,-65.631835
143.38000,-59.164073,-65.631835
143.39000,-59.164073,-65.631835
143.40000,-59.164073,-65.631835
143.41000,-59.164073,-65.631835
143.42000,-59.164073,-65.631835
143.43000,-59.164073,-65.631835
143.44000,-59.164073,-65.631835
143.45000,-59.164073,-65.631835
143.46000,-59.164073,-65.631835
143.47000,-59.164073,-65.631835
143.48000,-59.164073,-65.631835
143.49000,-59.164073,-65.631835
143.50000,-59.164073,-65.631835
143.51000,-59.164073,-65.631835
143.52000,-59.164073,-65.631835
143.53000,-59.164073,-65.631835
143.54000,-59.164073,-65.631835
143.55000,-59.164073,-65.631835
143.56000,-59.164073,-65.631835
143.57000,-59.164073,-65.631835
143.58000,-59.164073,-65.631835
143.59000,-59.164073,-65.631836
143.60000,-59.164073,-65.631836
143.61000,-59.164073,-65.631836
143.62000,-59.164073,-65.631836
143.63000,-59.164073,-65.631836
143.64000,-59.164073,-65.631836
143.65000,-59.164073,-65.631836
143.66000,-59.164073,-65.631836
143.67000,-59.164073,-65.631836
143.68000,-59.164073,-65.631836
143.69000,-59.164073,-65.631836
143.70000,-59.164073,-65.631836
143.71000,-59.164073,-65.631836
143.72000,-59.164073,-65.631836
143.73000,-59.164073,-65.631836
143.74000,-59.164073,-65.631836
143.75000,-59.164073,-65.631836
143.76000,-59.164073,-65.631836
143.77000,-59.164073,-65.631836
143.78000,-59.164073,-65.631836
143.79000,-59.164073,-65.631836
143.80000,-59.164073,-65.631836
143.81000,-59.164073,-65.631836
143.82000,-59.164073,-65.631836
143.83000,-59.164073,-65.631836
143.84000,-59.164074,-65.631836
143.85000,-59.164074,-65.631836
143.86000,-59.164074,-65.631836
143.87000,-59.164074,-65.631836
143.88000,-59.164074,-65.631836
143.89000,-59.164074,-65.631836
143.90000,-59.164074,-65.631836
143.91000,-59.164074,-65.631836
143.92000,-59.164074,-65.631836
143.93000,-59.164074,-65.631836
143.94000,-59.164074,-65.631836
143.95000,-59.164074,-65.631836
143.96000,-59.164074,-65.631836
143.97000,-59.164074,-65.631836
143.98000,-59.164074,-65.631836
143.99000,-59.164074,-65.631836
144.00000,-59.164074,-65.631836
144.01000,-59.164074,-65.631836
144.02000,-59.164074,-65.631836
144.03000,-59.164074,-65.631836
144.04000,-59.164074,-65.631836
144.05000,-59.164074,-65.631836
144.06000,-59.164074,-65.631836
144.07000,-59.164074,-65.631836
144.08000,-59.164074,-65.631836
144.09000,-59.164074,-65.631836
144.10000,-59.164074,-65.631836
144.11000,-59.164074,-65.631836
144.12000,-59.164074,-65.631836
144.13000,-59.164074,-65.631836
144.14000,-59.164074,-65.631836
144.15000,-59.164074,-65.631836
144.16000,-59.164074,-65.631836
144.17000,-59.164074,-65.631836
144.18000,-59.164074,-65.631836
144.19000,-59.164074,-65.631836
144.20000,-59.164074,-65.631836
144.21000,-59.164074,-65.631836
144.22000,-59.164074,-65.631836
144.23000,-59.164074,-65.631836
144.24000,-59.164074,-65.631836
144.25000,-59.164074,-65.631836
144.26000,-59.164074,-65.631836
144.27000,-59.164074,-65.631836
144.28000,-59.164074,-65.631836
144.29000,-59.164074,-65.631836
144.30000,-59.164074,-65.631836
144.31000,-59.164074,-65.631836
144.32000,-59.164074,-65.631836
144.33000,-59.164074,-65.631836
144.34000,-59.164074,-65.631836
144.35000,-59.164074,-65.631836
144.36000,-59.164074,-65.631836
144.37000,-59.164074,-65.631836
144.38000,-59.164074,-65.631836
144.39000,-59.164074,-65.631836
144.40000,-59.164074,-65.631836
144.41000,-59.164074,-65.631836
144.42000,-59.164074,-65.631836
144.43000,-59.164074,-65.631836
144.44000,-59.164074,-65.631836
144.45000,-59.164074,-65.631836
144.46000,-59.164074,-65.631836
144.47000,-59.164074,-65.631836
144.48000,-59.164074,-65.631836
144.49000,-59.164074,-65.631836
144.50000,-59.164074,-65.631836
144.51000,-59.164074,-65.631837
144.52000,-59.164074,-65.631837
144.53000,-59.164074,-65.631837
144.54000,-59.164074,-65.631837
144.55000,-59.164074,-65.631837
144.56000,-59.164074,-65.631837
144.57000,-59.164074,-65.631837
144.58000,-59.164074,-65.631837
144.59000,-59.164074,-65.631837
144.60000,-59.164074,-65.631837
144.61000,-59.164074,-65.631837
144.62000,-59.164074,-65.631837
144.63000,-59.164074,-65.631837
144.64000,-59.164074,-65.631837
144.65000,-59.164074,-65.631837
144.66000,-59.164074,-65.631837
144.67000,-59.164074,-65.631837
144.68000,-59.164074,-65.631837
144.69000,-59.164074,-65.631837
144.70000,-59.164074,-65.631837
144.71000,-59.164074,-65.631837
144.72000,-59.164074,-65.631837
144.73000,-59.164074,-65.631837
144.74000,-59.164074,-65.631837
144.75000,-59.164074,-65.631837
144.76000,-59.164074,-65.631837
144.77000,-59.164074,-65.631837
144.78000,-59.164074,-65.631837
144.79000,-59.164075,-65.631837
144.80000,-59.164075,-65.631837
144.81000,-59.164075,-65.631837
144.82000,-59.164075,-65.631837
144.83000,-59.164075,-65.631837
144.84000,-59.164075,-65.631837
144.85000,-59.164075,-65.631837
144.86000,-59.164075,-65.631837
144.87000,-59.164075,-65.631837
144.88000,-59.164075,-65.631837
144.89000,-59.164075,-65.631837
144.90000,-59.164075,-65.631837
144.91000,-59.164075,-65.631837
144.92000,-59.164075,-65.631837
144.93000,-59.164075,-65.631837
144.94000,-59.164075,-65.631837
144.95000,-59.164075,-65.631837
144.96000,-59.164075,-65.631837
144.97000,-59.164075,-65.631837
144.98000,-59.164075,-65.631837
144.99000,-59.164075,-65.631837
145.00000,-59.164075,-65.631837
145.01000,-59.164075,-65.631837
145.02000,-59.164075,-65.631837
145.03000,-59.164075,-65.631837
145.04000,-59.164075,-65.631837
145.05000,-59.164075,-65.631837
145.06000,-59.164075,-65.631837
145.07000,-59.164075,-65.631837
145.08000,-59.164075,-65.631837
145.09000,-59.164075,-65.631837
145.10000,-59.164075,-65.631837
145.11000,-59.164075,-65.631837
145.12000,-59.164075,-65.631837
145.13000,-59.164075,-65.631837
145.14000,-59.164075,-65.631837
145.15000,-59.164075,-65.631837
145.16000,-59.164075,-65.631837
145.17000,-59.164075,-65.631837
145.18000,-59.164075,-65.631837
145.19000,-59.164075,-65.631837
145.20000,-59.164075,-65.631837
145.21000,-59.164075,-65.631837
145.22000,-59.164075,-65.631837
145.23000,-59.164075,-65.631837
145.24000,-59.164075,-65.631837
145.25000,-59.164075,-65.631837
145.26000,-59.164075,-65.631837
145.27000,-59.164075,-65.631837
145.28000,-59.164075,-65.631837
145.29000,-59.164075,-65.631837
145.30000,-59.164075,-65.631837
145.31000,-59.164075,-65.631837
145.32000,-59.164075,-65.631837
145.33000,-59.164075,-65.631837
145.34000,-59.164075,-65.631837
145.35000,-59.164075,-65.631837
145.36000,-59.164075,-65.631837
145.37000,-59.164075,-65.631837
145.38000,-59.164075,-65.631837
145.39000,-59.164075,-65.631837
145.40000,-59.164075,-65.631837
145.41000,-59.164075,-65.631837
145.42000,-59.164075,-65.631837
145.43000,-59.164075,-65.631837
145.44000,-59.164075,-65.631837
145.45000,-59.164075,-65.631837
145.46000,-59.164075,-65.631837
145.47000,-59.164075,-65.631837
145.48000,-59.164075,-65.631837
145.49000,-59.164075,-65.631837
145.50000,-59.164075,-65.631837
145.51000,-59.164075,-65.631837
145.52000,-59.164075,-65.631837
145.53000,-59.164075,-65.631837
145.54000,-59.164075,-65.631837
145.55000,-59.164075,-65.631837
145.56000,-59.164075,-65.631837
145.57000,-59.164075,-65.631837
145.58000,-59.164075,-65.631837
145.59000,-59.164075,-65.631837
145.60000,-59.164075,-65.631837
145.61000,-59.164075,-65.631837
145.62000,-59.164075,-65.631837
145.63000,-59.164075,-65.631837
145.64000,-59.164075,-65.631837
145.65000,-59.164075,-65.631837
145.66000,-59.164075,-65.631837
145.67000,-59.164075,-65.631837
145.68000,-59.164075,-65.631837
145.69000,-59.164075,-65.631837
145.70000,-59.164075,-65.631837
145.71000,-59.164075,-65.631837
145.72000,-59.164075,-65.631837
145.73000,-59.164075,-65.631837
145.74000,-59.164075,-65.631837
145.75000,-59.164075,-65.631837
145.76000,-59.164075,-65.631837
145.77000,-59.164075,-65.631837
145.78000,-59.164075,-65.631837
145.79000,-59.164075,-65.631837
145.80000,-59.164075,-65.631837
145.81000,-59.164075,-65.631837
145.82000,-59.164075,-65.631837
145.83000,-59.164075,-65.631837
145.84000,-59.164075,-65.631837
145.85000,-59.164075,-65.631837
145.86000,-59.164075,-65.631837
145.87000,-59.164075,-65.631837
145.88000,-59.164075,-65.631837
145.89000,-59.164075,-65.631837
145.90000,-59.164075,-65.631837
145.91000,-59.164075,-65.631837
145.92000,-59.164075,-65.631837
145.93000,-59.164075,-65.631837
145.94000,-59.164075,-65.631837
145.95000,-59.164075,-65.631837
145.96000,-59.164075,-65.631837
145.97000,-59.164075,-65.631837
145.98000,-59.164075,-65.631837
145.99000,-59.164075,-65.631837
146.00000,-59.164075,-65.631837
146.01000,-59.164075,-65.631837
146.02000,-59.164075,-65.631837
146.03000,-59.164075,-65.631837
146.04000,-59.164075,-65.631837
146.05000,-59.164075,-65.631837
146.06000,-59.164075,-65.631837
146.07000,-59.164075,-65.631837
146.08000,-59.164075,-65.631837
146.09000,-59.164075,-65.631837
146.10000,-59.164075,-65.631837
146.11000,-59.164075,-65.631837
146.12000,-59.164075,-65.631837
146.13000,-59.164075,-65.631837
146.14000,-59.164075,-65.631837
146.15000,-59.164075,-65.631837
146.16000,-59.164075,-65.631837
146.17000,-59.164075,-65.631837
146.18000,-59.164075,-65.631837
146.19000,-59.164075,-65.631837
146.20000,-59.164075,-65.631837
146.21000,-59.164075,-65.631837
146.22000,-59.164075,-65.631837
146.23000,-59.164075,-65.631837
146.24000,-59.164075,-65.631837
146.25000,-59.164075,-65.631837
146.26000,-59.164075,-65.631837
146.27000,-59.164075,-65.631837
146.28000,-59.164075,-65.631837
146.29000,-59.164075,-65.631837
146.30000,-59.164075,-65.631837
146.31000,-59.164075,-65.631837
146.32000,-59.164075,-65.631837
146.33000,-59.164075,-65.631837
146.34000,-59.164075,-65.631837
146.35000,-59.164075,-65.631837
146.36000,-59.164075,-65.631837
146.37000,-59.164075,-65.631837
146.38000,-59.164075,-65.631837
146.39000,-59.164075,-65.631837
146.40000,-59.164075,-65.631837
146.41000,-59.164075,-65.631837
146.42000,-59.164075,-65.631837
146.43000,-59.164075,-65.631837
146.44000,-59.164075,-65.631837
146.45000,-59.164075,-65.631837
146.46000,-59.164075,-65.631837
146.47000,-59.164075,-65.631837
146.48000,-59.164075,-65.631837
146.49000,-59.164075,-65.631837
146.50000,-59.164075,-65.631837
146.51000,-59.164075,-65.631837
146.52000,-59.164075,-65.631837
146.53000,-59.164075,-65.631837
146.54000,-59.164075,-65.631837
146.55000,-59.164075,-65.631837
146.56000,-59.164075,-65.631837
146.57000,-59.164075,-65.631837
146.58000,-59.164075,-65.631837
146.59000,-59.164075,-65.631837
146.60000,-59.164075,-65.631837
146.61000,-59.164075,-65.631837
146.62000,-59.164075,-65.631837
146.63000,-59.164075,-65.631837
146.64000,-59.164075,-65.631837
146.65000,-59.164075,-65.631837
146.66000,-59.164075,-65.631837
146.67000,-59.164075,-65.631837
146.68000,-59.164075,-65.631837
146.69000,-59.164075,-65.631837
146.70000,-59.164075,-65.631837
146.71000,-59.164075,-65.631837
146.72000,-59.164075,-65.631837
146.73000,-59.164075,-65.631837
146.74000,-59.164075,-65.631837
146.75000,-59.164075,-65.631837
146.76000,-59.164075,-65.631837
146.77000,-59.164074,-65.631837
146.78000,-59.164074,-65.631837
146.79000,-59.164074,-65.631837
146.80000,-59.164074,-65.631837
146.81000,-59.164074,-65.631837
146.82000,-59.164074,-65.631837
146.83000,-59.164074,-65.631837
146.84000,-59.164074,-65.631837
146.85000,-59.164074,-65.631837
146.86000,-59.164074,-65.631837
146.87000,-59.164074,-65.631837
146.88000,-59.164074,-65.631837
146.89000,-59.164074,-65.631837
146.90000,-59.164074,-65.631837
146.91000,-59.164074,-65.631837
146.92000,-59.164074,-65.631837
146.93000,-59.164074,-65.631837
146.94000,-59.164074,-65.631837
146.95000,-59.164074,-65.631837
146.96000,-59.164074,-65.631837
146.97000,-59.164074,-65.631837
146.98000,-59.164074,-65.631837
146.99000,-59.164074,-65.631837
147.00000,-59.164074,-65.631837
147.01000,-59.164074,-65.631837
147.02000,-59.164074,-65.631837
147.03000,-59.164074,-65.631837
147.04000,-59.164074,-65.631837
147.05000,-59.164074,-65.631837
147.06000,-59.164074,-65.631837
147.07000,-59.164074,-65.631837
147.08000,-59.164074,-65.631837
147.09000,-59.164074,-65.631837
147.10000,-59.164074,-65.631837
147.11000,-59.164074,-65.631837
147.12000,-59.164074,-65.631837
147.13000,-59.164074,-65.631837
147.14000,-59.164074,-65.631837
147.15000,-59.164074,-65.631837
147.16000,-59.164074,-65.631837
147.17000,-59.164074,-65.631837
147.18000,-59.164074,-65.631837
147.19000,-59.164074,-65.631837
147.20000,-59.164074,-65.631837
147.21000,-59.164074,-65.631837
147.22000,-59.164074,-65.631837
147.23000,-59.164074,-65.631837
147.24000,-59.164074,-65.631837
147.25000,-59.164074,-65.631837
147.26000,-59.164074,-65.631837
147.27000,-59.164074,-65.631837
147.28000,-59.164074,-65.631837
147.29000,-59.164074,-65.631837
147.30000,-59.164074,-65.631837
147.31000,-59.164074,-65.631837
147.32000,-59.164074,-65.631837
147.33000,-59.164074,-65.631837
147.34000,-59.164074,-65.631837
147.35000,-59.164074,-65.631837
147.36000,-59.164074,-65.631837
147.37000,-59.164074,-65.631837
147.38000,-59.164074,-65.631837
147.39000,-59.164074,-65.631837
147.40000,-59.164074,-65.631837
147.41000,-59.164074,-65.631837
147.42000,-59.164074,-65.631837
147.43000,-59.164074,-65.631837
147.44000,-59.164074,-65.631837
147.45000,-59.164074,-65.631837
147.46000,-59.164074,-65.631837
147.47000,-59.164074,-65.631837
147.48000,-59.164074,-65.631837
147.49000,-59.164074,-65.631837
147.50000,-59.164074,-65.631837
147.51000,-59.164074,-65.631837
147.52000,-59.164074,-65.631837
147.53000,-59.164074,-65.631837
147.54000,-59.164074,-65.631837
147.55000,-59.164074,-65.631837
147.56000,-59.164074,-65.631837
147.57000,-59.164074,-65.631837
147.58000,-59.164074,-65.631837
147.59000,-59.164074,-65.631837
147.60000,-59.164074,-65.631837
147.61000,-59.164074,-65.631837
147.62000,-59.164074,-65.631837
147.63000,-59.164074,-65.631837
147.64000,-59.164074,-65.631837
147.65000,-59.164074,-65.631837
147.66000,-59.164074,-65.631837
147.67000,-59.164074,-65.631837
147.68000,-59.164074,-65.631837
147.69000,-59.164074,-65.631837
147.70000,-59.164074,-65.631837
147.71000,-59.164074,-65.631837
147.72000,-59.164074,-65.631837
147.73000,-59.164074,-65.631837
147.74000,-59.164074,-65.631837
147.75000,-59.164074,-65.631837
147.76000,-59.164074,-65.631837
147.77000,-59.164074,-65.631837
147.78000,-59.164074,-65.631837
147.79000,-59.164074,-65.631837
147.80000,-59.164074,-65.631837
147.81000,-59.164074,-65.631837
147.82000,-59.164074,-65.631837
147.83000,-59.164074,-65.631837
147.84000,-59.164074,-65.631837
147.85000,-59.164074,-65.631837
147.86000,-59.164074,-65.631837
147.87000,-59.164074,-65.631837
147.88000,-59.164074,-65.631837
147.89000,-59.164074,-65.631837
147.90000,-59.164074,-65.631837
147.91000,-59.164074,-65.631837
147.92000,-59.164074,-65.631837
147.93000,-59.164074,-65.631837
147.94000,-59.164074,-65.631837
147.95000,-59.164074,-65.631837
147.96000,-59.164074,-65.631837
147.97000,-59.164074,-65.631837
147.98000,-59.164074,-65.631837
147.99000,-59.164074,-65.631837
148.00000,-59.164074,-65.631837
148.01000,-59.164074,-65.631837
148.02000,-59.164074,-65.631837
148.03000,-59.164074,-65.631837
148.04000,-59.164074,-65.631837
148.05000,-59.164074,-65.631837
148.06000,-59.164074,-65.631837
148.07000,-59.164073,-65.631837
148.08000,-59.164073,-65.631837
148.09000,-59.164073,-65.631837
148.10000,-59.164073,-65.631837
148.11000,-59.164073,-65.631837
148.12000,-59.164073,-65.631837
148.13000,-59.164073,-65.631837
148.14000,-59.164073,-65.631837
148.15000,-59.164073,-65.631837
148.16000,-59.164073,-65.631837
148.17000,-59.164073,-65.631837
148.18000,-59.164073,-65.631837
148.19000,-59.164073,-65.631837
148.20000,-59.164073,-65.631837
148.21000,-59.164073,-65.631837
148.22000,-59.164073,-65.631837
148.23000,-59.164073,-65.631837
148.24000,-59.164073,-65.631837
148.25000,-59.164073,-65.631837
148.26000,-59.164073,-65.631837
148.27000,-59.164073,-65.631837
148.28000,-59.164073,-65.631837
148.29000,-59.164073,-65.631837
148.30000,-59.164073,-65.631837
148.31000,-59.164073,-65.631837
148.32000,-59.164073,-65.631837
148.33000,-59.164073,-65.631837
148.34000,-59.164073,-65.631837
148.35000,-59.164073,-65.631837
148.36000,-59.164073,-65.631837
148.37000,-59.164073,-65.631837
148.38000,-59.164073,-65.631837
148.39000,-59.164073,-65.631837
148.40000,-59.164073,-65.631837
148.41000,-59.164073,-65.631837
148.42000,-59.164073,-65.631837
148.43000,-59.164073,-65.631837
148.44000,-59.164073,-65.631837
148.45000,-59.164073,-65.631837
148.46000,-59.164073,-65.631837
148.47000,-59.164073,-65.631837
148.48000,-59.164073,-65.631837
148.49000,-59.164073,-65.631837
148.50000,-59.164073,-65.631837
148.51000,-59.164073,-65.631837
148.52000,-59.164073,-65.631837
148.53000,-59.164073,-65.631837
148.54000,-59.164073,-65.631837
148.55000,-59.164073,-65.631836
148.56000,-59.164073,-65.631836
148.57000,-59.164073,-65.631836
148.58000,-59.164073,-65.631836
148.59000,-59.164073,-65.631836
148.60000,-59.164073,-65.631836
148.61000,-59.164073,-65.631836
148.62000,-59.164073,-65.631836
148.63000,-59.164073,-65.631836
148.64000,-59.164073,-65.631836
148.65000,-59.164073,-65.631836
148.66000,-59.164073,-65.631836
148.67000,-59.164073,-65.631836
148.68000,-59.164073,-65.631836
148.69000,-59.164073,-65.631836
148.70000,-59.164073,-65.631836
148.71000,-59.164073,-65.631836
148.72000,-59.164073,-65.631836
148.73000,-59.164073,-65.631836
148.74000,-59.164073,-65.631836
148.75000,-59.164073,-65.631836
148.76000,-59.164073,-65.631836
148.77000,-59.164073,-65.631836
148.78000,-59.164073,-65.631836
148.79000,-59.164073,-65.631836
148.80000,-59.164073,-65.631836
148.81000,-59.164073,-65.631836
148.82000,-59.164073,-65.631836
148.83000,-59.164073,-65.631836
148.84000,-59.164073,-65.631836
148.85000,-59.164073,-65.631836
148.86000,-59.164073,-65.631836
148.87000,-59.164073,-65.631836
148.88000,-59.164073,-65.631836
148.89000,-59.164073,-65.631836
148.90000,-59.164073,-65.631836
148.91000,-59.164073,-65.631836
148.92000,-59.164073,-65.631836
148.93000,-59.164073,-65.631836
148.94000,-59.164073,-65.631836
148.95000,-59.164073,-65.631836
148.96000,-59.164073,-65.631836
148.97000,-59.164073,-65.631836
148.98000,-59.164073,-65.631836
148.99000,-59.164073,-65.631836
149.00000,-59.164073,-65.631836
149.01000,-59.164073,-65.631836
149.02000,-59.164073,-65.631836
149.03000,-59.164073,-65.631836
149.04000,-59.164073,-65.631836
149.05000,-59.164073,-65.631836
149.06000,-59.164073,-65.631836
149.07000,-59.164073,-65.631836
149.08000,-59.164073,-65.631836
149.09000,-59.164073,-65.631836
149.10000,-59.164073,-65.631836
149.11000,-59.164073,-65.631836
149.12000,-59.164073,-65.631836
149.13000,-59.164073,-65.631836
149.14000,-59.164073,-65.631836
149.15000,-59.164073,-65.631836
149.16000,-59.164073,-65.631836
149.17000,-59.164073,-65.631836
149.18000,-59.164073,-65.631836
149.19000,-59.164073,-65.631836
149.20000,-59.164073,-65.631836
149.21000,-59.164073,-65.631836
149.22000,-59.164073,-65.631836
149.23000,-59.164073,-65.631836
149.24000,-59.164073,-65.631836
149.25000,-59.164073,-65.631836
149.26000,-59.164073,-65.631836
149.27000,-59.164073,-65.631836
149.28000,-59.164073,-65.631836
149.29000,-59.164073,-65.631836
149.30000,-59.164073,-65.631836
149.31000,-59.164073,-65.631836
149.32000,-59.164073,-65.631836
149.33000,-59.164073,-65.631836
149.34000,-59.164073,-65.631836
149.35000,-59.164073,-65.631836
149.36000,-59.164073,-65.631836
149.37000,-59.164073,-65.631836
149.38000,-59.164073,-65.631836
149.39000,-59.164072,-65.631836
149.40000,-59.164072,-65.631836
149.41000,-59.164072,-65.631836
149.42000,-59.164072,-65.631836
149.43000,-59.164072,-65.631836
149.44000,-59.164072,-65.631836
149.45000,-59.164072,-65.631836
149.46000,-59.164072,-65.631836
149.47000,-59.164072,-65.631836
149.48000,-59.164072,-65.631836
149.49000,-59.164072,-65.631836
149.50000,-59.164072,-65.631836
149.51000,-59.164072,-65.631836
149.52000,-59.164072,-65.631836
149.53000,-59.164072,-65.631836
149.54000,-59.164072,-65.631836
149.55000,-59.164072,-65.631836
149.56000,-59.164072,-65.631836
149.57000,-59.164072,-65.631836
149.58000,-59.164072,-65.631836
149.59000,-59.164072,-65.631836
149.60000,-59.164072,-65.631836
149.61000,-59.164072,-65.631836
149.62000,-59.164072,-65.631836
149.63000,-59.164072,-65.631836
149.64000,-59.164072,-65.631836
149.65000,-59.164072,-65.631836
149.66000,-59.164072,-65.631836
149.67000,-59.164072,-65.631836
149.68000,-59.164072,-65.631836
149.69000,-59.164072,-65.631836
149.70000,-59.164072,-65.631836
149.71000,-59.164072,-65.631836
149.72000,-59.164072,-65.631836
149.73000,-59.164072,-65.631836
149.74000,-59.164072,-65.631836
149.75000,-59.164072,-65.631836
149.76000,-59.164072,-65.631836
149.77000,-59.164072,-65.631836
149.78000,-59.164072,-65.631836
149.79000,-59.164072,-65.631836
149.80000,-59.164072,-65.631836
149.81000,-59.164072,-65.631836
149.82000,-59.164072,-65.631836
149.83000,-59.164072,-65.631836
149.84000,-59.164072,-65.631836
149.85000,-59.164072,-65.631836
149.86000,-59.164072,-65.631836
149.87000,-59.164072,-65.631836
149.88000,-59.164072,-65.631836
149.89000,-59.164072,-65.631836
149.90000,-59.164072,-65.631836
149.91000,-59.164072,-65.631836
149.92000,-59.164072,-65.631836
149.93000,-59.164072,-65.631836
149.94000,-59.164072,-65.631836
149.95000,-59.164072,-65.631836
149.96000,-59.164072,-65.631836
149.97000,-59.164072,-65.631836
149.98000,-59.164072,-65.631836
149.99000,-59.164072,-65.631836
150.00000,-59.164072,-65.631836
150.01000,-59.164072,-65.631836
150.02000,-59.164072,-65.631836
150.03000,-59.164072,-65.631836
150.04000,-59.164072,-65.631836
150.05000,-59.164072,-65.631836
150.06000,-59.164072,-65.631836
150.07000,-59.164072,-65.631836
150.08000,-59.164072,-65.631836
150.09000,-59.164072,-65.631836
150.10000,-59.164072,-65.631836
150.11000,-59.164072,-65.631836
150.12000,-59.164072,-65.631836
150.13000,-59.164072,-65.631836
150.14000,-59.164072,-65.631836
150.15000,-59.164072,-65.631836
150.16000,-59.164072,-65.631836
150.17000,-59.164072,-65.631836
150.18000,-59.164072,-65.631836
150.19000,-59.164072,-65.631836
150.20000,-59.164072,-65.631836
150.21000,-59.164072,-65.631836
150.22000,-59.164072,-65.631836
150.23000,-59.164072,-65.631836
150.24000,-59.164072,-65.631836
150.25000,-59.164072,-65.631836
150.26000,-59.164072,-65.631836
150.27000,-59.164072,-65.631836
150.28000,-59.164072,-65.631836
150.29000,-59.164072,-65.631836
150.30000,-59.164072,-65.631836
150.31000,-59.164072,-65.631836
150.32000,-59.164072,-65.631836
150.33000,-59.164072,-65.631836
150.34000,-59.164072,-65.631836
150.35000,-59.164072,-65.631836
150.36000,-59.164072,-65.631836
150.37000,-59.164072,-65.631836
150.38000,-59.164072,-65.631836
150.39000,-59.164072,-65.631836
150.40000,-59.164072,-65.631836
150.41000,-59.164072,-65.631836
150.42000,-59.164072,-65.631836
150.43000,-59.164072,-65.631836
150.44000,-59.164072,-65.631836
150.45000,-59.164072,-65.631836
150.46000,-59.164072,-65.631836
150.47000,-59.164072,-65.631836
150.48000,-59.164072,-65.631836
150.49000,-59.164072,-65.631836
150.50000,-59.164072,-65.631836
150.51000,-59.164072,-65.631836
150.52000,-59.164072,-65.631836
150.53000,-59.164072,-65.631836
150.54000,-59.164072,-65.631836
150.55000,-59.164072,-65.631836
150.56000,-59.164072,-65.631836
150.57000,-59.164072,-65.631836
150.58000,-59.164072,-65.631836
150.59000,-59.164072,-65.631836
150.60000,-59.164072,-65.631836
150.61000,-59.164072,-65.631835
150.62000,-59.164072,-65.631835
150.63000,-59.164072,-65.631835
150.64000,-59.164072,-65.631835
150.65000,-59.164072,-65.631835
150.66000,-59.164072,-65.631835
150.67000,-59.164072,-65.631835
150.68000,-59.164072,-65.631835
150.69000,-59.164072,-65.631835
150.70000,-59.164072,-65.631835
150.71000,-59.164072,-65.631835
150.72000,-59.164072,-65.631835
150.73000,-59.164072,-65.631835
150.74000,-59.164072,-65.631835
150.75000,-59.164072,-65.631835
150.76000,-59.164072,-65.631835
150.77000,-59.164072,-65.631835
150.78000,-59.164072,-65.631835
150.79000,-59.164072,-65.631835
150.80000,-59.164072,-65.631835
150.81000,-59.164072,-65.631835
150.82000,-59.164072,-65.631835
150.83000,-59.164072,-65.631835
150.84000,-59.164072,-65.631835
150.85000,-59.164072,-65.631835
150.86000,-59.164072,-65.631835
150.87000,-59.164072,-65.631835
150.88000,-59.164072,-65.631835
150.89000,-59.164072,-65.631835
150.90000,-59.164072,-65.631835
150.91000,-59.164072,-65.631835
150.92000,-59.164072,-65.631835
150.93000,-59.164072,-65.631835
150.94000,-59.164072,-65.631835
150.95000,-59.164072,-65.631835
150.96000,-59.164072,-65.631835
150.97000,-59.164072,-65.631835
150.98000,-59.164072,-65.631835
150.99000,-59.164072,-65.631835
151.00000,-59.164072,-65.631835
151.01000,-59.164072,-65.631835
151.02000,-59.164072,-65.631835
151.03000,-59.164072,-65.631835
151.04000,-59.164072,-65.631835
151.05000,-59.164072,-65.631835
151.06000,-59.164072,-65.631835
151.07000,-59.164072,-65.631835
151.08000,-59.164072,-65.631835
151.09000,-59.164072,-65.631835
151.10000,-59.164072,-65.631835
151.11000,-59.164072,-65.631835
151.12000,-59.164072,-65.631835
151.13000,-59.164072,-65.631835
151.14000,-59.164072,-65.631835
151.15000,-59.164072,-65.631835
151.16000,-59.164072,-65.631835
151.17000,-59.164072,-65.631835
151.18000,-59.164072,-65.631835
151.19000,-59.164072,-65.631835
151.20000,-59.164072,-65.631835
151.21000,-59.164072,-65.631835
151.22000,-59.164072,-65.631835
151.23000,-59.164072,-65.631835
151.24000,-59.164072,-65.631835
151.25000,-59.164072,-65.631835
151.26000,-59.164072,-65.631835
151.27000,-59.164072,-65.631835
151.28000,-59.164072,-65.631835
151.29000,-59.164072,-65.631835
151.30000,-59.164072,-65.631835
151.31000,-59.164072,-65.631835
151.32000,-59.164072,-65.631835
151.33000,-59.164072,-65.631835
151.34000,-59.164072,-65.631835
151.35000,-59.164072,-65.631835
151.36000,-59.164072,-65.631835
151.37000,-59.164072,-65.631835
151.38000,-59.164072,-65.631835
151.39000,-59.164072,-65.631835
151.40000,-59.164072,-65.631835
151.41000,-59.164072,-65.631835
151.42000,-59.164072,-65.631835
151.43000,-59.164072,-65.631835
151.44000,-59.164072,-65.631835
151.45000,-59.164072,-65.631835
151.46000,-59.164072,-65.631835
151.47000,-59.164072,-65.631835
151.48000,-59.164072,-65.631835
151.49000,-59.164072,-65.631835
151.50000,-59.164072,-65.631835
151.51000,-59.164072,-65.631835
151.52000,-59.164072,-65.631835
151.53000,-59.164072,-65.631835
151.54000,-59.164072,-65.631835
151.55000,-59.164072,-65.631835
151.56000,-59.164072,-65.631835
151.57000,-59.164072,-65.631835
151.58000,-59.164072,-65.631835
151.59000,-59.164072,-65.631835
151.60000,-59.164072,-65.631835
151.61000,-59.164072,-65.631835
151.62000,-59.164072,-65.631835
151.63000,-59.164072,-65.631835
151.64000,-59.164072,-65.631835
151.65000,-59.164072,-65.631835
151.66000,-59.164072,-65.631835
151.67000,-59.164072,-65.631835
151.68000,-59.164072,-65.631835
151.69000,-59.164072,-65.631835
151.70000,-59.164072,-65.631835
151.71000,-59.164072,-65.631835
151.72000,-59.164072,-65.631835
151.73000,-59.164072,-65.631835
151.74000,-59.164072,-65.631835
151.75000,-59.164072,-65.631835
151.76000,-59.164072,-65.631835
151.77000,-59.164072,-65.631835
151.78000,-59.164072,-65.631835
151.79000,-59.164072,-65.631835
151.80000,-59.164072,-65.631835
151.81000,-59.164072,-65.631835
151.82000,-59.164072,-65.631835
151.83000,-59.164072,-65.631835
151.84000,-59.164072,-65.631835
151.85000,-59.164072,-65.631835
151.86000,-59.164072,-65.631835
151.87000,-59.164072,-65.631835
151.88000,-59.164072,-65.631835
151.89000,-59.164072,-65.631835
151.90000,-59.164072,-65.631835
151.91000,-59.164072,-65.631835
151.92000,-59.164072,-65.631835
151.93000,-59.164072,-65.631835
151.94000,-59.164072,-65.631835
151.95000,-59.164072,-65.631835
151.96000,-59.164072,-65.631835
151.97000,-59.164072,-65.631835
151.98000,-59.164072,-65.631835
151.99000,-59.164072,-65.631835
152.00000,-59.164072,-65.631835
152.01000,-59.164072,-65.631835
152.02000,-59.164072,-65.631835
152.03000,-59.164072,-65.631835
152.04000,-59.164072,-65.631835
152.05000,-59.164072,-65.631835
152.06000,-59.164072,-65.631835
152.07000,-59.164072,-65.631835
152.08000,-59.164072,-65.631835
152.09000,-59.164072,-65.631835
152.10000,-59.164072,-65.631835
152.11000,-59.164072,-65.631835
152.12000,-59.164072,-65.631835
152.13000,-59.164072,-65.631835
152.14000,-59.164072,-65.631835
152.15000,-59.164072,-65.631835
152.16000,-59.164072,-65.631835
152.17000,-59.164072,-65.631835
152.18000,-59.164072,-65.631835
152.19000,-59.164072,-65.631835
152.20000,-59.164072,-65.631835
152.21000,-59.164072,-65.631835
152.22000,-59.164072,-65.631835
152.23000,-59.164072,-65.631835
152.24000,-59.164072,-65.631835
152.25000,-59.164072,-65.631835
152.26000,-59.164072,-65.631835
152.27000,-59.164072,-65.631835
152.28000,-59.164072,-65.631835
152.29000,-59.164072,-65.631835
152.30000,-59.164072,-65.631835
152.31000,-59.164072,-65.631835
152.32000,-59.164072,-65.631835
152.33000,-59.164072,-65.631835
152.34000,-59.164072,-65.631835
152.35000,-59.164072,-65.631835
152.36000,-59.164072,-65.631835
152.37000,-59.164072,-65.631835
152.38000,-59.164072,-65.631835
152.39000,-59.164072,-65.631835
152.40000,-59.164072,-65.631835
152.41000,-59.164072,-65.631835
152.42000,-59.164072,-65.631835
152.43000,-59.164072,-65.631835
152.44000,-59.164072,-65.631835
152.45000,-59.164072,-65.631835
152.46000,-59.164072,-65.631835
152.47000,-59.164072,-65.631835
152.48000,-59.164072,-65.631835
152.49000,-59.164072,-65.631835
152.50000,-59.164072,-65.631835
152.51000,-59.164072,-65.631835
152.52000,-59.164072,-65.631835
152.53000,-59.164072,-65.631835
152.54000,-59.164072,-65.631835
152.55000,-59.164072,-65.631835
152.56000,-59.164072,-65.631835
152.57000,-59.164072,-65.631835
152.58000,-59.164072,-65.631835
152.59000,-59.164072,-65.631835
152.60000,-59.164072,-65.631835
152.61000,-59.164072,-65.631835
152.62000,-59.164072,-65.631835
152.63000,-59.164072,-65.631835
152.64000,-59.164072,-65.631835
152.65000,-59.164072,-65.631835
152.66000,-59.164072,-65.631835
152.67000,-59.164072,-65.631835
152.68000,-59.164072,-65.631835
152.69000,-59.164072,-65.631835
152.70000,-59.164072,-65.631835
152.71000,-59.164072,-65.631835
152.72000,-59.164072,-65.631835
152.73000,-59.164072,-65.631835
152.74000,-59.164072,-65.631835
152.75000,-59.164072,-65.631835
152.76000,-59.164072,-65.631836
152.77000,-59.164072,-65.631836
152.78000,-59.164072,-65.631836
152.79000,-59.164072,-65.631836
152.80000,-59.164072,-65.631836
152.81000,-59.164072,-65.631836
152.82000,-59.164072,-65.631836
152.83000,-59.164072,-65.631836
152.84000,-59.164072,-65.631836
152.85000,-59.164072,-65.631836
152.86000,-59.164072,-65.631836
152.87000,-59.164072,-65.631836
152.88000,-59.164072,-65.631836
152.89000,-59.164072,-65.631836
152.90000,-59.164072,-65.631836
152.91000,-59.164072,-65.631836
152.92000,-59.164072,-65.631836
152.93000,-59.164072,-65.631836
152.94000,-59.164072,-65.631836
152.95000,-59.164072,-65.631836
152.96000,-59.164072,-65.631836
152.97000,-59.164072,-65.631836
152.98000,-59.164072,-65.631836
152.99000,-59.164072,-65.631836
153.00000,-59.164072,-65.631836
153.01000,-59.164073,-65.631836
153.02000,-59.164073,-65.631836
153.03000,-59.164073,-65.631836
153.04000,-59.164073,-65.631836
153.05000,-59.164073,-65.631836
153.06000,-59.164073,-65.631836
153.07000,-59.164073,-65.631836
153.08000,-59.164073,-65.631836
153.09000,-59.164073,-65.631836
153.10000,-59.164073,-65.631836
153.11000,-59.164073,-65.631836
153.12000,-59.164073,-65.631836
153.13000,-59.164073,-65.631836
153.14000,-59.164073,-65.631836
153.15000,-59.164073,-65.631836
153.16000,-59.164073,-65.631836
153.17000,-59.164073,-65.631836
153.18000,-59.164073,-65.631836
153.19000,-59.164073,-65.631836
153.20000,-59.164073,-65.631836
153.21000,-59.164073,-65.631836
153.22000,-59.164073,-65.631836
153.23000,-59.164073,-65.631836
153.24000,-59.164073,-65.631836
153.25000,-59.164073,-65.631836
153.26000,-59.164073,-65.631836
153.27000,-59.164073,-65.631836
153.28000,-59.164073,-65.631836
153.29000,-59.164073,-65.631836
153.30000,-59.164073,-65.631836
153.31000,-59.164073,-65.631836
153.32000,-59.164073,-65.631836
153.33000,-59.164073,-65.631836
153.34000,-59.164073,-65.631836
153.35000,-59.164073,-65.631836
153.36000,-59.164073,-65.631836
153.37000,-59.164073,-65.631836
153.38000,-59.164073,-65.631836
153.39000,-59.164073,-65.631836
153.40000,-59.164073,-65.631836
153.41000,-59.164073,-65.631836
153.42000,-59.164073,-65.631836
153.43000,-59.164073,-65.631836
153.44000,-59.164073,-65.631836
153.45000,-59.164073,-65.631836
153.46000,-59.164073,-65.631836
153.47000,-59.164073,-65.631836
153.48000,-59.164073,-65.631836
153.49000,-59.164073,-65.631836
153.50000,-59.164073,-65.631836
153.51000,-59.164073,-65.631836
153.52000,-59.164073,-65.631836
153.53000,-59.164073,-65.631836
153.54000,-59.164073,-65.631836
153.55000,-59.164073,-65.631836
153.56000,-59.164073,-65.631836
153.57000,-59.164073,-65.631836
153.58000,-59.164073,-65.631836
153.59000,-59.164073,-65.631836
153.60000,-59.164073,-65.631836
153.61000,-59.164073,-65.631836
153.62000,-59.164073,-65.631836
153.63000,-59.164073,-65.631836
153.64000,-59.164073,-65.631836
153.65000,-59.164073,-65.631836
153.66000,-59.164073,-65.631836
153.67000,-59.164073,-65.631836
153.68000,-59.164073,-65.631836
153.69000,-59.164073,-65.631836
153.70000,-59.164073,-65.631836
153.71000,-59.164073,-65.631836
153.72000,-59.164073,-65.631836
153.73000,-59.164073,-65.631836
153.74000,-59.164073,-65.631836
153.75000,-59.164073,-65.631836
153.76000,-59.164073,-65.631836
153.77000,-59.164073,-65.631836
153.78000,-59.164073,-65.631836
153.79000,-59.164073,-65.631836
153.80000,-59.164073,-65.631836
153.81000,-59.164073,-65.631836
153.82000,-59.164073,-65.631836
153.83000,-59.164073,-65.631836
153.84000,-59.164073,-65.631836
153.85000,-59.164073,-65.631836
153.86000,-59.164073,-65.631836
153.87000,-59.164073,-65.631836
153.88000,-59.164073,-65.631836
153.89000,-59.164073,-65.631836
153.90000,-59.164073,-65.631836
153.91000,-59.164073,-65.631836
153.92000,-59.164073,-65.631836
153.93000,-59.164073,-65.631836
153.94000,-59.164073,-65.631836
153.95000,-59.164073,-65.631836
153.96000,-59.164073,-65.631836
153.97000,-59.164073,-65.631836
153.98000,-59.164073,-65.631836
153.99000,-59.164073,-65.631836
154.00000,-59.164073,-65.631836
154.01000,-59.164073,-65.631836
154.02000,-59.164073,-65.631836
154.03000,-59.164073,-65.631836
154.04000,-59.164073,-65.631836
154.05000,-59.164073,-65.631836
154.06000,-59.164073,-65.631836
154.07000,-59.164073,-65.631836
154.08000,-59.164073,-65.631836
154.09000,-59.164073,-65.631836
154.10000,-59.164073,-65.631836
154.11000,-59.164073,-65.631836
154.12000,-59.164073,-65.631836
154.13000,-59.164073,-65.631836
154.14000,-59.164073,-65.631836
154.15000,-59.164073,-65.631836
154.16000,-59.164073,-65.631836
154.17000,-59.164073,-65.631836
154.18000,-59.164073,-65.631836
154.19000,-59.164073,-65.631836
154.20000,-59.164073,-65.631836
154.21000,-59.164073,-65.631836
154.22000,-59.164073,-65.631836
154.23000,-59.164073,-65.631836
154.24000,-59.164073,-65.631836
154.25000,-59.164073,-65.631836
154.26000,-59.164073,-65.631836
154.27000,-59.164073,-65.631836
154.28000,-59.164073,-65.631836
154.29000,-59.164073,-65.631836
154.30000,-59.164073,-65.631836
154.31000,-59.164073,-65.631836
154.32000,-59.164073,-65.631836
154.33000,-59.164073,-65.631836
154.34000,-59.164073,-65.631836
154.35000,-59.164073,-65.631836
154.36000,-59.164073,-65.631836
154.37000,-59.164073,-65.631836
154.38000,-59.164073,-65.631836
154.39000,-59.164073,-65.631836
154.40000,-59.164073,-65.631836
154.41000,-59.164073,-65.631836
154.42000,-59.164073,-65.631836
154.43000,-59.164073,-65.631836
154.44000,-59.164073,-65.631836
154.45000,-59.164073,-65.631836
154.46000,-59.164073,-65.631836
154.47000,-59.164073,-65.631836
154.48000,-59.164073,-65.631836
154.49000,-59.164073,-65.631836
154.50000,-59.164073,-65.631836
154.51000,-59.164073,-65.631836
154.52000,-59.164073,-65.631836
154.53000,-59.164073,-65.631836
154.54000,-59.164073,-65.631836
154.55000,-59.164073,-65.631836
154.56000,-59.164073,-65.631836
154.57000,-59.164073,-65.631836
154.58000,-59.164073,-65.631836
154.59000,-59.164073,-65.631836
154.60000,-59.164073,-65.631836
154.61000,-59.164073,-65.631836
154.62000,-59.164073,-65.631836
154.63000,-59.164073,-65.631836
154.64000,-59.164073,-65.631836
154.65000,-59.164073,-65.631836
154.66000,-59.164073,-65.631836
154.67000,-59.164073,-65.631836
154.68000,-59.164073,-65.631836
154.69000,-59.164073,-65.631836
154.70000,-59.164073,-65.631836
154.71000,-59.164073,-65.631836
154.72000,-59.164073,-65.631836
154.73000,-59.164073,-65.631836
154.74000,-59.164073,-65.631836
154.75000,-59.164073,-65.631836
154.76000,-59.164073,-65.631836
154.77000,-59.164073,-65.631836
154.78000,-59.164073,-65.631836
154.79000,-59.164073,-65.631836
154.80000,-59.164073,-65.631836
154.81000,-59.164073,-65.631836
154.82000,-59.164073,-65.631836
154.83000,-59.164073,-65.631836
154.84000,-59.164073,-65.631836
154.85000,-59.164073,-65.631836
154.86000,-59.164073,-65.631836
154.87000,-59.164073,-65.631836
154.88000,-59.164073,-65.631836
154.89000,-59.164073,-65.631836
154.90000,-59.164073,-65.631836
154.91000,-59.164073,-65.631836
154.92000,-59.164073,-65.631836
154.93000,-59.164073,-65.631836
154.94000,-59.164073,-65.631836
154.95000,-59.164073,-65.631836
154.96000,-59.164073,-65.631836
154.97000,-59.164073,-65.631836
154.98000,-59.164073,-65.631836
154.99000,-59.164073,-65.631836
155.00000,-59.164073,-65.631836
155.01000,-59.164073,-65.631836
155.02000,-59.164073,-65.631836
155.03000,-59.164073,-65.631836
155.04000,-59.164073,-65.631836
155.05000,-59.164073,-65.631836
155.06000,-59.164073,-65.631836
155.07000,-59.164073,-65.631836
155.08000,-59.164073,-65.631836
155.09000,-59.164073,-65.631836
155.10000,-59.164073,-65.631836
155.11000,-59.164073,-65.631836
155.12000,-59.164073,-65.631836
155.13000,-59.164073,-65.631836
155.14000,-59.164073,-65.631836
155.15000,-59.164073,-65.631836
155.16000,-59.164073,-65.631836
155.17000,-59.164073,-65.631836
155.18000,-59.164073,-65.631836
155.19000,-59.164073,-65.631836
155.20000,-59.164073,-65.631836
155.21000,-59.164073,-65.631836
155.22000,-59.164073,-65.631836
155.23000,-59.164073,-65.631836
155.24000,-59.164073,-65.631836
155.25000,-59.164073,-65.631836
155.26000,-59.164073,-65.631836
155.27000,-59.164073,-65.631836
155.28000,-59.164073,-65.631836
155.29000,-59.164073,-65.631836
155.30000,-59.164073,-65.631836
155.31000,-59.164073,-65.631836
155.32000,-59.164073,-65.631836
155.33000,-59.164073,-65.631836
155.34000,-59.164073,-65.631836
155.35000,-59.164073,-65.631836
155.36000,-59.164073,-65.631836
155.37000,-59.164073,-65.631836
155.38000,-59.164073,-65.631836
155.39000,-59.164073,-65.631836
155.40000,-59.164073,-65.631836
155.41000,-59.164073,-65.631836
155.42000,-59.164073,-65.631836
155.43000,-59.164073,-65.631836
155.44000,-59.164073,-65.631836
155.45000,-59.164073,-65.631836
155.46000,-59.164073,-65.631836
155.47000,-59.164073,-65.631836
155.48000,-59.164073,-65.631836
155.49000,-59.164073,-65.631836
155.50000,-59.164073,-65.631836
155.51000,-59.164073,-65.631836
155.52000,-59.164073,-65.631836
155.53000,-59.164073,-65.631836
155.54000,-59.164073,-65.631836
155.55000,-59.164073,-65.631836
155.56000,-59.164073,-65.631836
155.57000,-59.164073,-65.631836
155.58000,-59.164073,-65.631836
155.59000,-59.164073,-65.631836
155.60000,-59.164073,-65.631836
155.61000,-59.164073,-65.631836
155.62000,-59.164073,-65.631836
155.63000,-59.164073,-65.631836
155.64000,-59.164073,-65.631836
155.65000,-59.164073,-65.631836
155.66000,-59.164073,-65.631836
155.67000,-59.164073,-65.631836
155.68000,-59.164073,-65.631836
155.69000,-59.164073,-65.631836
155.70000,-59.164073,-65.631836
155.71000,-59.164073,-65.631836
155.72000,-59.164073,-65.631836
155.73000,-59.164073,-65.631836
155.74000,-59.164073,-65.631836
155.75000,-59.164073,-65.631836
155.76000,-59.164073,-65.631836
155.77000,-59.164073,-65.631836
155.78000,-59.164073,-65.631836
155.79000,-59.164073,-65.631836
155.80000,-59.164073,-65.631836
155.81000,-59.164073,-65.631836
155.82000,-59.164073,-65.631836
155.83000,-59.164073,-65.631836
155.84000,-59.164073,-65.631836
155.85000,-59.164073,-65.631836
155.86000,-59.164073,-65.631836
155.87000,-59.164073,-65.631836
155.88000,-59.164073,-65.631836
155.89000,-59.164073,-65.631836
155.90000,-59.164073,-65.631836
155.91000,-59.164073,-65.631836
155.92000,-59.164073,-65.631836
155.93000,-59.164073,-65.631836
155.94000,-59.164073,-65.631836
155.95000,-59.164073,-65.631836
155.96000,-59.164073,-65.631836
155.97000,-59.164073,-65.631836
155.98000,-59.164073,-65.631836
155.99000,-59.164073,-65.631836
156.00000,-59.164073,-65.631836
156.01000,-59.164073,-65.631836
156.02000,-59.164073,-65.631836
156.03000,-59.164073,-65.631836
156.04000,-59.164073,-65.631836
156.05000,-59.164073,-65.631836
156.06000,-59.164073,-65.631836
156.07000,-59.164073,-65.631836
156.08000,-59.164073,-65.631836
156.09000,-59.164073,-65.631836
156.10000,-59.164073,-65.631836
156.11000,-59.164073,-65.631836
156.12000,-59.164073,-65.631836
156.13000,-59.164073,-65.631836
156.14000,-59.164073,-65.631836
156.15000,-59.164073,-65.631836
156.16000,-59.164073,-65.631836
156.17000,-59.164073,-65.631836
156.18000,-59.164073,-65.631836
156.19000,-59.164073,-65.631836
156.20000,-59.164073,-65.631836
156.21000,-59.164073,-65.631836
156.22000,-59.164073,-65.631836
156.23000,-59.164073,-65.631836
156.24000,-59.164073,-65.631836
156.25000,-59.164073,-65.631836
156.26000,-59.164073,-65.631836
156.27000,-59.164073,-65.631836
156.28000,-59.164073,-65.631836
156.29000,-59.164073,-65.631836
156.30000,-59.164073,-65.631836
156.31000,-59.164073,-65.631836
156.32000,-59.164073,-65.631836
156.33000,-59.164073,-65.631836
156.34000,-59.164073,-65.631836
156.35000,-59.164073,-65.631836
156.36000,-59.164073,-65.631836
156.37000,-59.164073,-65.631836
156.38000,-59.164073,-65.631836
156.39000,-59.164073,-65.631836
156.40000,-59.164073,-65.631836
156.41000,-59.164073,-65.631836
156.42000,-59.164073,-65.631836
156.43000,-59.164073,-65.631836
156.44000,-59.164073,-65.631836
156.45000,-59.164073,-65.631836
156.46000,-59.164073,-65.631836
156.47000,-59.164073,-65.631836
156.48000,-59.164073,-65.631836
156.49000,-59.164073,-65.631836
156.50000,-59.164073,-65.631836
156.51000,-59.164073,-65.631836
156.52000,-59.164073,-65.631836
156.53000,-59.164073,-65.631836
156.54000,-59.164073,-65.631836
156.55000,-59.164073,-65.631836
156.56000,-59.164073,-65.631836
156.57000,-59.164073,-65.631836
156.58000,-59.164073,-65.631836
156.59000,-59.164073,-65.631836
156.60000,-59.164073,-65.631836
156.61000,-59.164073,-65.631836
156.62000,-59.164073,-65.631836
156.63000,-59.164073,-65.631836
156.64000,-59.164073,-65.631836
156.65000,-59.164073,-65.631836
156.66000,-59.164073,-65.631836
156.67000,-59.164073,-65.631836
156.68000,-59.164073,-65.631836
156.69000,-59.164073,-65.631836
156.70000,-59.164073,-65.631836
156.71000,-59.164073,-65.631836
156.72000,-59.164073,-65.631836
156.73000,-59.164073,-65.631836
156.74000,-59.164073,-65.631836
156.75000,-59.164073,-65.631836
156.76000,-59.164073,-65.631836
156.77000,-59.164073,-65.631836
156.78000,-59.164073,-65.631836
156.79000,-59.164073,-65.631836
156.80000,-59.164073,-65.631836
156.81000,-59.164073,-65.631836
156.82000,-59.164073,-65.631836
156.83000,-59.164073,-65.631836
156.84000,-59.164073,-65.631836
156.85000,-59.164073,-65.631836
156.86000,-59.164073,-65.631836
156.87000,-59.164073,-65.631836
156.88000,-59.164073,-65.631836
156.89000,-59.164073,-65.631836
156.90000,-59.164073,-65.631836
156.91000,-59.164073,-65.631836
156.92000,-59.164073,-65.631836
156.93000,-59.164073,-65.631836
156.94000,-59.164073,-65.631836
156.95000,-59.164073,-65.631836
156.96000,-59.164073,-65.631836
156.97000,-59.164073,-65.631836
156.98000,-59.164073,-65.631836
156.99000,-59.164073,-65.631836
157.00000,-59.164073,-65.631836
157.01000,-59.164073,-65.631836
157.02000,-59.164073,-65.631836
157.03000,-59.164073,-65.631836
157.04000,-59.164073,-65.631836
157.05000,-59.164073,-65.631836
157.06000,-59.164073,-65.631836
157.07000,-59.164073,-65.631836
157.08000,-59.164073,-65.631836
157.09000,-59.164073,-65.631836
157.10000,-59.164073,-65.631836
157.11000,-59.164073,-65.631836
157.12000,-59.164073,-65.631836
157.13000,-59.164073,-65.631836
157.14000,-59.164073,-65.631836
157.15000,-59.164073,-65.631836
157.16000,-59.164073,-65.631836
157.17000,-59.164073,-65.631836
157.18000,-59.164073,-65.631836
157.19000,-59.164073,-65.631836
157.20000,-59.164073,-65.631836
157.21000,-59.164073,-65.631836
157.22000,-59.164073,-65.631836
157.23000,-59.164073,-65.631836
157.24000,-59.164073,-65.631836
157.25000,-59.164073,-65.631836
157.26000,-59.164073,-65.631836
157.27000,-59.164073,-65.631836
157.28000,-59.164073,-65.631836
157.29000,-59.164073,-65.631836
157.30000,-59.164073,-65.631836
157.31000,-59.164073,-65.631836
157.32000,-59.164073,-65.631836
157.33000,-59.164073,-65.631836
157.34000,-59.164073,-65.631836
157.35000,-59.164073,-65.631836
157.36000,-59.164073,-65.631836
157.37000,-59.164073,-65.631836
157.38000,-59.164073,-65.631836
157.39000,-59.164073,-65.631836
157.40000,-59.164073,-65.631836
157.41000,-59.164073,-65.631836
157.42000,-59.164073,-65.631836
157.43000,-59.164073,-65.631836
157.44000,-59.164073,-65.631836
157.45000,-59.164073,-65.631836
157.46000,-59.164073,-65.631836
157.47000,-59.164073,-65.631836
157.48000,-59.164073,-65.631836
157.49000,-59.164073,-65.631836
157.50000,-59.164073,-65.631836
157.51000,-59.164073,-65.631836
157.52000,-59.164073,-65.631836
157.53000,-59.164073,-65.631836
157.54000,-59.164073,-65.631836
157.55000,-59.164073,-65.631836
157.56000,-59.164073,-65.631836
157.57000,-59.164073,-65.631836
157.58000,-59.164073,-65.631836
157.59000,-59.164073,-65.631836
157.60000,-59.164073,-65.631836
157.61000,-59.164073,-65.631836
157.62000,-59.164073,-65.631836
157.63000,-59.164073,-65.631836
157.64000,-59.164073,-65.631836
157.65000,-59.164073,-65.631836
157.66000,-59.164073,-65.631836
157.67000,-59.164073,-65.631836
157.68000,-59.164073,-65.631836
157.69000,-59.164073,-65.631836
157.70000,-59.164073,-65.631836
157.71000,-59.164073,-65.631836
157.72000,-59.164073,-65.631836
157.73000,-59.164073,-65.631836
157.74000,-59.164073,-65.631836
157.75000,-59.164073,-65.631836
157.76000,-59.164073,-65.631836
157.77000,-59.164073,-65.631836
157.78000,-59.164073,-65.631836
157.79000,-59.164073,-65.631836
157.80000,-59.164073,-65.631836
157.81000,-59.164073,-65.631836
157.82000,-59.164073,-65.631836
157.83000,-59.164073,-65.631836
157.84000,-59.164073,-65.631836
157.85000,-59.164073,-65.631836
157.86000,-59.164073,-65.631836
157.87000,-59.164073,-65.631836
157.88000,-59.164073,-65.631836
157.89000,-59.164073,-65.631836
157.90000,-59.164073,-65.631836
157.91000,-59.164073,-65.631836
157.92000,-59.164073,-65.631836
157.93000,-59.164073,-65.631836
157.94000,-59.164073,-65.631836
157.95000,-59.164073,-65.631836
157.96000,-59.164073,-65.631836
157.97000,-59.164073,-65.631836
157.98000,-59.164073,-65.631836
157.99000,-59.164073,-65.631836
158.00000,-59.164073,-65.631836
158.01000,-59.164073,-65.631836
158.02000,-59.164073,-65.631836
158.03000,-59.164073,-65.631836
158.04000,-59.164073,-65.631836
158.05000,-59.164073,-65.631836
158.06000,-59.164073,-65.631836
158.07000,-59.164073,-65.631836
158.08000,-59.164073,-65.631836
158.09000,-59.164073,-65.631836
158.10000,-59.164073,-65.631836
158.11000,-59.164073,-65.631836
158.12000,-59.164073,-65.631836
158.13000,-59.164073,-65.631836
158.14000,-59.164073,-65.631836
158.15000,-59.164073,-65.631836
158.16000,-59.164073,-65.631836
158.17000,-59.164073,-65.631836
158.18000,-59.164073,-65.631836
158.19000,-59.164073,-65.631836
158.20000,-59.164073,-65.631836
158.21000,-59.164073,-65.631836
158.22000,-59.164073,-65.631836
158.23000,-59.164073,-65.631836
158.24000,-59.164073,-65.631836
158.25000,-59.164073,-65.631836
158.26000,-59.164073,-65.631836
158.27000,-59.164073,-65.631836
158.28000,-59.164073,-65.631836
158.29000,-59.164073,-65.631836
158.30000,-59.164073,-65.631836
158.31000,-59.164073,-65.631836
158.32000,-59.164073,-65.631836
158.33000,-59.164073,-65.631836
158.34000,-59.164073,-65.631836
158.35000,-59.164073,-65.631836
158.36000,-59.164073,-65.631836
158.37000,-59.164073,-65.631836
158.38000,-59.164073,-65.631836
158.39000,-59.164073,-65.631836
158.40000,-59.164073,-65.631836
158.41000,-59.164073,-65.631836
158.42000,-59.164073,-65.631836
158.43000,-59.164073,-65.631836
158.44000,-59.164073,-65.631836
158.45000,-59.164073,-65.631836
158.46000,-59.164073,-65.631836
158.47000,-59.164073,-65.631836
158.48000,-59.164073,-65.631836
158.49000,-59.164073,-65.631836
158.50000,-59.164073,-65.631836
158.51000,-59.164073,-65.631836
158.52000,-59.164073,-65.631836
158.53000,-59.164073,-65.631836
158.54000,-59.164073,-65.631836
158.55000,-59.164073,-65.631836
158.56000,-59.164073,-65.631836
158.57000,-59.164073,-65.631836
158.58000,-59.164073,-65.631836
158.59000,-59.164073,-65.631836
158.60000,-59.164073,-65.631836
158.61000,-59.164073,-65.631836
158.62000,-59.164073,-65.631836
158.63000,-59.164073,-65.631836
158.64000,-59.164073,-65.631836
158.65000,-59.164073,-65.631836
158.66000,-59.164073,-65.631836
158.67000,-59.164073,-65.631836
158.68000,-59.164073,-65.631836
158.69000,-59.164073,-65.631836
158.70000,-59.164073,-65.631836
158.71000,-59.164073,-65.631836
158.72000,-59.164073,-65.631836
158.73000,-59.164073,-65.631836
158.74000,-59.164073,-65.631836
158.75000,-59.164073,-65.631836
158.76000,-59.164073,-65.631836
158.77000,-59.164073,-65.631836
158.78000,-59.164073,-65.631836
158.79000,-59.164073,-65.631836
158.80000,-59.164073,-65.631836
158.81000,-59.164073,-65.631836
158.82000,-59.164073,-65.631836
158.83000,-59.164073,-65.631836
158.84000,-59.164073,-65.631836
158.85000,-59.164073,-65.631836
158.86000,-59.164073,-65.631836
158.87000,-59.164073,-65.631836
158.88000,-59.164073,-65.631836
158.89000,-59.164073,-65.631836
158.90000,-59.164073,-65.631836
158.91000,-59.164073,-65.631836
158.92000,-59.164073,-65.631836
158.93000,-59.164073,-65.631836
158.94000,-59.164073,-65.631836
158.95000,-59.164073,-65.631836
158.96000,-59.164073,-65.631836
158.97000,-59.164073,-65.631836
158.98000,-59.164073,-65.631836
158.99000,-59.164073,-65.631836
159.00000,-59.164073,-65.631836
159.01000,-59.164073,-65.631836
159.02000,-59.164073,-65.631836
159.03000,-59.164073,-65.631836
159.04000,-59.164073,-65.631836
159.05000,-59.164073,-65.631836
159.06000,-59.164073,-65.631836
159.07000,-59.164073,-65.631836
159.08000,-59.164073,-65.631836
159.09000,-59.164073,-65.631836
159.10000,-59.164073,-65.631836
159.11000,-59.164073,-65.631836
159.12000,-59.164073,-65.631836
159.13000,-59.164073,-65.631836
159.14000,-59.164073,-65.631836
159.15000,-59.164073,-65.631836
159.16000,-59.164073,-65.631836
159.17000,-59.164073,-65.631836
159.18000,-59.164073,-65.631836
159.19000,-59.164073,-65.631836
159.20000,-59.164073,-65.631836
159.21000,-59.164073,-65.631836
159.22000,-59.164073,-65.631836
159.23000,-59.164073,-65.631836
159.24000,-59.164073,-65.631836
159.25000,-59.164073,-65.631836
159.26000,-59.164073,-65.631836
159.27000,-59.164073,-65.631836
159.28000,-59.164073,-65.631836
159.29000,-59.164073,-65.631836
159.30000,-59.164073,-65.631836
159.31000,-59.164073,-65.631836
159.32000,-59.164073,-65.631836
159.33000,-59.164073,-65.631836
159.34000,-59.164073,-65.631836
159.35000,-59.164073,-65.631836
159.36000,-59.164073,-65.631836
159.37000,-59.164073,-65.631836
159.38000,-59.164073,-65.631836
159.39000,-59.164073,-65.631836
159.40000,-59.164073,-65.631836
159.41000,-59.164073,-65.631836
159.42000,-59.164073,-65.631836
159.43000,-59.164073,-65.631836
159.44000,-59.164073,-65.631836
159.45000,-59.164073,-65.631836
159.46000,-59.164073,-65.631836
159.47000,-59.164073,-65.631836
159.48000,-59.164073,-65.631836
159.49000,-59.164073,-65.631836
159.50000,-59.164073,-65.631836
159.51000,-59.164073,-65.631836
159.52000,-59.164073,-65.631836
159.53000,-59.164073,-65.631836
159.54000,-59.164073,-65.631836
159.55000,-59.164073,-65.631836
159.56000,-59.164073,-65.631836
159.57000,-59.164073,-65.631836
159.58000,-59.164073,-65.631836
159.59000,-59.164073,-65.631836
159.60000,-59.164073,-65.631836
159.61000,-59.164073,-65.631836
159.62000,-59.164073,-65.631836
159.63000,-59.164073,-65.631836
159.64000,-59.164073,-65.631836
159.65000,-59.164073,-65.631836
159.66000,-59.164073,-65.631836
159.67000,-59.164073,-65.631836
159.68000,-59.164073,-65.631836
159.69000,-59.164073,-65.631836
159.70000,-59.164073,-65.631836
159.71000,-59.164073,-65.631836
159.72000,-59.164073,-65.631836
159.73000,-59.164073,-65.631836
159.74000,-59.164073,-65.631836
159.75000,-59.164073,-65.631836
159.76000,-59.164073,-65.631836
159.77000,-59.164073,-65.631836
159.78000,-59.164073,-65.631836
159.79000,-59.164073,-65.631836
159.80000,-59.164073,-65.631836
159.81000,-59.164073,-65.631836
159.82000,-59.164073,-65.631836
159.83000,-59.164073,-65.631836
159.84000,-59.164073,-65.631836
159.85000,-59.164073,-65.631836
159.86000,-59.164073,-65.631836
159.87000,-59.164073,-65.631836
159.88000,-59.164073,-65.631836
159.89000,-59.164073,-65.631836
159.90000,-59.164073,-65.631836
159.91000,-59.164073,-65.631836
159.92000,-59.164073,-65.631836
159.93000,-59.164073,-65.631836
159.94000,-59.164073,-65.631836
159.95000,-59.164073,-65.631836
159.96000,-59.164073,-65.631836
159.97000,-59.164073,-65.631836
159.98000,-59.164073,-65.631836
159.99000,-59.164073,-65.631836
160.00000,-59.164073,-65.631836
160.01000,-59.164073,-65.631836
160.02000,-59.164073,-65.631836
160.03000,-59.164073,-65.631836
160.04000,-59.164073,-65.631836
160.05000,-59.164073,-65.631836
160.06000,-59.164073,-65.631836
160.07000,-59.164073,-65.631836
160.08000,-59.164073,-65.631836
160.09000,-59.164073,-65.631836
160.10000,-59.164073,-65.631836
160.11000,-59.164073,-65.631836
160.12000,-59.164073,-65.631836
160.13000,-59.164073,-65.631836
160.14000,-59.164073,-65.631836
160.15000,-59.164073,-65.631836
160.16000,-59.164073,-65.631836
160.17000,-59.164073,-65.631836
160.18000,-59.164073,-65.631836
160.19000,-59.164073,-65.631836
160.20000,-59.164073,-65.631836
160.21000,-59.164073,-65.631836
160.22000,-59.164073,-65.631836
160.23000,-59.164073,-65.631836
160.24000,-59.164073,-65.631836
160.25000,-59.164073,-65.631836
160.26000,-59.164073,-65.631836
160.27000,-59.164073,-65.631836
160.28000,-59.164073,-65.631836
160.29000,-59.164073,-65.631836
160.30000,-59.164073,-65.631836
160.31000,-59.164073,-65.631836
160.32000,-59.164073,-65.631836
160.33000,-59.164073,-65.631836
160.34000,-59.164073,-65.631836
160.35000,-59.164073,-65.631836
160.36000,-59.164073,-65.631836
160.37000,-59.164073,-65.631836
160.38000,-59.164073,-65.631836
160.39000,-59.164073,-65.631836
160.40000,-59.164073,-65.631836
160.41000,-59.164073,-65.631836
160.42000,-59.164073,-65.631836
160.43000,-59.164073,-65.631836
160.44000,-59.164073,-65.631836
160.45000,-59.164073,-65.631836
160.46000,-59.164073,-65.631836
160.47000,-59.164073,-65.631836
160.48000,-59.164073,-65.631836
160.49000,-59.164073,-65.631836
160.50000,-59.164073,-65.631836
160.51000,-59.164073,-65.631836
160.52000,-59.164073,-65.631836
160.53000,-59.164073,-65.631836
160.54000,-59.164073,-65.631836
160.55000,-59.164073,-65.631836
160.56000,-59.164073,-65.631836
160.57000,-59.164073,-65.631836
160.58000,-59.164073,-65.631836
160.59000,-59.164073,-65.631836
160.60000,-59.164073,-65.631836
160.61000,-59.164073,-65.631836
160.62000,-59.164073,-65.631836
160.63000,-59.164073,-65.631836
160.64000,-59.164073,-65.631836
160.65000,-59.164073,-65.631836
160.66000,-59.164073,-65.631836
160.67000,-59.164073,-65.631836
160.68000,-59.164073,-65.631836
160.69000,-59.164073,-65.631836
160.70000,-59.164073,-65.631836
160.71000,-59.164073,-65.631836
160.72000,-59.164073,-65.631836
160.73000,-59.164073,-65.631836
160.74000,-59.164073,-65.631836
160.75000,-59.164073,-65.631836
160.76000,-59.164073,-65.631836
160.77000,-59.164073,-65.631836
160.78000,-59.164073,-65.631836
160.79000,-59.164073,-65.631836
160.80000,-59.164073,-65.631836
160.81000,-59.164073,-65.631836
160.82000,-59.164073,-65.631836
160.83000,-59.164073,-65.631836
160.84000,-59.164073,-65.631836
160.85000,-59.164073,-65.631836
160.86000,-59.164073,-65.631836
160.87000,-59.164073,-65.631836
160.88000,-59.164073,-65.631836
160.89000,-59.164073,-65.631836
160.90000,-59.164073,-65.631836
160.91000,-59.164073,-65.631836
160.92000,-59.164073,-65.631836
160.93000,-59.164073,-65.631836
160.94000,-59.164073,-65.631836
160.95000,-59.164073,-65.631836
160.96000,-59.164073,-65.631836
160.97000,-59.164073,-65.631836
160.98000,-59.164073,-65.631836
160.99000,-59.164073,-65.631836
161.00000,-59.164073,-65.631836
161.01000,-59.164073,-65.631836
161.02000,-59.164073,-65.631836
161.03000,-59.164073,-65.631836
161.04000,-59.164073,-65.631836
161.05000,-59.164073,-65.631836
161.06000,-59.164073,-65.631836
161.07000,-59.164073,-65.631836
161.08000,-59.164073,-65.631836
161.09000,-59.164073,-65.631836
161.10000,-59.164073,-65.631836
161.11000,-59.164073,-65.631836
161.12000,-59.164073,-65.631836
161.13000,-59.164073,-65.631836
161.14000,-59.164073,-65.631836
161.15000,-59.164073,-65.631836
161.16000,-59.164073,-65.631836
161.17000,-59.164073,-65.631836
161.18000,-59.164073,-65.631836
161.19000,-59.164073,-65.631836
161.20000,-59.164073,-65.631836
161.21000,-59.164073,-65.631836
161.22000,-59.164073,-65.631836
161.23000,-59.164073,-65.631836
161.24000,-59.164073,-65.631836
161.25000,-59.164073,-65.631836
161.26000,-59.164073,-65.631836
161.27000,-59.164073,-65.631836
161.28000,-59.164073,-65.631836
161.29000,-59.164073,-65.631836
161.30000,-59.164073,-65.631836
161.31000,-59.164073,-65.631836
161.32000,-59.164073,-65.631836
161.33000,-59.164073,-65.631836
161.34000,-59.164073,-65.631836
161.35000,-59.164073,-65.631836
161.36000,-59.164073,-65.631836
161.37000,-59.164073,-65.631836
161.38000,-59.164073,-65.631836
161.39000,-59.164073,-65.631836
161.40000,-59.164073,-65.631836
161.41000,-59.164073,-65.631836
161.42000,-59.164073,-65.631836
161.43000,-59.164073,-65.631836
161.44000,-59.164073,-65.631836
161.45000,-59.164073,-65.631836
161.46000,-59.164073,-65.631836
161.47000,-59.164073,-65.631836
161.48000,-59.164073,-65.631836
161.49000,-59.164073,-65.631836
161.50000,-59.164073,-65.631836
161.51000,-59.164073,-65.631836
161.52000,-59.164073,-65.631836
161.53000,-59.164073,-65.631836
161.54000,-59.164073,-65.631836
161.55000,-59.164073,-65.631836
161.56000,-59.164073,-65.631836
161.57000,-59.164073,-65.631836
161.58000,-59.164073,-65.631836
161.59000,-59.164073,-65.631836
161.60000,-59.164073,-65.631836
161.61000,-59.164073,-65.631836
161.62000,-59.164073,-65.631836
161.63000,-59.164073,-65.631836
161.64000,-59.164073,-65.631836
161.65000,-59.164073,-65.631836
161.66000,-59.164073,-65.631836
161.67000,-59.164073,-65.631836
161.68000,-59.164073,-65.631836
161.69000,-59.164073,-65.631836
161.70000,-59.164073,-65.631836
161.71000,-59.164073,-65.631836
161.72000,-59.164073,-65.631836
161.73000,-59.164073,-65.631836
161.74000,-59.164073,-65.631836
161.75000,-59.164073,-65.631836
161.76000,-59.164073,-65.631836
161.77000,-59.164073,-65.631836
161.78000,-59.164073,-65.631836
161.79000,-59.164073,-65.631836
161.80000,-59.164073,-65.631836
161.81000,-59.164073,-65.631836
161.82000,-59.164073,-65.631836
161.83000,-59.164073,-65.631836
161.84000,-59.164073,-65.631836
161.85000,-59.164073,-65.631836
161.86000,-59.164073,-65.631836
161.87000,-59.164073,-65.631836
161.88000,-59.164073,-65.631836
161.89000,-59.164073,-65.631836
161.90000,-59.164073,-65.631836
161.91000,-59.164073,-65.631836
161.92000,-59.164073,-65.631836
161.93000,-59.164073,-65.631836
161.94000,-59.164073,-65.631836
161.95000,-59.164073,-65.631836
161.96000,-59.164073,-65.631836
161.97000,-59.164073,-65.631836
161.98000,-59.164073,-65.631836
161.99000,-59.164073,-65.631836
162.00000,-59.164073,-65.631836
162.01000,-59.164073,-65.631836
162.02000,-59.164073,-65.631836
162.03000,-59.164073,-65.631836
162.04000,-59.164073,-65.631836
162.05000,-59.164073,-65.631836
162.06000,-59.164073,-65.631836
162.07000,-59.164073,-65.631836
162.08000,-59.164073,-65.631836
162.09000,-59.164073,-65.631836
162.10000,-59.164073,-65.631836
162.11000,-59.164073,-65.631836
162.12000,-59.164073,-65.631836
162.13000,-59.164073,-65.631836
162.14000,-59.164073,-65.631836
162.15000,-59.164073,-65.631836
162.16000,-59.164073,-65.631836
162.17000,-59.164073,-65.631836
162.18000,-59.164073,-65.631836
162.19000,-59.164073,-65.631836
162.20000,-59.164073,-65.631836
162.21000,-59.164073,-65.631836
162.22000,-59.164073,-65.631836
162.23000,-59.164073,-65.631836
162.24000,-59.164073,-65.631836
162.25000,-59.164073,-65.631836
162.26000,-59.164073,-65.631836
162.27000,-59.164073,-65.631836
162.28000,-59.164073,-65.631836
162.29000,-59.164073,-65.631836
162.30000,-59.164073,-65.631836
162.31000,-59.164073,-65.631836
162.32000,-59.164073,-65.631836
162.33000,-59.164073,-65.631836
162.34000,-59.164073,-65.631836
162.35000,-59.164073,-65.631836
162.36000,-59.164073,-65.631836
162.37000,-59.164073,-65.631836
162.38000,-59.164073,-65.631836
162.39000,-59.164073,-65.631836
162.40000,-59.164073,-65.631836
162.41000,-59.164073,-65.631836
162.42000,-59.164073,-65.631836
162.43000,-59.164073,-65.631836
162.44000,-59.164073,-65.631836
162.45000,-59.164073,-65.631836
162.46000,-59.164073,-65.631836
162.47000,-59.164073,-65.631836
162.48000,-59.164073,-65.631836
162.49000,-59.164073,-65.631836
162.50000,-59.164073,-65.631836
162.51000,-59.164073,-65.631836
162.52000,-59.164073,-65.631836
162.53000,-59.164073,-65.631836
162.54000,-59.164073,-65.631836
162.55000,-59.164073,-65.631836
162.56000,-59.164073,-65.631836
162.57000,-59.164073,-65.631836
162.58000,-59.164073,-65.631836
162.59000,-59.164073,-65.631836
162.60000,-59.164073,-65.631836
162.61000,-59.164073,-65.631836
162.62000,-59.164073,-65.631836
162.63000,-59.164073,-65.631836
162.64000,-59.164073,-65.631836
162.65000,-59.164073,-65.631836
162.66000,-59.164073,-65.631836
162.67000,-59.164073,-65.631836
162.68000,-59.164073,-65.631836
162.69000,-59.164073,-65.631836
162.70000,-59.164073,-65.631836
162.71000,-59.164073,-65.631836
162.72000,-59.164073,-65.631836
162.73000,-59.164073,-65.631836
162.74000,-59.164073,-65.631836
162.75000,-59.164073,-65.631836
162.76000,-59.164073,-65.631836
162.77000,-59.164073,-65.631836
162.78000,-59.164073,-65.631836
162.79000,-59.164073,-65.631836
162.80000,-59.164073,-65.631836
162.81000,-59.164073,-65.631836
162.82000,-59.164073,-65.631836
162.83000,-59.164073,-65.631836
162.84000,-59.164073,-65.631836
162.85000,-59.164073,-65.631836
162.86000,-59.164073,-65.631836
162.87000,-59.164073,-65.631836
162.88000,-59.164073,-65.631836
162.89000,-59.164073,-65.631836
162.90000,-59.164073,-65.631836
162.91000,-59.164073,-65.631836
162.92000,-59.164073,-65.631836
162.93000,-59.164073,-65.631836
162.94000,-59.164073,-65.631836
162.95000,-59.164073,-65.631836
162.96000,-59.164073,-65.631836
162.97000,-59.164073,-65.631836
162.98000,-59.164073,-65.631836
162.99000,-59.164073,-65.631836
163.00000,-59.164073,-65.631836
163.01000,-59.164073,-65.631836
163.02000,-59.164073,-65.631836
163.03000,-59.164073,-65.631836
163.04000,-59.164073,-65.631836
163.05000,-59.164073,-65.631836
163.06000,-59.164073,-65.631836
163.07000,-59.164073,-65.631836
163.08000,-59.164073,-65.631836
163.09000,-59.164073,-65.631836
163.10000,-59.164073,-65.631836
163.11000,-59.164073,-65.631836
163.12000,-59.164073,-65.631836
163.13000,-59.164073,-65.631836
163.14000,-59.164073,-65.631836
163.15000,-59.164073,-65.631836
163.16000,-59.164073,-65.631836
163.17000,-59.164073,-65.631836
163.18000,-59.164073,-65.631836
163.19000,-59.164073,-65.631836
163.20000,-59.164073,-65.631836
163.21000,-59.164073,-65.631836
163.22000,-59.164073,-65.631836
163.23000,-59.164073,-65.631836
163.24000,-59.164073,-65.631836
163.25000,-59.164073,-65.631836
163.26000,-59.164073,-65.631836
163.27000,-59.164073,-65.631836
163.28000,-59.164073,-65.631836
163.29000,-59.164073,-65.631836
163.30000,-59.164073,-65.631836
163.31000,-59.164073,-65.631836
163.32000,-59.164073,-65.631836
163.33000,-59.164073,-65.631836
163.34000,-59.164073,-65.631836
163.35000,-59.164073,-65.631836
163.36000,-59.164073,-65.631836
163.37000,-59.164073,-65.631836
163.38000,-59.164073,-65.631836
163.39000,-59.164073,-65.631836
163.40000,-59.164073,-65.631836
163.41000,-59.164073,-65.631836
163.42000,-59.164073,-65.631836
163.43000,-59.164073,-65.631836
163.44000,-59.164073,-65.631836
163.45000,-59.164073,-65.631836
163.46000,-59.164073,-65.631836
163.47000,-59.164073,-65.631836
163.48000,-59.164073,-65.631836
163.49000,-59.164073,-65.631836
163.50000,-59.164073,-65.631836
163.51000,-59.164073,-65.631836
163.52000,-59.164073,-65.631836
163.53000,-59.164073,-65.631836
163.54000,-59.164073,-65.631836
163.55000,-59.164073,-65.631836
163.56000,-59.164073,-65.631836
163.57000,-59.164073,-65.631836
163.58000,-59.164073,-65.631836
163.59000,-59.164073,-65.631836
163.60000,-59.164073,-65.631836
163.61000,-59.164073,-65.631836
163.62000,-59.164073,-65.631836
163.63000,-59.164073,-65.631836
163.64000,-59.164073,-65.631836
163.65000,-59.164073,-65.631836
163.66000,-59.164073,-65.631836
163.67000,-59.164073,-65.631836
163.68000,-59.164073,-65.631836
163.69000,-59.164073,-65.631836
163.70000,-59.164073,-65.631836
163.71000,-59.164073,-65.631836
163.72000,-59.164073,-65.631836
163.73000,-59.164073,-65.631836
163.74000,-59.164073,-65.631836
163.75000,-59.164073,-65.631836
163.76000,-59.164073,-65.631836
163.77000,-59.164073,-65.631836
163.78000,-59.164073,-65.631836
163.79000,-59.164073,-65.631836
163.80000,-59.164073,-65.631836
163.81000,-59.164073,-65.631836
163.82000,-59.164073,-65.631836
163.83000,-59.164073,-65.631836
163.84000,-59.164073,-65.631836
163.85000,-59.164073,-65.631836
163.86000,-59.164073,-65.631836
163.87000,-59.164073,-65.631836
163.88000,-59.164073,-65.631836
163.89000,-59.164073,-65.631836
163.90000,-59.164073,-65.631836
163.91000,-59.164073,-65.631836
163.92000,-59.164073,-65.631836
163.93000,-59.164073,-65.631836
163.94000,-59.164073,-65.631836
163.95000,-59.164073,-65.631836
163.96000,-59.164073,-65.631836
163.97000,-59.164073,-65.631836
163.98000,-59.164073,-65.631836
163.99000,-59.164073,-65.631836
164.00000,-59.164073,-65.631836
164.01000,-59.164073,-65.631836
164.02000,-59.164073,-65.631836
164.03000,-59.164073,-65.631836
164.04000,-59.164073,-65.631836
164.05000,-59.164073,-65.631836
164.06000,-59.164073,-65.631836
164.07000,-59.164073,-65.631836
164.08000,-59.164073,-65.631836
164.09000,-59.164073,-65.631836
164.10000,-59.164073,-65.631836
164.11000,-59.164073,-65.631836
164.12000,-59.164073,-65.631836
164.13000,-59.164073,-65.631836
164.14000,-59.164073,-65.631836
164.15000,-59.164073,-65.631836
164.16000,-59.164073,-65.631836
164.17000,-59.164073,-65.631836
164.18000,-59.164073,-65.631836
164.19000,-59.164073,-65.631836
164.20000,-59.164073,-65.631836
164.21000,-59.164073,-65.631836
164.22000,-59.164073,-65.631836
164.23000,-59.164073,-65.631836
164.24000,-59.164073,-65.631836
164.25000,-59.164073,-65.631836
164.26000,-59.164073,-65.631836
164.27000,-59.164073,-65.631836
164.28000,-59.164073,-65.631836
164.29000,-59.164073,-65.631836
164.30000,-59.164073,-65.631836
164.31000,-59.164073,-65.631836
164.32000,-59.164073,-65.631836
164.33000,-59.164073,-65.631836
164.34000,-59.164073,-65.631836
164.35000,-59.164073,-65.631836
164.36000,-59.164073,-65.631836
164.37000,-59.164073,-65.631836
164.38000,-59.164073,-65.631836
164.39000,-59.164073,-65.631836
164.40000,-59.164073,-65.631836
164.41000,-59.164073,-65.631836
164.42000,-59.164073,-65.631836
164.43000,-59.164073,-65.631836
164.44000,-59.164073,-65.631836
164.45000,-59.164073,-65.631836
164.46000,-59.164073,-65.631836
164.47000,-59.164073,-65.631836
164.48000,-59.164073,-65.631836
164.49000,-59.164073,-65.631836
164.50000,-59.164073,-65.631836
164.51000,-59.164073,-65.631836
164.52000,-59.164073,-65.631836
164.53000,-59.164073,-65.631836
164.54000,-59.164073,-65.631836
164.55000,-59.164073,-65.631836
164.56000,-59.164073,-65.631836
164.57000,-59.164073,-65.631836
164.58000,-59.164073,-65.631836
164.59000,-59.164073,-65.631836
164.60000,-59.164073,-65.631836
164.61000,-59.164073,-65.631836
164.62000,-59.164073,-65.631836
164.63000,-59.164073,-65.631836
164.64000,-59.164073,-65.631836
164.65000,-59.164073,-65.631836
164.66000,-59.164073,-65.631836
164.67000,-59.164073,-65.631836
164.68000,-59.164073,-65.631836
164.69000,-59.164073,-65.631836
164.70000,-59.164073,-65.631836
164.71000,-59.164073,-65.631836
164.72000,-59.164073,-65.631836
164.73000,-59.164073,-65.631836
164.74000,-59.164073,-65.631836
164.75000,-59.164073,-65.631836
164.76000,-59.164073,-65.631836
164.77000,-59.164073,-65.631836
164.78000,-59.164073,-65.631836
164.79000,-59.164073,-65.631836
164.80000,-59.164073,-65.631836
164.81000,-59.164073,-65.631836
164.82000,-59.164073,-65.631836
164.83000,-59.164073,-65.631836
164.84000,-59.164073,-65.631836
164.85000,-59.164073,-65.631836
164.86000,-59.164073,-65.631836
164.87000,-59.164073,-65.631836
164.88000,-59.164073,-65.631836
164.89000,-59.164073,-65.631836
164.90000,-59.164073,-65.631836
164.91000,-59.164073,-65.631836
164.92000,-59.164073,-65.631836
164.93000,-59.164073,-65.631836
164.94000,-59.164073,-65.631836
164.95000,-59.164073,-65.631836
164.96000,-59.164073,-65.631836
164.97000,-59.164073,-65.631836
164.98000,-59.164073,-65.631836
164.99000,-59.164073,-65.631836
165.00000,-59.164073,-65.631836
165.01000,-59.164073,-65.631836
165.02000,-59.164073,-65.631836
165.03000,-59.164073,-65.631836
165.04000,-59.164073,-65.631836
165.05000,-59.164073,-65.631836
165.06000,-59.164073,-65.631836
165.07000,-59.164073,-65.631836
165.08000,-59.164073,-65.631836
165.09000,-59.164073,-65.631836
165.10000,-59.164073,-65.631836
165.11000,-59.164073,-65.631836
165.12000,-59.164073,-65.631836
165.13000,-59.164073,-65.631836
165.14000,-59.164073,-65.631836
165.15000,-59.164073,-65.631836
165.16000,-59.164073,-65.631836
165.17000,-59.164073,-65.631836
165.18000,-59.164073,-65.631836
165.19000,-59.164073,-65.631836
165.20000,-59.164073,-65.631836
165.21000,-59.164073,-65.631836
165.22000,-59.164073,-65.631836
165.23000,-59.164073,-65.631836
165.24000,-59.164073,-65.631836
165.25000,-59.164073,-65.631836
165.26000,-59.164073,-65.631836
165.27000,-59.164073,-65.631836
165.28000,-59.164073,-65.631836
165.29000,-59.164073,-65.631836
165.30000,-59.164073,-65.631836
165.31000,-59.164073,-65.631836
165.32000,-59.164073,-65.631836
165.33000,-59.164073,-65.631836
165.34000,-59.164073,-65.631836
165.35000,-59.164073,-65.631836
165.36000,-59.164073,-65.631836
165.37000,-59.164073,-65.631836
165.38000,-59.164073,-65.631836
165.39000,-59.164073,-65.631836
165.40000,-59.164073,-65.631836
165.41000,-59.164073,-65.631836
165.42000,-59.164073,-65.631836
165.43000,-59.164073,-65.631836
165.44000,-59.164073,-65.631836
165.45000,-59.164073,-65.631836
165.46000,-59.164073,-65.631836
165.47000,-59.164073,-65.631836
165.48000,-59.164073,-65.631836
165.49000,-59.164073,-65.631836
165.50000,-59.164073,-65.631836
165.51000,-59.164073,-65.631836
165.52000,-59.164073,-65.631836
165.53000,-59.164073,-65.631836
165.54000,-59.164073,-65.631836
165.55000,-59.164073,-65.631836
165.56000,-59.164073,-65.631836
165.57000,-59.164073,-65.631836
165.58000,-59.164073,-65.631836
165.59000,-59.164073,-65.631836
165.60000,-59.164073,-65.631836
165.61000,-59.164073,-65.631836
165.62000,-59.164073,-65.631836
165.63000,-59.164073,-65.631836
165.64000,-59.164073,-65.631836
165.65000,-59.164073,-65.631836
165.66000,-59.164073,-65.631836
165.67000,-59.164073,-65.631836
165.68000,-59.164073,-65.631836
165.69000,-59.164073,-65.631836
165.70000,-59.164073,-65.631836
165.71000,-59.164073,-65.631836
165.72000,-59.164073,-65.631836
165.73000,-59.164073,-65.631836
165.74000,-59.164073,-65.631836
165.75000,-59.164073,-65.631836
165.76000,-59.164073,-65.631836
165.77000,-59.164073,-65.631836
165.78000,-59.164073,-65.631836
165.79000,-59.164073,-65.631836
165.80000,-59.164073,-65.631836
165.81000,-59.164073,-65.631836
165.82000,-59.164073,-65.631836
165.83000,-59.164073,-65.631836
165.84000,-59.164073,-65.631836
165.85000,-59.164073,-65.631836
165.86000,-59.164073,-65.631836
165.87000,-59.164073,-65.631836
165.88000,-59.164073,-65.631836
165.89000,-59.164073,-65.631836
165.90000,-59.164073,-65.631836
165.91000,-59.164073,-65.631836
165.92000,-59.164073,-65.631836
165.93000,-59.164073,-65.631836
165.94000,-59.164073,-65.631836
165.95000,-59.164073,-65.631836
165.96000,-59.164073,-65.631836
165.97000,-59.164073,-65.631836
165.98000,-59.164073,-65.631836
165.99000,-59.164073,-65.631836
166.00000,-59.164073,-65.631836
166.01000,-59.164073,-65.631836
166.02000,-59.164073,-65.631836
166.03000,-59.164073,-65.631836
166.04000,-59.164073,-65.631836
166.05000,-59.164073,-65.631836
166.06000,-59.164073,-65.631836
166.07000,-59.164073,-65.631836
166.08000,-59.164073,-65.631836
166.09000,-59.164073,-65.631836
166.10000,-59.164073,-65.631836
166.11000,-59.164073,-65.631836
166.12000,-59.164073,-65.631836
166.13000,-59.164073,-65.631836
166.14000,-59.164073,-65.631836
166.15000,-59.164073,-65.631836
166.16000,-59.164073,-65.631836
166.17000,-59.164073,-65.631836
166.18000,-59.164073,-65.631836
166.19000,-59.164073,-65.631836
166.20000,-59.164073,-65.631836
166.21000,-59.164073,-65.631836
166.22000,-59.164073,-65.631836
166.23000,-59.164073,-65.631836
166.24000,-59.164073,-65.631836
166.25000,-59.164073,-65.631836
166.26000,-59.164073,-65.631836
166.27000,-59.164073,-65.631836
166.28000,-59.164073,-65.631836
166.29000,-59.164073,-65.631836
166.30000,-59.164073,-65.631836
166.31000,-59.164073,-65.631836
166.32000,-59.164073,-65.631836
166.33000,-59.164073,-65.631836
166.34000,-59.164073,-65.631836
166.35000,-59.164073,-65.631836
166.36000,-59.164073,-65.631836
166.37000,-59.164073,-65.631836
166.38000,-59.164073,-65.631836
166.39000,-59.164073,-65.631836
166.40000,-59.164073,-65.631836
166.41000,-59.164073,-65.631836
166.42000,-59.164073,-65.631836
166.43000,-59.164073,-65.631836
166.44000,-59.164073,-65.631836
166.45000,-59.164073,-65.631836
166.46000,-59.164073,-65.631836
166.47000,-59.164073,-65.631836
166.48000,-59.164073,-65.631836
166.49000,-59.164073,-65.631836
166.50000,-59.164073,-65.631836
166.51000,-59.164073,-65.631836
166.52000,-59.164073,-65.631836
166.53000,-59.164073,-65.631836
166.54000,-59.164073,-65.631836
166.55000,-59.164073,-65.631836
166.56000,-59.164073,-65.631836
166.57000,-59.164073,-65.631836
166.58000,-59.164073,-65.631836
166.59000,-59.164073,-65.631836
166.60000,-59.164073,-65.631836
166.61000,-59.164073,-65.631836
166.62000,-59.164073,-65.631836
166.63000,-59.164073,-65.631836
166.64000,-59.164073,-65.631836
166.65000,-59.164073,-65.631836
166.66000,-59.164073,-65.631836
166.67000,-59.164073,-65.631836
166.68000,-59.164073,-65.631836
166.69000,-59.164073,-65.631836
166.70000,-59.164073,-65.631836
166.71000,-59.164073,-65.631836
166.72000,-59.164073,-65.631836
166.73000,-59.164073,-65.631836
166.74000,-59.164073,-65.631836
166.75000,-59.164073,-65.631836
166.76000,-59.164073,-65.631836
166.77000,-59.164073,-65.631836
166.78000,-59.164073,-65.631836
166.79000,-59.164073,-65.631836
166.80000,-59.164073,-65.631836
166.81000,-59.164073,-65.631836
166.82000,-59.164073,-65.631836
166.83000,-59.164073,-65.631836
166.84000,-59.164073,-65.631836
166.85000,-59.164073,-65.631836
166.86000,-59.164073,-65.631836
166.87000,-59.164073,-65.631836
166.88000,-59.164073,-65.631836
166.89000,-59.164073,-65.631836
166.90000,-59.164073,-65.631836
166.91000,-59.164073,-65.631836
166.92000,-59.164073,-65.631836
166.93000,-59.164073,-65.631836
166.94000,-59.164073,-65.631836
166.95000,-59.164073,-65.631836
166.96000,-59.164073,-65.631836
166.97000,-59.164073,-65.631836
166.98000,-59.164073,-65.631836
166.99000,-59.164073,-65.631836
167.00000,-59.164073,-65.631836
167.01000,-59.164073,-65.631836
167.02000,-59.164073,-65.631836
167.03000,-59.164073,-65.631836
167.04000,-59.164073,-65.631836
167.05000,-59.164073,-65.631836
167.06000,-59.164073,-65.631836
167.07000,-59.164073,-65.631836
167.08000,-59.164073,-65.631836
167.09000,-59.164073,-65.631836
167.10000,-59.164073,-65.631836
167.11000,-59.164073,-65.631836
167.12000,-59.164073,-65.631836
167.13000,-59.164073,-65.631836
167.14000,-59.164073,-65.631836
167.15000,-59.164073,-65.631836
167.16000,-59.164073,-65.631836
167.17000,-59.164073,-65.631836
167.18000,-59.164073,-65.631836
167.19000,-59.164073,-65.631836
167.20000,-59.164073,-65.631836
167.21000,-59.164073,-65.631836
167.22000,-59.164073,-65.631836
167.23000,-59.164073,-65.631836
167.24000,-59.164073,-65.631836
167.25000,-59.164073,-65.631836
167.26000,-59.164073,-65.631836
167.27000,-59.164073,-65.631836
167.28000,-59.164073,-65.631836
167.29000,-59.164073,-65.631836
167.30000,-59.164073,-65.631836
167.31000,-59.164073,-65.631836
167.32000,-59.164073,-65.631836
167.33000,-59.164073,-65.631836
167.34000,-59.164073,-65.631836
167.35000,-59.164073,-65.631836
167.36000,-59.164073,-65.631836
167.37000,-59.164073,-65.631836
167.38000,-59.164073,-65.631836
167.39000,-59.164073,-65.631836
167.40000,-59.164073,-65.631836
167.41000,-59.164073,-65.631836
167.42000,-59.164073,-65.631836
167.43000,-59.164073,-65.631836
167.44000,-59.164073,-65.631836
167.45000,-59.164073,-65.631836
167.46000,-59.164073,-65.631836
167.47000,-59.164073,-65.631836
167.48000,-59.164073,-65.631836
167.49000,-59.164073,-65.631836
167.50000,-59.164073,-65.631836
167.51000,-59.164073,-65.631836
167.52000,-59.164073,-65.631836
167.53000,-59.164073,-65.631836
167.54000,-59.164073,-65.631836
167.55000,-59.164073,-65.631836
167.56000,-59.164073,-65.631836
167.57000,-59.164073,-65.631836
167.58000,-59.164073,-65.631836
167.59000,-59.164073,-65.631836
167.60000,-59.164073,-65.631836
167.61000,-59.164073,-65.631836
167.62000,-59.164073,-65.631836
167.63000,-59.164073,-65.631836
167.64000,-59.164073,-65.631836
167.65000,-59.164073,-65.631836
167.66000,-59.164073,-65.631836
167.67000,-59.164073,-65.631836
167.68000,-59.164073,-65.631836
167.69000,-59.164073,-65.631836
167.70000,-59.164073,-65.631836
167.71000,-59.164073,-65.631836
167.72000,-59.164073,-65.631836
167.73000,-59.164073,-65.631836
167.74000,-59.164073,-65.631836
167.75000,-59.164073,-65.631836
167.76000,-59.164073,-65.631836
167.77000,-59.164073,-65.631836
167.78000,-59.164073,-65.631836
167.79000,-59.164073,-65.631836
167.80000,-59.164073,-65.631836
167.81000,-59.164073,-65.631836
167.82000,-59.164073,-65.631836
167.83000,-59.164073,-65.631836
167.84000,-59.164073,-65.631836
167.85000,-59.164073,-65.631836
167.86000,-59.164073,-65.631836
167.87000,-59.164073,-65.631836
167.88000,-59.164073,-65.631836
167.89000,-59.164073,-65.631836
167.90000,-59.164073,-65.631836
167.91000,-59.164073,-65.631836
167.92000,-59.164073,-65.631836
167.93000,-59.164073,-65.631836
167.94000,-59.164073,-65.631836
167.95000,-59.164073,-65.631836
167.96000,-59.164073,-65.631836
167.97000,-59.164073,-65.631836
167.98000,-59.164073,-65.631836
167.99000,-59.164073,-65.631836
168.00000,-59.164073,-65.631836
168.01000,-59.164073,-65.631836
168.02000,-59.164073,-65.631836
168.03000,-59.164073,-65.631836
168.04000,-59.164073,-65.631836
168.05000,-59.164073,-65.631836
168.06000,-59.164073,-65.631836
168.07000,-59.164073,-65.631836
168.08000,-59.164073,-65.631836
168.09000,-59.164073,-65.631836
168.10000,-59.164073,-65.631836
168.11000,-59.164073,-65.631836
168.12000,-59.164073,-65.631836
168.13000,-59.164073,-65.631836
168.14000,-59.164073,-65.631836
168.15000,-59.164073,-65.631836
168.16000,-59.164073,-65.631836
168.17000,-59.164073,-65.631836
168.18000,-59.164073,-65.631836
168.19000,-59.164073,-65.631836
168.20000,-59.164073,-65.631836
168.21000,-59.164073,-65.631836
168.22000,-59.164073,-65.631836
168.23000,-59.164073,-65.631836
168.24000,-59.164073,-65.631836
168.25000,-59.164073,-65.631836
168.26000,-59.164073,-65.631836
168.27000,-59.164073,-65.631836
168.28000,-59.164073,-65.631836
168.29000,-59.164073,-65.631836
168.30000,-59.164073,-65.631836
168.31000,-59.164073,-65.631836
168.32000,-59.164073,-65.631836
168.33000,-59.164073,-65.631836
168.34000,-59.164073,-65.631836
168.35000,-59.164073,-65.631836
168.36000,-59.164073,-65.631836
168.37000,-59.164073,-65.631836
168.38000,-59.164073,-65.631836
168.39000,-59.164073,-65.631836
168.40000,-59.164073,-65.631836
168.41000,-59.164073,-65.631836
168.42000,-59.164073,-65.631836
168.43000,-59.164073,-65.631836
168.44000,-59.164073,-65.631836
168.45000,-59.164073,-65.631836
168.46000,-59.164073,-65.631836
168.47000,-59.164073,-65.631836
168.48000,-59.164073,-65.631836
168.49000,-59.164073,-65.631836
168.50000,-59.164073,-65.631836
168.51000,-59.164073,-65.631836
168.52000,-59.164073,-65.631836
168.53000,-59.164073,-65.631836
168.54000,-59.164073,-65.631836
168.55000,-59.164073,-65.631836
168.56000,-59.164073,-65.631836
168.57000,-59.164073,-65.631836
168.58000,-59.164073,-65.631836
168.59000,-59.164073,-65.631836
168.60000,-59.164073,-65.631836
168.61000,-59.164073,-65.631836
168.62000,-59.164073,-65.631836
168.63000,-59.164073,-65.631836
168.64000,-59.164073,-65.631836
168.65000,-59.164073,-65.631836
168.66000,-59.164073,-65.631836
168.67000,-59.164073,-65.631836
168.68000,-59.164073,-65.631836
168.69000,-59.164073,-65.631836
168.70000,-59.164073,-65.631836
168.71000,-59.164073,-65.631836
168.72000,-59.164073,-65.631836
168.73000,-59.164073,-65.631836
168.74000,-59.164073,-65.631836
168.75000,-59.164073,-65.631836
168.76000,-59.164073,-65.631836
168.77000,-59.164073,-65.631836
168.78000,-59.164073,-65.631836
168.79000,-59.164073,-65.631836
168.80000,-59.164073,-65.631836
168.81000,-59.164073,-65.631836
168.82000,-59.164073,-65.631836
168.83000,-59.164073,-65.631836
168.84000,-59.164073,-65.631836
168.85000,-59.164073,-65.631836
168.86000,-59.164073,-65.631836
168.87000,-59.164073,-65.631836
168.88000,-59.164073,-65.631836
168.89000,-59.164073,-65.631836
168.90000,-59.164073,-65.631836
168.91000,-59.164073,-65.631836
168.92000,-59.164073,-65.631836
168.93000,-59.164073,-65.631836
168.94000,-59.164073,-65.631836
168.95000,-59.164073,-65.631836
168.96000,-59.164073,-65.631836
168.97000,-59.164073,-65.631836
168.98000,-59.164073,-65.631836
168.99000,-59.164073,-65.631836
169.00000,-59.164073,-65.631836
169.01000,-59.164073,-65.631836
169.02000,-59.164073,-65.631836
169.03000,-59.164073,-65.631836
169.04000,-59.164073,-65.631836
169.05000,-59.164073,-65.631836
169.06000,-59.164073,-65.631836
169.07000,-59.164073,-65.631836
169.08000,-59.164073,-65.631836
169.09000,-59.164073,-65.631836
169.10000,-59.164073,-65.631836
169.11000,-59.164073,-65.631836
169.12000,-59.164073,-65.631836
169.13000,-59.164073,-65.631836
169.14000,-59.164073,-65.631836
169.15000,-59.164073,-65.631836
169.16000,-59.164073,-65.631836
169.17000,-59.164073,-65.631836
169.18000,-59.164073,-65.631836
169.19000,-59.164073,-65.631836
169.20000,-59.164073,-65.631836
169.21000,-59.164073,-65.631836
169.22000,-59.164073,-65.631836
169.23000,-59.164073,-65.631836
169.24000,-59.164073,-65.631836
169.25000,-59.164073,-65.631836
169.26000,-59.164073,-65.631836
169.27000,-59.164073,-65.631836
169.28000,-59.164073,-65.631836
169.29000,-59.164073,-65.631836
169.30000,-59.164073,-65.631836
169.31000,-59.164073,-65.631836
169.32000,-59.164073,-65.631836
169.33000,-59.164073,-65.631836
169.34000,-59.164073,-65.631836
169.35000,-59.164073,-65.631836
169.36000,-59.164073,-65.631836
169.37000,-59.164073,-65.631836
169.38000,-59.164073,-65.631836
169.39000,-59.164073,-65.631836
169.40000,-59.164073,-65.631836
169.41000,-59.164073,-65.631836
169.42000,-59.164073,-65.631836
169.43000,-59.164073,-65.631836
169.44000,-59.164073,-65.631836
169.45000,-59.164073,-65.631836
169.46000,-59.164073,-65.631836
169.47000,-59.164073,-65.631836
169.48000,-59.164073,-65.631836
169.49000,-59.164073,-65.631836
169.50000,-59.164073,-65.631836
169.51000,-59.164073,-65.631836
169.52000,-59.164073,-65.631836
169.53000,-59.164073,-65.631836
169.54000,-59.164073,-65.631836
169.55000,-59.164073,-65.631836
169.56000,-59.164073,-65.631836
169.57000,-59.164073,-65.631836
169.58000,-59.164073,-65.631836
169.59000,-59.164073,-65.631836
169.60000,-59.164073,-65.631836
169.61000,-59.164073,-65.631836
169.62000,-59.164073,-65.631836
169.63000,-59.164073,-65.631836
169.64000,-59.164073,-65.631836
169.65000,-59.164073,-65.631836
169.66000,-59.164073,-65.631836
169.67000,-59.164073,-65.631836
169.68000,-59.164073,-65.631836
169.69000,-59.164073,-65.631836
169.70000,-59.164073,-65.631836
169.71000,-59.164073,-65.631836
169.72000,-59.164073,-65.631836
169.73000,-59.164073,-65.631836
169.74000,-59.164073,-65.631836
169.75000,-59.164073,-65.631836
169.76000,-59.164073,-65.631836
169.77000,-59.164073,-65.631836
169.78000,-59.164073,-65.631836
169.79000,-59.164073,-65.631836
169.80000,-59.164073,-65.631836
169.81000,-59.164073,-65.631836
169.82000,-59.164073,-65.631836
169.83000,-59.164073,-65.631836
169.84000,-59.164073,-65.631836
169.85000,-59.164073,-65.631836
169.86000,-59.164073,-65.631836
169.87000,-59.164073,-65.631836
169.88000,-59.164073,-65.631836
169.89000,-59.164073,-65.631836
169.90000,-59.164073,-65.631836
169.91000,-59.164073,-65.631836
169.92000,-59.164073,-65.631836
169.93000,-59.164073,-65.631836
169.94000,-59.164073,-65.631836
169.95000,-59.164073,-65.631836
169.96000,-59.164073,-65.631836
169.97000,-59.164073,-65.631836
169.98000,-59.164073,-65.631836
169.99000,-59.164073,-65.631836
170.00000,-59.164073,-65.631836
170.01000,-59.164073,-65.631836
170.02000,-59.164073,-65.631836
170.03000,-59.164073,-65.631836
170.04000,-59.164073,-65.631836
170.05000,-59.164073,-65.631836
170.06000,-59.164073,-65.631836
170.07000,-59.164073,-65.631836
170.08000,-59.164073,-65.631836
170.09000,-59.164073,-65.631836
170.10000,-59.164073,-65.631836
170.11000,-59.164073,-65.631836
170.12000,-59.164073,-65.631836
170.13000,-59.164073,-65.631836
170.14000,-59.164073,-65.631836
170.15000,-59.164073,-65.631836
170.16000,-59.164073,-65.631836
170.17000,-59.164073,-65.631836
170.18000,-59.164073,-65.631836
170.19000,-59.164073,-65.631836
170.20000,-59.164073,-65.631836
170.21000,-59.164073,-65.631836
170.22000,-59.164073,-65.631836
170.23000,-59.164073,-65.631836
170.24000,-59.164073,-65.631836
170.25000,-59.164073,-65.631836
170.26000,-59.164073,-65.631836
170.27000,-59.164073,-65.631836
170.28000,-59.164073,-65.631836
170.29000,-59.164073,-65.631836
170.30000,-59.164073,-65.631836
170.31000,-59.164073,-65.631836
170.32000,-59.164073,-65.631836
170.33000,-59.164073,-65.631836
170.34000,-59.164073,-65.631836
170.35000,-59.164073,-65.631836
170.36000,-59.164073,-65.631836
170.37000,-59.164073,-65.631836
170.38000,-59.164073,-65.631836
170.39000,-59.164073,-65.631836
170.40000,-59.164073,-65.631836
170.41000,-59.164073,-65.631836
170.42000,-59.164073,-65.631836
170.43000,-59.164073,-65.631836
170.44000,-59.164073,-65.631836
170.45000,-59.164073,-65.631836
170.46000,-59.164073,-65.631836
170.47000,-59.164073,-65.631836
170.48000,-59.164073,-65.631836
170.49000,-59.164073,-65.631836
170.50000,-59.164073,-65.631836
170.51000,-59.164073,-65.631836
170.52000,-59.164073,-65.631836
170.53000,-59.164073,-65.631836
170.54000,-59.164073,-65.631836
170.55000,-59.164073,-65.631836
170.56000,-59.164073,-65.631836
170.57000,-59.164073,-65.631836
170.58000,-59.164073,-65.631836
170.59000,-59.164073,-65.631836
170.60000,-59.164073,-65.631836
170.61000,-59.164073,-65.631836
170.62000,-59.164073,-65.631836
170.63000,-59.164073,-65.631836
170.64000,-59.164073,-65.631836
170.65000,-59.164073,-65.631836
170.66000,-59.164073,-65.631836
170.67000,-59.164073,-65.631836
170.68000,-59.164073,-65.631836
170.69000,-59.164073,-65.631836
170.70000,-59.164073,-65.631836
170.71000,-59.164073,-65.631836
170.72000,-59.164073,-65.631836
170.73000,-59.164073,-65.631836
170.74000,-59.164073,-65.631836
170.75000,-59.164073,-65.631836
170.76000,-59.164073,-65.631836
170.77000,-59.164073,-65.631836
170.78000,-59.164073,-65.631836
170.79000,-59.164073,-65.631836
170.80000,-59.164073,-65.631836
170.81000,-59.164073,-65.631836
170.82000,-59.164073,-65.631836
170.83000,-59.164073,-65.631836
170.84000,-59.164073,-65.631836
170.85000,-59.164073,-65.631836
170.86000,-59.164073,-65.631836
170.87000,-59.164073,-65.631836
170.88000,-59.164073,-65.631836
170.89000,-59.164073,-65.631836
170.90000,-59.164073,-65.631836
170.91000,-59.164073,-65.631836
170.92000,-59.164073,-65.631836
170.93000,-59.164073,-65.631836
170.94000,-59.164073,-65.631836
170.95000,-59.164073,-65.631836
170.96000,-59.164073,-65.631836
170.97000,-59.164073,-65.631836
170.98000,-59.164073,-65.631836
170.99000,-59.164073,-65.631836
171.00000,-59.164073,-65.631836
171.01000,-59.164073,-65.631836
171.02000,-59.164073,-65.631836
171.03000,-59.164073,-65.631836
171.04000,-59.164073,-65.631836
171.05000,-59.164073,-65.631836
171.06000,-59.164073,-65.631836
171.07000,-59.164073,-65.631836
171.08000,-59.164073,-65.631836
171.09000,-59.164073,-65.631836
171.10000,-59.164073,-65.631836
171.11000,-59.164073,-65.631836
171.12000,-59.164073,-65.631836
171.13000,-59.164073,-65.631836
171.14000,-59.164073,-65.631836
171.15000,-59.164073,-65.631836
171.16000,-59.164073,-65.631836
171.17000,-59.164073,-65.631836
171.18000,-59.164073,-65.631836
171.19000,-59.164073,-65.631836
171.20000,-59.164073,-65.631836
171.21000,-59.164073,-65.631836
171.22000,-59.164073,-65.631836
171.23000,-59.164073,-65.631836
171.24000,-59.164073,-65.631836
171.25000,-59.164073,-65.631836
171.26000,-59.164073,-65.631836
171.27000,-59.164073,-65.631836
171.28000,-59.164073,-65.631836
171.29000,-59.164073,-65.631836
171.30000,-59.164073,-65.631836
171.31000,-59.164073,-65.631836
171.32000,-59.164073,-65.631836
171.33000,-59.164073,-65.631836
171.34000,-59.164073,-65.631836
171.35000,-59.164073,-65.631836
171.36000,-59.164073,-65.631836
171.37000,-59.164073,-65.631836
171.38000,-59.164073,-65.631836
171.39000,-59.164073,-65.631836
171.40000,-59.164073,-65.631836
171.41000,-59.164073,-65.631836
171.42000,-59.164073,-65.631836
171.43000,-59.164073,-65.631836
171.44000,-59.164073,-65.631836
171.45000,-59.164073,-65.631836
171.46000,-59.164073,-65.631836
171.47000,-59.164073,-65.631836
171.48000,-59.164073,-65.631836
171.49000,-59.164073,-65.631836
171.50000,-59.164073,-65.631836
171.51000,-59.164073,-65.631836
171.52000,-59.164073,-65.631836
171.53000,-59.164073,-65.631836
171.54000,-59.164073,-65.631836
171.55000,-59.164073,-65.631836
171.56000,-59.164073,-65.631836
171.57000,-59.164073,-65.631836
171.58000,-59.164073,-65.631836
171.59000,-59.164073,-65.631836
171.60000,-59.164073,-65.631836
171.61000,-59.164073,-65.631836
171.62000,-59.164073,-65.631836
171.63000,-59.164073,-65.631836
171.64000,-59.164073,-65.631836
171.65000,-59.164073,-65.631836
171.66000,-59.164073,-65.631836
171.67000,-59.164073,-65.631836
171.68000,-59.164073,-65.631836
171.69000,-59.164073,-65.631836
171.70000,-59.164073,-65.631836
171.71000,-59.164073,-65.631836
171.72000,-59.164073,-65.631836
171.73000,-59.164073,-65.631836
171.74000,-59.164073,-65.631836
171.75000,-59.164073,-65.631836
171.76000,-59.164073,-65.631836
171.77000,-59.164073,-65.631836
171.78000,-59.164073,-65.631836
171.79000,-59.164073,-65.631836
171.80000,-59.164073,-65.631836
171.81000,-59.164073,-65.631836
171.82000,-59.164073,-65.631836
171.83000,-59.164073,-65.631836
171.84000,-59.164073,-65.631836
171.85000,-59.164073,-65.631836
171.86000,-59.164073,-65.631836
171.87000,-59.164073,-65.631836
171.88000,-59.164073,-65.631836
171.89000,-59.164073,-65.631836
171.90000,-59.164073,-65.631836
171.91000,-59.164073,-65.631836
171.92000,-59.164073,-65.631836
171.93000,-59.164073,-65.631836
171.94000,-59.164073,-65.631836
171.95000,-59.164073,-65.631836
171.96000,-59.164073,-65.631836
171.97000,-59.164073,-65.631836
171.98000,-59.164073,-65.631836
171.99000,-59.164073,-65.631836
172.00000,-59.164073,-65.631836
172.01000,-59.164073,-65.631836
172.02000,-59.164073,-65.631836
172.03000,-59.164073,-65.631836
172.04000,-59.164073,-65.631836
172.05000,-59.164073,-65.631836
172.06000,-59.164073,-65.631836
172.07000,-59.164073,-65.631836
172.08000,-59.164073,-65.631836
172.09000,-59.164073,-65.631836
172.10000,-59.164073,-65.631836
172.11000,-59.164073,-65.631836
172.12000,-59.164073,-65.631836
172.13000,-59.164073,-65.631836
172.14000,-59.164073,-65.631836
172.15000,-59.164073,-65.631836
172.16000,-59.164073,-65.631836
172.17000,-59.164073,-65.631836
172.18000,-59.164073,-65.631836
172.19000,-59.164073,-65.631836
172.20000,-59.164073,-65.631836
172.21000,-59.164073,-65.631836
172.22000,-59.164073,-65.631836
172.23000,-59.164073,-65.631836
172.24000,-59.164073,-65.631836
172.25000,-59.164073,-65.631836
172.26000,-59.164073,-65.631836
172.27000,-59.164073,-65.631836
172.28000,-59.164073,-65.631836
172.29000,-59.164073,-65.631836
172.30000,-59.164073,-65.631836
172.31000,-59.164073,-65.631836
172.32000,-59.164073,-65.631836
172.33000,-59.164073,-65.631836
172.34000,-59.164073,-65.631836
172.35000,-59.164073,-65.631836
172.36000,-59.164073,-65.631836
172.37000,-59.164073,-65.631836
172.38000,-59.164073,-65.631836
172.39000,-59.164073,-65.631836
172.40000,-59.164073,-65.631836
172.41000,-59.164073,-65.631836
172.42000,-59.164073,-65.631836
172.43000,-59.164073,-65.631836
172.44000,-59.164073,-65.631836
172.45000,-59.164073,-65.631836
172.46000,-59.164073,-65.631836
172.47000,-59.164073,-65.631836
172.48000,-59.164073,-65.631836
172.49000,-59.164073,-65.631836
172.50000,-59.164073,-65.631836
172.51000,-59.164073,-65.631836
172.52000,-59.164073,-65.631836
172.53000,-59.164073,-65.631836
172.54000,-59.164073,-65.631836
172.55000,-59.164073,-65.631836
172.56000,-59.164073,-65.631836
172.57000,-59.164073,-65.631836
172.58000,-59.164073,-65.631836
172.59000,-59.164073,-65.631836
172.60000,-59.164073,-65.631836
172.61000,-59.164073,-65.631836
172.62000,-59.164073,-65.631836
172.63000,-59.164073,-65.631836
172.64000,-59.164073,-65.631836
172.65000,-59.164073,-65.631836
172.66000,-59.164073,-65.631836
172.67000,-59.164073,-65.631836
172.68000,-59.164073,-65.631836
172.69000,-59.164073,-65.631836
172.70000,-59.164073,-65.631836
172.71000,-59.164073,-65.631836
172.72000,-59.164073,-65.631836
172.73000,-59.164073,-65.631836
172.74000,-59.164073,-65.631836
172.75000,-59.164073,-65.631836
172.76000,-59.164073,-65.631836
172.77000,-59.164073,-65.631836
172.78000,-59.164073,-65.631836
172.79000,-59.164073,-65.631836
172.80000,-59.164073,-65.631836
172.81000,-59.164073,-65.631836
172.82000,-59.164073,-65.631836
172.83000,-59.164073,-65.631836
172.84000,-59.164073,-65.631836
172.85000,-59.164073,-65.631836
172.86000,-59.164073,-65.631836
172.87000,-59.164073,-65.631836
172.88000,-59.164073,-65.631836
172.89000,-59.164073,-65.631836
172.90000,-59.164073,-65.631836
172.91000,-59.164073,-65.631836
172.92000,-59.164073,-65.631836
172.93000,-59.164073,-65.631836
172.94000,-59.164073,-65.631836
172.95000,-59.164073,-65.631836
172.96000,-59.164073,-65.631836
172.97000,-59.164073,-65.631836
172.98000,-59.164073,-65.631836
172.99000,-59.164073,-65.631836
173.00000,-59.164073,-65.631836
173.01000,-59.164073,-65.631836
173.02000,-59.164073,-65.631836
173.03000,-59.164073,-65.631836
173.04000,-59.164073,-65.631836
173.05000,-59.164073,-65.631836
173.06000,-59.164073,-65.631836
173.07000,-59.164073,-65.631836
173.08000,-59.164073,-65.631836
173.09000,-59.164073,-65.631836
173.10000,-59.164073,-65.631836
173.11000,-59.164073,-65.631836
173.12000,-59.164073,-65.631836
173.13000,-59.164073,-65.631836
173.14000,-59.164073,-65.631836
173.15000,-59.164073,-65.631836
173.16000,-59.164073,-65.631836
173.17000,-59.164073,-65.631836
173.18000,-59.164073,-65.631836
173.19000,-59.164073,-65.631836
173.20000,-59.164073,-65.631836
173.21000,-59.164073,-65.631836
173.22000,-59.164073,-65.631836
173.23000,-59.164073,-65.631836
173.24000,-59.164073,-65.631836
173.25000,-59.164073,-65.631836
173.26000,-59.164073,-65.631836
173.27000,-59.164073,-65.631836
173.28000,-59.164073,-65.631836
173.29000,-59.164073,-65.631836
173.30000,-59.164073,-65.631836
173.31000,-59.164073,-65.631836
173.32000,-59.164073,-65.631836
173.33000,-59.164073,-65.631836
173.34000,-59.164073,-65.631836
173.35000,-59.164073,-65.631836
173.36000,-59.164073,-65.631836
173.37000,-59.164073,-65.631836
173.38000,-59.164073,-65.631836
173.39000,-59.164073,-65.631836
173.40000,-59.164073,-65.631836
173.41000,-59.164073,-65.631836
173.42000,-59.164073,-65.631836
173.43000,-59.164073,-65.631836
173.44000,-59.164073,-65.631836
173.45000,-59.164073,-65.631836
173.46000,-59.164073,-65.631836
173.47000,-59.164073,-65.631836
173.48000,-59.164073,-65.631836
173.49000,-59.164073,-65.631836
173.50000,-59.164073,-65.631836
173.51000,-59.164073,-65.631836
173.52000,-59.164073,-65.631836
173.53000,-59.164073,-65.631836
173.54000,-59.164073,-65.631836
173.55000,-59.164073,-65.631836
173.56000,-59.164073,-65.631836
173.57000,-59.164073,-65.631836
173.58000,-59.164073,-65.631836
173.59000,-59.164073,-65.631836
173.60000,-59.164073,-65.631836
173.61000,-59.164073,-65.631836
173.62000,-59.164073,-65.631836
173.63000,-59.164073,-65.631836
173.64000,-59.164073,-65.631836
173.65000,-59.164073,-65.631836
173.66000,-59.164073,-65.631836
173.67000,-59.164073,-65.631836
173.68000,-59.164073,-65.631836
173.69000,-59.164073,-65.631836
173.70000,-59.164073,-65.631836
173.71000,-59.164073,-65.631836
173.72000,-59.164073,-65.631836
173.73000,-59.164073,-65.631836
173.74000,-59.164073,-65.631836
173.75000,-59.164073,-65.631836
173.76000,-59.164073,-65.631836
173.77000,-59.164073,-65.631836
173.78000,-59.164073,-65.631836
173.79000,-59.164073,-65.631836
173.80000,-59.164073,-65.631836
173.81000,-59.164073,-65.631836
173.82000,-59.164073,-65.631836
173.83000,-59.164073,-65.631836
173.84000,-59.164073,-65.631836
173.85000,-59.164073,-65.631836
173.86000,-59.164073,-65.631836
173.87000,-59.164073,-65.631836
173.88000,-59.164073,-65.631836
173.89000,-59.164073,-65.631836
173.90000,-59.164073,-65.631836
173.91000,-59.164073,-65.631836
173.92000,-59.164073,-65.631836
173.93000,-59.164073,-65.631836
173.94000,-59.164073,-65.631836
173.95000,-59.164073,-65.631836
173.96000,-59.164073,-65.631836
173.97000,-59.164073,-65.631836
173.98000,-59.164073,-65.631836
173.99000,-59.164073,-65.631836
174.00000,-59.164073,-65.631836
174.01000,-59.164073,-65.631836
174.02000,-59.164073,-65.631836
174.03000,-59.164073,-65.631836
174.04000,-59.164073,-65.631836
174.05000,-59.164073,-65.631836
174.06000,-59.164073,-65.631836
174.07000,-59.164073,-65.631836
174.08000,-59.164073,-65.631836
174.09000,-59.164073,-65.631836
174.10000,-59.164073,-65.631836
174.11000,-59.164073,-65.631836
174.12000,-59.164073,-65.631836
174.13000,-59.164073,-65.631836
174.14000,-59.164073,-65.631836
174.15000,-59.164073,-65.631836
174.16000,-59.164073,-65.631836
174.17000,-59.164073,-65.631836
174.18000,-59.164073,-65.631836
174.19000,-59.164073,-65.631836
174.20000,-59.164073,-65.631836
174.21000,-59.164073,-65.631836
174.22000,-59.164073,-65.631836
174.23000,-59.164073,-65.631836
174.24000,-59.164073,-65.631836
174.25000,-59.164073,-65.631836
174.26000,-59.164073,-65.631836
174.27000,-59.164073,-65.631836
174.28000,-59.164073,-65.631836
174.29000,-59.164073,-65.631836
174.30000,-59.164073,-65.631836
174.31000,-59.164073,-65.631836
174.32000,-59.164073,-65.631836
174.33000,-59.164073,-65.631836
174.34000,-59.164073,-65.631836
174.35000,-59.164073,-65.631836
174.36000,-59.164073,-65.631836
174.37000,-59.164073,-65.631836
174.38000,-59.164073,-65.631836
174.39000,-59.164073,-65.631836
174.40000,-59.164073,-65.631836
174.41000,-59.164073,-65.631836
174.42000,-59.164073,-65.631836
174.43000,-59.164073,-65.631836
174.44000,-59.164073,-65.631836
174.45000,-59.164073,-65.631836
174.46000,-59.164073,-65.631836
174.47000,-59.164073,-65.631836
174.48000,-59.164073,-65.631836
174.49000,-59.164073,-65.631836
174.50000,-59.164073,-65.631836
174.51000,-59.164073,-65.631836
174.52000,-59.164073,-65.631836
174.53000,-59.164073,-65.631836
174.54000,-59.164073,-65.631836
174.55000,-59.164073,-65.631836
174.56000,-59.164073,-65.631836
174.57000,-59.164073,-65.631836
174.58000,-59.164073,-65.631836
174.59000,-59.164073,-65.631836
174.60000,-59.164073,-65.631836
174.61000,-59.164073,-65.631836
174.62000,-59.164073,-65.631836
174.63000,-59.164073,-65.631836
174.64000,-59.164073,-65.631836
174.65000,-59.164073,-65.631836
174.66000,-59.164073,-65.631836
174.67000,-59.164073,-65.631836
174.68000,-59.164073,-65.631836
174.69000,-59.164073,-65.631836
174.70000,-59.164073,-65.631836
174.71000,-59.164073,-65.631836
174.72000,-59.164073,-65.631836
174.73000,-59.164073,-65.631836
174.74000,-59.164073,-65.631836
174.75000,-59.164073,-65.631836
174.76000,-59.164073,-65.631836
174.77000,-59.164073,-65.631836
174.78000,-59.164073,-65.631836
174.79000,-59.164073,-65.631836
174.80000,-59.164073,-65.631836
174.81000,-59.164073,-65.631836
174.82000,-59.164073,-65.631836
174.83000,-59.164073,-65.631836
174.84000,-59.164073,-65.631836
174.85000,-59.164073,-65.631836
174.86000,-59.164073,-65.631836
174.87000,-59.164073,-65.631836
174.88000,-59.164073,-65.631836
174.89000,-59.164073,-65.631836
174.90000,-59.164073,-65.631836
174.91000,-59.164073,-65.631836
174.92000,-59.164073,-65.631836
174.93000,-59.164073,-65.631836
174.94000,-59.164073,-65.631836
174.95000,-59.164073,-65.631836
174.96000,-59.164073,-65.631836
174.97000,-59.164073,-65.631836
174.98000,-59.164073,-65.631836
174.99000,-59.164073,-65.631836
175.00000,-59.164073,-65.631836
175.01000,-59.164073,-65.631836
175.02000,-59.164073,-65.631836
175.03000,-59.164073,-65.631836
175.04000,-59.164073,-65.631836
175.05000,-59.164073,-65.631836
175.06000,-59.164073,-65.631836
175.07000,-59.164073,-65.631836
175.08000,-59.164073,-65.631836
175.09000,-59.164073,-65.631836
175.10000,-59.164073,-65.631836
175.11000,-59.164073,-65.631836
175.12000,-59.164073,-65.631836
175.13000,-59.164073,-65.631836
175.14000,-59.164073,-65.631836
175.15000,-59.164073,-65.631836
175.16000,-59.164073,-65.631836
175.17000,-59.164073,-65.631836
175.18000,-59.164073,-65.631836
175.19000,-59.164073,-65.631836
175.20000,-59.164073,-65.631836
175.21000,-59.164073,-65.631836
175.22000,-59.164073,-65.631836
175.23000,-59.164073,-65.631836
175.24000,-59.164073,-65.631836
175.25000,-59.164073,-65.631836
175.26000,-59.164073,-65.631836
175.27000,-59.164073,-65.631836
175.28000,-59.164073,-65.631836
175.29000,-59.164073,-65.631836
175.30000,-59.164073,-65.631836
175.31000,-59.164073,-65.631836
175.32000,-59.164073,-65.631836
175.33000,-59.164073,-65.631836
175.34000,-59.164073,-65.631836
175.35000,-59.164073,-65.631836
175.36000,-59.164073,-65.631836
175.37000,-59.164073,-65.631836
175.38000,-59.164073,-65.631836
175.39000,-59.164073,-65.631836
175.40000,-59.164073,-65.631836
175.41000,-59.164073,-65.631836
175.42000,-59.164073,-65.631836
175.43000,-59.164073,-65.631836
175.44000,-59.164073,-65.631836
175.45000,-59.164073,-65.631836
175.46000,-59.164073,-65.631836
175.47000,-59.164073,-65.631836
175.48000,-59.164073,-65.631836
175.49000,-59.164073,-65.631836
175.50000,-59.164073,-65.631836
175.51000,-59.164073,-65.631836
175.52000,-59.164073,-65.631836
175.53000,-59.164073,-65.631836
175.54000,-59.164073,-65.631836
175.55000,-59.164073,-65.631836
175.56000,-59.164073,-65.631836
175.57000,-59.164073,-65.631836
175.58000,-59.164073,-65.631836
175.59000,-59.164073,-65.631836
175.60000,-59.164073,-65.631836
175.61000,-59.164073,-65.631836
175.62000,-59.164073,-65.631836
175.63000,-59.164073,-65.631836
175.64000,-59.164073,-65.631836
175.65000,-59.164073,-65.631836
175.66000,-59.164073,-65.631836
175.67000,-59.164073,-65.631836
175.68000,-59.164073,-65.631836
175.69000,-59.164073,-65.631836
175.70000,-59.164073,-65.631836
175.71000,-59.164073,-65.631836
175.72000,-59.164073,-65.631836
175.73000,-59.164073,-65.631836
175.74000,-59.164073,-65.631836
175.75000,-59.164073,-65.631836
175.76000,-59.164073,-65.631836
175.77000,-59.164073,-65.631836
175.78000,-59.164073,-65.631836
175.79000,-59.164073,-65.631836
175.80000,-59.164073,-65.631836
175.81000,-59.164073,-65.631836
175.82000,-59.164073,-65.631836
175.83000,-59.164073,-65.631836
175.84000,-59.164073,-65.631836
175.85000,-59.164073,-65.631836
175.86000,-59.164073,-65.631836
175.87000,-59.164073,-65.631836
175.88000,-59.164073,-65.631836
175.89000,-59.164073,-65.631836
175.90000,-59.164073,-65.631836
175.91000,-59.164073,-65.631836
175.92000,-59.164073,-65.631836
175.93000,-59.164073,-65.631836
175.94000,-59.164073,-65.631836
175.95000,-59.164073,-65.631836
175.96000,-59.164073,-65.631836
175.97000,-59.164073,-65.631836
175.98000,-59.164073,-65.631836
175.99000,-59.164073,-65.631836
176.00000,-59.164073,-65.631836
176.01000,-59.164073,-65.631836
176.02000,-59.164073,-65.631836
176.03000,-59.164073,-65.631836
176.04000,-59.164073,-65.631836
176.05000,-59.164073,-65.631836
176.06000,-59.164073,-65.631836
176.07000,-59.164073,-65.631836
176.08000,-59.164073,-65.631836
176.09000,-59.164073,-65.631836
176.10000,-59.164073,-65.631836
176.11000,-59.164073,-65.631836
176.12000,-59.164073,-65.631836
176.13000,-59.164073,-65.631836
176.14000,-59.164073,-65.631836
176.15000,-59.164073,-65.631836
176.16000,-59.164073,-65.631836
176.17000,-59.164073,-65.631836
176.18000,-59.164073,-65.631836
176.19000,-59.164073,-65.631836
176.20000,-59.164073,-65.631836
176.21000,-59.164073,-65.631836
176.22000,-59.164073,-65.631836
176.23000,-59.164073,-65.631836
176.24000,-59.164073,-65.631836
176.25000,-59.164073,-65.631836
176.26000,-59.164073,-65.631836
176.27000,-59.164073,-65.631836
176.28000,-59.164073,-65.631836
176.29000,-59.164073,-65.631836
176.30000,-59.164073,-65.631836
176.31000,-59.164073,-65.631836
176.32000,-59.164073,-65.631836
176.33000,-59.164073,-65.631836
176.34000,-59.164073,-65.631836
176.35000,-59.164073,-65.631836
176.36000,-59.164073,-65.631836
176.37000,-59.164073,-65.631836
176.38000,-59.164073,-65.631836
176.39000,-59.164073,-65.631836
176.40000,-59.164073,-65.631836
176.41000,-59.164073,-65.631836
176.42000,-59.164073,-65.631836
176.43000,-59.164073,-65.631836
176.44000,-59.164073,-65.631836
176.45000,-59.164073,-65.631836
176.46000,-59.164073,-65.631836
176.47000,-59.164073,-65.631836
176.48000,-59.164073,-65.631836
176.49000,-59.164073,-65.631836
176.50000,-59.164073,-65.631836
176.51000,-59.164073,-65.631836
176.52000,-59.164073,-65.631836
176.53000,-59.164073,-65.631836
176.54000,-59.164073,-65.631836
176.55000,-59.164073,-65.631836
176.56000,-59.164073,-65.631836
176.57000,-59.164073,-65.631836
176.58000,-59.164073,-65.631836
176.59000,-59.164073,-65.631836
176.60000,-59.164073,-65.631836
176.61000,-59.164073,-65.631836
176.62000,-59.164073,-65.631836
176.63000,-59.164073,-65.631836
176.64000,-59.164073,-65.631836
176.65000,-59.164073,-65.631836
176.66000,-59.164073,-65.631836
176.67000,-59.164073,-65.631836
176.68000,-59.164073,-65.631836
176.69000,-59.164073,-65.631836
176.70000,-59.164073,-65.631836
176.71000,-59.164073,-65.631836
176.72000,-59.164073,-65.631836
176.73000,-59.164073,-65.631836
176.74000,-59.164073,-65.631836
176.75000,-59.164073,-65.631836
176.76000,-59.164073,-65.631836
176.77000,-59.164073,-65.631836
176.78000,-59.164073,-65.631836
176.79000,-59.164073,-65.631836
176.80000,-59.164073,-65.631836
176.81000,-59.164073,-65.631836
176.82000,-59.164073,-65.631836
176.83000,-59.164073,-65.631836
176.84000,-59.164073,-65.631836
176.85000,-59.164073,-65.631836
176.86000,-59.164073,-65.631836
176.87000,-59.164073,-65.631836
176.88000,-59.164073,-65.631836
176.89000,-59.164073,-65.631836
176.90000,-59.164073,-65.631836
176.91000,-59.164073,-65.631836
176.92000,-59.164073,-65.631836
176.93000,-59.164073,-65.631836
176.94000,-59.164073,-65.631836
176.95000,-59.164073,-65.631836
176.96000,-59.164073,-65.631836
176.97000,-59.164073,-65.631836
176.98000,-59.164073,-65.631836
176.99000,-59.164073,-65.631836
177.00000,-59.164073,-65.631836
177.01000,-59.164073,-65.631836
177.02000,-59.164073,-65.631836
177.03000,-59.164073,-65.631836
177.04000,-59.164073,-65.631836
177.05000,-59.164073,-65.631836
177.06000,-59.164073,-65.631836
177.07000,-59.164073,-65.631836
177.08000,-59.164073,-65.631836
177.09000,-59.164073,-65.631836
177.10000,-59.164073,-65.631836
177.11000,-59.164073,-65.631836
177.12000,-59.164073,-65.631836
177.13000,-59.164073,-65.631836
177.14000,-59.164073,-65.631836
177.15000,-59.164073,-65.631836
177.16000,-59.164073,-65.631836
177.17000,-59.164073,-65.631836
177.18000,-59.164073,-65.631836
177.19000,-59.164073,-65.631836
177.20000,-59.164073,-65.631836
177.21000,-59.164073,-65.631836
177.22000,-59.164073,-65.631836
177.23000,-59.164073,-65.631836
177.24000,-59.164073,-65.631836
177.25000,-59.164073,-65.631836
177.26000,-59.164073,-65.631836
177.27000,-59.164073,-65.631836
177.28000,-59.164073,-65.631836
177.29000,-59.164073,-65.631836
177.30000,-59.164073,-65.631836
177.31000,-59.164073,-65.631836
177.32000,-59.164073,-65.631836
177.33000,-59.164073,-65.631836
177.34000,-59.164073,-65.631836
177.35000,-59.164073,-65.631836
177.36000,-59.164073,-65.631836
177.37000,-59.164073,-65.631836
177.38000,-59.164073,-65.631836
177.39000,-59.164073,-65.631836
177.40000,-59.164073,-65.631836
177.41000,-59.164073,-65.631836
177.42000,-59.164073,-65.631836
177.43000,-59.164073,-65.631836
177.44000,-59.164073,-65.631836
177.45000,-59.164073,-65.631836
177.46000,-59.164073,-65.631836
177.47000,-59.164073,-65.631836
177.48000,-59.164073,-65.631836
177.49000,-59.164073,-65.631836
177.50000,-59.164073,-65.631836
177.51000,-59.164073,-65.631836
177.52000,-59.164073,-65.631836
177.53000,-59.164073,-65.631836
177.54000,-59.164073,-65.631836
177.55000,-59.164073,-65.631836
177.56000,-59.164073,-65.631836
177.57000,-59.164073,-65.631836
177.58000,-59.164073,-65.631836
177.59000,-59.164073,-65.631836
177.60000,-59.164073,-65.631836
177.61000,-59.164073,-65.631836
177.62000,-59.164073,-65.631836
177.63000,-59.164073,-65.631836
177.64000,-59.164073,-65.631836
177.65000,-59.164073,-65.631836
177.66000,-59.164073,-65.631836
177.67000,-59.164073,-65.631836
177.68000,-59.164073,-65.631836
177.69000,-59.164073,-65.631836
177.70000,-59.164073,-65.631836
177.71000,-59.164073,-65.631836
177.72000,-59.164073,-65.631836
177.73000,-59.164073,-65.631836
177.74000,-59.164073,-65.631836
177.75000,-59.164073,-65.631836
177.76000,-59.164073,-65.631836
177.77000,-59.164073,-65.631836
177.78000,-59.164073,-65.631836
177.79000,-59.164073,-65.631836
177.80000,-59.164073,-65.631836
177.81000,-59.164073,-65.631836
177.82000,-59.164073,-65.631836
177.83000,-59.164073,-65.631836
177.84000,-59.164073,-65.631836
177.85000,-59.164073,-65.631836
177.86000,-59.164073,-65.631836
177.87000,-59.164073,-65.631836
177.88000,-59.164073,-65.631836
177.89000,-59.164073,-65.631836
177.90000,-59.164073,-65.631836
177.91000,-59.164073,-65.631836
177.92000,-59.164073,-65.631836
177.93000,-59.164073,-65.631836
177.94000,-59.164073,-65.631836
177.95000,-59.164073,-65.631836
177.96000,-59.164073,-65.631836
177.97000,-59.164073,-65.631836
177.98000,-59.164073,-65.631836
177.99000,-59.164073,-65.631836
178.00000,-59.164073,-65.631836
178.01000,-59.164073,-65.631836
178.02000,-59.164073,-65.631836
178.03000,-59.164073,-65.631836
178.04000,-59.164073,-65.631836
178.05000,-59.164073,-65.631836
178.06000,-59.164073,-65.631836
178.07000,-59.164073,-65.631836
178.08000,-59.164073,-65.631836
178.09000,-59.164073,-65.631836
178.10000,-59.164073,-65.631836
178.11000,-59.164073,-65.631836
178.12000,-59.164073,-65.631836
178.13000,-59.164073,-65.631836
178.14000,-59.164073,-65.631836
178.15000,-59.164073,-65.631836
178.16000,-59.164073,-65.631836
178.17000,-59.164073,-65.631836
178.18000,-59.164073,-65.631836
178.19000,-59.164073,-65.631836
178.20000,-59.164073,-65.631836
178.21000,-59.164073,-65.631836
178.22000,-59.164073,-65.631836
178.23000,-59.164073,-65.631836
178.24000,-59.164073,-65.631836
178.25000,-59.164073,-65.631836
178.26000,-59.164073,-65.631836
178.27000,-59.164073,-65.631836
178.28000,-59.164073,-65.631836
178.29000,-59.164073,-65.631836
178.30000,-59.164073,-65.631836
178.31000,-59.164073,-65.631836
178.32000,-59.164073,-65.631836
178.33000,-59.164073,-65.631836
178.34000,-59.164073,-65.631836
178.35000,-59.164073,-65.631836
178.36000,-59.164073,-65.631836
178.37000,-59.164073,-65.631836
178.38000,-59.164073,-65.631836
178.39000,-59.164073,-65.631836
178.40000,-59.164073,-65.631836
178.41000,-59.164073,-65.631836
178.42000,-59.164073,-65.631836
178.43000,-59.164073,-65.631836
178.44000,-59.164073,-65.631836
178.45000,-59.164073,-65.631836
178.46000,-59.164073,-65.631836
178.47000,-59.164073,-65.631836
178.48000,-59.164073,-65.631836
178.49000,-59.164073,-65.631836
178.50000,-59.164073,-65.631836
178.51000,-59.164073,-65.631836
178.52000,-59.164073,-65.631836
178.53000,-59.164073,-65.631836
178.54000,-59.164073,-65.631836
178.55000,-59.164073,-65.631836
178.56000,-59.164073,-65.631836
178.57000,-59.164073,-65.631836
178.58000,-59.164073,-65.631836
178.59000,-59.164073,-65.631836
178.60000,-59.164073,-65.631836
178.61000,-59.164073,-65.631836
178.62000,-59.164073,-65.631836
178.63000,-59.164073,-65.631836
178.64000,-59.164073,-65.631836
178.65000,-59.164073,-65.631836
178.66000,-59.164073,-65.631836
178.67000,-59.164073,-65.631836
178.68000,-59.164073,-65.631836
178.69000,-59.164073,-65.631836
178.70000,-59.164073,-65.631836
178.71000,-59.164073,-65.631836
178.72000,-59.164073,-65.631836
178.73000,-59.164073,-65.631836
178.74000,-59.164073,-65.631836
178.75000,-59.164073,-65.631836
178.76000,-59.164073,-65.631836
178.77000,-59.164073,-65.631836
178.78000,-59.164073,-65.631836
178.79000,-59.164073,-65.631836
178.80000,-59.164073,-65.631836
178.81000,-59.164073,-65.631836
178.82000,-59.164073,-65.631836
178.83000,-59.164073,-65.631836
178.84000,-59.164073,-65.631836
178.85000,-59.164073,-65.631836
178.86000,-59.164073,-65.631836
178.87000,-59.164073,-65.631836
178.88000,-59.164073,-65.631836
178.89000,-59.164073,-65.631836
178.90000,-59.164073,-65.631836
178.91000,-59.164073,-65.631836
178.92000,-59.164073,-65.631836
178.93000,-59.164073,-65.631836
178.94000,-59.164073,-65.631836
178.95000,-59.164073,-65.631836
178.96000,-59.164073,-65.631836
178.97000,-59.164073,-65.631836
178.98000,-59.164073,-65.631836
178.99000,-59.164073,-65.631836
179.00000,-59.164073,-65.631836
179.01000,-59.164073,-65.631836
179.02000,-59.164073,-65.631836
179.03000,-59.164073,-65.631836
179.04000,-59.164073,-65.631836
179.05000,-59.164073,-65.631836
179.06000,-59.164073,-65.631836
179.07000,-59.164073,-65.631836
179.08000,-59.164073,-65.631836
179.09000,-59.164073,-65.631836
179.10000,-59.164073,-65.631836
179.11000,-59.164073,-65.631836
179.12000,-59.164073,-65.631836
179.13000,-59.164073,-65.631836
179.14000,-59.164073,-65.631836
179.15000,-59.164073,-65.631836
179.16000,-59.164073,-65.631836
179.17000,-59.164073,-65.631836
179.18000,-59.164073,-65.631836
179.19000,-59.164073,-65.631836
179.20000,-59.164073,-65.631836
179.21000,-59.164073,-65.631836
179.22000,-59.164073,-65.631836
179.23000,-59.164073,-65.631836
179.24000,-59.164073,-65.631836
179.25000,-59.164073,-65.631836
179.26000,-59.164073,-65.631836
179.27000,-59.164073,-65.631836
179.28000,-59.164073,-65.631836
179.29000,-59.164073,-65.631836
179.30000,-59.164073,-65.631836
179.31000,-59.164073,-65.631836
179.32000,-59.164073,-65.631836
179.33000,-59.164073,-65.631836
179.34000,-59.164073,-65.631836
179.35000,-59.164073,-65.631836
179.36000,-59.164073,-65.631836
179.37000,-59.164073,-65.631836
179.38000,-59.164073,-65.631836
179.39000,-59.164073,-65.631836
179.40000,-59.164073,-65.631836
179.41000,-59.164073,-65.631836
179.42000,-59.164073,-65.631836
179.43000,-59.164073,-65.631836
179.44000,-59.164073,-65.631836
179.45000,-59.164073,-65.631836
179.46000,-59.164073,-65.631836
179.47000,-59.164073,-65.631836
179.48000,-59.164073,-65.631836
179.49000,-59.164073,-65.631836
179.50000,-59.164073,-65.631836
179.51000,-59.164073,-65.631836
179.52000,-59.164073,-65.631836
179.53000,-59.164073,-65.631836
179.54000,-59.164073,-65.631836
179.55000,-59.164073,-65.631836
179.56000,-59.164073,-65.631836
179.57000,-59.164073,-65.631836
179.58000,-59.164073,-65.631836
179.59000,-59.164073,-65.631836
179.60000,-59.164073,-65.631836
179.61000,-59.164073,-65.631836
179.62000,-59.164073,-65.631836
179.63000,-59.164073,-65.631836
179.64000,-59.164073,-65.631836
179.65000,-59.164073,-65.631836
179.66000,-59.164073,-65.631836
179.67000,-59.164073,-65.631836
179.68000,-59.164073,-65.631836
179.69000,-59.164073,-65.631836
179.70000,-59.164073,-65.631836
179.71000,-59.164073,-65.631836
179.72000,-59.164073,-65.631836
179.73000,-59.164073,-65.631836
179.74000,-59.164073,-65.631836
179.75000,-59.164073,-65.631836
179.76000,-59.164073,-65.631836
179.77000,-59.164073,-65.631836
179.78000,-59.164073,-65.631836
179.79000,-59.164073,-65.631836
179.80000,-59.164073,-65.631836
179.81000,-59.164073,-65.631836
179.82000,-59.164073,-65.631836
179.83000,-59.164073,-65.631836
179.84000,-59.164073,-65.631836
179.85000,-59.164073,-65.631836
179.86000,-59.164073,-65.631836
179.87000,-59.164073,-65.631836
179.88000,-59.164073,-65.631836
179.89000,-59.164073,-65.631836
179.90000,-59.164073,-65.631836
179.91000,-59.164073,-65.631836
179.92000,-59.164073,-65.631836
179.93000,-59.164073,-65.631836
179.94000,-59.164073,-65.631836
179.95000,-59.164073,-65.631836
179.96000,-59.164073,-65.631836
179.97000,-59.164073,-65.631836
179.98000,-59.164073,-65.631836
179.99000,-59.164073,-65.631836
180.00000,-59.164073,-65.631836
180.01000,-59.164073,-65.631836
180.02000,-59.164073,-65.631836
180.03000,-59.164073,-65.631836
180.04000,-59.164073,-65.631836
180.05000,-59.164073,-65.631836
180.06000,-59.164073,-65.631836
180.07000,-59.164073,-65.631836
180.08000,-59.164073,-65.631836
180.09000,-59.164073,-65.631836
180.10000,-59.164073,-65.631836
180.11000,-59.164073,-65.631836
180.12000,-59.164073,-65.631836
180.13000,-59.164073,-65.631836
180.14000,-59.164073,-65.631836
180.15000,-59.164073,-65.631836
180.16000,-59.164073,-65.631836
180.17000,-59.164073,-65.631836
180.18000,-59.164073,-65.631836
180.19000,-59.164073,-65.631836
180.20000,-59.164073,-65.631836
180.21000,-59.164073,-65.631836
180.22000,-59.164073,-65.631836
180.23000,-59.164073,-65.631836
180.24000,-59.164073,-65.631836
180.25000,-59.164073,-65.631836
180.26000,-59.164073,-65.631836
180.27000,-59.164073,-65.631836
180.28000,-59.164073,-65.631836
180.29000,-59.164073,-65.631836
180.30000,-59.164073,-65.631836
180.31000,-59.164073,-65.631836
180.32000,-59.164073,-65.631836
180.33000,-59.164073,-65.631836
180.34000,-59.164073,-65.631836
180.35000,-59.164073,-65.631836
180.36000,-59.164073,-65.631836
180.37000,-59.164073,-65.631836
180.38000,-59.164073,-65.631836
180.39000,-59.164073,-65.631836
180.40000,-59.164073,-65.631836
180.41000,-59.164073,-65.631836
180.42000,-59.164073,-65.631836
180.43000,-59.164073,-65.631836
180.44000,-59.164073,-65.631836
180.45000,-59.164073,-65.631836
180.46000,-59.164073,-65.631836
180.47000,-59.164073,-65.631836
180.48000,-59.164073,-65.631836
180.49000,-59.164073,-65.631836
180.50000,-59.164073,-65.631836
180.51000,-59.164073,-65.631836
180.52000,-59.164073,-65.631836
180.53000,-59.164073,-65.631836
180.54000,-59.164073,-65.631836
180.55000,-59.164073,-65.631836
180.56000,-59.164073,-65.631836
180.57000,-59.164073,-65.631836
180.58000,-59.164073,-65.631836
180.59000,-59.164073,-65.631836
180.60000,-59.164073,-65.631836
180.61000,-59.164073,-65.631836
180.62000,-59.164073,-65.631836
180.63000,-59.164073,-65.631836
180.64000,-59.164073,-65.631836
180.65000,-59.164073,-65.631836
180.66000,-59.164073,-65.631836
180.67000,-59.164073,-65.631836
180.68000,-59.164073,-65.631836
180.69000,-59.164073,-65.631836
180.70000,-59.164073,-65.631836
180.71000,-59.164073,-65.631836
180.72000,-59.164073,-65.631836
180.73000,-59.164073,-65.631836
180.74000,-59.164073,-65.631836
180.75000,-59.164073,-65.631836
180.76000,-59.164073,-65.631836
180.77000,-59.164073,-65.631836
180.78000,-59.164073,-65.631836
180.79000,-59.164073,-65.631836
180.80000,-59.164073,-65.631836
180.81000,-59.164073,-65.631836
180.82000,-59.164073,-65.631836
180.83000,-59.164073,-65.631836
180.84000,-59.164073,-65.631836
180.85000,-59.164073,-65.631836
180.86000,-59.164073,-65.631836
180.87000,-59.164073,-65.631836
180.88000,-59.164073,-65.631836
180.89000,-59.164073,-65.631836
180.90000,-59.164073,-65.631836
180.91000,-59.164073,-65.631836
180.92000,-59.164073,-65.631836
180.93000,-59.164073,-65.631836
180.94000,-59.164073,-65.631836
180.95000,-59.164073,-65.631836
180.96000,-59.164073,-65.631836
180.97000,-59.164073,-65.631836
180.98000,-59.164073,-65.631836
180.99000,-59.164073,-65.631836
181.00000,-59.164073,-65.631836
181.01000,-59.164073,-65.631836
181.02000,-59.164073,-65.631836
181.03000,-59.164073,-65.631836
181.04000,-59.164073,-65.631836
181.05000,-59.164073,-65.631836
181.06000,-59.164073,-65.631836
181.07000,-59.164073,-65.631836
181.08000,-59.164073,-65.631836
181.09000,-59.164073,-65.631836
181.10000,-59.164073,-65.631836
181.11000,-59.164073,-65.631836
181.12000,-59.164073,-65.631836
181.13000,-59.164073,-65.631836
181.14000,-59.164073,-65.631836
181.15000,-59.164073,-65.631836
181.16000,-59.164073,-65.631836
181.17000,-59.164073,-65.631836
181.18000,-59.164073,-65.631836
181.19000,-59.164073,-65.631836
181.20000,-59.164073,-65.631836
181.21000,-59.164073,-65.631836
181.22000,-59.164073,-65.631836
181.23000,-59.164073,-65.631836
181.24000,-59.164073,-65.631836
181.25000,-59.164073,-65.631836
181.26000,-59.164073,-65.631836
181.27000,-59.164073,-65.631836
181.28000,-59.164073,-65.631836
181.29000,-59.164073,-65.631836
181.30000,-59.164073,-65.631836
181.31000,-59.164073,-65.631836
181.32000,-59.164073,-65.631836
181.33000,-59.164073,-65.631836
181.34000,-59.164073,-65.631836
181.35000,-59.164073,-65.631836
181.36000,-59.164073,-65.631836
181.37000,-59.164073,-65.631836
181.38000,-59.164073,-65.631836
181.39000,-59.164073,-65.631836
181.40000,-59.164073,-65.631836
181.41000,-59.164073,-65.631836
181.42000,-59.164073,-65.631836
181.43000,-59.164073,-65.631836
181.44000,-59.164073,-65.631836
181.45000,-59.164073,-65.631836
181.46000,-59.164073,-65.631836
181.47000,-59.164073,-65.631836
181.48000,-59.164073,-65.631836
181.49000,-59.164073,-65.631836
181.50000,-59.164073,-65.631836
181.51000,-59.164073,-65.631836
181.52000,-59.164073,-65.631836
181.53000,-59.164073,-65.631836
181.54000,-59.164073,-65.631836
181.55000,-59.164073,-65.631836
181.56000,-59.164073,-65.631836
181.57000,-59.164073,-65.631836
181.58000,-59.164073,-65.631836
181.59000,-59.164073,-65.631836
181.60000,-59.164073,-65.631836
181.61000,-59.164073,-65.631836
181.62000,-59.164073,-65.631836
181.63000,-59.164073,-65.631836
181.64000,-59.164073,-65.631836
181.65000,-59.164073,-65.631836
181.66000,-59.164073,-65.631836
181.67000,-59.164073,-65.631836
181.68000,-59.164073,-65.631836
181.69000,-59.164073,-65.631836
181.70000,-59.164073,-65.631836
181.71000,-59.164073,-65.631836
181.72000,-59.164073,-65.631836
181.73000,-59.164073,-65.631836
181.74000,-59.164073,-65.631836
181.75000,-59.164073,-65.631836
181.76000,-59.164073,-65.631836
181.77000,-59.164073,-65.631836
181.78000,-59.164073,-65.631836
181.79000,-59.164073,-65.631836
181.80000,-59.164073,-65.631836
181.81000,-59.164073,-65.631836
181.82000,-59.164073,-65.631836
181.83000,-59.164073,-65.631836
181.84000,-59.164073,-65.631836
181.85000,-59.164073,-65.631836
181.86000,-59.164073,-65.631836
181.87000,-59.164073,-65.631836
181.88000,-59.164073,-65.631836
181.89000,-59.164073,-65.631836
181.90000,-59.164073,-65.631836
181.91000,-59.164073,-65.631836
181.92000,-59.164073,-65.631836
181.93000,-59.164073,-65.631836
181.94000,-59.164073,-65.631836
181.95000,-59.164073,-65.631836
181.96000,-59.164073,-65.631836
181.97000,-59.164073,-65.631836
181.98000,-59.164073,-65.631836
181.99000,-59.164073,-65.631836
182.00000,-59.164073,-65.631836
182.01000,-59.164073,-65.631836
182.02000,-59.164073,-65.631836
182.03000,-59.164073,-65.631836
182.04000,-59.164073,-65.631836
182.05000,-59.164073,-65.631836
182.06000,-59.164073,-65.631836
182.07000,-59.164073,-65.631836
182.08000,-59.164073,-65.631836
182.09000,-59.164073,-65.631836
182.10000,-59.164073,-65.631836
182.11000,-59.164073,-65.631836
182.12000,-59.164073,-65.631836
182.13000,-59.164073,-65.631836
182.14000,-59.164073,-65.631836
182.15000,-59.164073,-65.631836
182.16000,-59.164073,-65.631836
182.17000,-59.164073,-65.631836
182.18000,-59.164073,-65.631836
182.19000,-59.164073,-65.631836
182.20000,-59.164073,-65.631836
182.21000,-59.164073,-65.631836
182.22000,-59.164073,-65.631836
182.23000,-59.164073,-65.631836
182.24000,-59.164073,-65.631836
182.25000,-59.164073,-65.631836
182.26000,-59.164073,-65.631836
182.27000,-59.164073,-65.631836
182.28000,-59.164073,-65.631836
182.29000,-59.164073,-65.631836
182.30000,-59.164073,-65.631836
182.31000,-59.164073,-65.631836
182.32000,-59.164073,-65.631836
182.33000,-59.164073,-65.631836
182.34000,-59.164073,-65.631836
182.35000,-59.164073,-65.631836
182.36000,-59.164073,-65.631836
182.37000,-59.164073,-65.631836
182.38000,-59.164073,-65.631836
182.39000,-59.164073,-65.631836
182.40000,-59.164073,-65.631836
182.41000,-59.164073,-65.631836
182.42000,-59.164073,-65.631836
182.43000,-59.164073,-65.631836
182.44000,-59.164073,-65.631836
182.45000,-59.164073,-65.631836
182.46000,-59.164073,-65.631836
182.47000,-59.164073,-65.631836
182.48000,-59.164073,-65.631836
182.49000,-59.164073,-65.631836
182.50000,-59.164073,-65.631836
182.51000,-59.164073,-65.631836
182.52000,-59.164073,-65.631836
182.53000,-59.164073,-65.631836
182.54000,-59.164073,-65.631836
182.55000,-59.164073,-65.631836
182.56000,-59.164073,-65.631836
182.57000,-59.164073,-65.631836
182.58000,-59.164073,-65.631836
182.59000,-59.164073,-65.631836
182.60000,-59.164073,-65.631836
182.61000,-59.164073,-65.631836
182.62000,-59.164073,-65.631836
182.63000,-59.164073,-65.631836
182.64000,-59.164073,-65.631836
182.65000,-59.164073,-65.631836
182.66000,-59.164073,-65.631836
182.67000,-59.164073,-65.631836
182.68000,-59.164073,-65.631836
182.69000,-59.164073,-65.631836
182.70000,-59.164073,-65.631836
182.71000,-59.164073,-65.631836
182.72000,-59.164073,-65.631836
182.73000,-59.164073,-65.631836
182.74000,-59.164073,-65.631836
182.75000,-59.164073,-65.631836
182.76000,-59.164073,-65.631836
182.77000,-59.164073,-65.631836
182.78000,-59.164073,-65.631836
182.79000,-59.164073,-65.631836
182.80000,-59.164073,-65.631836
182.81000,-59.164073,-65.631836
182.82000,-59.164073,-65.631836
182.83000,-59.164073,-65.631836
182.84000,-59.164073,-65.631836
182.85000,-59.164073,-65.631836
182.86000,-59.164073,-65.631836
182.87000,-59.164073,-65.631836
182.88000,-59.164073,-65.631836
182.89000,-59.164073,-65.631836
182.90000,-59.164073,-65.631836
182.91000,-59.164073,-65.631836
182.92000,-59.164073,-65.631836
182.93000,-59.164073,-65.631836
182.94000,-59.164073,-65.631836
182.95000,-59.164073,-65.631836
182.96000,-59.164073,-65.631836
182.97000,-59.164073,-65.631836
182.98000,-59.164073,-65.631836
182.99000,-59.164073,-65.631836
183.00000,-59.164073,-65.631836
183.01000,-59.164073,-65.631836
183.02000,-59.164073,-65.631836
183.03000,-59.164073,-65.631836
183.04000,-59.164073,-65.631836
183.05000,-59.164073,-65.631836
183.06000,-59.164073,-65.631836
183.07000,-59.164073,-65.631836
183.08000,-59.164073,-65.631836
183.09000,-59.164073,-65.631836
183.10000,-59.164073,-65.631836
183.11000,-59.164073,-65.631836
183.12000,-59.164073,-65.631836
183.13000,-59.164073,-65.631836
183.14000,-59.164073,-65.631836
183.15000,-59.164073,-65.631836
183.16000,-59.164073,-65.631836
183.17000,-59.164073,-65.631836
183.18000,-59.164073,-65.631836
183.19000,-59.164073,-65.631836
183.20000,-59.164073,-65.631836
183.21000,-59.164073,-65.631836
183.22000,-59.164073,-65.631836
183.23000,-59.164073,-65.631836
183.24000,-59.164073,-65.631836
183.25000,-59.164073,-65.631836
183.26000,-59.164073,-65.631836
183.27000,-59.164073,-65.631836
183.28000,-59.164073,-65.631836
183.29000,-59.164073,-65.631836
183.30000,-59.164073,-65.631836
183.31000,-59.164073,-65.631836
183.32000,-59.164073,-65.631836
183.33000,-59.164073,-65.631836
183.34000,-59.164073,-65.631836
183.35000,-59.164073,-65.631836
183.36000,-59.164073,-65.631836
183.37000,-59.164073,-65.631836
183.38000,-59.164073,-65.631836
183.39000,-59.164073,-65.631836
183.40000,-59.164073,-65.631836
183.41000,-59.164073,-65.631836
183.42000,-59.164073,-65.631836
183.43000,-59.164073,-65.631836
183.44000,-59.164073,-65.631836
183.45000,-59.164073,-65.631836
183.46000,-59.164073,-65.631836
183.47000,-59.164073,-65.631836
183.48000,-59.164073,-65.631836
183.49000,-59.164073,-65.631836
183.50000,-59.164073,-65.631836
183.51000,-59.164073,-65.631836
183.52000,-59.164073,-65.631836
183.53000,-59.164073,-65.631836
183.54000,-59.164073,-65.631836
183.55000,-59.164073,-65.631836
183.56000,-59.164073,-65.631836
183.57000,-59.164073,-65.631836
183.58000,-59.164073,-65.631836
183.59000,-59.164073,-65.631836
183.60000,-59.164073,-65.631836
183.61000,-59.164073,-65.631836
183.62000,-59.164073,-65.631836
183.63000,-59.164073,-65.631836
183.64000,-59.164073,-65.631836
183.65000,-59.164073,-65.631836
183.66000,-59.164073,-65.631836
183.67000,-59.164073,-65.631836
183.68000,-59.164073,-65.631836
183.69000,-59.164073,-65.631836
183.70000,-59.164073,-65.631836
183.71000,-59.164073,-65.631836
183.72000,-59.164073,-65.631836
183.73000,-59.164073,-65.631836
183.74000,-59.164073,-65.631836
183.75000,-59.164073,-65.631836
183.76000,-59.164073,-65.631836
183.77000,-59.164073,-65.631836
183.78000,-59.164073,-65.631836
183.79000,-59.164073,-65.631836
183.80000,-59.164073,-65.631836
183.81000,-59.164073,-65.631836
183.82000,-59.164073,-65.631836
183.83000,-59.164073,-65.631836
183.84000,-59.164073,-65.631836
183.85000,-59.164073,-65.631836
183.86000,-59.164073,-65.631836
183.87000,-59.164073,-65.631836
183.88000,-59.164073,-65.631836
183.89000,-59.164073,-65.631836
183.90000,-59.164073,-65.631836
183.91000,-59.164073,-65.631836
183.92000,-59.164073,-65.631836
183.93000,-59.164073,-65.631836
183.94000,-59.164073,-65.631836
183.95000,-59.164073,-65.631836
183.96000,-59.164073,-65.631836
183.97000,-59.164073,-65.631836
183.98000,-59.164073,-65.631836
183.99000,-59.164073,-65.631836
184.00000,-59.164073,-65.631836
184.01000,-59.164073,-65.631836
184.02000,-59.164073,-65.631836
184.03000,-59.164073,-65.631836
184.04000,-59.164073,-65.631836
184.05000,-59.164073,-65.631836
184.06000,-59.164073,-65.631836
184.07000,-59.164073,-65.631836
184.08000,-59.164073,-65.631836
184.09000,-59.164073,-65.631836
184.10000,-59.164073,-65.631836
184.11000,-59.164073,-65.631836
184.12000,-59.164073,-65.631836
184.13000,-59.164073,-65.631836
184.14000,-59.164073,-65.631836
184.15000,-59.164073,-65.631836
184.16000,-59.164073,-65.631836
184.17000,-59.164073,-65.631836
184.18000,-59.164073,-65.631836
184.19000,-59.164073,-65.631836
184.20000,-59.164073,-65.631836
184.21000,-59.164073,-65.631836
184.22000,-59.164073,-65.631836
184.23000,-59.164073,-65.631836
184.24000,-59.164073,-65.631836
184.25000,-59.164073,-65.631836
184.26000,-59.164073,-65.631836
184.27000,-59.164073,-65.631836
184.28000,-59.164073,-65.631836
184.29000,-59.164073,-65.631836
184.30000,-59.164073,-65.631836
184.31000,-59.164073,-65.631836
184.32000,-59.164073,-65.631836
184.33000,-59.164073,-65.631836
184.34000,-59.164073,-65.631836
184.35000,-59.164073,-65.631836
184.36000,-59.164073,-65.631836
184.37000,-59.164073,-65.631836
184.38000,-59.164073,-65.631836
184.39000,-59.164073,-65.631836
184.40000,-59.164073,-65.631836
184.41000,-59.164073,-65.631836
184.42000,-59.164073,-65.631836
184.43000,-59.164073,-65.631836
184.44000,-59.164073,-65.631836
184.45000,-59.164073,-65.631836
184.46000,-59.164073,-65.631836
184.47000,-59.164073,-65.631836
184.48000,-59.164073,-65.631836
184.49000,-59.164073,-65.631836
184.50000,-59.164073,-65.631836
184.51000,-59.164073,-65.631836
184.52000,-59.164073,-65.631836
184.53000,-59.164073,-65.631836
184.54000,-59.164073,-65.631836
184.55000,-59.164073,-65.631836
184.56000,-59.164073,-65.631836
184.57000,-59.164073,-65.631836
184.58000,-59.164073,-65.631836
184.59000,-59.164073,-65.631836
184.60000,-59.164073,-65.631836
184.61000,-59.164073,-65.631836
184.62000,-59.164073,-65.631836
184.63000,-59.164073,-65.631836
184.64000,-59.164073,-65.631836
184.65000,-59.164073,-65.631836
184.66000,-59.164073,-65.631836
184.67000,-59.164073,-65.631836
184.68000,-59.164073,-65.631836
184.69000,-59.164073,-65.631836
184.70000,-59.164073,-65.631836
184.71000,-59.164073,-65.631836
184.72000,-59.164073,-65.631836
184.73000,-59.164073,-65.631836
184.74000,-59.164073,-65.631836
184.75000,-59.164073,-65.631836
184.76000,-59.164073,-65.631836
184.77000,-59.164073,-65.631836
184.78000,-59.164073,-65.631836
184.79000,-59.164073,-65.631836
184.80000,-59.164073,-65.631836
184.81000,-59.164073,-65.631836
184.82000,-59.164073,-65.631836
184.83000,-59.164073,-65.631836
184.84000,-59.164073,-65.631836
184.85000,-59.164073,-65.631836
184.86000,-59.164073,-65.631836
184.87000,-59.164073,-65.631836
184.88000,-59.164073,-65.631836
184.89000,-59.164073,-65.631836
184.90000,-59.164073,-65.631836
184.91000,-59.164073,-65.631836
184.92000,-59.164073,-65.631836
184.93000,-59.164073,-65.631836
184.94000,-59.164073,-65.631836
184.95000,-59.164073,-65.631836
184.96000,-59.164073,-65.631836
184.97000,-59.164073,-65.631836
184.98000,-59.164073,-65.631836
184.99000,-59.164073,-65.631836
185.00000,-59.164073,-65.631836
185.01000,-59.164073,-65.631836
185.02000,-59.164073,-65.631836
185.03000,-59.164073,-65.631836
185.04000,-59.164073,-65.631836
185.05000,-59.164073,-65.631836
185.06000,-59.164073,-65.631836
185.07000,-59.164073,-65.631836
185.08000,-59.164073,-65.631836
185.09000,-59.164073,-65.631836
185.10000,-59.164073,-65.631836
185.11000,-59.164073,-65.631836
185.12000,-59.164073,-65.631836
185.13000,-59.164073,-65.631836
185.14000,-59.164073,-65.631836
185.15000,-59.164073,-65.631836
185.16000,-59.164073,-65.631836
185.17000,-59.164073,-65.631836
185.18000,-59.164073,-65.631836
185.19000,-59.164073,-65.631836
185.20000,-59.164073,-65.631836
185.21000,-59.164073,-65.631836
185.22000,-59.164073,-65.631836
185.23000,-59.164073,-65.631836
185.24000,-59.164073,-65.631836
185.25000,-59.164073,-65.631836
185.26000,-59.164073,-65.631836
185.27000,-59.164073,-65.631836
185.28000,-59.164073,-65.631836
185.29000,-59.164073,-65.631836
185.30000,-59.164073,-65.631836
185.31000,-59.164073,-65.631836
185.32000,-59.164073,-65.631836
185.33000,-59.164073,-65.631836
185.34000,-59.164073,-65.631836
185.35000,-59.164073,-65.631836
185.36000,-59.164073,-65.631836
185.37000,-59.164073,-65.631836
185.38000,-59.164073,-65.631836
185.39000,-59.164073,-65.631836
185.40000,-59.164073,-65.631836
185.41000,-59.164073,-65.631836
185.42000,-59.164073,-65.631836
185.43000,-59.164073,-65.631836
185.44000,-59.164073,-65.631836
185.45000,-59.164073,-65.631836
185.46000,-59.164073,-65.631836
185.47000,-59.164073,-65.631836
185.48000,-59.164073,-65.631836
185.49000,-59.164073,-65.631836
185.50000,-59.164073,-65.631836
185.51000,-59.164073,-65.631836
185.52000,-59.164073,-65.631836
185.53000,-59.164073,-65.631836
185.54000,-59.164073,-65.631836
185.55000,-59.164073,-65.631836
185.56000,-59.164073,-65.631836
185.57000,-59.164073,-65.631836
185.58000,-59.164073,-65.631836
185.59000,-59.164073,-65.631836
185.60000,-59.164073,-65.631836
185.61000,-59.164073,-65.631836
185.62000,-59.164073,-65.631836
185.63000,-59.164073,-65.631836
185.64000,-59.164073,-65.631836
185.65000,-59.164073,-65.631836
185.66000,-59.164073,-65.631836
185.67000,-59.164073,-65.631836
185.68000,-59.164073,-65.631836
185.69000,-59.164073,-65.631836
185.70000,-59.164073,-65.631836
185.71000,-59.164073,-65.631836
185.72000,-59.164073,-65.631836
185.73000,-59.164073,-65.631836
185.74000,-59.164073,-65.631836
185.75000,-59.164073,-65.631836
185.76000,-59.164073,-65.631836
185.77000,-59.164073,-65.631836
185.78000,-59.164073,-65.631836
185.79000,-59.164073,-65.631836
185.80000,-59.164073,-65.631836
185.81000,-59.164073,-65.631836
185.82000,-59.164073,-65.631836
185.83000,-59.164073,-65.631836
185.84000,-59.164073,-65.631836
185.85000,-59.164073,-65.631836
185.86000,-59.164073,-65.631836
185.87000,-59.164073,-65.631836
185.88000,-59.164073,-65.631836
185.89000,-59.164073,-65.631836
185.90000,-59.164073,-65.631836
185.91000,-59.164073,-65.631836
185.92000,-59.164073,-65.631836
185.93000,-59.164073,-65.631836
185.94000,-59.164073,-65.631836
185.95000,-59.164073,-65.631836
185.96000,-59.164073,-65.631836
185.97000,-59.164073,-65.631836
185.98000,-59.164073,-65.631836
185.99000,-59.164073,-65.631836
186.00000,-59.164073,-65.631836
186.01000,-59.164073,-65.631836
186.02000,-59.164073,-65.631836
186.03000,-59.164073,-65.631836
186.04000,-59.164073,-65.631836
186.05000,-59.164073,-65.631836
186.06000,-59.164073,-65.631836
186.07000,-59.164073,-65.631836
186.08000,-59.164073,-65.631836
186.09000,-59.164073,-65.631836
186.10000,-59.164073,-65.631836
186.11000,-59.164073,-65.631836
186.12000,-59.164073,-65.631836
186.13000,-59.164073,-65.631836
186.14000,-59.164073,-65.631836
186.15000,-59.164073,-65.631836
186.16000,-59.164073,-65.631836
186.17000,-59.164073,-65.631836
186.18000,-59.164073,-65.631836
186.19000,-59.164073,-65.631836
186.20000,-59.164073,-65.631836
186.21000,-59.164073,-65.631836
186.22000,-59.164073,-65.631836
186.23000,-59.164073,-65.631836
186.24000,-59.164073,-65.631836
186.25000,-59.164073,-65.631836
186.26000,-59.164073,-65.631836
186.27000,-59.164073,-65.631836
186.28000,-59.164073,-65.631836
186.29000,-59.164073,-65.631836
186.30000,-59.164073,-65.631836
186.31000,-59.164073,-65.631836
186.32000,-59.164073,-65.631836
186.33000,-59.164073,-65.631836
186.34000,-59.164073,-65.631836
186.35000,-59.164073,-65.631836
186.36000,-59.164073,-65.631836
186.37000,-59.164073,-65.631836
186.38000,-59.164073,-65.631836
186.39000,-59.164073,-65.631836
186.40000,-59.164073,-65.631836
186.41000,-59.164073,-65.631836
186.42000,-59.164073,-65.631836
186.43000,-59.164073,-65.631836
186.44000,-59.164073,-65.631836
186.45000,-59.164073,-65.631836
186.46000,-59.164073,-65.631836
186.47000,-59.164073,-65.631836
186.48000,-59.164073,-65.631836
186.49000,-59.164073,-65.631836
186.50000,-59.164073,-65.631836
186.51000,-59.164073,-65.631836
186.52000,-59.164073,-65.631836
186.53000,-59.164073,-65.631836
186.54000,-59.164073,-65.631836
186.55000,-59.164073,-65.631836
186.56000,-59.164073,-65.631836
186.57000,-59.164073,-65.631836
186.58000,-59.164073,-65.631836
186.59000,-59.164073,-65.631836
186.60000,-59.164073,-65.631836
186.61000,-59.164073,-65.631836
186.62000,-59.164073,-65.631836
186.63000,-59.164073,-65.631836
186.64000,-59.164073,-65.631836
186.65000,-59.164073,-65.631836
186.66000,-59.164073,-65.631836
186.67000,-59.164073,-65.631836
186.68000,-59.164073,-65.631836
186.69000,-59.164073,-65.631836
186.70000,-59.164073,-65.631836
186.71000,-59.164073,-65.631836
186.72000,-59.164073,-65.631836
186.73000,-59.164073,-65.631836
186.74000,-59.164073,-65.631836
186.75000,-59.164073,-65.631836
186.76000,-59.164073,-65.631836
186.77000,-59.164073,-65.631836
186.78000,-59.164073,-65.631836
186.79000,-59.164073,-65.631836
186.80000,-59.164073,-65.631836
186.81000,-59.164073,-65.631836
186.82000,-59.164073,-65.631836
186.83000,-59.164073,-65.631836
186.84000,-59.164073,-65.631836
186.85000,-59.164073,-65.631836
186.86000,-59.164073,-65.631836
186.87000,-59.164073,-65.631836
186.88000,-59.164073,-65.631836
186.89000,-59.164073,-65.631836
186.90000,-59.164073,-65.631836
186.91000,-59.164073,-65.631836
186.92000,-59.164073,-65.631836
186.93000,-59.164073,-65.631836
186.94000,-59.164073,-65.631836
186.95000,-59.164073,-65.631836
186.96000,-59.164073,-65.631836
186.97000,-59.164073,-65.631836
186.98000,-59.164073,-65.631836
186.99000,-59.164073,-65.631836
187.00000,-59.164073,-65.631836
187.01000,-59.164073,-65.631836
187.02000,-59.164073,-65.631836
187.03000,-59.164073,-65.631836
187.04000,-59.164073,-65.631836
187.05000,-59.164073,-65.631836
187.06000,-59.164073,-65.631836
187.07000,-59.164073,-65.631836
187.08000,-59.164073,-65.631836
187.09000,-59.164073,-65.631836
187.10000,-59.164073,-65.631836
187.11000,-59.164073,-65.631836
187.12000,-59.164073,-65.631836
187.13000,-59.164073,-65.631836
187.14000,-59.164073,-65.631836
187.15000,-59.164073,-65.631836
187.16000,-59.164073,-65.631836
187.17000,-59.164073,-65.631836
187.18000,-59.164073,-65.631836
187.19000,-59.164073,-65.631836
187.20000,-59.164073,-65.631836
187.21000,-59.164073,-65.631836
187.22000,-59.164073,-65.631836
187.23000,-59.164073,-65.631836
187.24000,-59.164073,-65.631836
187.25000,-59.164073,-65.631836
187.26000,-59.164073,-65.631836
187.27000,-59.164073,-65.631836
187.28000,-59.164073,-65.631836
187.29000,-59.164073,-65.631836
187.30000,-59.164073,-65.631836
187.31000,-59.164073,-65.631836
187.32000,-59.164073,-65.631836
187.33000,-59.164073,-65.631836
187.34000,-59.164073,-65.631836
187.35000,-59.164073,-65.631836
187.36000,-59.164073,-65.631836
187.37000,-59.164073,-65.631836
187.38000,-59.164073,-65.631836
187.39000,-59.164073,-65.631836
187.40000,-59.164073,-65.631836
187.41000,-59.164073,-65.631836
187.42000,-59.164073,-65.631836
187.43000,-59.164073,-65.631836
187.44000,-59.164073,-65.631836
187.45000,-59.164073,-65.631836
187.46000,-59.164073,-65.631836
187.47000,-59.164073,-65.631836
187.48000,-59.164073,-65.631836
187.49000,-59.164073,-65.631836
187.50000,-59.164073,-65.631836
187.51000,-59.164073,-65.631836
187.52000,-59.164073,-65.631836
187.53000,-59.164073,-65.631836
187.54000,-59.164073,-65.631836
187.55000,-59.164073,-65.631836
187.56000,-59.164073,-65.631836
187.57000,-59.164073,-65.631836
187.58000,-59.164073,-65.631836
187.59000,-59.164073,-65.631836
187.60000,-59.164073,-65.631836
187.61000,-59.164073,-65.631836
187.62000,-59.164073,-65.631836
187.63000,-59.164073,-65.631836
187.64000,-59.164073,-65.631836
187.65000,-59.164073,-65.631836
187.66000,-59.164073,-65.631836
187.67000,-59.164073,-65.631836
187.68000,-59.164073,-65.631836
187.69000,-59.164073,-65.631836
187.70000,-59.164073,-65.631836
187.71000,-59.164073,-65.631836
187.72000,-59.164073,-65.631836
187.73000,-59.164073,-65.631836
187.74000,-59.164073,-65.631836
187.75000,-59.164073,-65.631836
187.76000,-59.164073,-65.631836
187.77000,-59.164073,-65.631836
187.78000,-59.164073,-65.631836
187.79000,-59.164073,-65.631836
187.80000,-59.164073,-65.631836
187.81000,-59.164073,-65.631836
187.82000,-59.164073,-65.631836
187.83000,-59.164073,-65.631836
187.84000,-59.164073,-65.631836
187.85000,-59.164073,-65.631836
187.86000,-59.164073,-65.631836
187.87000,-59.164073,-65.631836
187.88000,-59.164073,-65.631836
187.89000,-59.164073,-65.631836
187.90000,-59.164073,-65.631836
187.91000,-59.164073,-65.631836
187.92000,-59.164073,-65.631836
187.93000,-59.164073,-65.631836
187.94000,-59.164073,-65.631836
187.95000,-59.164073,-65.631836
187.96000,-59.164073,-65.631836
187.97000,-59.164073,-65.631836
187.98000,-59.164073,-65.631836
187.99000,-59.164073,-65.631836
188.00000,-59.164073,-65.631836
188.01000,-59.164073,-65.631836
188.02000,-59.164073,-65.631836
188.03000,-59.164073,-65.631836
188.04000,-59.164073,-65.631836
188.05000,-59.164073,-65.631836
188.06000,-59.164073,-65.631836
188.07000,-59.164073,-65.631836
188.08000,-59.164073,-65.631836
188.09000,-59.164073,-65.631836
188.10000,-59.164073,-65.631836
188.11000,-59.164073,-65.631836
188.12000,-59.164073,-65.631836
188.13000,-59.164073,-65.631836
188.14000,-59.164073,-65.631836
188.15000,-59.164073,-65.631836
188.16000,-59.164073,-65.631836
188.17000,-59.164073,-65.631836
188.18000,-59.164073,-65.631836
188.19000,-59.164073,-65.631836
188.20000,-59.164073,-65.631836
188.21000,-59.164073,-65.631836
188.22000,-59.164073,-65.631836
188.23000,-59.164073,-65.631836
188.24000,-59.164073,-65.631836
188.25000,-59.164073,-65.631836
188.26000,-59.164073,-65.631836
188.27000,-59.164073,-65.631836
188.28000,-59.164073,-65.631836
188.29000,-59.164073,-65.631836
188.30000,-59.164073,-65.631836
188.31000,-59.164073,-65.631836
188.32000,-59.164073,-65.631836
188.33000,-59.164073,-65.631836
188.34000,-59.164073,-65.631836
188.35000,-59.164073,-65.631836
188.36000,-59.164073,-65.631836
188.37000,-59.164073,-65.631836
188.38000,-59.164073,-65.631836
188.39000,-59.164073,-65.631836
188.40000,-59.164073,-65.631836
188.41000,-59.164073,-65.631836
188.42000,-59.164073,-65.631836
188.43000,-59.164073,-65.631836
188.44000,-59.164073,-65.631836
188.45000,-59.164073,-65.631836
188.46000,-59.164073,-65.631836
188.47000,-59.164073,-65.631836
188.48000,-59.164073,-65.631836
188.49000,-59.164073,-65.631836
188.50000,-59.164073,-65.631836
188.51000,-59.164073,-65.631836
188.52000,-59.164073,-65.631836
188.53000,-59.164073,-65.631836
188.54000,-59.164073,-65.631836
188.55000,-59.164073,-65.631836
188.56000,-59.164073,-65.631836
188.57000,-59.164073,-65.631836
188.58000,-59.164073,-65.631836
188.59000,-59.164073,-65.631836
188.60000,-59.164073,-65.631836
188.61000,-59.164073,-65.631836
188.62000,-59.164073,-65.631836
188.63000,-59.164073,-65.631836
188.64000,-59.164073,-65.631836
188.65000,-59.164073,-65.631836
188.66000,-59.164073,-65.631836
188.67000,-59.164073,-65.631836
188.68000,-59.164073,-65.631836
188.69000,-59.164073,-65.631836
188.70000,-59.164073,-65.631836
188.71000,-59.164073,-65.631836
188.72000,-59.164073,-65.631836
188.73000,-59.164073,-65.631836
188.74000,-59.164073,-65.631836
188.75000,-59.164073,-65.631836
188.76000,-59.164073,-65.631836
188.77000,-59.164073,-65.631836
188.78000,-59.164073,-65.631836
188.79000,-59.164073,-65.631836
188.80000,-59.164073,-65.631836
188.81000,-59.164073,-65.631836
188.82000,-59.164073,-65.631836
188.83000,-59.164073,-65.631836
188.84000,-59.164073,-65.631836
188.85000,-59.164073,-65.631836
188.86000,-59.164073,-65.631836
188.87000,-59.164073,-65.631836
188.88000,-59.164073,-65.631836
188.89000,-59.164073,-65.631836
188.90000,-59.164073,-65.631836
188.91000,-59.164073,-65.631836
188.92000,-59.164073,-65.631836
188.93000,-59.164073,-65.631836
188.94000,-59.164073,-65.631836
188.95000,-59.164073,-65.631836
188.96000,-59.164073,-65.631836
188.97000,-59.164073,-65.631836
188.98000,-59.164073,-65.631836
188.99000,-59.164073,-65.631836
189.00000,-59.164073,-65.631836
189.01000,-59.164073,-65.631836
189.02000,-59.164073,-65.631836
189.03000,-59.164073,-65.631836
189.04000,-59.164073,-65.631836
189.05000,-59.164073,-65.631836
189.06000,-59.164073,-65.631836
189.07000,-59.164073,-65.631836
189.08000,-59.164073,-65.631836
189.09000,-59.164073,-65.631836
189.10000,-59.164073,-65.631836
189.11000,-59.164073,-65.631836
189.12000,-59.164073,-65.631836
189.13000,-59.164073,-65.631836
189.14000,-59.164073,-65.631836
189.15000,-59.164073,-65.631836
189.16000,-59.164073,-65.631836
189.17000,-59.164073,-65.631836
189.18000,-59.164073,-65.631836
189.19000,-59.164073,-65.631836
189.20000,-59.164073,-65.631836
189.21000,-59.164073,-65.631836
189.22000,-59.164073,-65.631836
189.23000,-59.164073,-65.631836
189.24000,-59.164073,-65.631836
189.25000,-59.164073,-65.631836
189.26000,-59.164073,-65.631836
189.27000,-59.164073,-65.631836
189.28000,-59.164073,-65.631836
189.29000,-59.164073,-65.631836
189.30000,-59.164073,-65.631836
189.31000,-59.164073,-65.631836
189.32000,-59.164073,-65.631836
189.33000,-59.164073,-65.631836
189.34000,-59.164073,-65.631836
189.35000,-59.164073,-65.631836
189.36000,-59.164073,-65.631836
189.37000,-59.164073,-65.631836
189.38000,-59.164073,-65.631836
189.39000,-59.164073,-65.631836
189.40000,-59.164073,-65.631836
189.41000,-59.164073,-65.631836
189.42000,-59.164073,-65.631836
189.43000,-59.164073,-65.631836
189.44000,-59.164073,-65.631836
189.45000,-59.164073,-65.631836
189.46000,-59.164073,-65.631836
189.47000,-59.164073,-65.631836
189.48000,-59.164073,-65.631836
189.49000,-59.164073,-65.631836
189.50000,-59.164073,-65.631836
189.51000,-59.164073,-65.631836
189.52000,-59.164073,-65.631836
189.53000,-59.164073,-65.631836
189.54000,-59.164073,-65.631836
189.55000,-59.164073,-65.631836
189.56000,-59.164073,-65.631836
189.57000,-59.164073,-65.631836
189.58000,-59.164073,-65.631836
189.59000,-59.164073,-65.631836
189.60000,-59.164073,-65.631836
189.61000,-59.164073,-65.631836
189.62000,-59.164073,-65.631836
189.63000,-59.164073,-65.631836
189.64000,-59.164073,-65.631836
189.65000,-59.164073,-65.631836
189.66000,-59.164073,-65.631836
189.67000,-59.164073,-65.631836
189.68000,-59.164073,-65.631836
189.69000,-59.164073,-65.631836
189.70000,-59.164073,-65.631836
189.71000,-59.164073,-65.631836
189.72000,-59.164073,-65.631836
189.73000,-59.164073,-65.631836
189.74000,-59.164073,-65.631836
189.75000,-59.164073,-65.631836
189.76000,-59.164073,-65.631836
189.77000,-59.164073,-65.631836
189.78000,-59.164073,-65.631836
189.79000,-59.164073,-65.631836
189.80000,-59.164073,-65.631836
189.81000,-59.164073,-65.631836
189.82000,-59.164073,-65.631836
189.83000,-59.164073,-65.631836
189.84000,-59.164073,-65.631836
189.85000,-59.164073,-65.631836
189.86000,-59.164073,-65.631836
189.87000,-59.164073,-65.631836
189.88000,-59.164073,-65.631836
189.89000,-59.164073,-65.631836
189.90000,-59.164073,-65.631836
189.91000,-59.164073,-65.631836
189.92000,-59.164073,-65.631836
189.93000,-59.164073,-65.631836
189.94000,-59.164073,-65.631836
189.95000,-59.164073,-65.631836
189.96000,-59.164073,-65.631836
189.97000,-59.164073,-65.631836
189.98000,-59.164073,-65.631836
189.99000,-59.164073,-65.631836
190.00000,-59.164073,-65.631836
190.01000,-59.164073,-65.631836
190.02000,-59.164073,-65.631836
190.03000,-59.164073,-65.631836
190.04000,-59.164073,-65.631836
190.05000,-59.164073,-65.631836
190.06000,-59.164073,-65.631836
190.07000,-59.164073,-65.631836
190.08000,-59.164073,-65.631836
190.09000,-59.164073,-65.631836
190.10000,-59.164073,-65.631836
190.11000,-59.164073,-65.631836
190.12000,-59.164073,-65.631836
190.13000,-59.164073,-65.631836
190.14000,-59.164073,-65.631836
190.15000,-59.164073,-65.631836
190.16000,-59.164073,-65.631836
190.17000,-59.164073,-65.631836
190.18000,-59.164073,-65.631836
190.19000,-59.164073,-65.631836
190.20000,-59.164073,-65.631836
190.21000,-59.164073,-65.631836
190.22000,-59.164073,-65.631836
190.23000,-59.164073,-65.631836
190.24000,-59.164073,-65.631836
190.25000,-59.164073,-65.631836
190.26000,-59.164073,-65.631836
190.27000,-59.164073,-65.631836
190.28000,-59.164073,-65.631836
190.29000,-59.164073,-65.631836
190.30000,-59.164073,-65.631836
190.31000,-59.164073,-65.631836
190.32000,-59.164073,-65.631836
190.33000,-59.164073,-65.631836
190.34000,-59.164073,-65.631836
190.35000,-59.164073,-65.631836
190.36000,-59.164073,-65.631836
190.37000,-59.164073,-65.631836
190.38000,-59.164073,-65.631836
190.39000,-59.164073,-65.631836
190.40000,-59.164073,-65.631836
190.41000,-59.164073,-65.631836
190.42000,-59.164073,-65.631836
190.43000,-59.164073,-65.631836
190.44000,-59.164073,-65.631836
190.45000,-59.164073,-65.631836
190.46000,-59.164073,-65.631836
190.47000,-59.164073,-65.631836
190.48000,-59.164073,-65.631836
190.49000,-59.164073,-65.631836
190.50000,-59.164073,-65.631836
190.51000,-59.164073,-65.631836
190.52000,-59.164073,-65.631836
190.53000,-59.164073,-65.631836
190.54000,-59.164073,-65.631836
190.55000,-59.164073,-65.631836
190.56000,-59.164073,-65.631836
190.57000,-59.164073,-65.631836
190.58000,-59.164073,-65.631836
190.59000,-59.164073,-65.631836
190.60000,-59.164073,-65.631836
190.61000,-59.164073,-65.631836
190.62000,-59.164073,-65.631836
190.63000,-59.164073,-65.631836
190.64000,-59.164073,-65.631836
190.65000,-59.164073,-65.631836
190.66000,-59.164073,-65.631836
190.67000,-59.164073,-65.631836
190.68000,-59.164073,-65.631836
190.69000,-59.164073,-65.631836
190.70000,-59.164073,-65.631836
190.71000,-59.164073,-65.631836
190.72000,-59.164073,-65.631836
190.73000,-59.164073,-65.631836
190.74000,-59.164073,-65.631836
190.75000,-59.164073,-65.631836
190.76000,-59.164073,-65.631836
190.77000,-59.164073,-65.631836
190.78000,-59.164073,-65.631836
190.79000,-59.164073,-65.631836
190.80000,-59.164073,-65.631836
190.81000,-59.164073,-65.631836
190.82000,-59.164073,-65.631836
190.83000,-59.164073,-65.631836
190.84000,-59.164073,-65.631836
190.85000,-59.164073,-65.631836
190.86000,-59.164073,-65.631836
190.87000,-59.164073,-65.631836
190.88000,-59.164073,-65.631836
190.89000,-59.164073,-65.631836
190.90000,-59.164073,-65.631836
190.91000,-59.164073,-65.631836
190.92000,-59.164073,-65.631836
190.93000,-59.164073,-65.631836
190.94000,-59.164073,-65.631836
190.95000,-59.164073,-65.631836
190.96000,-59.164073,-65.631836
190.97000,-59.164073,-65.631836
190.98000,-59.164073,-65.631836
190.99000,-59.164073,-65.631836
191.00000,-59.164073,-65.631836
191.01000,-59.164073,-65.631836
191.02000,-59.164073,-65.631836
191.03000,-59.164073,-65.631836
191.04000,-59.164073,-65.631836
191.05000,-59.164073,-65.631836
191.06000,-59.164073,-65.631836
191.07000,-59.164073,-65.631836
191.08000,-59.164073,-65.631836
191.09000,-59.164073,-65.631836
191.10000,-59.164073,-65.631836
191.11000,-59.164073,-65.631836
191.12000,-59.164073,-65.631836
191.13000,-59.164073,-65.631836
191.14000,-59.164073,-65.631836
191.15000,-59.164073,-65.631836
191.16000,-59.164073,-65.631836
191.17000,-59.164073,-65.631836
191.18000,-59.164073,-65.631836
191.19000,-59.164073,-65.631836
191.20000,-59.164073,-65.631836
191.21000,-59.164073,-65.631836
191.22000,-59.164073,-65.631836
191.23000,-59.164073,-65.631836
191.24000,-59.164073,-65.631836
191.25000,-59.164073,-65.631836
191.26000,-59.164073,-65.631836
191.27000,-59.164073,-65.631836
191.28000,-59.164073,-65.631836
191.29000,-59.164073,-65.631836
191.30000,-59.164073,-65.631836
191.31000,-59.164073,-65.631836
191.32000,-59.164073,-65.631836
191.33000,-59.164073,-65.631836
191.34000,-59.164073,-65.631836
191.35000,-59.164073,-65.631836
191.36000,-59.164073,-65.631836
191.37000,-59.164073,-65.631836
191.38000,-59.164073,-65.631836
191.39000,-59.164073,-65.631836
191.40000,-59.164073,-65.631836
191.41000,-59.164073,-65.631836
191.42000,-59.164073,-65.631836
191.43000,-59.164073,-65.631836
191.44000,-59.164073,-65.631836
191.45000,-59.164073,-65.631836
191.46000,-59.164073,-65.631836
191.47000,-59.164073,-65.631836
191.48000,-59.164073,-65.631836
191.49000,-59.164073,-65.631836
191.50000,-59.164073,-65.631836
191.51000,-59.164073,-65.631836
191.52000,-59.164073,-65.631836
191.53000,-59.164073,-65.631836
191.54000,-59.164073,-65.631836
191.55000,-59.164073,-65.631836
191.56000,-59.164073,-65.631836
191.57000,-59.164073,-65.631836
191.58000,-59.164073,-65.631836
191.59000,-59.164073,-65.631836
191.60000,-59.164073,-65.631836
191.61000,-59.164073,-65.631836
191.62000,-59.164073,-65.631836
191.63000,-59.164073,-65.631836
191.64000,-59.164073,-65.631836
191.65000,-59.164073,-65.631836
191.66000,-59.164073,-65.631836
191.67000,-59.164073,-65.631836
191.68000,-59.164073,-65.631836
191.69000,-59.164073,-65.631836
191.70000,-59.164073,-65.631836
191.71000,-59.164073,-65.631836
191.72000,-59.164073,-65.631836
191.73000,-59.164073,-65.631836
191.74000,-59.164073,-65.631836
191.75000,-59.164073,-65.631836
191.76000,-59.164073,-65.631836
191.77000,-59.164073,-65.631836
191.78000,-59.164073,-65.631836
191.79000,-59.164073,-65.631836
191.80000,-59.164073,-65.631836
191.81000,-59.164073,-65.631836
191.82000,-59.164073,-65.631836
191.83000,-59.164073,-65.631836
191.84000,-59.164073,-65.631836
191.85000,-59.164073,-65.631836
191.86000,-59.164073,-65.631836
191.87000,-59.164073,-65.631836
191.88000,-59.164073,-65.631836
191.89000,-59.164073,-65.631836
191.90000,-59.164073,-65.631836
191.91000,-59.164073,-65.631836
191.92000,-59.164073,-65.631836
191.93000,-59.164073,-65.631836
191.94000,-59.164073,-65.631836
191.95000,-59.164073,-65.631836
191.96000,-59.164073,-65.631836
191.97000,-59.164073,-65.631836
191.98000,-59.164073,-65.631836
191.99000,-59.164073,-65.631836
192.00000,-59.164073,-65.631836
192.01000,-59.164073,-65.631836
192.02000,-59.164073,-65.631836
192.03000,-59.164073,-65.631836
192.04000,-59.164073,-65.631836
192.05000,-59.164073,-65.631836
192.06000,-59.164073,-65.631836
192.07000,-59.164073,-65.631836
192.08000,-59.164073,-65.631836
192.09000,-59.164073,-65.631836
192.10000,-59.164073,-65.631836
192.11000,-59.164073,-65.631836
192.12000,-59.164073,-65.631836
192.13000,-59.164073,-65.631836
192.14000,-59.164073,-65.631836
192.15000,-59.164073,-65.631836
192.16000,-59.164073,-65.631836
192.17000,-59.164073,-65.631836
192.18000,-59.164073,-65.631836
192.19000,-59.164073,-65.631836
192.20000,-59.164073,-65.631836
192.21000,-59.164073,-65.631836
192.22000,-59.164073,-65.631836
192.23000,-59.164073,-65.631836
192.24000,-59.164073,-65.631836
192.25000,-59.164073,-65.631836
192.26000,-59.164073,-65.631836
192.27000,-59.164073,-65.631836
192.28000,-59.164073,-65.631836
192.29000,-59.164073,-65.631836
192.30000,-59.164073,-65.631836
192.31000,-59.164073,-65.631836
192.32000,-59.164073,-65.631836
192.33000,-59.164073,-65.631836
192.34000,-59.164073,-65.631836
192.35000,-59.164073,-65.631836
192.36000,-59.164073,-65.631836
192.37000,-59.164073,-65.631836
192.38000,-59.164073,-65.631836
192.39000,-59.164073,-65.631836
192.40000,-59.164073,-65.631836
192.41000,-59.164073,-65.631836
192.42000,-59.164073,-65.631836
192.43000,-59.164073,-65.631836
192.44000,-59.164073,-65.631836
192.45000,-59.164073,-65.631836
192.46000,-59.164073,-65.631836
192.47000,-59.164073,-65.631836
192.48000,-59.164073,-65.631836
192.49000,-59.164073,-65.631836
192.50000,-59.164073,-65.631836
192.51000,-59.164073,-65.631836
192.52000,-59.164073,-65.631836
192.53000,-59.164073,-65.631836
192.54000,-59.164073,-65.631836
192.55000,-59.164073,-65.631836
192.56000,-59.164073,-65.631836
192.57000,-59.164073,-65.631836
192.58000,-59.164073,-65.631836
192.59000,-59.164073,-65.631836
192.60000,-59.164073,-65.631836
192.61000,-59.164073,-65.631836
192.62000,-59.164073,-65.631836
192.63000,-59.164073,-65.631836
192.64000,-59.164073,-65.631836
192.65000,-59.164073,-65.631836
192.66000,-59.164073,-65.631836
192.67000,-59.164073,-65.631836
192.68000,-59.164073,-65.631836
192.69000,-59.164073,-65.631836
192.70000,-59.164073,-65.631836
192.71000,-59.164073,-65.631836
192.72000,-59.164073,-65.631836
192.73000,-59.164073,-65.631836
192.74000,-59.164073,-65.631836
192.75000,-59.164073,-65.631836
192.76000,-59.164073,-65.631836
192.77000,-59.164073,-65.631836
192.78000,-59.164073,-65.631836
192.79000,-59.164073,-65.631836
192.80000,-59.164073,-65.631836
192.81000,-59.164073,-65.631836
192.82000,-59.164073,-65.631836
192.83000,-59.164073,-65.631836
192.84000,-59.164073,-65.631836
192.85000,-59.164073,-65.631836
192.86000,-59.164073,-65.631836
192.87000,-59.164073,-65.631836
192.88000,-59.164073,-65.631836
192.89000,-59.164073,-65.631836
192.90000,-59.164073,-65.631836
192.91000,-59.164073,-65.631836
192.92000,-59.164073,-65.631836
192.93000,-59.164073,-65.631836
192.94000,-59.164073,-65.631836
192.95000,-59.164073,-65.631836
192.96000,-59.164073,-65.631836
192.97000,-59.164073,-65.631836
192.98000,-59.164073,-65.631836
192.99000,-59.164073,-65.631836
193.00000,-59.164073,-65.631836
193.01000,-59.164073,-65.631836
193.02000,-59.164073,-65.631836
193.03000,-59.164073,-65.631836
193.04000,-59.164073,-65.631836
193.05000,-59.164073,-65.631836
193.06000,-59.164073,-65.631836
193.07000,-59.164073,-65.631836
193.08000,-59.164073,-65.631836
193.09000,-59.164073,-65.631836
193.10000,-59.164073,-65.631836
193.11000,-59.164073,-65.631836
193.12000,-59.164073,-65.631836
193.13000,-59.164073,-65.631836
193.14000,-59.164073,-65.631836
193.15000,-59.164073,-65.631836
193.16000,-59.164073,-65.631836
193.17000,-59.164073,-65.631836
193.18000,-59.164073,-65.631836
193.19000,-59.164073,-65.631836
193.20000,-59.164073,-65.631836
193.21000,-59.164073,-65.631836
193.22000,-59.164073,-65.631836
193.23000,-59.164073,-65.631836
193.24000,-59.164073,-65.631836
193.25000,-59.164073,-65.631836
193.26000,-59.164073,-65.631836
193.27000,-59.164073,-65.631836
193.28000,-59.164073,-65.631836
193.29000,-59.164073,-65.631836
193.30000,-59.164073,-65.631836
193.31000,-59.164073,-65.631836
193.32000,-59.164073,-65.631836
193.33000,-59.164073,-65.631836
193.34000,-59.164073,-65.631836
193.35000,-59.164073,-65.631836
193.36000,-59.164073,-65.631836
193.37000,-59.164073,-65.631836
193.38000,-59.164073,-65.631836
193.39000,-59.164073,-65.631836
193.40000,-59.164073,-65.631836
193.41000,-59.164073,-65.631836
193.42000,-59.164073,-65.631836
193.43000,-59.164073,-65.631836
193.44000,-59.164073,-65.631836
193.45000,-59.164073,-65.631836
193.46000,-59.164073,-65.631836
193.47000,-59.164073,-65.631836
193.48000,-59.164073,-65.631836
193.49000,-59.164073,-65.631836
193.50000,-59.164073,-65.631836
193.51000,-59.164073,-65.631836
193.52000,-59.164073,-65.631836
193.53000,-59.164073,-65.631836
193.54000,-59.164073,-65.631836
193.55000,-59.164073,-65.631836
193.56000,-59.164073,-65.631836
193.57000,-59.164073,-65.631836
193.58000,-59.164073,-65.631836
193.59000,-59.164073,-65.631836
193.60000,-59.164073,-65.631836
193.61000,-59.164073,-65.631836
193.62000,-59.164073,-65.631836
193.63000,-59.164073,-65.631836
193.64000,-59.164073,-65.631836
193.65000,-59.164073,-65.631836
193.66000,-59.164073,-65.631836
193.67000,-59.164073,-65.631836
193.68000,-59.164073,-65.631836
193.69000,-59.164073,-65.631836
193.70000,-59.164073,-65.631836
193.71000,-59.164073,-65.631836
193.72000,-59.164073,-65.631836
193.73000,-59.164073,-65.631836
193.74000,-59.164073,-65.631836
193.75000,-59.164073,-65.631836
193.76000,-59.164073,-65.631836
193.77000,-59.164073,-65.631836
193.78000,-59.164073,-65.631836
193.79000,-59.164073,-65.631836
193.80000,-59.164073,-65.631836
193.81000,-59.164073,-65.631836
193.82000,-59.164073,-65.631836
193.83000,-59.164073,-65.631836
193.84000,-59.164073,-65.631836
193.85000,-59.164073,-65.631836
193.86000,-59.164073,-65.631836
193.87000,-59.164073,-65.631836
193.88000,-59.164073,-65.631836
193.89000,-59.164073,-65.631836
193.90000,-59.164073,-65.631836
193.91000,-59.164073,-65.631836
193.92000,-59.164073,-65.631836
193.93000,-59.164073,-65.631836
193.94000,-59.164073,-65.631836
193.95000,-59.164073,-65.631836
193.96000,-59.164073,-65.631836
193.97000,-59.164073,-65.631836
193.98000,-59.164073,-65.631836
193.99000,-59.164073,-65.631836
194.00000,-59.164073,-65.631836
194.01000,-59.164073,-65.631836
194.02000,-59.164073,-65.631836
194.03000,-59.164073,-65.631836
194.04000,-59.164073,-65.631836
194.05000,-59.164073,-65.631836
194.06000,-59.164073,-65.631836
194.07000,-59.164073,-65.631836
194.08000,-59.164073,-65.631836
194.09000,-59.164073,-65.631836
194.10000,-59.164073,-65.631836
194.11000,-59.164073,-65.631836
194.12000,-59.164073,-65.631836
194.13000,-59.164073,-65.631836
194.14000,-59.164073,-65.631836
194.15000,-59.164073,-65.631836
194.16000,-59.164073,-65.631836
194.17000,-59.164073,-65.631836
194.18000,-59.164073,-65.631836
194.19000,-59.164073,-65.631836
194.20000,-59.164073,-65.631836
194.21000,-59.164073,-65.631836
194.22000,-59.164073,-65.631836
194.23000,-59.164073,-65.631836
194.24000,-59.164073,-65.631836
194.25000,-59.164073,-65.631836
194.26000,-59.164073,-65.631836
194.27000,-59.164073,-65.631836
194.28000,-59.164073,-65.631836
194.29000,-59.164073,-65.631836
194.30000,-59.164073,-65.631836
194.31000,-59.164073,-65.631836
194.32000,-59.164073,-65.631836
194.33000,-59.164073,-65.631836
194.34000,-59.164073,-65.631836
194.35000,-59.164073,-65.631836
194.36000,-59.164073,-65.631836
194.37000,-59.164073,-65.631836
194.38000,-59.164073,-65.631836
194.39000,-59.164073,-65.631836
194.40000,-59.164073,-65.631836
194.41000,-59.164073,-65.631836
194.42000,-59.164073,-65.631836
194.43000,-59.164073,-65.631836
194.44000,-59.164073,-65.631836
194.45000,-59.164073,-65.631836
194.46000,-59.164073,-65.631836
194.47000,-59.164073,-65.631836
194.48000,-59.164073,-65.631836
194.49000,-59.164073,-65.631836
194.50000,-59.164073,-65.631836
194.51000,-59.164073,-65.631836
194.52000,-59.164073,-65.631836
194.53000,-59.164073,-65.631836
194.54000,-59.164073,-65.631836
194.55000,-59.164073,-65.631836
194.56000,-59.164073,-65.631836
194.57000,-59.164073,-65.631836
194.58000,-59.164073,-65.631836
194.59000,-59.164073,-65.631836
194.60000,-59.164073,-65.631836
194.61000,-59.164073,-65.631836
194.62000,-59.164073,-65.631836
194.63000,-59.164073,-65.631836
194.64000,-59.164073,-65.631836
194.65000,-59.164073,-65.631836
194.66000,-59.164073,-65.631836
194.67000,-59.164073,-65.631836
194.68000,-59.164073,-65.631836
194.69000,-59.164073,-65.631836
194.70000,-59.164073,-65.631836
194.71000,-59.164073,-65.631836
194.72000,-59.164073,-65.631836
194.73000,-59.164073,-65.631836
194.74000,-59.164073,-65.631836
194.75000,-59.164073,-65.631836
194.76000,-59.164073,-65.631836
194.77000,-59.164073,-65.631836
194.78000,-59.164073,-65.631836
194.79000,-59.164073,-65.631836
194.80000,-59.164073,-65.631836
194.81000,-59.164073,-65.631836
194.82000,-59.164073,-65.631836
194.83000,-59.164073,-65.631836
194.84000,-59.164073,-65.631836
194.85000,-59.164073,-65.631836
194.86000,-59.164073,-65.631836
194.87000,-59.164073,-65.631836
194.88000,-59.164073,-65.631836
194.89000,-59.164073,-65.631836
194.90000,-59.164073,-65.631836
194.91000,-59.164073,-65.631836
194.92000,-59.164073,-65.631836
194.93000,-59.164073,-65.631836
194.94000,-59.164073,-65.631836
194.95000,-59.164073,-65.631836
194.96000,-59.164073,-65.631836
194.97000,-59.164073,-65.631836
194.98000,-59.164073,-65.631836
194.99000,-59.164073,-65.631836
195.00000,-59.164073,-65.631836
195.01000,-59.164073,-65.631836
195.02000,-59.164073,-65.631836
195.03000,-59.164073,-65.631836
195.04000,-59.164073,-65.631836
195.05000,-59.164073,-65.631836
195.06000,-59.164073,-65.631836
195.07000,-59.164073,-65.631836
195.08000,-59.164073,-65.631836
195.09000,-59.164073,-65.631836
195.10000,-59.164073,-65.631836
195.11000,-59.164073,-65.631836
195.12000,-59.164073,-65.631836
195.13000,-59.164073,-65.631836
195.14000,-59.164073,-65.631836
195.15000,-59.164073,-65.631836
195.16000,-59.164073,-65.631836
195.17000,-59.164073,-65.631836
195.18000,-59.164073,-65.631836
195.19000,-59.164073,-65.631836
195.20000,-59.164073,-65.631836
195.21000,-59.164073,-65.631836
195.22000,-59.164073,-65.631836
195.23000,-59.164073,-65.631836
195.24000,-59.164073,-65.631836
195.25000,-59.164073,-65.631836
195.26000,-59.164073,-65.631836
195.27000,-59.164073,-65.631836
195.28000,-59.164073,-65.631836
195.29000,-59.164073,-65.631836
195.30000,-59.164073,-65.631836
195.31000,-59.164073,-65.631836
195.32000,-59.164073,-65.631836
195.33000,-59.164073,-65.631836
195.34000,-59.164073,-65.631836
195.35000,-59.164073,-65.631836
195.36000,-59.164073,-65.631836
195.37000,-59.164073,-65.631836
195.38000,-59.164073,-65.631836
195.39000,-59.164073,-65.631836
195.40000,-59.164073,-65.631836
195.41000,-59.164073,-65.631836
195.42000,-59.164073,-65.631836
195.43000,-59.164073,-65.631836
195.44000,-59.164073,-65.631836
195.45000,-59.164073,-65.631836
195.46000,-59.164073,-65.631836
195.47000,-59.164073,-65.631836
195.48000,-59.164073,-65.631836
195.49000,-59.164073,-65.631836
195.50000,-59.164073,-65.631836
195.51000,-59.164073,-65.631836
195.52000,-59.164073,-65.631836
195.53000,-59.164073,-65.631836
195.54000,-59.164073,-65.631836
195.55000,-59.164073,-65.631836
195.56000,-59.164073,-65.631836
195.57000,-59.164073,-65.631836
195.58000,-59.164073,-65.631836
195.59000,-59.164073,-65.631836
195.60000,-59.164073,-65.631836
195.61000,-59.164073,-65.631836
195.62000,-59.164073,-65.631836
195.63000,-59.164073,-65.631836
195.64000,-59.164073,-65.631836
195.65000,-59.164073,-65.631836
195.66000,-59.164073,-65.631836
195.67000,-59.164073,-65.631836
195.68000,-59.164073,-65.631836
195.69000,-59.164073,-65.631836
195.70000,-59.164073,-65.631836
195.71000,-59.164073,-65.631836
195.72000,-59.164073,-65.631836
195.73000,-59.164073,-65.631836
195.74000,-59.164073,-65.631836
195.75000,-59.164073,-65.631836
195.76000,-59.164073,-65.631836
195.77000,-59.164073,-65.631836
195.78000,-59.164073,-65.631836
195.79000,-59.164073,-65.631836
195.80000,-59.164073,-65.631836
195.81000,-59.164073,-65.631836
195.82000,-59.164073,-65.631836
195.83000,-59.164073,-65.631836
195.84000,-59.164073,-65.631836
195.85000,-59.164073,-65.631836
195.86000,-59.164073,-65.631836
195.87000,-59.164073,-65.631836
195.88000,-59.164073,-65.631836
195.89000,-59.164073,-65.631836
195.90000,-59.164073,-65.631836
195.91000,-59.164073,-65.631836
195.92000,-59.164073,-65.631836
195.93000,-59.164073,-65.631836
195.94000,-59.164073,-65.631836
195.95000,-59.164073,-65.631836
195.96000,-59.164073,-65.631836
195.97000,-59.164073,-65.631836
195.98000,-59.164073,-65.631836
195.99000,-59.164073,-65.631836
196.00000,-59.164073,-65.631836
196.01000,-59.164073,-65.631836
196.02000,-59.164073,-65.631836
196.03000,-59.164073,-65.631836
196.04000,-59.164073,-65.631836
196.05000,-59.164073,-65.631836
196.06000,-59.164073,-65.631836
196.07000,-59.164073,-65.631836
196.08000,-59.164073,-65.631836
196.09000,-59.164073,-65.631836
196.10000,-59.164073,-65.631836
196.11000,-59.164073,-65.631836
196.12000,-59.164073,-65.631836
196.13000,-59.164073,-65.631836
196.14000,-59.164073,-65.631836
196.15000,-59.164073,-65.631836
196.16000,-59.164073,-65.631836
196.17000,-59.164073,-65.631836
196.18000,-59.164073,-65.631836
196.19000,-59.164073,-65.631836
196.20000,-59.164073,-65.631836
196.21000,-59.164073,-65.631836
196.22000,-59.164073,-65.631836
196.23000,-59.164073,-65.631836
196.24000,-59.164073,-65.631836
196.25000,-59.164073,-65.631836
196.26000,-59.164073,-65.631836
196.27000,-59.164073,-65.631836
196.28000,-59.164073,-65.631836
196.29000,-59.164073,-65.631836
196.30000,-59.164073,-65.631836
196.31000,-59.164073,-65.631836
196.32000,-59.164073,-65.631836
196.33000,-59.164073,-65.631836
196.34000,-59.164073,-65.631836
196.35000,-59.164073,-65.631836
196.36000,-59.164073,-65.631836
196.37000,-59.164073,-65.631836
196.38000,-59.164073,-65.631836
196.39000,-59.164073,-65.631836
196.40000,-59.164073,-65.631836
196.41000,-59.164073,-65.631836
196.42000,-59.164073,-65.631836
196.43000,-59.164073,-65.631836
196.44000,-59.164073,-65.631836
196.45000,-59.164073,-65.631836
196.46000,-59.164073,-65.631836
196.47000,-59.164073,-65.631836
196.48000,-59.164073,-65.631836
196.49000,-59.164073,-65.631836
196.50000,-59.164073,-65.631836
196.51000,-59.164073,-65.631836
196.52000,-59.164073,-65.631836
196.53000,-59.164073,-65.631836
196.54000,-59.164073,-65.631836
196.55000,-59.164073,-65.631836
196.56000,-59.164073,-65.631836
196.57000,-59.164073,-65.631836
196.58000,-59.164073,-65.631836
196.59000,-59.164073,-65.631836
196.60000,-59.164073,-65.631836
196.61000,-59.164073,-65.631836
196.62000,-59.164073,-65.631836
196.63000,-59.164073,-65.631836
196.64000,-59.164073,-65.631836
196.65000,-59.164073,-65.631836
196.66000,-59.164073,-65.631836
196.67000,-59.164073,-65.631836
196.68000,-59.164073,-65.631836
196.69000,-59.164073,-65.631836
196.70000,-59.164073,-65.631836
196.71000,-59.164073,-65.631836
196.72000,-59.164073,-65.631836
196.73000,-59.164073,-65.631836
196.74000,-59.164073,-65.631836
196.75000,-59.164073,-65.631836
196.76000,-59.164073,-65.631836
196.77000,-59.164073,-65.631836
196.78000,-59.164073,-65.631836
196.79000,-59.164073,-65.631836
196.80000,-59.164073,-65.631836
196.81000,-59.164073,-65.631836
196.82000,-59.164073,-65.631836
196.83000,-59.164073,-65.631836
196.84000,-59.164073,-65.631836
196.85000,-59.164073,-65.631836
196.86000,-59.164073,-65.631836
196.87000,-59.164073,-65.631836
196.88000,-59.164073,-65.631836
196.89000,-59.164073,-65.631836
196.90000,-59.164073,-65.631836
196.91000,-59.164073,-65.631836
196.92000,-59.164073,-65.631836
196.93000,-59.164073,-65.631836
196.94000,-59.164073,-65.631836
196.95000,-59.164073,-65.631836
196.96000,-59.164073,-65.631836
196.97000,-59.164073,-65.631836
196.98000,-59.164073,-65.631836
196.99000,-59.164073,-65.631836
197.00000,-59.164073,-65.631836
197.01000,-59.164073,-65.631836
197.02000,-59.164073,-65.631836
197.03000,-59.164073,-65.631836
197.04000,-59.164073,-65.631836
197.05000,-59.164073,-65.631836
197.06000,-59.164073,-65.631836
197.07000,-59.164073,-65.631836
197.08000,-59.164073,-65.631836
197.09000,-59.164073,-65.631836
197.10000,-59.164073,-65.631836
197.11000,-59.164073,-65.631836
197.12000,-59.164073,-65.631836
197.13000,-59.164073,-65.631836
197.14000,-59.164073,-65.631836
197.15000,-59.164073,-65.631836
197.16000,-59.164073,-65.631836
197.17000,-59.164073,-65.631836
197.18000,-59.164073,-65.631836
197.19000,-59.164073,-65.631836
197.20000,-59.164073,-65.631836
197.21000,-59.164073,-65.631836
197.22000,-59.164073,-65.631836
197.23000,-59.164073,-65.631836
197.24000,-59.164073,-65.631836
197.25000,-59.164073,-65.631836
197.26000,-59.164073,-65.631836
197.27000,-59.164073,-65.631836
197.28000,-59.164073,-65.631836
197.29000,-59.164073,-65.631836
197.30000,-59.164073,-65.631836
197.31000,-59.164073,-65.631836
197.32000,-59.164073,-65.631836
197.33000,-59.164073,-65.631836
197.34000,-59.164073,-65.631836
197.35000,-59.164073,-65.631836
197.36000,-59.164073,-65.631836
197.37000,-59.164073,-65.631836
197.38000,-59.164073,-65.631836
197.39000,-59.164073,-65.631836
197.40000,-59.164073,-65.631836
197.41000,-59.164073,-65.631836
197.42000,-59.164073,-65.631836
197.43000,-59.164073,-65.631836
197.44000,-59.164073,-65.631836
197.45000,-59.164073,-65.631836
197.46000,-59.164073,-65.631836
197.47000,-59.164073,-65.631836
197.48000,-59.164073,-65.631836
197.49000,-59.164073,-65.631836
197.50000,-59.164073,-65.631836
197.51000,-59.164073,-65.631836
197.52000,-59.164073,-65.631836
197.53000,-59.164073,-65.631836
197.54000,-59.164073,-65.631836
197.55000,-59.164073,-65.631836
197.56000,-59.164073,-65.631836
197.57000,-59.164073,-65.631836
197.58000,-59.164073,-65.631836
197.59000,-59.164073,-65.631836
197.60000,-59.164073,-65.631836
197.61000,-59.164073,-65.631836
197.62000,-59.164073,-65.631836
197.63000,-59.164073,-65.631836
197.64000,-59.164073,-65.631836
197.65000,-59.164073,-65.631836
197.66000,-59.164073,-65.631836
197.67000,-59.164073,-65.631836
197.68000,-59.164073,-65.631836
197.69000,-59.164073,-65.631836
197.70000,-59.164073,-65.631836
197.71000,-59.164073,-65.631836
197.72000,-59.164073,-65.631836
197.73000,-59.164073,-65.631836
197.74000,-59.164073,-65.631836
197.75000,-59.164073,-65.631836
197.76000,-59.164073,-65.631836
197.77000,-59.164073,-65.631836
197.78000,-59.164073,-65.631836
197.79000,-59.164073,-65.631836
197.80000,-59.164073,-65.631836
197.81000,-59.164073,-65.631836
197.82000,-59.164073,-65.631836
197.83000,-59.164073,-65.631836
197.84000,-59.164073,-65.631836
197.85000,-59.164073,-65.631836
197.86000,-59.164073,-65.631836
197.87000,-59.164073,-65.631836
197.88000,-59.164073,-65.631836
197.89000,-59.164073,-65.631836
197.90000,-59.164073,-65.631836
197.91000,-59.164073,-65.631836
197.92000,-59.164073,-65.631836
197.93000,-59.164073,-65.631836
197.94000,-59.164073,-65.631836
197.95000,-59.164073,-65.631836
197.96000,-59.164073,-65.631836
197.97000,-59.164073,-65.631836
197.98000,-59.164073,-65.631836
197.99000,-59.164073,-65.631836
198.00000,-59.164073,-65.631836
198.01000,-59.164073,-65.631836
198.02000,-59.164073,-65.631836
198.03000,-59.164073,-65.631836
198.04000,-59.164073,-65.631836
198.05000,-59.164073,-65.631836
198.06000,-59.164073,-65.631836
198.07000,-59.164073,-65.631836
198.08000,-59.164073,-65.631836
198.09000,-59.164073,-65.631836
198.10000,-59.164073,-65.631836
198.11000,-59.164073,-65.631836
198.12000,-59.164073,-65.631836
198.13000,-59.164073,-65.631836
198.14000,-59.164073,-65.631836
198.15000,-59.164073,-65.631836
198.16000,-59.164073,-65.631836
198.17000,-59.164073,-65.631836
198.18000,-59.164073,-65.631836
198.19000,-59.164073,-65.631836
198.20000,-59.164073,-65.631836
198.21000,-59.164073,-65.631836
198.22000,-59.164073,-65.631836
198.23000,-59.164073,-65.631836
198.24000,-59.164073,-65.631836
198.25000,-59.164073,-65.631836
198.26000,-59.164073,-65.631836
198.27000,-59.164073,-65.631836
198.28000,-59.164073,-65.631836
198.29000,-59.164073,-65.631836
198.30000,-59.164073,-65.631836
198.31000,-59.164073,-65.631836
198.32000,-59.164073,-65.631836
198.33000,-59.164073,-65.631836
198.34000,-59.164073,-65.631836
198.35000,-59.164073,-65.631836
198.36000,-59.164073,-65.631836
198.37000,-59.164073,-65.631836
198.38000,-59.164073,-65.631836
198.39000,-59.164073,-65.631836
198.40000,-59.164073,-65.631836
198.41000,-59.164073,-65.631836
198.42000,-59.164073,-65.631836
198.43000,-59.164073,-65.631836
198.44000,-59.164073,-65.631836
198.45000,-59.164073,-65.631836
198.46000,-59.164073,-65.631836
198.47000,-59.164073,-65.631836
198.48000,-59.164073,-65.631836
198.49000,-59.164073,-65.631836
198.50000,-59.164073,-65.631836
198.51000,-59.164073,-65.631836
198.52000,-59.164073,-65.631836
198.53000,-59.164073,-65.631836
198.54000,-59.164073,-65.631836
198.55000,-59.164073,-65.631836
198.56000,-59.164073,-65.631836
198.57000,-59.164073,-65.631836
198.58000,-59.164073,-65.631836
198.59000,-59.164073,-65.631836
198.60000,-59.164073,-65.631836
198.61000,-59.164073,-65.631836
198.62000,-59.164073,-65.631836
198.63000,-59.164073,-65.631836
198.64000,-59.164073,-65.631836
198.65000,-59.164073,-65.631836
198.66000,-59.164073,-65.631836
198.67000,-59.164073,-65.631836
198.68000,-59.164073,-65.631836
198.69000,-59.164073,-65.631836
198.70000,-59.164073,-65.631836
198.71000,-59.164073,-65.631836
198.72000,-59.164073,-65.631836
198.73000,-59.164073,-65.631836
198.74000,-59.164073,-65.631836
198.75000,-59.164073,-65.631836
198.76000,-59.164073,-65.631836
198.77000,-59.164073,-65.631836
198.78000,-59.164073,-65.631836
198.79000,-59.164073,-65.631836
198.80000,-59.164073,-65.631836
198.81000,-59.164073,-65.631836
198.82000,-59.164073,-65.631836
198.83000,-59.164073,-65.631836
198.84000,-59.164073,-65.631836
198.85000,-59.164073,-65.631836
198.86000,-59.164073,-65.631836
198.87000,-59.164073,-65.631836
198.88000,-59.164073,-65.631836
198.89000,-59.164073,-65.631836
198.90000,-59.164073,-65.631836
198.91000,-59.164073,-65.631836
198.92000,-59.164073,-65.631836
198.93000,-59.164073,-65.631836
198.94000,-59.164073,-65.631836
198.95000,-59.164073,-65.631836
198.96000,-59.164073,-65.631836
198.97000,-59.164073,-65.631836
198.98000,-59.164073,-65.631836
198.99000,-59.164073,-65.631836
199.00000,-59.164073,-65.631836
199.01000,-59.164073,-65.631836
199.02000,-59.164073,-65.631836
199.03000,-59.164073,-65.631836
199.04000,-59.164073,-65.631836
199.05000,-59.164073,-65.631836
199.06000,-59.164073,-65.631836
199.07000,-59.164073,-65.631836
199.08000,-59.164073,-65.631836
199.09000,-59.164073,-65.631836
199.10000,-59.164073,-65.631836
199.11000,-59.164073,-65.631836
199.12000,-59.164073,-65.631836
199.13000,-59.164073,-65.631836
199.14000,-59.164073,-65.631836
199.15000,-59.164073,-65.631836
199.16000,-59.164073,-65.631836
199.17000,-59.164073,-65.631836
199.18000,-59.164073,-65.631836
199.19000,-59.164073,-65.631836
199.20000,-59.164073,-65.631836
199.21000,-59.164073,-65.631836
199.22000,-59.164073,-65.631836
199.23000,-59.164073,-65.631836
199.24000,-59.164073,-65.631836
199.25000,-59.164073,-65.631836
199.26000,-59.164073,-65.631836
199.27000,-59.164073,-65.631836
199.28000,-59.164073,-65.631836
199.29000,-59.164073,-65.631836
199.30000,-59.164073,-65.631836
199.31000,-59.164073,-65.631836
199.32000,-59.164073,-65.631836
199.33000,-59.164073,-65.631836
199.34000,-59.164073,-65.631836
199.35000,-59.164073,-65.631836
199.36000,-59.164073,-65.631836
199.37000,-59.164073,-65.631836
199.38000,-59.164073,-65.631836
199.39000,-59.164073,-65.631836
199.40000,-59.164073,-65.631836
199.41000,-59.164073,-65.631836
199.42000,-59.164073,-65.631836
199.43000,-59.164073,-65.631836
199.44000,-59.164073,-65.631836
199.45000,-59.164073,-65.631836
199.46000,-59.164073,-65.631836
199.47000,-59.164073,-65.631836
199.48000,-59.164073,-65.631836
199.49000,-59.164073,-65.631836
199.50000,-59.164073,-65.631836
199.51000,-59.164073,-65.631836
199.52000,-59.164073,-65.631836
199.53000,-59.164073,-65.631836
199.54000,-59.164073,-65.631836
199.55000,-59.164073,-65.631836
199.56000,-59.164073,-65.631836
199.57000,-59.164073,-65.631836
199.58000,-59.164073,-65.631836
199.59000,-59.164073,-65.631836
199.60000,-59.164073,-65.631836
199.61000,-59.164073,-65.631836
199.62000,-59.164073,-65.631836
199.63000,-59.164073,-65.631836
199.64000,-59.164073,-65.631836
199.65000,-59.164073,-65.631836
199.66000,-59.164073,-65.631836
199.67000,-59.164073,-65.631836
199.68000,-59.164073,-65.631836
199.69000,-59.164073,-65.631836
199.70000,-59.164073,-65.631836
199.71000,-59.164073,-65.631836
199.72000,-59.164073,-65.631836
199.73000,-59.164073,-65.631836
199.74000,-59.164073,-65.631836
199.75000,-59.164073,-65.631836
199.76000,-59.164073,-65.631836
199.77000,-59.164073,-65.631836
199.78000,-59.164073,-65.631836
199.79000,-59.164073,-65.631836
199.80000,-59.164073,-65.631836
199.81000,-59.164073,-65.631836
199.82000,-59.164073,-65.631836
199.83000,-59.164073,-65.631836
199.84000,-59.164073,-65.631836
199.85000,-59.164073,-65.631836
199.86000,-59.164073,-65.631836
199.87000,-59.164073,-65.631836
199.88000,-59.164073,-65.631836
199.89000,-59.164073,-65.631836
199.90000,-59.164073,-65.631836
199.91000,-59.164073,-65.631836
199.92000,-59.164073,-65.631836
199.93000,-59.164073,-65.631836
199.94000,-59.164073,-65.631836
199.95000,-59.164073,-65.631836
199.96000,-59.164073,-65.631836
199.97000,-59.164073,-65.631836
199.98000,-59.164073,-65.631836
199.99000,-59.164073,-65.631836
