t_ms,vm_soma_mV,vm_far_mV
0.01,-69.64511869,-69.99996073
0.02,-69.31999824,-69.99992364
0.03,-69.01715058,-69.99988617
0.04,-68.7319411,-69.99984769
0.05,-68.46128295,-69.99980641
0.06,-68.2029769,-69.99975678
0.07,-67.95538682,-69.99969359
0.08,-67.71723891,-69.99961308
0.09,-67.48749807,-69.99949993
0.1,-67.26534414,-69.99934102
0.11,-67.05006924,-69.99911842
0.12,-66.84109423,-69.99880825
0.13,-66.63789711,-69.99838252
0.14,-66.44002336,-69.99781686
0.15,-66.24709371,-69.99707227
0.16,-66.05875014,-69.99612293
0.17,-65.87468765,-69.99493498
0.18,-65.69462986,-69.99346731
0.19,-65.51830107,-69.99168624
0.2,-65.34549056,-69.98955799
0.21,-65.17596586,-69.98704824
0.22,-65.00952861,-69.98412458
0.23,-64.84600064,-69.98075313
0.24,-64.6852165,-69.97691035
0.25,-64.52700232,-69.97255912
0.26,-64.37121388,-69.96767834
0.27,-64.21771038,-69.96223605
0.28,-64.06635186,-69.95621261
0.29,-63.91702626,-69.94959225
0.3,-63.76960112,-69.9423601
0.31,-63.62396474,-69.93449996
0.32,-63.4800097,-69.9259943
0.33,-63.3376308,-69.91683275
0.34,-63.19672244,-69.90700414
0.35,-63.05719864,-69.89650087
0.36,-62.91895396,-69.88532666
0.37,-62.78189637,-69.87346972
0.38,-62.64594067,-69.86091901
0.39,-62.51100734,-69.84768409
0.4,-62.37699746,-69.83376539
0.41,-62.24384652,-69.81916443
0.42,-62.11147151,-69.80387813
0.43,-61.97978846,-69.78790974
0.44,-61.8487209,-69.77126091
0.45,-61.71819867,-69.75393345
0.46,-61.58814611,-69.73593753
0.47,-61.45848775,-69.71728234
0.48,-61.32914525,-69.69796445
0.49,-61.2000575,-69.67799042
0.5,-61.07114549,-69.65737502
0.51,-60.94234441,-69.63611833
0.52,-60.8135789,-69.61423046
0.53,-60.68477444,-69.59171143
0.54,-60.5558696,-69.56857191
0.55,-60.42678628,-69.5448253
0.56,-60.29746162,-69.52046928
0.57,-60.16781738,-69.4955209
0.58,-60.03777657,-69.46998343
0.59,-59.90727284,-69.4438596
0.6,-59.7762351,-69.41715754
0.61,-59.64458823,-69.38988824
0.62,-59.51225544,-69.36206059
0.63,-59.37916033,-69.33366819
0.64,-59.24522275,-69.30472815
0.65,-59.11036773,-69.27524635
0.66,-58.974513,-69.24521948
0.67,-58.83757013,-69.21466002
0.68,-58.69946336,-69.18357144
0.69,-58.56010353,-69.15195944
0.7,-58.41940337,-69.11982332
0.71,-58.2772694,-69.08717375
0.72,-58.13360703,-69.05400115
0.73,-57.98831469,-69.02032672
0.74,-57.84130121,-68.98614278
0.75,-57.69246159,-68.95145483
0.76,-57.54168469,-68.91626846
0.77,-57.38885799,-68.8805799
0.78,-57.23386978,-68.84439317
0.79,-57.07660402,-68.80770498
0.8,-56.91693027,-68.77051982
0.81,-56.75471979,-68.73283103
0.82,-56.5898394,-68.69463992
0.83,-56.42215054,-68.65594823
0.84,-56.2515065,-68.61675574
0.85,-56.07774798,-68.57706118
0.86,-55.90071873,-68.53685868
0.87,-55.72024294,-68.49614455
0.88,-55.53614799,-68.45491819
0.89,-55.34824358,-68.41317653
0.9,-55.15634246,-68.37090584
0.91,-54.96023314,-68.32810808
0.92,-54.75969457,-68.28476759
0.93,-54.55450153,-68.24089118
0.94,-54.34440976,-68.19646127
0.95,-54.12916743,-68.15148083
0.96,-53.9085061,-68.10593621
0.97,-53.68213047,-68.05982053
0.98,-53.44974438,-68.01311253
0.99,-53.2110271,-67.96581379
1,-52.96563087,-67.91790381
1.01,-52.71320245,-67.86937359
1.02,-52.45335395,-67.82020831
1.03,-52.18567294,-67.77040084
1.04,-51.90972426,-67.71992692
1.05,-51.62504623,-67.66877377
1.06,-51.33114358,-67.6169299
1.07,-51.0274788,-67.56436678
1.08,-50.71349293,-67.51106915
1.09,-50.3885806,-67.45701875
1.1,-50.05209373,-67.40219096
1.11,-49.70334026,-67.34656386
1.12,-49.34157942,-67.29011008
1.13,-48.96601006,-67.23281031
1.14,-48.57577799,-67.17463597
1.15,-48.16997023,-67.11554936
1.16,-47.74760456,-67.05552225
1.17,-47.3076168,-66.99452357
1.18,-46.84886789,-66.9325226
1.19,-46.37013373,-66.86947667
1.2,-45.87009574,-66.80534374
1.21,-45.34733173,-66.74008823
1.22,-44.80031659,-66.67367278
1.23,-44.22739763,-66.60603404
1.24,-43.62681372,-66.53713519
1.25,-42.9966496,-66.46692111
1.26,-42.33485362,-66.39533032
1.27,-41.63922598,-66.32230373
1.28,-40.90739344,-66.24777953
1.29,-40.13681052,-66.17168594
1.3,-39.32476087,-66.09396032
1.31,-38.4683313,-66.01451253
1.32,-37.5644208,-65.93327817
1.33,-36.60973989,-65.85015651
1.34,-35.60080255,-65.76505394
1.35,-34.53393369,-65.67787188
1.36,-33.40529391,-65.58850498
1.37,-32.21089666,-65.49683189
1.38,-30.94664742,-65.4027357
1.39,-29.60838405,-65.30608246
1.4,-28.19195619,-65.20672407
1.41,-26.69330762,-65.10450613
1.42,-25.10860177,-64.99927842
1.43,-23.43436687,-64.89085419
1.44,-21.66766734,-64.77904346
1.45,-19.80633902,-64.66363348
1.46,-17.84924497,-64.54441078
1.47,-15.79655922,-64.42113889
1.48,-13.6500882,-64.29355491
1.49,-11.41360127,-64.1613782
1.5,-9.093141775,-64.02430244
1.51,-6.697304201,-63.88200554
1.52,-4.23743156,-63.73414586
1.53,-1.727689956,-63.58032058
1.54,0.8150193322,-63.42013653
1.55,3.371338669,-63.25314277
1.56,5.919922252,-63.07886397
1.57,8.438123888,-62.89678086
1.58,10.90283024,-62.70633443
1.59,13.29141392,-62.50693076
1.6,15.58268603,-62.29793797
1.61,17.75780495,-62.07864981
1.62,19.80102254,-61.8483463
1.63,21.70021219,-61.60624058
1.64,23.44713954,-61.35148815
1.65,25.03747904,-61.08320804
1.66,26.47057641,-60.80044701
1.67,27.74903822,-60.50220406
1.68,28.87819324,-60.1874242
1.69,29.86546278,-59.85498424
1.7,30.71975762,-59.50370367
1.71,31.45091252,-59.13234139
1.72,32.06916496,-58.73957988
1.73,32.58477206,-58.3240436
1.74,33.0076685,-57.88427565
1.75,33.34726726,-57.41874671
1.76,33.61229437,-56.92584293
1.77,33.81072773,-56.40385337
1.78,33.94976135,-55.85098311
1.79,34.03581049,-55.26532604
1.8,34.07456435,-54.64486245
1.81,34.07102838,-53.98744967
1.82,34.02958786,-53.29080886
1.83,33.95407035,-52.55251329
1.84,33.84781581,-51.76997356
1.85,33.71373682,-50.94042556
1.86,33.55436662,-50.06091978
1.87,33.37193032,-49.1282755
1.88,33.16835839,-48.13910666
1.89,32.94534774,-47.08976725
1.9,32.70439337,-45.97635026
1.91,32.4468169,-44.79465852
1.92,32.17378374,-43.54020021
1.93,31.88633772,-42.20817293
1.94,31.58541367,-40.79346009
1.95,31.27184118,-39.29062795
1.96,30.94638061,-37.69394987
1.97,30.60972196,-35.99742621
1.98,30.2624846,-34.1948604
1.99,29.9052441,-32.27995477
2,29.53852754,-30.24645699
2.01,29.1628194,-28.08836374
2.02,28.77857543,-25.80020855
2.03,28.3862251,-23.37745333
2.04,27.98616081,-20.81697743
2.05,27.57876012,-18.1176929
2.06,27.1643845,-15.28128185
2.07,26.74336033,-12.31303591
2.08,26.31600437,-9.222722426
2.09,25.88261982,-6.025424518
2.1,25.4434995,-2.742208886
2.11,24.99891354,0.5995311755
2.12,24.54913576,3.966221451
2.13,24.09442115,7.318891292
2.14,23.63501374,10.61466644
2.15,23.17114906,13.80892938
2.16,22.70305785,16.85797719
2.17,22.23095405,19.72188471
2.18,21.75505655,22.3671647
2.19,21.27557593,24.76887433
2.2,20.79271528,26.91185326
2.21,20.30666726,28.79096836
2.22,19.8176201,30.4104076
2.23,19.32575646,31.78221568
2.24,18.8312522,32.92437728
2.25,18.33428165,33.8587277
2.26,17.83501391,34.60901885
2.27,17.33361,35.19924172
2.28,16.83022656,35.65236754
2.29,16.32501905,35.98949541
2.3,15.81813513,36.22937488
2.31,15.30971319,36.38821629
2.32,14.79989875,36.47972714
2.33,14.2888273,36.51529069
2.34,13.77663005,36.50423104
2.35,13.26343427,36.4540815
2.36,12.74935321,36.37088919
2.37,12.23451917,36.25947426
2.38,11.71904116,36.12366203
2.39,11.20302587,35.96648972
2.4,10.68658376,35.79037121
2.41,10.16982139,35.59722995
2.42,9.652839468,35.38860831
2.43,9.135727899,35.16576013
2.44,8.618578679,34.92970262
2.45,8.101482348,34.68127987
2.46,7.584530347,34.42119791
2.47,7.067800331,34.15006732
2.48,6.551368253,33.86840234
2.49,6.035316399,33.57665582
2.5,5.519708914,33.27523637
2.51,5.004615908,32.96451562
2.52,4.490111493,32.64482784
2.53,3.976252766,32.31647643
2.54,3.463103728,31.9797599
2.55,2.950720827,31.63495349
2.56,2.439159286,31.28231551
2.57,1.928478567,30.92210112
2.58,1.41872441,30.5545501
2.59,0.9099429915,30.17989865
2.6,0.4021824193,29.7983742
2.61,-0.1045088307,29.4101956
2.62,-0.6100992144,29.0155827
2.63,-1.11454196,28.61474859
2.64,-1.617807123,28.20790865
2.65,-2.119860186,27.7952649
2.66,-2.620673454,27.37701694
2.67,-3.120210134,26.95336808
2.68,-3.618441282,26.52450604
2.69,-4.115338865,26.09063508
2.7,-4.61088262,25.65193504
2.71,-5.105047712,25.20860066
2.72,-5.597808578,24.76081042
2.73,-6.089148014,24.30874589
2.74,-6.579049907,23.85259139
2.75,-7.067500603,23.3925119
2.76,-7.55448603,22.92868575
2.77,-8.039989944,22.46127912
2.78,-8.523997138,21.99046431
2.79,-9.006498265,21.51639629
2.8,-9.487479694,21.03924106
2.81,-9.966938601,20.55914914
2.82,-10.4448625,20.07627652
2.83,-10.92125183,19.59077636
2.84,-11.39609909,19.10278689
2.85,-11.86940335,18.61245609
2.86,-12.34116141,18.11992141
2.87,-12.81137193,17.62532668
2.88,-13.28003227,17.12879871
2.89,-13.74714352,16.63046826
2.9,-14.21271442,16.13046483
2.91,-14.67674361,15.62891614
2.92,-15.13923362,15.12594059
2.93,-15.60018891,14.62165199
2.94,-16.05960997,14.11616455
2.95,-16.51750581,13.60958699
2.96,-16.97388358,13.10203175
2.97,-17.42875932,12.5935995
2.98,-17.88213591,12.08439122
2.99,-18.3340265,11.57450302
3,-18.78443625,11.06403053
3.01,-19.23338471,10.55306789
3.02,-19.68088172,10.04170331
3.03,-20.12693936,9.530020023
3.04,-20.57157219,9.018099487
3.05,-21.01479668,8.50602233
3.06,-21.45663294,7.993870468
3.07,-21.89709843,7.481711798
3.08,-22.33620884,6.969618113
3.09,-22.77398934,6.45765711
3.1,-23.2104567,5.945896461
3.11,-23.6456388,5.434392227
3.12,-24.079553,4.923213786
3.13,-24.51222729,4.412414634
3.14,-24.9436849,3.902049575
3.15,-25.37395731,3.392174032
3.16,-25.80307492,2.882840285
3.17,-26.23105984,2.374092192
3.18,-26.65795163,1.865979611
3.19,-27.08378707,1.358540334
3.2,-27.50858912,0.8518135268
3.21,-27.93240253,0.3458431665
3.22,-28.35526215,-0.1593402893
3.23,-28.77720918,-0.6636949243
3.24,-29.19828734,-1.167187642
3.25,-29.61853746,-1.669789149
3.26,-30.03800746,-2.171475625
3.27,-30.45674252,-2.672214739
3.28,-30.87478982,-3.17198333
3.29,-31.29220432,-3.67075834
3.3,-31.70904288,-4.168520476
3.31,-32.12535908,-4.665246359
3.32,-32.54121972,-5.160921452
3.33,-32.95668116,-5.655530268
3.34,-33.37180871,-6.149053442
3.35,-33.78666862,-6.641474784
3.36,-34.20132775,-7.132786494
3.37,-34.61585623,-7.622970651
3.38,-35.03033218,-8.112026882
3.39,-35.44483053,-8.599944911
3.4,-35.85943765,-9.086721928
3.41,-36.2742316,-9.572346259
3.42,-36.68929967,-10.05681718
3.43,-37.10473091,-10.54013591
3.44,-37.5206138,-11.02229905
3.45,-37.93704143,-11.50330494
3.46,-38.35411296,-11.98315837
3.47,-38.77192684,-12.46186069
3.48,-39.19059101,-12.93941563
3.49,-39.61020867,-13.41582772
3.5,-40.03088282,-13.89110495
3.51,-40.45273318,-14.3652567
3.52,-40.87587244,-14.83828488
3.53,-41.30040849,-15.31020345
3.54,-41.7264658,-15.78102744
3.55,-42.15416042,-16.25076201
3.56,-42.58361545,-16.719424
3.57,-43.0149534,-17.18702594
3.58,-43.44830336,-17.65359108
3.59,-43.88378485,-18.11913569
3.6,-44.32152793,-18.58367603
3.61,-44.76165958,-19.04723478
3.62,-45.20430698,-19.50982925
3.63,-45.64959491,-19.97149134
3.64,-46.09764554,-20.43223965
3.65,-46.5485853,-20.89210596
3.66,-47.00253468,-21.35111804
3.67,-47.45961121,-21.80930463
3.68,-47.91992887,-22.26669648
3.69,-48.38359787,-22.72333024
3.7,-48.85072743,-23.17924073
3.71,-49.3214059,-23.63447082
3.72,-49.79572475,-24.08906047
3.73,-50.27375891,-24.54304914
3.74,-50.75558511,-24.99649079
3.75,-51.24126045,-25.44942872
3.76,-51.73082517,-25.90191416
3.77,-52.22431316,-26.35400471
3.78,-52.72172375,-26.80575455
3.79,-53.22306324,-27.25721942
3.8,-53.7283043,-27.70846668
3.81,-54.23739731,-28.1595658
3.82,-54.75026678,-28.61058738
3.83,-55.26681459,-29.06161233
3.84,-55.78690267,-29.51272091
3.85,-56.31038073,-29.96398682
3.86,-56.83706206,-30.41550278
3.87,-57.36671111,-30.86736054
3.88,-57.89906971,-31.31966253
3.89,-58.43383918,-31.77250691
3.9,-58.9706739,-32.22600486
3.91,-59.50919483,-32.68027294
3.92,-60.0489822,-33.13542849
3.93,-60.58957968,-33.59160075
3.94,-61.13047556,-34.04892573
3.95,-61.67113219,-34.50754489
3.96,-62.21096114,-34.96760412
3.97,-62.74934956,-35.42925113
3.98,-63.28562764,-35.89264868
3.99,-63.81911331,-36.3579719
4,-64.34908636,-36.82539754
4.01,-64.87480727,-37.29511009
4.02,-65.39551913,-37.76730005
4.03,-65.91044672,-38.24216819
4.04,-66.41881715,-38.71993498
4.05,-66.91985717,-39.20081259
4.06,-67.41279954,-39.68503334
4.07,-67.89689117,-40.17283701
4.08,-68.37140456,-40.66446927
4.09,-68.83565907,-41.16018701
4.1,-69.28899035,-41.66026142
4.11,-69.73079521,-42.16496062
4.12,-70.16051316,-42.67457132
4.13,-70.57765886,-43.18938462
4.14,-70.98179337,-43.70969692
4.15,-71.37254636,-44.2358252
4.16,-71.74962086,-44.76807347
4.17,-72.11279125,-45.30676579
4.18,-72.46190925,-45.85221436
4.19,-72.7968905,-46.40475316
4.2,-73.11771691,-46.96469966
4.21,-73.4244436,-47.53237992
4.22,-73.71718141,-48.10811425
4.23,-73.99610675,-48.69221937
4.24,-74.26142896,-49.28499469
4.25,-74.51343576,-49.88673496
4.26,-74.75243091,-50.49770789
4.27,-74.97876667,-51.11817151
4.28,-75.19284392,-51.74834438
4.29,-75.39505666,-52.38841492
4.3,-75.58582368,-53.03853167
4.31,-75.76558839,-53.69880179
4.32,-75.93480832,-54.36927206
4.33,-76.09393366,-55.04992897
4.34,-76.24343369,-55.74067887
4.35,-76.38374551,-56.44135772
4.36,-76.51533983,-57.15170541
4.37,-76.63864247,-57.87135721
4.38,-76.75408204,-58.59984384
4.39,-76.86209782,-59.33657775
4.4,-76.96307393,-60.08083511
4.41,-77.05741382,-60.83175775
4.42,-77.14549189,-61.58834585
4.43,-77.22767065,-62.34944072
4.44,-77.30429069,-63.11374952
4.45,-77.37567852,-63.87980348
4.46,-77.44214609,-64.64601166
4.47,-77.50398121,-65.41062678
4.48,-77.56146571,-66.17177684
4.49,-77.61486496,-66.92747893
4.5,-77.66442319,-67.67565564
4.51,-77.71036995,-68.4141673
4.52,-77.75293407,-69.14082982
4.53,-77.79231327,-69.85347436
4.54,-77.82869857,-70.5499609
4.55,-77.86227457,-71.22820381
4.56,-77.89321257,-71.88625717
4.57,-77.9216687,-72.52230407
4.58,-77.94778603,-73.13472351
4.59,-77.97171449,-73.72209474
4.6,-77.99357116,-74.28324591
4.61,-78.01348362,-74.81725563
4.62,-78.03156522,-75.32348336
4.63,-78.0479106,-75.80154201
4.64,-78.06263034,-76.25131818
4.65,-78.07581358,-76.67294072
4.66,-78.08754057,-77.06679371
4.67,-78.09789787,-77.4334687
4.68,-78.10696639,-77.77372951
4.69,-78.11481537,-78.08852944
4.7,-78.12149855,-78.37891734
4.71,-78.12708201,-78.64606847
4.72,-78.13162504,-78.89120868
4.73,-78.13518404,-79.11563097
4.74,-78.13779953,-79.32061999
4.75,-78.13952977,-79.50748868
4.76,-78.14042188,-79.67751423
4.77,-78.14051027,-79.83195111
4.78,-78.1398321,-79.97201461
4.79,-78.13843386,-80.09885066
4.8,-78.13633827,-80.21355623
4.81,-78.13358781,-80.31716595
4.82,-78.13020958,-80.4106535
4.83,-78.12623359,-80.49491018
4.84,-78.12169832,-80.57077961
4.85,-78.11662318,-80.63902899
4.86,-78.11102435,-80.70036656
4.87,-78.10493488,-80.75545001
4.88,-78.09837311,-80.80485743
4.89,-78.09136211,-80.8491462
4.9,-78.08392854,-80.8888079
4.91,-78.07608763,-80.92428428
4.92,-78.06785865,-80.95599126
4.93,-78.05926025,-80.98428162
4.94,-78.0503115,-81.00949566
4.95,-78.04102724,-81.03193091
4.96,-78.03141393,-81.05186844
4.97,-78.02150018,-81.06954701
4.98,-78.01128661,-81.08517417
4.99,-78.00080344,-81.0989659
5,-77.99006116,-81.11108501
5.01,-77.97906071,-81.1217036
5.02,-77.96781309,-81.13096426
5.03,-77.95633062,-81.13899371
5.04,-77.94463565,-81.14590492
5.05,-77.93273366,-81.15180882
5.06,-77.92062388,-81.15680221
5.07,-77.90831682,-81.16097385
5.08,-77.89583375,-81.1643959
5.09,-77.88317083,-81.16713927
5.1,-77.87034634,-81.16925759
5.11,-77.85736409,-81.1708149
5.12,-77.84422642,-81.17185949
5.13,-77.83094224,-81.17244126
5.14,-77.81751547,-81.17259317
5.15,-77.80395558,-81.17235838
5.16,-77.79026758,-81.17177824
5.17,-77.77646072,-81.17086957
5.18,-77.76254143,-81.16966801
5.19,-77.74850322,-81.16819065
5.2,-77.73435294,-81.1664627
5.21,-77.72009922,-81.16451337
5.22,-77.7057485,-81.16235244
5.23,-77.6912993,-81.15999974
5.24,-77.6767675,-81.15746711
5.25,-77.66213887,-81.15477644
5.26,-77.64742019,-81.1519248
5.27,-77.63262046,-81.14893588
5.28,-77.61774389,-81.14582092
5.29,-77.60279364,-81.14258401
5.3,-77.58776705,-81.13922273
5.31,-77.5726742,-81.1357624
5.32,-77.55749936,-81.1322049
5.33,-77.54226529,-81.12855739
5.34,-77.5269696,-81.12482489
5.35,-77.51160674,-81.12101293
5.36,-77.49617872,-81.11712268
5.37,-77.48069069,-81.11315863
5.38,-77.46514186,-81.10912686
5.39,-77.4495343,-81.10503734
5.4,-77.43387437,-81.10088289
5.41,-77.41816312,-81.09667175
5.42,-77.40240092,-81.09240828
5.43,-77.38657965,-81.0880873
5.44,-77.37071317,-81.08372046
5.45,-77.35479606,-81.07930105
5.46,-77.33882712,-81.07483795
5.47,-77.32280894,-81.07033058
5.48,-77.30674582,-81.06577992
5.49,-77.29064111,-81.0611863
5.5,-77.27448257,-81.05654425
5.51,-77.25828328,-81.05187147
5.52,-77.2420395,-81.0471645
5.53,-77.22575215,-81.04241442
5.54,-77.20942313,-81.03763208
5.55,-77.19306004,-81.03281195
5.56,-77.17664531,-81.02795518
5.57,-77.16019545,-81.02306221
5.58,-77.143705,-81.01814521
5.59,-77.12717227,-81.01318291
5.6,-77.11060293,-81.00819361
5.61,-77.09400139,-81.00317775
5.62,-77.07735519,-80.99812268
5.63,-77.06066285,-80.99304269
5.64,-77.04394437,-80.98792966
5.65,-77.02718361,-80.9827956
5.66,-77.01038732,-80.97762705
5.67,-76.99355183,-80.97242761
5.68,-76.97668273,-80.96720416
5.69,-76.95977224,-80.96194287
5.7,-76.94283054,-80.95665206
5.71,-76.92585365,-80.95133957
5.72,-76.90883818,-80.94600456
5.73,-76.89179451,-80.94063515
5.74,-76.87471288,-80.93523102
5.75,-76.8575909,-80.92980124
5.76,-76.84043766,-80.9243449
5.77,-76.82325219,-80.91885878
5.78,-76.80602666,-80.91334357
5.79,-76.78876262,-80.90780202
5.8,-76.77146749,-80.90223271
5.81,-76.754147,-80.8966353
5.82,-76.73679375,-80.89101458
5.83,-76.71940181,-80.88535268
5.84,-76.70198717,-80.87967388
5.85,-76.68453318,-80.87396213
5.86,-76.66704048,-80.86822502
5.87,-76.64951888,-80.86245663
5.88,-76.63196655,-80.85666413
5.89,-76.61438104,-80.8508456
5.9,-76.59676709,-80.84499083
5.91,-76.57911405,-80.83911676
5.92,-76.56143858,-80.83321336
5.93,-76.54371928,-80.8272801
5.94,-76.52597787,-80.82132105
5.95,-76.50820463,-80.81533081
5.96,-76.49039716,-80.80930573
5.97,-76.47255771,-80.8032589
5.98,-76.4546891,-80.79718495
5.99,-76.43679099,-80.7910853
6,-76.41885736,-80.78494997
6.01,-76.40088683,-80.77878846
6.02,-76.38289538,-80.77259229
6.03,-76.36487322,-80.7663783
6.04,-76.34681683,-80.76013947
6.05,-76.32873161,-80.75386292
6.06,-76.31061819,-80.74755891
6.07,-76.29247627,-80.74123099
6.08,-76.27430512,-80.73487841
6.09,-76.25610634,-80.72849224
6.1,-76.23787251,-80.72207394
6.11,-76.21961052,-80.7156236
6.12,-76.20131449,-80.70915289
6.13,-76.18299144,-80.70264485
6.14,-76.16463857,-80.69611305
6.15,-76.14625903,-80.68954479
6.16,-76.12784597,-80.68294579
6.17,-76.10940576,-80.67632864
6.18,-76.09093766,-80.66968153
6.19,-76.07244307,-80.66300002
6.2,-76.05391493,-80.65628996
6.21,-76.03536035,-80.64955512
6.22,-76.01677862,-80.64278203
6.23,-75.99816247,-80.63598061
6.24,-75.97952644,-80.62914536
6.25,-75.9608518,-80.62228275
6.26,-75.94215087,-80.61539544
6.27,-75.92342271,-80.60847528
6.28,-75.90466241,-80.60152982
6.29,-75.88587658,-80.59455047
6.3,-75.86706367,-80.58753966
6.31,-75.84823362,-80.58049742
6.32,-75.82936956,-80.57342644
6.33,-75.81047993,-80.56632024
6.34,-75.79155717,-80.55918917
6.35,-75.77261768,-80.55202521
6.36,-75.75364512,-80.54483108
6.37,-75.7346409,-80.53760036
6.38,-75.71561309,-80.53034886
6.39,-75.69656509,-80.52306117
6.4,-75.67748584,-80.51574481
6.41,-75.65837611,-80.50839472
6.42,-75.63924097,-80.50101705
6.43,-75.6200819,-80.49360406
6.44,-75.60089824,-80.48616447
6.45,-75.58168317,-80.47869241
6.46,-75.5624435,-80.47118794
6.47,-75.54317284,-80.46365429
6.48,-75.52387991,-80.45608172
6.49,-75.50456803,-80.44847325
6.5,-75.48522538,-80.4408404
6.51,-75.46584653,-80.43317964
6.52,-75.44645149,-80.4254864
6.53,-75.4270307,-80.41775692
6.54,-75.40758725,-80.4099989
6.55,-75.38811483,-80.40219813
6.56,-75.368619,-80.39437694
6.57,-75.34910492,-80.3865181
6.58,-75.32956219,-80.37862833
6.59,-75.30998825,-80.37070898
6.6,-75.29039262,-80.36275173
6.61,-75.27077505,-80.354766
6.62,-75.25112665,-80.34674871
6.63,-75.23145545,-80.33869484
6.64,-75.21176225,-80.33060714
6.65,-75.19204592,-80.32249999
6.66,-75.17230796,-80.31435096
6.67,-75.15254036,-80.30617082
6.68,-75.13275041,-80.29795742
6.69,-75.11293903,-80.28970981
6.7,-75.093105,-80.28142871
6.71,-75.07324379,-80.27312153
6.72,-75.05335889,-80.26477868
6.73,-75.03345259,-80.25639215
6.74,-75.01352443,-80.24798272
6.75,-74.99356755,-80.23953469
6.76,-74.97359011,-80.2310595
6.77,-74.95359889,-80.22254556
6.78,-74.93358486,-80.21400421
6.79,-74.91354902,-80.20542933
6.8,-74.89348616,-80.19681437
6.81,-74.87340089,-80.18816894
6.82,-74.85328823,-80.17949195
6.83,-74.83315526,-80.17078222
6.84,-74.81300095,-80.16203286
6.85,-74.79282601,-80.1532559
6.86,-74.77262433,-80.14444371
6.87,-74.7524082,-80.13559862
6.88,-74.73216332,-80.12672259
6.89,-74.71190125,-80.1178132
6.9,-74.69162478,-80.10886664
6.91,-74.67131966,-80.09988668
6.92,-74.65099598,-80.0908824
6.93,-74.63065072,-80.08183594
6.94,-74.61028437,-80.07275351
6.95,-74.58989928,-80.06363976
6.96,-74.56949519,-80.05449425
6.97,-74.5490692,-80.04530735
6.98,-74.52861726,-80.03609109
6.99,-74.50815391,-80.02683649
7,-74.48766343,-80.01754765
7.01,-74.46715964,-80.00822773
7.02,-74.44662917,-79.99887808
7.03,-74.42607302,-79.98949173
7.04,-74.40549772,-79.98006774
7.05,-74.38491782,-79.97061506
7.06,-74.36431723,-79.96112011
7.07,-74.34369046,-79.95159642
7.08,-74.32304555,-79.94203931
7.09,-74.30238107,-79.93244089
7.1,-74.28170514,-79.9228096
7.11,-74.26100295,-79.91314717
7.12,-74.24028335,-79.90345256
7.13,-74.21954389,-79.89372332
7.14,-74.19879318,-79.88395404
7.15,-74.17801671,-79.87415911
7.16,-74.15722878,-79.8643271
7.17,-74.13642125,-79.85445493
7.18,-74.11558987,-79.84455021
7.19,-74.0947475,-79.83461249
7.2,-74.07388641,-79.82463757
7.21,-74.05300647,-79.81462757
7.22,-74.0321022,-79.80458996
7.23,-74.01119217,-79.79452117
7.24,-73.99025971,-79.78441207
7.25,-73.96931385,-79.77427309
7.26,-73.94834556,-79.76408885
7.27,-73.92735838,-79.75387837
7.28,-73.90636025,-79.7436311
7.29,-73.88534469,-79.73334958
7.3,-73.86431159,-79.72303404
7.31,-73.84326074,-79.71268206
7.32,-73.8222002,-79.70230025
7.33,-73.80112164,-79.69188444
7.34,-73.78002536,-79.68143467
7.35,-73.75891261,-79.67093913
7.36,-73.73778249,-79.66040651
7.37,-73.71664268,-79.64984697
7.38,-73.69548581,-79.63924907
7.39,-73.67431201,-79.6286256
7.4,-73.65312689,-79.617964
7.41,-73.63191968,-79.60726806
7.42,-73.61070067,-79.59653979
7.43,-73.58947353,-79.58578006
7.44,-73.56822778,-79.57498556
7.45,-73.54696689,-79.5641523
7.46,-73.52569607,-79.55328403
7.47,-73.50440857,-79.5423822
7.48,-73.48310341,-79.53144484
7.49,-73.46178413,-79.52047487
7.5,-73.44045437,-79.50946178
7.51,-73.41911556,-79.49841574
7.52,-73.39775285,-79.48734082
7.53,-73.37638091,-79.4762342
7.54,-73.35499939,-79.4650954
7.55,-73.33360341,-79.45391492
7.56,-73.31219687,-79.4427041
7.57,-73.29076839,-79.4314566
7.58,-73.26932982,-79.42017955
7.59,-73.24788459,-79.40886304
7.6,-73.22642123,-79.39751194
7.61,-73.20494934,-79.3861324
7.62,-73.18346289,-79.37471497
7.63,-73.16196049,-79.36326247
7.64,-73.14044969,-79.35177567
7.65,-73.11892931,-79.34025664
7.66,-73.09740102,-79.32870458
7.67,-73.07585665,-79.31711812
7.68,-73.05430476,-79.30549592
7.69,-73.03274324,-79.29384072
7.7,-73.01115958,-79.28214793
7.71,-72.98956955,-79.27042612
7.72,-72.96797096,-79.25867034
7.73,-72.9463562,-79.24688156
7.74,-72.92473365,-79.23505899
7.75,-72.90310268,-79.22320397
7.76,-72.88145759,-79.21131425
7.77,-72.85980385,-79.19938898
7.78,-72.83813554,-79.1874286
7.79,-72.81645935,-79.17543526
7.8,-72.79477436,-79.16340695
7.81,-72.77307598,-79.15134636
7.82,-72.75137715,-79.13925463
7.83,-72.72966903,-79.12712833
7.84,-72.70794757,-79.11497237
7.85,-72.68621904,-79.10278186
7.86,-72.66447525,-79.09056231
7.87,-72.64272978,-79.07831188
7.88,-72.6209713,-79.06601993
7.89,-72.59920588,-79.05369888
7.9,-72.5774252,-79.04133844
7.91,-72.55563793,-79.02894894
7.92,-72.53385039,-79.01652483
7.93,-72.51205466,-79.00406909
7.94,-72.49024604,-78.9915859
7.95,-72.46842951,-78.97906502
7.96,-72.44659933,-78.96651105
7.97,-72.42476318,-78.95392496
7.98,-72.40292011,-78.94130413
7.99,-72.38106899,-78.92865209
8,-72.3592171,-78.91597263
8.01,-72.33735996,-78.90326642
8.02,-72.31549613,-78.89051503
8.03,-72.29362412,-78.87774014
8.04,-72.27173917,-78.86493074
8.05,-72.24985496,-78.85208686
8.06,-72.22795699,-78.83921343
8.07,-72.20605223,-78.82630571
8.08,-72.18414101,-78.81336732
8.09,-72.16222351,-78.80039559
8.1,-72.14030564,-78.78739852
8.11,-72.11838224,-78.77436854
8.12,-72.09644542,-78.76130314
8.13,-72.07450916,-78.74820583
8.14,-72.05256697,-78.73507606
8.15,-72.03061842,-78.72191586
8.16,-72.00865681,-78.70872723
8.17,-71.98669563,-78.69550527
8.18,-71.96473546,-78.6822542
8.19,-71.94276301,-78.66897219
8.2,-71.92078361,-78.655661
8.21,-71.89879778,-78.64231201
8.22,-71.8768071,-78.62894056
8.23,-71.85481763,-78.61554171
8.24,-71.83282225,-78.60210761
8.25,-71.81082698,-78.58864101
8.26,-71.78882738,-78.575152
8.27,-71.76682151,-78.56162257
8.28,-71.74480853,-78.54806624
8.29,-71.72279205,-78.53448281
8.3,-71.70077656,-78.52086867
8.31,-71.67875498,-78.50722682
8.32,-71.65673425,-78.49355252
8.33,-71.63470851,-78.47984477
8.34,-71.61268401,-78.46610934
8.35,-71.59065483,-78.45234566
8.36,-71.56861981,-78.43855032
8.37,-71.54657963,-78.42473044
8.38,-71.52453531,-78.4108815
8.39,-71.50249079,-78.39699849
8.4,-71.48044812,-78.38308658
8.41,-71.45839391,-78.36914953
8.42,-71.43633456,-78.35517886
8.43,-71.41428377,-78.34117713
8.44,-71.39222844,-78.32715014
8.45,-71.37017481,-78.31309826
8.46,-71.34811501,-78.29901951
8.47,-71.3260526,-78.2849108
8.48,-71.30399025,-78.27077574
8.49,-71.2819317,-78.25661045
8.5,-71.25986695,-78.24240935
8.51,-71.23779876,-78.22817887
8.52,-71.215725,-78.21392528
8.53,-71.19365935,-78.1996446
8.54,-71.17158918,-78.18533426
8.55,-71.14952184,-78.17100021
8.56,-71.12744909,-78.15664589
8.57,-71.10537898,-78.14226003
8.58,-71.08330536,-78.12785171
8.59,-71.06124071,-78.11341334
8.6,-71.03917089,-78.0989459
8.61,-71.01710416,-78.08444941
8.62,-70.99502538,-78.06992311
8.63,-70.97295624,-78.05537566
8.64,-70.95088409,-78.04080277
8.65,-70.92881347,-78.02619844
8.66,-70.90674529,-78.01157361
8.67,-70.88467178,-77.99692553
8.68,-70.8626025,-77.98225403
8.69,-70.84053547,-77.96754656
8.7,-70.81846446,-77.95281826
8.71,-70.7963891,-77.93806291
8.72,-70.774318,-77.92328125
8.73,-70.75225503,-77.90847705
8.74,-70.73019536,-77.89365011
8.75,-70.70813128,-77.87879365
8.76,-70.68607645,-77.86391064
8.77,-70.66401829,-77.84900257
8.78,-70.64195757,-77.83406522
8.79,-70.61990636,-77.81911022
8.8,-70.59785006,-77.80413092
8.81,-70.57579746,-77.78912582
8.82,-70.55374789,-77.77409879
8.83,-70.53170221,-77.75904222
8.84,-70.50965244,-77.74395905
8.85,-70.48760591,-77.72885806
8.86,-70.46556204,-77.71373513
8.87,-70.44353035,-77.69858829
8.88,-70.42150024,-77.68341402
8.89,-70.39946662,-77.66821799
8.9,-70.37742911,-77.65300501
8.91,-70.35540942,-77.63776605
8.92,-70.33337899,-77.62250585
8.93,-70.31135971,-77.60721358
8.94,-70.28934283,-77.59190573
8.95,-70.26733031,-77.57657223
8.96,-70.24532064,-77.56121811
8.97,-70.22331496,-77.54583782
8.98,-70.20131295,-77.53043561
8.99,-70.17931476,-77.51502063
9,-70.15732022,-77.49957767
9.01,-70.13532985,-77.48411442
9.02,-70.11334216,-77.46863346
9.03,-70.0913589,-77.45312549
9.04,-70.06938567,-77.43760172
9.05,-70.04741538,-77.42205583
9.06,-70.0254436,-77.40648444
9.07,-70.00348312,-77.3908906
9.08,-69.98151759,-77.37527691
9.09,-69.95955648,-77.35963979
9.1,-69.93759987,-77.34398405
9.11,-69.91565443,-77.32831077
9.12,-69.89371258,-77.31261362
9.13,-69.87176861,-77.29689586
9.14,-69.84984135,-77.28116631
9.15,-69.827912,-77.26541292
9.16,-69.80599345,-77.24964103
9.17,-69.78407904,-77.23384483
9.18,-69.76217474,-77.21803351
9.19,-69.74026762,-77.20220556
9.2,-69.71836542,-77.18635637
9.21,-69.69647514,-77.1704886
9.22,-69.67458823,-77.15460062
9.23,-69.65270615,-77.1386947
9.24,-69.63082776,-77.12276802
9.25,-69.60896091,-77.10682857
9.26,-69.58709715,-77.09086241
9.27,-69.56523932,-77.07488388
9.28,-69.54337818,-77.05889172
9.29,-69.52152912,-77.04287029
9.3,-69.49969041,-77.02684197
9.31,-69.47785608,-77.01079159
9.32,-69.45602843,-76.99472355
9.33,-69.43420245,-76.97864017
9.34,-69.41238981,-76.96253578
9.35,-69.39058104,-76.94641974
9.36,-69.36877701,-76.93028997
9.37,-69.34699078,-76.91414056
9.38,-69.3252016,-76.89797266
9.39,-69.30341899,-76.88179319
9.4,-69.28164004,-76.86560093
9.41,-69.25987229,-76.84938397
9.42,-69.23811634,-76.83315305
9.43,-69.21637216,-76.81690176
9.44,-69.19462629,-76.80063954
9.45,-69.17289219,-76.78435343
9.46,-69.15116326,-76.76805762
9.47,-69.12944414,-76.75174508
9.48,-69.10772478,-76.73541573
9.49,-69.08601674,-76.71906984
9.5,-69.06432044,-76.70271327
9.51,-69.04262824,-76.68634091
9.52,-69.02094837,-76.6699535
9.53,-68.99927295,-76.65355619
9.54,-68.97760248,-76.63713942
9.55,-68.95594491,-76.62071503
9.56,-68.93428567,-76.60427397
9.57,-68.91263836,-76.58782721
9.58,-68.89100789,-76.57135319
9.59,-68.86938373,-76.55487342
9.6,-68.84775772,-76.53837824
9.61,-68.82615153,-76.52187079
9.62,-68.80454909,-76.50535244
9.63,-68.78295173,-76.48882008
9.64,-68.76136825,-76.47227197
9.65,-68.73979516,-76.45571229
9.66,-68.71822711,-76.43913451
9.67,-68.69666502,-76.4225439
9.68,-68.67510793,-76.40594806
9.69,-68.65356978,-76.38934214
9.7,-68.63203109,-76.37271463
9.71,-68.610505,-76.3560765
9.72,-68.58898258,-76.33943054
9.73,-68.56747294,-76.32277468
9.74,-68.54597497,-76.30610411
9.75,-68.52448215,-76.28942725
9.76,-68.50299452,-76.27273771
9.77,-68.48152738,-76.25604104
9.78,-68.4600649,-76.23933556
9.79,-68.43860848,-76.22261825
9.8,-68.41717155,-76.20589366
9.81,-68.3957321,-76.18915231
9.82,-68.37431234,-76.17240164
9.83,-68.3528975,-76.15564618
9.84,-68.33149522,-76.1388721
9.85,-68.31009242,-76.12208886
9.86,-68.28870251,-76.10529575
9.87,-68.26732373,-76.08850254
9.88,-68.24595771,-76.07169192
9.89,-68.22459117,-76.05487176
9.9,-68.20325064,-76.03803667
9.91,-68.18190873,-76.02120283
9.92,-68.16057863,-76.00436024
9.93,-68.13925483,-75.98750451
9.94,-68.11794348,-75.97064052
9.95,-68.09664503,-75.95377149
9.96,-68.07535208,-75.93689357
9.97,-68.05406513,-75.92000268
9.98,-68.03279116,-75.90311213
9.99,-68.01152831,-75.88621343
10,-67.99027232,-75.8693014
10.01,-67.96902906,-75.85238642
10.02,-67.94779871,-75.83546439
10.03,-67.92658056,-75.81853564
10.04,-67.90536888,-75.80159722
10.05,-67.88416312,-75.7846458
10.06,-67.86296982,-75.76769052
10.07,-67.84178901,-75.75072577
10.08,-67.82062049,-75.73375657
10.09,-67.79945849,-75.7167792
10.1,-67.77830268,-75.69979907
10.11,-67.75715986,-75.6828179
10.12,-67.73602956,-75.66582317
10.13,-67.71490466,-75.64883039
10.14,-67.69379327,-75.63182985
10.15,-67.67269515,-75.61481637
10.16,-67.6516028,-75.59780462
10.17,-67.63052325,-75.58079064
10.18,-67.60944975,-75.56376322
10.19,-67.58839514,-75.5467382
10.2,-67.56734771,-75.52970638
10.21,-67.54631265,-75.51266459
10.22,-67.52528462,-75.49562063
10.23,-67.5042623,-75.47857611
10.24,-67.48325916,-75.46152126
10.25,-67.46226342,-75.44447106
10.26,-67.44127928,-75.42741035
10.27,-67.42030212,-75.41034634
10.28,-67.39933831,-75.39327523
10.29,-67.37838031,-75.3761984
10.3,-67.35742783,-75.35912166
10.31,-67.33649558,-75.34203961
10.32,-67.31557011,-75.32495611
10.33,-67.29465783,-75.30787143
10.34,-67.27375799,-75.29078038
10.35,-67.25286472,-75.27368553
10.36,-67.23198524,-75.25658588
10.37,-67.21111067,-75.23949078
10.38,-67.19024992,-75.2223978
10.39,-67.1693957,-75.20529113
10.4,-67.14855373,-75.18818589
10.41,-67.1277192,-75.17108361
10.42,-67.10689816,-75.1539709
10.43,-67.08608322,-75.13685747
10.44,-67.06528181,-75.1197419
10.45,-67.04449331,-75.10261992
10.46,-67.02371652,-75.08550421
10.47,-67.00294718,-75.06838494
10.48,-66.98218517,-75.05126465
10.49,-66.9614353,-75.03414066
10.5,-66.94070002,-75.01701927
10.51,-66.91997015,-74.99989828
10.52,-66.89925418,-74.98277267
10.53,-66.87855077,-74.9656409
10.54,-66.85785375,-74.94851497
10.55,-66.83716348,-74.93138954
10.56,-66.8164875,-74.91426455
10.57,-66.79581634,-74.89713511
10.58,-66.77516608,-74.88000249
10.59,-66.75452203,-74.8628749
10.6,-66.73388468,-74.84574418
10.61,-66.71325416,-74.82861926
10.62,-66.69263711,-74.81148957
10.63,-66.6720273,-74.79436708
10.64,-66.65143019,-74.77723867
10.65,-66.63084641,-74.76011583
10.66,-66.6102753,-74.74298969
10.67,-66.58971171,-74.72586525
10.68,-66.5691541,-74.70873717
10.69,-66.54861704,-74.69161378
10.7,-66.5280808,-74.67449451
10.71,-66.50755745,-74.65737377
10.72,-66.48704657,-74.64025134
10.73,-66.46653676,-74.62313374
10.74,-66.44604619,-74.60601093
10.75,-66.42555652,-74.58889352
10.76,-66.40508023,-74.57178247
10.77,-66.384617,-74.55466555
10.78,-66.36416063,-74.53755491
10.79,-66.3437181,-74.52044349
10.8,-66.32328152,-74.50333842
10.81,-66.30285212,-74.48623705
10.82,-66.28243537,-74.46913424
10.83,-66.26203297,-74.45203196
10.84,-66.2416368,-74.43493332
10.85,-66.2212476,-74.41783816
10.86,-66.20086519,-74.40074502
10.87,-66.18049662,-74.38365268
10.88,-66.16013485,-74.36656718
10.89,-66.13978637,-74.34948364
10.9,-66.11944431,-74.33239944
10.91,-66.09910988,-74.31531824
10.92,-66.07878839,-74.29824038
10.93,-66.05847436,-74.28116677
10.94,-66.03816628,-74.26409589
10.95,-66.01787154,-74.2470333
10.96,-65.9975848,-74.22996889
10.97,-65.97730492,-74.21291308
10.98,-65.95703709,-74.19585875
10.99,-65.9367842,-74.17881243
11,-65.91653213,-74.16177121
11.01,-65.89629231,-74.14472148
11.02,-65.87605917,-74.12767894
11.03,-65.85583307,-74.11064636
11.04,-65.83561366,-74.09361121
11.05,-65.81540126,-74.07658497
11.06,-65.79520934,-74.05956583
11.07,-65.77502392,-74.04255506
11.08,-65.75483984,-74.02554112
11.09,-65.73466114,-74.00852773
11.1,-65.71449674,-73.99152384
11.11,-65.69434029,-73.97452319
11.12,-65.67419003,-73.95752817
11.13,-65.65405225,-73.94054012
11.14,-65.63392256,-73.92354942
11.15,-65.61379967,-73.90657079
11.16,-65.59368364,-73.88959422
11.17,-65.57357468,-73.87262157
11.18,-65.55347221,-73.85564931
11.19,-65.53338272,-73.83868894
11.2,-65.5132937,-73.82173171
11.21,-65.49321204,-73.80478218
11.22,-65.47313806,-73.78783882
11.23,-65.45307704,-73.77090244
11.24,-65.43302246,-73.75397294
11.25,-65.41298115,-73.73704645
11.26,-65.39294091,-73.72013333
11.27,-65.37290805,-73.70321776
11.28,-65.35288179,-73.68630478
11.29,-65.33286223,-73.66939764
11.3,-65.31284901,-73.65250008
11.31,-65.29283581,-73.63560964
11.32,-65.27283706,-73.61872569
11.33,-65.25284491,-73.60184742
11.34,-65.23286004,-73.58498096
11.35,-65.21287617,-73.56811797
11.36,-65.19290485,-73.55126186
11.37,-65.1729405,-73.53440484
11.38,-65.15297598,-73.51756333
11.39,-65.13301885,-73.50072325
11.4,-65.1130683,-73.48389463
11.41,-65.09312552,-73.46706383
11.42,-65.07318298,-73.45024541
11.43,-65.05325955,-73.43343318
11.44,-65.03333766,-73.41663522
11.45,-65.0134221,-73.39983902
11.46,-64.99351293,-73.38305278
11.47,-64.97360434,-73.36627207
11.48,-64.95370299,-73.34949112
11.49,-64.93380219,-73.3327182
11.5,-64.91390741,-73.315959
11.51,-64.89402006,-73.29919966
11.52,-64.87414049,-73.28245225
11.53,-64.85426681,-73.26570951
11.54,-64.83439398,-73.2489725
11.55,-64.81452727,-73.2322476
11.56,-64.79466757,-73.21553048
11.57,-64.77480813,-73.19881917
11.58,-64.75495575,-73.18210906
11.59,-64.73510317,-73.16541259
11.6,-64.71525091,-73.14872833
11.61,-64.69541304,-73.13204346
11.62,-64.67557488,-73.11537365
11.63,-64.65574274,-73.09871289
11.64,-64.63591188,-73.08205772
11.65,-64.61608822,-73.06541026
11.66,-64.59626316,-73.04876399
11.67,-64.57644658,-73.03212714
11.68,-64.55663696,-73.01550045
11.69,-64.53682615,-72.99887846
11.7,-64.5170167,-72.98226484
11.71,-64.49721398,-72.96566249
11.72,-64.47741737,-72.94906377
11.73,-64.4576081,-72.93247928
11.74,-64.43781206,-72.9159027
11.75,-64.41801591,-72.8993284
11.76,-64.39822117,-72.88276447
11.77,-64.37842595,-72.86621136
11.78,-64.35863677,-72.84966581
11.79,-64.33884849,-72.8331276
11.8,-64.31906005,-72.81659621
11.81,-64.29927118,-72.80007247
11.82,-64.27949043,-72.78356153
11.83,-64.25970933,-72.76705421
11.84,-64.23992824,-72.75056105
11.85,-64.22015411,-72.73407671
11.86,-64.20038017,-72.71760154
11.87,-64.1806056,-72.70112773
11.88,-64.16083208,-72.68466354
11.89,-64.1410514,-72.66820427
11.9,-64.12127725,-72.65175653
11.91,-64.10150442,-72.63531611
11.92,-64.08172407,-72.61887871
11.93,-64.06194914,-72.60245296
11.94,-64.04217594,-72.58603684
11.95,-64.02240254,-72.5696356
11.96,-64.00262284,-72.5532368
11.97,-63.9828492,-72.53684805
11.98,-63.96307558,-72.52047039
11.99,-63.94330223,-72.50410287
12,-63.9235283,-72.48773948
12.01,-63.90374811,-72.47138244
12.02,-63.88396151,-72.4550324
12.03,-63.86418245,-72.43869914
12.04,-63.84439634,-72.42237156
12.05,-63.82460897,-72.40604594
12.06,-63.80482188,-72.38973105
12.07,-63.78503465,-72.37342763
12.08,-63.76523448,-72.35713281
12.09,-63.74543373,-72.34084694
12.1,-63.72562715,-72.32456741
12.11,-63.70582678,-72.30829933
12.12,-63.68601929,-72.29203893
12.13,-63.66621153,-72.27578857
12.14,-63.64639698,-72.2595471
12.15,-63.62658258,-72.24331336
12.16,-63.60676152,-72.22708685
12.17,-63.58693378,-72.21085941
12.18,-63.56711293,-72.1946482
12.19,-63.54727806,-72.1784467
12.2,-63.52743631,-72.16225054
12.21,-63.50758758,-72.14606018
12.22,-63.48773858,-72.12988465
12.23,-63.46788898,-72.11371058
12.24,-63.44803383,-72.09755053
12.25,-63.42817057,-72.0813988
12.26,-63.40830093,-72.06525685
12.27,-63.38842493,-72.04912369
12.28,-63.36854189,-72.03299505
12.29,-63.34865857,-72.01687156
12.3,-63.32876127,-72.00076693
12.31,-63.30885686,-71.98466693
12.32,-63.28894481,-71.96856846
12.33,-63.26902615,-71.95248577
12.34,-63.24910123,-71.93640558
12.35,-63.22916918,-71.92033205
12.36,-63.20922965,-71.9042707
12.37,-63.18928373,-71.88821097
12.38,-63.16933036,-71.87216138
12.39,-63.1493633,-71.85612605
12.4,-63.12938825,-71.84009771
12.41,-63.10940699,-71.82407645
12.42,-63.08941158,-71.80805853
12.43,-63.06940164,-71.79205625
12.44,-63.04939203,-71.77605912
12.45,-63.02936194,-71.76007205
12.46,-63.00933141,-71.7440876
12.47,-62.98927992,-71.72811153
12.48,-62.96922809,-71.71214377
12.49,-62.94916267,-71.69618331
12.5,-62.92908311,-71.68022899
12.51,-62.90899625,-71.66427856
12.52,-62.88889546,-71.64834734
12.53,-62.86878111,-71.63241476
12.54,-62.84864581,-71.61649284
12.55,-62.82850372,-71.60057343
12.56,-62.80834725,-71.5846622
12.57,-62.78818367,-71.56876213
12.58,-62.76799857,-71.55287103
12.59,-62.74779969,-71.53698629
12.6,-62.72758648,-71.52110615
12.61,-62.70735938,-71.50523048
12.62,-62.68711838,-71.48936555
12.63,-62.66686937,-71.47350709
12.64,-62.64659981,-71.4576604
12.65,-62.62631016,-71.44181528
12.66,-62.60600571,-71.42597715
12.67,-62.58568701,-71.41014427
12.68,-62.56535432,-71.39432696
12.69,-62.54500014,-71.3785096
12.7,-62.52463121,-71.36269418
12.71,-62.50424249,-71.34688874
12.72,-62.48383217,-71.33109084
12.73,-62.46340748,-71.31530256
12.74,-62.44296279,-71.29952213
12.75,-62.42250197,-71.28374363
12.76,-62.40202107,-71.26797256
12.77,-62.3815122,-71.25220062
12.78,-62.36098874,-71.23644006
12.79,-62.3404451,-71.22068572
12.8,-62.31987878,-71.20493805
12.81,-62.29929226,-71.18919806
12.82,-62.27868437,-71.17345401
12.83,-62.25805556,-71.15772628
12.84,-62.2374047,-71.14199471
12.85,-62.21673262,-71.12627405
12.86,-62.19603285,-71.11056156
12.87,-62.17531144,-71.09485102
12.88,-62.15456193,-71.07914432
12.89,-62.13378479,-71.0634432
12.9,-62.11298673,-71.04774954
12.91,-62.09216631,-71.03206168
12.92,-62.07131702,-71.01638081
12.93,-62.05044049,-71.00069806
12.94,-62.02954231,-70.98501742
12.95,-62.00860999,-70.96934855
12.96,-61.98764849,-70.95368181
12.97,-61.96666482,-70.93802038
12.98,-61.94564721,-70.92236755
12.99,-61.92460059,-70.90671278
13,-61.90352488,-70.89106144
13.01,-61.88242183,-70.87541732
13.02,-61.86128948,-70.8597744
13.03,-61.84012288,-70.84413842
13.04,-61.81893427,-70.82850053
13.05,-61.79770408,-70.81286305
13.06,-61.77644446,-70.79723687
13.07,-61.75515032,-70.78161395
13.08,-61.73383066,-70.76598961
13.09,-61.71247174,-70.75036567
13.1,-61.69107468,-70.73475195
13.11,-61.66964585,-70.71914512
13.12,-61.64818366,-70.70353629
13.13,-61.62668368,-70.68792887
13.14,-61.60514801,-70.6723224
13.15,-61.58357373,-70.65672488
13.16,-61.56195969,-70.64112993
13.17,-61.54031037,-70.62553358
13.18,-61.51861924,-70.60993711
13.19,-61.49689186,-70.59434361
13.2,-61.47511826,-70.57874944
13.21,-61.45330212,-70.56315852
13.22,-61.43144773,-70.54757102
13.23,-61.40954945,-70.53198691
13.24,-61.38760565,-70.51640353
13.25,-61.36562256,-70.50081387
13.26,-61.34359413,-70.48522818
13.27,-61.32151889,-70.46964912
13.28,-61.2994013,-70.45406772
13.29,-61.27723319,-70.43848705
13.3,-61.25502295,-70.42289947
13.31,-61.23275962,-70.4073223
13.32,-61.2104536,-70.39173582
13.33,-61.18809134,-70.37615598
13.34,-61.16567869,-70.36057229
13.35,-61.14321933,-70.34498331
13.36,-61.12071029,-70.32939738
13.37,-61.09814876,-70.31381208
13.38,-61.0755276,-70.29822222
13.39,-61.05285534,-70.28263932
13.4,-61.03012715,-70.2670473
13.41,-61.00734416,-70.2514546
13.42,-60.98450573,-70.23586452
13.43,-60.96161304,-70.22026836
13.44,-60.93865311,-70.20467393
13.45,-60.91563691,-70.189076
13.46,-60.89256277,-70.17346833
13.47,-60.86943199,-70.15785905
13.48,-60.84623408,-70.1422512
13.49,-60.82297473,-70.12664942
13.5,-60.79965141,-70.11104094
13.51,-60.77625814,-70.09542132
13.52,-60.75280662,-70.07979872
13.53,-60.72928167,-70.06417286
13.54,-60.70568982,-70.04853903
13.55,-60.68202956,-70.03291091
13.56,-60.65829408,-70.01727064
13.57,-60.63449096,-70.00162795
13.58,-60.61061408,-69.9859701
13.59,-60.58666847,-69.97031602
13.6,-60.56264872,-69.95465869
13.61,-60.53855036,-69.93898775
13.62,-60.51437082,-69.92331815
13.63,-60.49012249,-69.90764002
13.64,-60.46579325,-69.89195678
13.65,-60.4413785,-69.87626269
13.66,-60.41688481,-69.86055956
13.67,-60.39230962,-69.84485788
13.68,-60.3676495,-69.82914767
13.69,-60.34290657,-69.81343076
13.7,-60.31807197,-69.79770286
13.71,-60.2931487,-69.78196189
13.72,-60.26813606,-69.76621379
13.73,-60.24303347,-69.75046205
13.74,-60.21783858,-69.73469499
13.75,-60.19255113,-69.71891684
13.76,-60.16716807,-69.70313425
13.77,-60.14168561,-69.68734023
13.78,-60.1161035,-69.67152935
13.79,-60.09042112,-69.65570698
13.8,-60.06463575,-69.63988147
13.81,-60.03874974,-69.62404546
13.82,-60.01275737,-69.60819029
13.83,-59.98665246,-69.59232214
13.84,-59.96043966,-69.57644631
13.85,-59.93411686,-69.56055974
13.86,-59.90768367,-69.54465379
13.87,-59.88113327,-69.52873149
13.88,-59.85447113,-69.51280239
13.89,-59.82768938,-69.4968569
13.9,-59.80078909,-69.48090303
13.91,-59.77376463,-69.46493032
13.92,-59.74661836,-69.44894594
13.93,-59.71935094,-69.43294385
13.94,-59.69194942,-69.41692099
13.95,-59.66442598,-69.40088456
13.96,-59.63676354,-69.38483644
13.97,-59.60897288,-69.36877105
13.98,-59.58104355,-69.35268436
13.99,-59.55297615,-69.33657422
14,-59.52476582,-69.3204429
14.01,-59.49641618,-69.30429637
14.02,-59.46792034,-69.2881317
14.03,-59.43927553,-69.27195146
14.04,-59.41047992,-69.25574699
14.05,-59.38152604,-69.23951397
14.06,-59.35242411,-69.2232701
14.07,-59.32315957,-69.20699889
14.08,-59.293731,-69.19071017
14.09,-59.26414463,-69.17440002
14.1,-59.23439175,-69.15806257
14.11,-59.20446166,-69.14169883
14.12,-59.17436613,-69.12531238
14.13,-59.14409044,-69.10889638
14.14,-59.11363653,-69.09245668
14.15,-59.08299744,-69.07599886
14.16,-59.05216957,-69.05951075
14.17,-59.02115963,-69.04299494
14.18,-58.98995473,-69.02644826
14.19,-58.95855076,-69.00987662
14.2,-58.92695009,-68.99327699
14.21,-58.89514599,-68.97664517
14.22,-58.86313575,-68.95998619
14.23,-58.83091794,-68.94329402
14.24,-58.79848395,-68.92656604
14.25,-58.76582956,-68.90981156
14.26,-58.73295376,-68.89302018
14.27,-58.69984846,-68.87620154
14.28,-58.66652042,-68.85934129
14.29,-58.63295198,-68.84245039
14.3,-58.59914698,-68.82552219
14.31,-58.56510045,-68.8085543
14.32,-58.53080102,-68.79155627
14.33,-58.49624952,-68.77452154
14.34,-58.4614386,-68.75744566
14.35,-58.42636741,-68.74032807
14.36,-58.391029,-68.72317265
14.37,-58.35541286,-68.70597505
14.38,-58.31952259,-68.68873881
14.39,-58.28334823,-68.67145559
14.4,-58.24688178,-68.65413448
14.41,-58.21012061,-68.63676416
14.42,-58.17305687,-68.61935109
14.43,-58.13568416,-68.60188394
14.44,-58.09799815,-68.58436845
14.45,-58.05999796,-68.56681409
14.46,-58.02167145,-68.54920668
14.47,-57.98300802,-68.53154754
14.48,-57.9440058,-68.51384219
14.49,-57.90465513,-68.49607966
14.5,-57.8649525,-68.47826877
14.51,-57.82488467,-68.46040033
14.52,-57.78444621,-68.44246778
14.53,-57.74363713,-68.42448719
14.54,-57.70244505,-68.40644307
14.55,-57.66085934,-68.38834311
14.56,-57.61886768,-68.3701866
14.57,-57.57647092,-68.35196671
14.58,-57.53365177,-68.33368417
14.59,-57.49040613,-68.31533909
14.6,-57.44672045,-68.29693381
14.61,-57.40259226,-68.27845021
14.62,-57.35800698,-68.25990444
14.63,-57.31295371,-68.24128493
14.64,-57.26742049,-68.2225921
14.65,-57.2214004,-68.20382451
14.66,-57.17488102,-68.18498873
14.67,-57.12785229,-68.16607861
14.68,-57.08030234,-68.14709468
14.69,-57.03221983,-68.12802639
14.7,-56.98358493,-68.10888053
14.71,-56.93439261,-68.08965677
14.72,-56.8846314,-68.07035553
14.73,-56.83428137,-68.05096215
14.74,-56.78332661,-68.03148203
14.75,-56.73175716,-68.01191723
14.76,-56.67956602,-67.99226019
14.77,-56.62672706,-67.97250523
14.78,-56.57322596,-67.95266264
14.79,-56.51905014,-67.93272156
14.8,-56.46417976,-67.91267844
14.81,-56.408604,-67.89252634
14.82,-56.35229321,-67.87227788
14.83,-56.29523981,-67.85192448
14.84,-56.2374188,-67.83146629
14.85,-56.17881429,-67.81089984
14.86,-56.11940871,-67.790219
14.87,-56.05917656,-67.76942567
14.88,-55.99809776,-67.74850922
14.89,-55.93614561,-67.72747946
14.9,-55.87330098,-67.70632474
14.91,-55.80954301,-67.68504652
14.92,-55.74484231,-67.6636399
14.93,-55.67917523,-67.64210811
14.94,-55.61252138,-67.62043645
14.95,-55.54484883,-67.59862234
14.96,-55.47612428,-67.57668151
14.97,-55.40632203,-67.55459415
14.98,-55.3354167,-67.53236301
14.99,-55.26336786,-67.50997778
15,-55.19014668,-67.48744196
15.01,-55.11572521,-67.46474622
15.02,-55.04007024,-67.44189856
15.03,-54.96313325,-67.41888009
15.04,-54.88489208,-67.39570301
15.05,-54.80529236,-67.37234837
15.06,-54.72430496,-67.34882438
15.07,-54.64188642,-67.32511307
15.08,-54.55799518,-67.30122163
15.09,-54.47257602,-67.27714576
15.1,-54.38559493,-67.25288414
15.11,-54.29699262,-67.22841428
15.12,-54.20672375,-67.20374508
15.13,-54.11474055,-67.17886499
15.14,-54.02097954,-67.15377827
15.15,-53.92538694,-67.12846961
15.16,-53.82791177,-67.10294308
15.17,-53.7284841,-67.07718447
15.18,-53.62704294,-67.05119
15.19,-53.52351982,-67.02495797
15.2,-53.41785038,-66.99848184
15.21,-53.30995449,-66.97175549
15.22,-53.19976067,-66.94476327
15.23,-53.08718979,-66.91750928
15.24,-52.97216203,-66.88998288
15.25,-52.85459108,-66.86217278
15.26,-52.73438418,-66.83407405
15.27,-52.61145391,-66.80568477
15.28,-52.48570403,-66.77699412
15.29,-52.3570225,-66.74799027
15.3,-52.22530949,-66.71866656
15.31,-52.09045342,-66.68901721
15.32,-51.95233893,-66.6590259
15.33,-51.81084499,-66.62869773
15.34,-51.66584191,-66.59800364
15.35,-51.51719775,-66.56694522
15.36,-51.36477296,-66.53551201
15.37,-51.20842005,-66.50368382
15.38,-51.04798698,-66.47145695
15.39,-50.88331287,-66.43882352
15.4,-50.71422667,-66.40576481
15.41,-50.54056011,-66.37227685
15.42,-50.36211584,-66.33833312
15.43,-50.17870482,-66.30392541
15.44,-49.99012871,-66.2690432
15.45,-49.79616235,-66.23366779
15.46,-49.5965872,-66.1977841
15.47,-49.39115855,-66.1613803
15.48,-49.17963635,-66.12443906
15.49,-48.96175196,-66.08694243
15.5,-48.73723056,-66.04886754
15.51,-48.50578449,-66.0102039
15.52,-48.26710669,-65.97093539
15.53,-48.02087898,-65.93103051
15.54,-47.76676196,-65.89047194
15.55,-47.50440045,-65.84923639
15.56,-47.23341049,-65.80730254
15.57,-46.95340793,-65.76465216
15.58,-46.66396743,-65.72124941
15.59,-46.36466156,-65.67707716
15.6,-46.0550241,-65.63210676
15.61,-45.73457698,-65.58630691
15.62,-45.40280006,-65.53964789
15.63,-45.05915479,-65.49210431
15.64,-44.70308453,-65.44362996
15.65,-44.33398501,-65.3941979
15.66,-43.95122782,-65.34377634
15.67,-43.55416392,-65.29231955
15.68,-43.14209624,-65.23979662
15.69,-42.71429367,-65.18615776
15.7,-42.26999991,-65.13136887
15.71,-41.80841172,-65.07537394
15.72,-41.32869713,-65.01813795
15.73,-40.82998555,-64.95958984
15.74,-40.31135748,-64.89969709
15.75,-39.77187147,-64.83838463
15.76,-39.21053551,-64.77561426
15.77,-38.62633083,-64.71130742
15.78,-38.01820082,-64.64539928
15.79,-37.38505338,-64.57782029
15.8,-36.72577194,-64.50850114
15.81,-36.03921438,-64.4373573
15.82,-35.32422013,-64.36431793
15.83,-34.57961464,-64.28928934
15.84,-33.80422165,-64.21217369
15.85,-32.99687159,-64.13288109
15.86,-32.15641305,-64.05131464
15.87,-31.28173774,-63.96735412
15.88,-30.37178382,-63.88088898
15.89,-29.42556476,-63.79178833
15.9,-28.44219058,-63.69992837
15.91,-27.42088933,-63.6051638
15.92,-26.36104685,-63.50735462
15.93,-25.2622359,-63.40634243
15.94,-24.12425429,-63.30195762
15.95,-22.94715712,-63.19402527
15.96,-21.7313084,-63.08235381
15.97,-20.47741271,-62.96674653
15.98,-19.1865713,-62.84698942
15.99,-17.86031562,-62.72285713
16,-16.50064243,-62.59409186
16.01,-15.11005519,-62.46044924
16.02,-13.69158839,-62.3216442
16.03,-12.24881682,-62.17738781
16.04,-10.78586978,-62.02736313
16.05,-9.307406079,-61.87123974
16.06,-7.818595762,-61.70865722
16.07,-6.325061076,-61.53923293
16.08,-4.832820058,-61.36256849
16.09,-3.34819178,-61.1782252
16.1,-1.877711124,-60.98574517
16.11,-0.4280041822,-60.7846371
16.12,0.9943274072,-60.57438256
16.13,2.382838173,-60.35441497
16.14,3.731355148,-60.12414093
16.15,5.034096925,-59.88293702
16.16,6.285782077,-59.63012653
16.17,7.481707197,-59.36499173
16.18,8.617827704,-59.08677641
16.19,9.690796172,-58.7946636
16.2,10.6979872,-58.48779748
16.21,11.63749861,-58.16526788
16.22,12.50813451,-57.82609464
16.23,13.3093692,-57.46924178
16.24,14.04129524,-57.09361147
16.25,14.70456386,-56.69803607
16.26,15.30031914,-56.2812633
16.27,15.83011982,-55.84197896
16.28,16.29587589,-55.3787691
16.29,16.69977239,-54.89013128
16.3,17.04420208,-54.37446961
16.31,17.33171623,-53.83008038
16.32,17.56495936,-53.25514629
16.33,17.74662698,-52.64773505
16.34,17.87942219,-52.0057784
16.35,17.96603436,-51.32706452
16.36,18.00908563,-50.60923275
16.37,18.01115286,-49.84976942
16.38,17.97470776,-49.04598317
16.39,17.90213733,-48.19498608
16.4,17.79572212,-47.29370181
16.41,17.65762224,-46.33883955
16.42,17.48989617,-45.32691434
16.43,17.29449076,-44.25415939
16.44,17.07324053,-43.11658303
16.45,16.82787615,-41.90996079
16.46,16.5600232,-40.62980327
16.47,16.27120923,-39.27140523
16.48,15.96286377,-37.82983179
16.49,15.63633537,-36.29996358
16.5,15.29289001,-34.67654736
16.51,14.93369739,-32.95428506
16.52,14.5598676,-31.1279327
16.53,14.1724436,-29.19245074
16.54,13.77239321,-27.14323067
16.55,13.36063128,-24.97634539
16.56,12.93800577,-22.68890673
16.57,12.50531767,-20.27947853
16.58,12.06332409,-17.74857994
16.59,11.61272329,-15.09926173
16.6,11.15418461,-12.33771527
16.61,10.6883286,-9.473890225
16.62,10.21573834,-6.522035962
16.63,9.736965808,-3.501085025
16.64,9.252524809,-0.4347752664
16.65,8.762901268,2.648591078
16.66,8.268550992,5.716830166
16.67,7.769901775,8.735034237
16.68,7.26736366,11.6671588
16.69,6.761316028,14.47791626
16.7,6.252114147,17.13478183
16.71,5.740093986,19.60988763
16.72,5.225571014,21.88154324
16.73,4.708847987,23.93521716
16.74,4.190208876,25.76386238
16.75,3.669914899,27.36762567
16.76,3.148220946,28.75299364
16.77,2.62535664,29.93157172
16.78,2.1015469,30.91868151
16.79,1.577003633,31.73194376
16.8,1.051922922,32.39001067
16.81,0.5264972358,32.91149034
16.82,0.0008927691632,33.31416733
16.83,-0.5247274042,33.61445098
16.84,-1.050209464,33.82706484
16.85,-1.57540261,33.96493955
16.86,-2.100168337,34.03920286
16.87,-2.624382029,34.05930222
16.88,-3.147922837,34.03315342
16.89,-3.67067552,33.96733573
16.9,-4.192533288,33.86727135
16.91,-4.713395754,33.73741162
16.92,-5.233164035,33.58140451
16.93,-5.751756718,33.40224429
16.94,-6.2690959,33.20237404
16.95,-6.785101177,32.9838135
16.96,-7.299699603,32.74823551
16.97,-7.812826376,32.49702611
16.98,-8.324427308,32.23135738
16.99,-8.834444001,31.9522234
17,-9.342820149,31.66047338
17.01,-9.849510471,31.35684907
17.02,-10.35447579,31.04199819
17.03,-10.85767923,30.71649899
17.04,-11.35907808,30.38086867
17.05,-11.8586374,30.03557745
17.06,-12.35633114,29.68105649
17.07,-12.8521309,29.31770151
17.08,-13.34601433,28.94588676
17.09,-13.83795656,28.56596121
17.1,-14.32794174,28.17826398
17.11,-14.81595997,27.78311289
17.12,-15.30199086,27.38080397
17.13,-15.7860284,26.97162476
17.14,-16.26806066,26.55585786
17.15,-16.74808452,26.13377165
17.16,-17.22608873,25.70563063
17.17,-17.70207218,25.27168601
17.18,-18.17603399,24.83218716
17.19,-18.64797071,24.38736905
17.2,-19.11788111,23.93746617
17.21,-19.5857731,23.48271088
17.22,-20.05165744,23.02331593
17.23,-20.515538,22.5595025
17.24,-20.97742273,22.09148238
17.25,-21.43731915,21.6194579
17.26,-21.89524184,21.1436308
17.27,-22.35120161,20.66419344
17.28,-22.80521198,20.18133812
17.29,-23.25729013,19.69524973
17.3,-23.70745479,19.20610762
17.31,-24.15572409,18.71408735
17.32,-24.60212131,18.21936236
17.33,-25.04666532,17.7221
17.34,-25.48937982,17.22246087
17.35,-25.93028705,16.72060361
17.36,-26.36941534,16.21668087
17.37,-26.80679556,15.71084258
17.38,-27.24245094,15.20323038
17.39,-27.67640915,14.69398819
17.4,-28.10871112,14.18324962
17.41,-28.53938695,13.67114827
17.42,-28.96847892,13.15780892
17.43,-29.39601787,12.64335326
17.44,-29.82204319,12.12790554
17.45,-30.24659156,11.61157826
17.46,-30.66971518,11.09448957
17.47,-31.09145712,10.57674027
17.48,-31.51186168,10.0584379
17.49,-31.93097229,9.539677904
17.5,-32.34883905,9.020561137
17.51,-32.76551865,8.501180567
17.52,-33.18107011,7.981622322
17.53,-33.59553641,7.4619752
17.54,-34.00898089,6.94231968
17.55,-34.42146292,6.422728777
17.56,-34.83304412,5.903284318
17.57,-35.2437896,5.384059909
17.58,-35.65376175,4.865122376
17.59,-36.06302673,4.346539265
17.6,-36.47165125,3.828375808
17.61,-36.87971008,3.310686239
17.62,-37.28727767,2.793528391
17.63,-37.69442247,2.276961117
17.64,-38.10122795,1.761035396
17.65,-38.50777025,1.245797079
17.66,-38.9141301,0.7312914815
17.67,-39.32038737,0.2175642148
17.68,-39.72662466,-0.2953400164
17.69,-40.13292972,-0.8073819942
17.7,-40.53938273,-1.31852561
17.71,-40.94607481,-1.828739377
17.72,-41.35309289,-2.337987046
17.73,-41.76052223,-2.846237671
17.74,-42.16846228,-3.353466259
17.75,-42.57699587,-3.859650191
17.76,-42.98621604,-4.36476481
17.77,-43.39621464,-4.868785102
17.78,-43.80708018,-5.371690026
17.79,-44.21889773,-5.873459478
17.8,-44.63176512,-6.374085303
17.81,-45.04577314,-6.873549371
17.82,-45.46101143,-7.371836411
17.83,-45.87755424,-7.86893331
17.84,-46.29549786,-8.364830547
17.85,-46.71491258,-8.859525965
17.86,-47.13588502,-9.353014021
17.87,-47.55848665,-9.845278224
17.88,-47.98278816,-10.33632282
17.89,-48.40886118,-10.82615314
17.9,-48.83676442,-11.31476039
17.91,-49.26655373,-11.80214771
17.92,-49.69827842,-12.2883182
17.93,-50.13198222,-12.77327592
17.94,-50.56769908,-13.25702386
17.95,-51.00546044,-13.73956562
17.96,-51.44527914,-14.22091253
17.97,-51.88716471,-14.70107842
17.98,-52.33110904,-15.18005895
17.99,-52.77709612,-15.65787213
18,-53.22509982,-16.13453624
18.01,-53.67508,-16.61006485
18.02,-54.12697674,-17.08447905
18.03,-54.58071525,-17.55778822
18.04,-55.03620329,-18.03002153
18.05,-55.49333568,-18.50119481
18.06,-55.95199624,-18.97132462
18.07,-56.4120291,-19.4404383
18.08,-56.8732788,-19.90856959
18.09,-57.33554731,-20.37573584
18.1,-57.79864231,-20.84196743
18.11,-58.26232867,-21.3073003
18.12,-58.72636594,-21.77176661
18.13,-59.19048756,-22.23540006
18.14,-59.65439733,-22.69824283
18.15,-60.11778406,-23.1603303
18.16,-60.58031369,-23.62171048
18.17,-61.04164792,-24.08242006
18.18,-61.5014045,-24.5425134
18.19,-61.95921153,-25.00204002
18.2,-62.4146534,-25.461057
18.21,-62.86732276,-25.9196174
18.22,-63.31678915,-26.37778016
18.23,-63.76262579,-26.83560327
18.24,-64.20438954,-27.29315381
18.25,-64.64162285,-27.75050606
18.26,-65.07389682,-28.207733
18.27,-65.50076626,-28.66491544
18.28,-65.92178037,-29.122134
18.29,-66.33652957,-29.5794731
18.3,-66.74458473,-30.03702491
18.31,-67.14556525,-30.49488635
18.32,-67.53907679,-30.95315676
18.33,-67.92476697,-31.41194874
18.34,-68.30230654,-31.8713722
18.35,-68.67138406,-32.33154395
18.36,-69.03172623,-32.7925957
18.37,-69.3830898,-33.2546522
18.38,-69.72527102,-33.71785483
18.39,-70.05806965,-34.18234446
18.4,-70.38136423,-34.64827254
18.41,-70.69503628,-35.11580007
18.42,-70.9990148,-35.58509575
18.43,-71.29325672,-36.05632681
18.44,-71.57775977,-36.5296819
18.45,-71.85253873,-37.00535165
18.46,-72.11765616,-37.48352978
18.47,-72.37319944,-37.96442297
18.48,-72.61926717,-38.44825493
18.49,-72.85600034,-38.9352471
18.5,-73.08355736,-39.42563931
18.51,-73.30210546,-39.9196675
18.52,-73.51184165,-40.41758589
18.53,-73.71296849,-40.91965418
18.54,-73.90571147,-41.42614368
18.55,-74.09030072,-41.93733047
18.56,-74.26697664,-42.45350155
18.57,-74.43597973,-42.97494905
18.58,-74.5975551,-43.5019766
18.59,-74.75195443,-44.03489821
18.6,-74.89943799,-44.57402257
18.61,-75.04024529,-45.11966551
18.62,-75.17463681,-45.67214567
18.63,-75.30285534,-46.23178407
18.64,-75.42514353,-46.79889855
18.65,-75.54173831,-47.37381165
18.66,-75.65287046,-47.9568364
18.67,-75.75876663,-48.54827665
18.68,-75.85964872,-49.14842851
18.69,-75.95572789,-49.75756715
18.7,-76.04721228,-50.37595464
18.71,-76.13430058,-51.00381807
18.72,-76.21718038,-51.64136687
18.73,-76.29604432,-52.2887706
18.74,-76.37106212,-52.94616236
18.75,-76.44240111,-53.61361507
18.76,-76.51023509,-54.29115806
18.77,-76.57471034,-54.97874058
18.78,-76.63598252,-55.67625077
18.79,-76.69417754,-56.38349082
18.8,-76.74944755,-57.10016278
18.81,-76.80190871,-57.82587589
18.82,-76.8516919,-58.5601319
18.83,-76.89891158,-59.30229893
18.84,-76.94367996,-60.05162205
18.85,-76.98610516,-60.807216
18.86,-77.02628226,-61.5680498
18.87,-77.06430972,-62.33293856
18.88,-77.10028566,-63.10055852
18.89,-77.13428602,-63.86943763
18.9,-77.16640023,-64.63794984
18.91,-77.19670611,-65.40434548
18.92,-77.22528056,-66.16675398
18.93,-77.25218681,-66.92318991
18.94,-77.27749556,-67.67159498
18.95,-77.30127754,-68.40983998
18.96,-77.32359218,-69.13577242
18.97,-77.34449148,-69.84725159
18.98,-77.36403194,-70.54216891
18.99,-77.38227557,-71.21851287
19,-77.39925672,-71.87436464
19.01,-77.41503437,-72.5079692
19.02,-77.42965475,-73.11775457
19.03,-77.44315551,-73.70236383
19.04,-77.45557666,-74.26068569
19.05,-77.46696877,-74.7918519
19.06,-77.4773537,-75.29525813
19.07,-77.48676734,-75.77057031
19.08,-77.49525055,-76.21772001
19.09,-77.50283244,-76.63687219
19.1,-77.50954775,-77.0284358
19.11,-77.51541762,-77.39301457
19.12,-77.52047968,-77.73140382
19.13,-77.52475919,-78.04453885
19.14,-77.5282728,-78.3334925
19.15,-77.53105497,-78.59942529
19.16,-77.53312013,-78.84356315
19.17,-77.53448889,-79.06718711
19.18,-77.53519229,-79.27157291
19.19,-77.53525143,-79.45801728
19.2,-77.53467823,-79.62779146
19.21,-77.53348955,-79.78211958
19.22,-77.53171322,-79.92219552
19.23,-77.52936467,-80.04915561
19.24,-77.52646386,-80.16409461
19.25,-77.52302533,-80.26802553
19.26,-77.51906134,-80.36189691
19.27,-77.51458949,-80.44659614
19.28,-77.50963105,-80.52294808
19.29,-77.50420167,-80.59172343
19.3,-77.49830745,-80.65360997
19.31,-77.49196687,-80.70925348
19.32,-77.48519871,-80.75924534
19.33,-77.47801288,-80.80410816
19.34,-77.47042661,-80.84434309
19.35,-77.46245193,-80.88038633
19.36,-77.45410221,-80.91264676
19.37,-77.44539105,-80.94148583
19.38,-77.43632687,-80.96722717
19.39,-77.42692574,-80.99017729
19.4,-77.41720004,-81.0105986
19.41,-77.40716333,-81.02872689
19.42,-77.39681757,-81.04479605
19.43,-77.38618059,-81.05899149
19.44,-77.37526239,-81.07149972
19.45,-77.36407739,-81.08247757
19.46,-77.35262931,-81.0920727
19.47,-77.34093145,-81.10041473
19.48,-77.32899575,-81.1076118
19.49,-77.3168248,-81.11378031
19.5,-77.30443871,-81.11901338
19.51,-77.29183195,-81.12339877
19.52,-77.27902507,-81.12700921
19.53,-77.26601241,-81.12991947
19.54,-77.25281518,-81.13219052
19.55,-77.23943467,-81.1338751
19.56,-77.22588313,-81.13502978
19.57,-77.21215972,-81.1357009
19.58,-77.19827544,-81.13593037
19.59,-77.18423594,-81.13575382
19.6,-77.17005389,-81.13521317
19.61,-77.1557244,-81.13433061
19.62,-77.14125472,-81.13313875
19.63,-77.12665928,-81.13166374
19.64,-77.11194206,-81.12992026
19.65,-77.09709979,-81.12794041
19.66,-77.08214489,-81.12573305
19.67,-77.06706606,-81.12332756
19.68,-77.05188259,-81.12072549
19.69,-77.036593,-81.11793989
19.7,-77.02119413,-81.1150091
19.71,-77.00571238,-81.11192014
19.72,-76.99012712,-81.10868833
19.73,-76.9744587,-81.10533092
19.74,-76.95870146,-81.10184653
19.75,-76.94285386,-81.09825395
19.76,-76.9269262,-81.09455102
19.77,-76.91092119,-81.09074614
19.78,-76.89483672,-81.08685141
19.79,-76.87868241,-81.08286801
19.8,-76.86245583,-81.07879713
19.81,-76.84616864,-81.07465612
19.82,-76.82980618,-81.07043511
19.83,-76.81338445,-81.06615141
19.84,-76.79689489,-81.06179977
19.85,-76.78034649,-81.05737969
19.86,-76.76373835,-81.05289287
19.87,-76.74707132,-81.04835616
19.88,-76.7303515,-81.04376482
19.89,-76.7135735,-81.03912304
19.9,-76.6967489,-81.03442812
19.91,-76.67986772,-81.02968197
19.92,-76.66293971,-81.02489429
19.93,-76.64595225,-81.02004891
19.94,-76.6289234,-81.01516947
19.95,-76.6118485,-81.01024531
19.96,-76.59472327,-81.00527866
19.97,-76.57755282,-81.00026212
19.98,-76.56033262,-80.99520886
19.99,-76.54306981,-80.99012452
20,-76.5257695,-80.98499612
20.01,-76.50842538,-80.97982793
20.02,-76.49103737,-80.97463538
20.03,-76.47360723,-80.96940608
20.04,-76.45614023,-80.96413722
20.05,-76.43863099,-80.95883608
20.06,-76.42108476,-80.95349735
20.07,-76.40350312,-80.94812653
20.08,-76.38588457,-80.94271938
20.09,-76.36822661,-80.93727633
20.1,-76.35053138,-80.93180282
20.11,-76.33280231,-80.92629464
20.12,-76.31502947,-80.92075551
20.13,-76.2972362,-80.91518552
20.14,-76.27940722,-80.90958281
20.15,-76.26153664,-80.90394613
20.16,-76.24363335,-80.89828693
20.17,-76.22569362,-80.89258926
20.18,-76.20771341,-80.88686588
20.19,-76.18970613,-80.88110713
20.2,-76.17167109,-80.87532436
20.21,-76.15360829,-80.86950795
20.22,-76.13550634,-80.8636692
20.23,-76.11737674,-80.85779301
20.24,-76.09921348,-80.85188865
20.25,-76.08102234,-80.84594922
20.26,-76.06279984,-80.83998196
20.27,-76.04454075,-80.83398412
20.28,-76.02624971,-80.82795711
20.29,-76.00794054,-80.82190366
20.3,-75.98959762,-80.81581287
20.31,-75.97122236,-80.80969595
20.32,-75.95282084,-80.8035489
20.33,-75.93438626,-80.7973719
20.34,-75.91592708,-80.79116655
20.35,-75.89742723,-80.7849257
20.36,-75.87890347,-80.7786542
20.37,-75.86035251,-80.77235058
20.38,-75.84177842,-80.76602022
20.39,-75.82316907,-80.75965845
20.4,-75.80453726,-80.75326313
20.41,-75.78587906,-80.74684688
20.42,-75.76718901,-80.74039761
20.43,-75.74847567,-80.7339206
20.44,-75.72972981,-80.72741519
20.45,-75.71095163,-80.72087472
20.46,-75.69215675,-80.71430062
20.47,-75.67333025,-80.70769621
20.48,-75.6544735,-80.70107158
20.49,-75.63559896,-80.69440648
20.5,-75.61669401,-80.68771168
20.51,-75.59777147,-80.68098216
20.52,-75.57881085,-80.6742271
20.53,-75.55982838,-80.66743542
20.54,-75.54082103,-80.66062474
20.55,-75.52178212,-80.65377412
20.56,-75.50272755,-80.64688795
20.57,-75.48364885,-80.63997962
20.58,-75.46454028,-80.63303934
20.59,-75.44540847,-80.62606389
20.6,-75.42624676,-80.61906068
20.61,-75.40706261,-80.61202807
20.62,-75.38785473,-80.60496643
20.63,-75.36862427,-80.59786401
20.64,-75.34936908,-80.59074155
20.65,-75.33008836,-80.58358308
20.66,-75.31077626,-80.57638789
20.67,-75.29144945,-80.56916988
20.68,-75.27209085,-80.56190977
20.69,-75.25271852,-80.55461913
20.7,-75.23331556,-80.5473048
20.71,-75.21389315,-80.53995308
20.72,-75.19444637,-80.53257606
20.73,-75.17497801,-80.5251577
20.74,-75.15548875,-80.51771247
20.75,-75.13596914,-80.51022992
20.76,-75.1164222,-80.50271942
20.77,-75.09686161,-80.49517376
20.78,-75.07727741,-80.48759332
20.79,-75.05766492,-80.47998203
20.8,-75.0380257,-80.47233755
20.81,-75.01837156,-80.46466558
20.82,-74.99869507,-80.45696391
20.83,-74.97899813,-80.44922688
20.84,-74.95928031,-80.44145054
20.85,-74.93953389,-80.43364614
20.86,-74.91977362,-80.42580317
20.87,-74.89998462,-80.41793685
20.88,-74.88017589,-80.41003632
20.89,-74.86034711,-80.40209943
20.9,-74.84049729,-80.39412871
20.91,-74.82062674,-80.38612332
20.92,-74.80073559,-80.37808847
20.93,-74.78081739,-80.37001895
20.94,-74.7608797,-80.36191916
20.95,-74.74092115,-80.35378034
20.96,-74.72095023,-80.34561717
20.97,-74.70095116,-80.33741301
20.98,-74.68093346,-80.32917993
20.99,-74.66089476,-80.32090926
21,-74.64083698,-80.31260608
21.01,-74.6207653,-80.30426535
21.02,-74.60067384,-80.29589653
21.03,-74.58055449,-80.28748894
21.04,-74.56041768,-80.27905045
21.05,-74.54026145,-80.27057839
21.06,-74.52008646,-80.26207098
21.07,-74.49989203,-80.25353369
21.08,-74.47967763,-80.24496113
21.09,-74.45944501,-80.23635318
21.1,-74.43919201,-80.22771081
21.11,-74.4189201,-80.21903444
21.12,-74.39862229,-80.21032463
21.13,-74.37831366,-80.20158476
21.14,-74.35797805,-80.19279781
21.15,-74.33763232,-80.18398431
21.16,-74.31726581,-80.17514004
21.17,-74.29688829,-80.16625559
21.18,-74.27649271,-80.15734621
21.19,-74.25607075,-80.14840149
21.2,-74.23563895,-80.13941601
21.21,-74.21518751,-80.13039635
21.22,-74.194711,-80.12134386
21.23,-74.1742232,-80.112255
21.24,-74.15371789,-80.10313459
21.25,-74.13319336,-80.09397849
21.26,-74.11265147,-80.08478803
21.27,-74.09209875,-80.07555914
21.28,-74.07152067,-80.06630181
21.29,-74.0509322,-80.05700497
21.3,-74.03032501,-80.04766812
21.31,-74.00970214,-80.03830118
21.32,-73.98905969,-80.02889894
21.33,-73.96840096,-80.01946679
21.34,-73.9477307,-80.00999813
21.35,-73.92704416,-80.0004936
21.36,-73.90634611,-79.99095438
21.37,-73.88563041,-79.98137861
21.38,-73.86489165,-79.97176815
21.39,-73.84414207,-79.96212391
21.4,-73.82337565,-79.95244997
21.41,-73.80259873,-79.94273182
21.42,-73.78179894,-79.93298683
21.43,-73.76098157,-79.92320149
21.44,-73.740148,-79.91339157
21.45,-73.71930281,-79.90353839
21.46,-73.69844915,-79.89365002
21.47,-73.6775771,-79.8837249
21.48,-73.65669029,-79.87376488
21.49,-73.63579278,-79.86376434
21.5,-73.61487948,-79.85373589
21.51,-73.59394892,-79.84366728
21.52,-73.5730098,-79.83356959
21.53,-73.55205403,-79.82343169
21.54,-73.53108853,-79.81326156
21.55,-73.51011275,-79.80306035
21.56,-73.48911495,-79.7928183
21.57,-73.46810815,-79.78254751
21.58,-73.4470919,-79.77223191
21.59,-73.42605857,-79.76188335
21.6,-73.40501039,-79.75150352
21.61,-73.38395387,-79.74108754
21.62,-73.36287971,-79.7306384
21.63,-73.34179135,-79.72015561
21.64,-73.32069363,-79.70962832
21.65,-73.29958796,-79.69907568
21.66,-73.27845894,-79.68848824
21.67,-73.25732098,-79.67786911
21.68,-73.23617386,-79.66720816
21.69,-73.21501226,-79.65651259
21.7,-73.19384234,-79.64578746
21.71,-73.1726564,-79.63502198
21.72,-73.1514692,-79.62422256
21.73,-73.13025949,-79.61338052
21.74,-73.10904239,-79.60250395
21.75,-73.08781517,-79.59159504
21.76,-73.06656709,-79.58065312
21.77,-73.04531909,-79.5696764
21.78,-73.02406192,-79.55866422
21.79,-73.00279675,-79.54761897
21.8,-72.98152291,-79.53654008
21.81,-72.96022768,-79.52542952
21.82,-72.93892484,-79.51427431
21.83,-72.91761481,-79.50308781
21.84,-72.89629646,-79.49186181
21.85,-72.87496273,-79.48060873
21.86,-72.85361464,-79.46932154
21.87,-72.8322665,-79.45799634
21.88,-72.81089542,-79.44663714
21.89,-72.78952512,-79.435243
21.9,-72.76814692,-79.42380986
21.91,-72.74675454,-79.41234351
21.92,-72.72535429,-79.40084565
21.93,-72.7039461,-79.38931492
21.94,-72.68253183,-79.37774814
21.95,-72.66110265,-79.36614395
21.96,-72.63967304,-79.35450734
21.97,-72.6182367,-79.34283706
21.98,-72.5967865,-79.33113437
21.99,-72.57532946,-79.3194063
22,-72.55386382,-79.30762506
22.01,-72.53238566,-79.29581714
22.02,-72.51090103,-79.28397124
22.03,-72.48940756,-79.27209815
22.04,-72.46790907,-79.26019249
22.05,-72.44640248,-79.24824813
22.06,-72.42488966,-79.23627622
22.07,-72.40336434,-79.22426436
22.08,-72.38183826,-79.21221688
22.09,-72.36030525,-79.20013547
22.1,-72.33876614,-79.18802033
22.11,-72.3172205,-79.17587243
22.12,-72.29566917,-79.16369216
22.13,-72.27410897,-79.15148065
22.14,-72.25254301,-79.13923622
22.15,-72.2309726,-79.12695234
22.16,-72.20939386,-79.11464124
22.17,-72.18780908,-79.10228987
22.18,-72.16621873,-79.08990403
22.19,-72.14462233,-79.07748142
22.2,-72.12301893,-79.0650366
22.21,-72.10140888,-79.0525559
22.22,-72.07979494,-79.04004002
22.23,-72.05817444,-79.02749787
22.24,-72.0365471,-79.01491793
22.25,-72.01491983,-79.00230385
22.26,-71.99328801,-78.98965896
22.27,-71.97165725,-78.97697883
22.28,-71.95001343,-78.96426762
22.29,-71.92835639,-78.9515244
22.3,-71.90670762,-78.93874892
22.31,-71.88504619,-78.9259421
22.32,-71.86338541,-78.91309939
22.33,-71.84171134,-78.90022409
22.34,-71.82004042,-78.88731743
22.35,-71.79836334,-78.87437878
22.36,-71.77668085,-78.86140404
22.37,-71.75499969,-78.84839799
22.38,-71.73331412,-78.83535901
22.39,-71.71162138,-78.82229248
22.4,-71.68993099,-78.80918975
22.41,-71.66823505,-78.7960509
22.42,-71.64653497,-78.7828925
22.43,-71.62483631,-78.76970002
22.44,-71.60313101,-78.75647078
22.45,-71.58142879,-78.74321733
22.46,-71.55972015,-78.72992706
22.47,-71.53800597,-78.71661009
22.48,-71.51628821,-78.70325363
22.49,-71.49457219,-78.68987058
22.5,-71.47285121,-78.67645838
22.51,-71.45113138,-78.66301345
22.52,-71.42940627,-78.64953407
22.53,-71.40767731,-78.63603165
22.54,-71.38594407,-78.62250389
22.55,-71.36421124,-78.6089393
22.56,-71.34247577,-78.59534417
22.57,-71.32074132,-78.58171683
22.58,-71.29900838,-78.56805199
22.59,-71.27727148,-78.55435786
22.6,-71.25552909,-78.54063931
22.61,-71.23379681,-78.52689724
22.62,-71.21205866,-78.51312239
22.63,-71.19032322,-78.49931757
22.64,-71.16857597,-78.48547693
22.65,-71.1468385,-78.47161188
22.66,-71.12509055,-78.45771128
22.67,-71.10334525,-78.44379052
22.68,-71.08159583,-78.42983657
22.69,-71.05985494,-78.41584593
22.7,-71.03810832,-78.40183528
22.71,-71.01635905,-78.3877914
22.72,-70.99462011,-78.37372498
22.73,-70.97288262,-78.35962542
22.74,-70.95114094,-78.34549932
22.75,-70.92939506,-78.33134455
22.76,-70.90765263,-78.31715685
22.77,-70.88590541,-78.30293849
22.78,-70.8641677,-78.28869184
22.79,-70.8424262,-78.27441954
22.8,-70.82068151,-78.26012459
22.81,-70.79894627,-78.24580123
22.82,-70.77721368,-78.23144675
22.83,-70.75548359,-78.21705742
22.84,-70.73375068,-78.20264575
22.85,-70.71201311,-78.18820636
22.86,-70.69028607,-78.17374267
22.87,-70.66855545,-78.15925776
22.88,-70.64682754,-78.1447419
22.89,-70.62510298,-78.13019495
22.9,-70.60337446,-78.11562273
22.91,-70.58164963,-78.10102842
22.92,-70.55993488,-78.08640619
22.93,-70.53821569,-78.07176049
22.94,-70.5164945,-78.05708467
22.95,-70.49478248,-78.04238402
22.96,-70.47307374,-78.02765089
22.97,-70.45136082,-78.01289427
22.98,-70.42965943,-77.99810982
22.99,-70.40795505,-77.98330263
23,-70.3862601,-77.96847414
23.01,-70.36456235,-77.95361502
23.02,-70.342868,-77.93873604
23.03,-70.3211764,-77.92382481
23.04,-70.29948943,-77.90889196
23.05,-70.27779838,-77.8939299
23.06,-70.25611213,-77.8789465
23.07,-70.23443522,-77.86393277
23.08,-70.21275497,-77.84890436
23.09,-70.19107992,-77.83385098
23.1,-70.1694069,-77.81877612
23.11,-70.14773888,-77.80367049
23.12,-70.12607529,-77.78854195
23.13,-70.10441363,-77.77338608
23.14,-70.08275676,-77.75820614
23.15,-70.06110319,-77.7430031
23.16,-70.03945367,-77.72777538
23.17,-70.01781036,-77.7125234
23.18,-69.9961687,-77.69724671
23.19,-69.97453881,-77.68195348
23.2,-69.952912,-77.66663673
23.21,-69.93129005,-77.65130059
23.22,-69.90967088,-77.63593956
23.23,-69.88805003,-77.62055062
23.24,-69.86644144,-77.60514153
23.25,-69.84484177,-77.58971027
23.26,-69.82324038,-77.57425807
23.27,-69.80165136,-77.55878122
23.28,-69.78005856,-77.54328492
23.29,-69.75847602,-77.52776948
23.3,-69.73689866,-77.5122296
23.31,-69.71532552,-77.49666538
23.32,-69.6937625,-77.48108205
23.33,-69.67219756,-77.46547931
23.34,-69.65063762,-77.44985208
23.35,-69.62908837,-77.43420963
23.36,-69.60754334,-77.4185432
23.37,-69.58600418,-77.40285387
23.38,-69.56446839,-77.38714235
23.39,-69.54294376,-77.37140998
23.4,-69.52142391,-77.3556662
23.41,-69.49991545,-77.33989869
23.42,-69.47840365,-77.3241014
23.43,-69.45689764,-77.30829118
23.44,-69.43539635,-77.29245861
23.45,-69.41390613,-77.27660601
23.46,-69.392428,-77.26073832
23.47,-69.37094698,-77.24485462
23.48,-69.34947822,-77.22894964
23.49,-69.32800711,-77.21302026
23.5,-69.30655357,-77.19707542
23.51,-69.28509764,-77.18111292
23.52,-69.26365497,-77.16513276
23.53,-69.24221616,-77.14913833
23.54,-69.22078895,-77.13312054
23.55,-69.19936743,-77.11708337
23.56,-69.17794967,-77.1010308
23.57,-69.15653738,-77.084958
23.58,-69.13513751,-77.06887141
23.59,-69.1137421,-77.0527649
23.6,-69.09235255,-77.03664577
23.61,-69.07098152,-77.02050546
23.62,-69.04961429,-77.00434406
23.63,-69.02825165,-76.98816621
23.64,-69.00689496,-76.97197656
23.65,-68.98555021,-76.95576981
23.66,-68.96420951,-76.93954511
23.67,-68.94288133,-76.92330481
23.68,-68.92155891,-76.90704586
23.69,-68.90024108,-76.89077356
23.7,-68.87893583,-76.87448929
23.71,-68.85762737,-76.85818443
23.72,-68.8363324,-76.84186191
23.73,-68.81504208,-76.82552731
23.74,-68.79377061,-76.80918031
23.75,-68.77250396,-76.79281652
23.76,-68.75124401,-76.7764335
23.77,-68.72999505,-76.76003062
23.78,-68.70875179,-76.74361548
23.79,-68.68752083,-76.72719407
23.8,-68.66628878,-76.71075791
23.81,-68.64506874,-76.69430826
23.82,-68.62385337,-76.67783833
23.83,-68.60265746,-76.66135004
23.84,-68.58146645,-76.6448516
23.85,-68.56028164,-76.62834514
23.86,-68.53910215,-76.6118212
23.87,-68.51794235,-76.59528281
23.88,-68.49678709,-76.57873705
23.89,-68.47563744,-76.56217432
23.9,-68.45449906,-76.54559753
23.91,-68.43336675,-76.52900755
23.92,-68.41224129,-76.51240871
23.93,-68.39112764,-76.49579973
23.94,-68.3700198,-76.4791704
23.95,-68.34893034,-76.46253051
23.96,-68.32784,-76.44588348
23.97,-68.30675639,-76.42922711
23.98,-68.28569201,-76.41255454
23.99,-68.26463285,-76.39586811
24,-68.24358502,-76.37917638
24.01,-68.22254338,-76.36246885
24.02,-68.20151491,-76.34575012
24.03,-68.18049284,-76.3290204
24.04,-68.15948252,-76.31228457
24.05,-68.13847717,-76.29552652
24.06,-68.11749297,-76.27876117
24.07,-68.09650645,-76.26198782
24.08,-68.07553319,-76.24520255
24.09,-68.05457222,-76.22841258
24.1,-68.03361679,-76.21160651
24.11,-68.01266798,-76.1947928
24.12,-67.99173152,-76.17797166
24.13,-67.97080775,-76.16113358
24.14,-67.94989084,-76.14428959
24.15,-67.92898567,-76.12744524
24.16,-67.90808636,-76.11058224
24.17,-67.88719998,-76.09370455
24.18,-67.86631914,-76.07682463
24.19,-67.84545212,-76.05993935
24.2,-67.82459021,-76.04304396
24.21,-67.80374176,-76.02614383
24.22,-67.78290565,-76.00922932
24.23,-67.76208258,-75.99230901
24.24,-67.74127231,-75.97537515
24.25,-67.72046674,-75.95843381
24.26,-67.69967021,-75.94148982
24.27,-67.67888521,-75.92453405
24.28,-67.65810588,-75.90757815
24.29,-67.63733941,-75.89061587
24.3,-67.61657929,-75.87364501
24.31,-67.5958401,-75.85666215
24.32,-67.57510641,-75.83967371
24.33,-67.5543784,-75.82267818
24.34,-67.53366346,-75.80567734
24.35,-67.51295461,-75.78867014
24.36,-67.4922523,-75.7716548
24.37,-67.47156274,-75.75463838
24.38,-67.45088682,-75.73760973
24.39,-67.43022301,-75.72058003
24.4,-67.40956652,-75.70354792
24.41,-67.38892173,-75.68650377
24.42,-67.36828454,-75.66945885
24.43,-67.34766076,-75.65240366
24.44,-67.32704899,-75.6353432
24.45,-67.30644374,-75.61828031
24.46,-67.28585146,-75.60121481
24.47,-67.26526613,-75.58413988
24.48,-67.24469405,-75.56706713
24.49,-67.2241274,-75.54998154
24.5,-67.20357416,-75.53289518
24.51,-67.18303433,-75.51580299
24.52,-67.16250114,-75.49871154
24.53,-67.14198151,-75.48160922
24.54,-67.12146755,-75.46450177
24.55,-67.10096696,-75.44739427
24.56,-67.08047286,-75.43028003
24.57,-67.05999964,-75.41315978
24.58,-67.03953212,-75.39603561
24.59,-67.01907682,-75.37891661
24.6,-66.99862857,-75.36178941
24.61,-66.97819416,-75.344662
24.62,-66.95776621,-75.32753142
24.63,-66.93735181,-75.31039834
24.64,-66.91694366,-75.29325874
24.65,-66.89654893,-75.27611777
24.66,-66.87616129,-75.25897704
24.67,-66.85577875,-75.24183448
24.68,-66.83541728,-75.22469169
24.69,-66.81506235,-75.20754001
24.7,-66.79471463,-75.19038594
24.71,-66.7743803,-75.17323882
24.72,-66.75405866,-75.15608288
24.73,-66.73374403,-75.13892916
24.74,-66.7134415,-75.12177023
24.75,-66.69314765,-75.10461177
24.76,-66.67285918,-75.08744828
24.77,-66.65258393,-75.07029096
24.78,-66.63231576,-75.0531285
24.79,-66.612061,-75.03596486
24.8,-66.59181261,-75.01880815
24.81,-66.57157784,-75.0016506
24.82,-66.55135683,-74.98448387
24.83,-66.53114881,-74.96731819
24.84,-66.51094025,-74.95014517
24.85,-66.49073921,-74.93298031
24.86,-66.47055202,-74.91581108
24.87,-66.45037114,-74.89864876
24.88,-66.43021034,-74.88148018
24.89,-66.41005636,-74.86431328
24.9,-66.38991596,-74.8471494
24.91,-66.36978255,-74.82998335
24.92,-66.34965544,-74.81282112
24.93,-66.32954156,-74.79566352
24.94,-66.30943567,-74.77850456
24.95,-66.28934196,-74.76133765
24.96,-66.26925622,-74.74417746
24.97,-66.2491769,-74.72702021
24.98,-66.22911121,-74.70986287
24.99,-66.20905912,-74.69270739
25,-66.18900754,-74.67555447
25.01,-66.16896832,-74.65840311
25.02,-66.14894301,-74.64125589
25.03,-66.12892476,-74.62411271
25.04,-66.10891393,-74.60696432
25.05,-66.08890941,-74.58981972
25.06,-66.06891842,-74.57267502
25.07,-66.04893385,-74.55553223
25.08,-66.02896316,-74.53839643
25.09,-66.00899937,-74.52126552
25.1,-65.98904278,-74.5041331
25.11,-65.96909921,-74.48699977
25.12,-65.94916934,-74.46987573
25.13,-65.92924731,-74.45275325
25.14,-65.90933134,-74.43563069
25.15,-65.88942268,-74.41851493
25.16,-65.86952128,-74.40139952
25.17,-65.84962649,-74.38429006
25.18,-65.82974561,-74.36717306
25.19,-65.80987775,-74.3500655
25.2,-65.79001064,-74.33296032
25.21,-65.77015702,-74.31586056
25.22,-65.75030998,-74.2987628
25.23,-65.73047036,-74.28167107
25.24,-65.71063697,-74.26458817
25.25,-65.69081712,-74.24749935
25.26,-65.67100489,-74.23041853
25.27,-65.65119932,-74.21334201
25.28,-65.63140064,-74.19626856
25.29,-65.61160965,-74.17920352
25.3,-65.59182497,-74.16214311
25.31,-65.57206016,-74.14507874
25.32,-65.55229582,-74.12802549
25.33,-65.53253842,-74.11097751
25.34,-65.51278852,-74.0939317
25.35,-65.49305278,-74.07688944
25.36,-65.47332348,-74.05985356
25.37,-65.45360085,-74.04282356
25.38,-65.43389271,-74.02579644
25.39,-65.41418429,-74.0087716
25.4,-65.39448216,-73.99175387
25.41,-65.37478707,-73.97474047
25.42,-65.35510006,-73.95773528
25.43,-65.33542716,-73.94073437
25.44,-65.31576028,-73.92373973
25.45,-65.29610071,-73.90674866
25.46,-65.27644112,-73.88976345
25.47,-65.25679518,-73.87278593
25.48,-65.23715692,-73.85580701
25.49,-65.21752486,-73.83883964
25.5,-65.19789981,-73.82188067
25.51,-65.17828217,-73.80492667
25.52,-65.15867239,-73.78797369
25.53,-65.13906904,-73.77103373
25.54,-65.1194722,-73.75410225
25.55,-65.09988183,-73.73717033
25.56,-65.08029882,-73.72024238
25.57,-65.06071676,-73.70331762
25.58,-65.04114755,-73.6864079
25.59,-65.02157958,-73.6694989
25.6,-65.0020248,-73.65259761
25.61,-64.98247069,-73.63570185
25.62,-64.96292293,-73.61881757
25.63,-64.94338355,-73.60193645
25.64,-64.92385048,-73.58506383
25.65,-64.90432396,-73.56819622
25.66,-64.88479819,-73.55133174
25.67,-64.86527886,-73.53448333
25.68,-64.84576017,-73.51763795
25.69,-64.82625494,-73.50079624
25.7,-64.80675672,-73.48396556
25.71,-64.78725949,-73.46713935
25.72,-64.76777463,-73.45032422
25.73,-64.74829145,-73.43351371
25.74,-64.72880801,-73.41670776
25.75,-64.7093384,-73.39990867
25.76,-64.68986196,-73.38312209
25.77,-64.67039295,-73.3663431
25.78,-64.65093093,-73.34956966
25.79,-64.63146885,-73.33280029
25.8,-64.6120203,-73.31604152
25.81,-64.5925785,-73.29929161
25.82,-64.57312997,-73.28253926
25.83,-64.55369547,-73.26580228
25.84,-64.53426232,-73.24907123
25.85,-64.51482836,-73.23234982
25.86,-64.49540173,-73.21563948
25.87,-64.47597549,-73.19893559
25.88,-64.4565567,-73.18223595
25.89,-64.4371446,-73.16553977
25.9,-64.41772606,-73.1488654
25.91,-64.39831407,-73.13219315
25.92,-64.37890184,-73.11552697
25.93,-64.35950435,-73.09886641
25.94,-64.34009973,-73.08221407
25.95,-64.32070164,-73.06557442
25.96,-64.30130486,-73.04893443
25.97,-64.28191412,-73.03231214
25.98,-64.26252421,-73.01569573
25.99,-64.24314088,-72.99908718
26,-64.22375107,-72.98249247
26.01,-64.20437449,-72.96589603
26.02,-64.18499192,-72.9493067
26.03,-64.16561664,-72.93272867
26.04,-64.14624132,-72.91615362
26.05,-64.12687354,-72.89959453
26.06,-64.10750471,-72.8830491
26.07,-64.0881361,-72.86650296
26.08,-64.06876821,-72.84996801
26.09,-64.04940082,-72.83344328
26.1,-64.03003333,-72.81693034
26.11,-64.01066588,-72.80042756
26.12,-63.99129891,-72.78392967
26.13,-63.97193118,-72.76744154
26.14,-63.95256437,-72.75096332
26.15,-63.93320408,-72.73448993
26.16,-63.91383679,-72.71802573
26.17,-63.89447627,-72.70156636
26.18,-63.87511018,-72.68511893
26.19,-63.85575115,-72.66867945
26.2,-63.83638528,-72.65224855
26.21,-63.81702636,-72.6358273
26.22,-63.79766031,-72.61941371
26.23,-63.77829484,-72.60301385
26.24,-63.75892874,-72.58662074
26.25,-63.73956281,-72.57022723
26.26,-63.72019039,-72.55384631
26.27,-63.70081796,-72.53747333
26.28,-63.68144602,-72.5211174
26.29,-63.66206694,-72.50476411
26.3,-63.64269572,-72.48841722
26.31,-63.62331649,-72.47208335
26.32,-63.60393795,-72.45575778
26.33,-63.58455246,-72.43944291
26.34,-63.56516717,-72.42313306
26.35,-63.54577423,-72.40683215
26.36,-63.52637608,-72.39054506
26.37,-63.50698373,-72.37425888
26.38,-63.48758438,-72.3579881
26.39,-63.46817939,-72.34172197
26.4,-63.44878056,-72.32546586
26.41,-63.42937426,-72.30921946
26.42,-63.40996901,-72.29297915
26.43,-63.39055676,-72.27675136
26.44,-63.37113791,-72.26052957
26.45,-63.35171826,-72.24431867
26.46,-63.33229168,-72.22811577
26.47,-63.31285821,-72.21192078
26.48,-63.29341924,-72.19574011
26.49,-63.27397249,-72.17956623
26.5,-63.25452612,-72.16339286
26.51,-63.23507298,-72.14724105
26.52,-63.2156122,-72.13108836
26.53,-63.19614433,-72.11494665
26.54,-63.17667036,-72.0988107
26.55,-63.15718997,-72.0826896
26.56,-63.13770201,-72.06657417
26.57,-63.11820746,-72.05046527
26.58,-63.09870513,-72.0343673
26.59,-63.07920254,-72.01827278
26.6,-63.05968012,-72.00218837
26.61,-63.04015772,-71.98611219
26.62,-63.02062789,-71.97004461
26.63,-63.00108436,-71.9539911
26.64,-62.98153413,-71.93794218
26.65,-62.96197066,-71.92190304
26.66,-62.94241306,-71.90587485
26.67,-62.92284219,-71.88985045
26.68,-62.90326359,-71.8738354
26.69,-62.88367084,-71.85782683
26.7,-62.86406507,-71.84182803
26.71,-62.84445286,-71.82584077
26.72,-62.82483298,-71.80985637
26.73,-62.80519881,-71.7938829
26.74,-62.78555812,-71.77792024
26.75,-62.76590363,-71.76196112
26.76,-62.74623483,-71.74600766
26.77,-62.72655914,-71.73006597
26.78,-62.70686933,-71.71413915
26.79,-62.68717164,-71.6982179
26.8,-62.66746106,-71.68230455
26.81,-62.64773649,-71.66639467
26.82,-62.62799809,-71.65049233
26.83,-62.60824523,-71.63459283
26.84,-62.58847262,-71.61870627
26.85,-62.56869873,-71.60282638
26.86,-62.548904,-71.58695673
26.87,-62.52909552,-71.57109627
26.88,-62.50927278,-71.55524116
26.89,-62.48944254,-71.53939451
26.9,-62.46958548,-71.52355203
26.91,-62.44972007,-71.50772516
26.92,-62.42983447,-71.49189652
26.93,-62.40993471,-71.47607713
26.94,-62.39001408,-71.46027034
26.95,-62.37007877,-71.44447
26.96,-62.35012972,-71.42866838
26.97,-62.33016677,-71.41287845
26.98,-62.31018281,-71.39709189
26.99,-62.2901843,-71.38131069
27,-62.27016416,-71.36553825
27.01,-62.25012428,-71.34976949
27.02,-62.2300696,-71.33401374
27.03,-62.20998815,-71.31826427
27.04,-62.18989771,-71.30251761
27.05,-62.16978632,-71.28678315
27.06,-62.1496474,-71.27104875
27.07,-62.129487,-71.2553203
27.08,-62.10930588,-71.23960601
27.09,-62.08911014,-71.2238965
27.1,-62.06888759,-71.208192
27.11,-62.04864292,-71.19249304
27.12,-62.02837762,-71.17679878
27.13,-62.00808982,-71.16111198
27.14,-61.9877809,-71.1454305
27.15,-61.96743822,-71.12975297
27.16,-61.94708058,-71.11408548
27.17,-61.92669485,-71.09842371
27.18,-61.9062878,-71.08276714
27.19,-61.88585231,-71.06711746
27.2,-61.86539023,-71.05146631
27.21,-61.8449058,-71.03582418
27.22,-61.82438542,-71.02018754
27.23,-61.80384367,-71.00455146
27.24,-61.78327409,-70.98892754
27.25,-61.76267724,-70.97330751
27.26,-61.74205151,-70.95768856
27.27,-61.72140363,-70.94207226
27.28,-61.70072178,-70.92646061
27.29,-61.68001071,-70.91085752
27.3,-61.65927402,-70.89525794
27.31,-61.63850358,-70.87965624
27.32,-61.6177008,-70.86406554
27.33,-61.5968632,-70.84847813
27.34,-61.57599578,-70.83289468
27.35,-61.5550984,-70.81731063
27.36,-61.534161,-70.80173524
27.37,-61.51319851,-70.78616544
27.38,-61.49219438,-70.77059686
27.39,-61.4711552,-70.75503613
27.4,-61.45008744,-70.73946951
27.41,-61.42898081,-70.72391081
27.42,-61.40783219,-70.70836015
27.43,-61.38664692,-70.69280126
27.44,-61.36543271,-70.67725158
27.45,-61.34417698,-70.66170293
27.46,-61.3228783,-70.64615604
27.47,-61.3015443,-70.63061618
27.48,-61.28017173,-70.61507565
27.49,-61.25875916,-70.59953211
27.5,-61.23730465,-70.58399497
27.51,-61.21580855,-70.56845806
27.52,-61.19426594,-70.55292569
27.53,-61.17268023,-70.53739126
27.54,-61.15104938,-70.52186023
27.55,-61.12937884,-70.5063343
27.56,-61.107666,-70.49080727
27.57,-61.08589979,-70.47527935
27.58,-61.06408726,-70.45975305
27.59,-61.04222887,-70.44422859
27.6,-61.0203244,-70.42870919
27.61,-60.99837407,-70.4131866
27.62,-60.97636949,-70.39766123
27.63,-60.95431992,-70.3821373
27.64,-60.93221577,-70.3666196
27.65,-60.91005953,-70.35109247
27.66,-60.88784969,-70.33556583
27.67,-60.86558952,-70.32004207
27.68,-60.84327062,-70.30451614
27.69,-60.82090378,-70.28898417
27.7,-60.79847752,-70.27345422
27.71,-60.7759942,-70.25792598
27.72,-60.75345798,-70.24239031
27.73,-60.73086095,-70.22685645
27.74,-60.70820061,-70.21131812
27.75,-60.68548565,-70.19577977
27.76,-60.66270769,-70.18024075
27.77,-60.63986608,-70.16469652
27.78,-60.61696666,-70.14914944
27.79,-60.59399988,-70.13360103
27.8,-60.57096672,-70.11805488
27.81,-60.54786923,-70.10249826
27.82,-60.52470336,-70.08694102
27.83,-60.50146652,-70.07137984
27.84,-60.47816611,-70.05581469
27.85,-60.4547947,-70.04024604
27.86,-60.43135201,-70.02467467
27.87,-60.40784113,-70.00909808
27.88,-60.38425292,-69.99351844
27.89,-60.36058748,-69.97792951
27.9,-60.3368533,-69.9623363
27.91,-60.31304068,-69.94674111
27.92,-60.28915299,-69.93113004
27.93,-60.26518428,-69.91551291
27.94,-60.24113693,-69.89989366
27.95,-60.2170048,-69.88427048
27.96,-60.19278691,-69.86864292
27.97,-60.16849025,-69.85300968
27.98,-60.1441082,-69.83736411
27.99,-60.11963492,-69.82171372
28,-60.09507861,-69.80605146
28.01,-60.07043087,-69.79038343
28.02,-60.04569319,-69.77470781
28.03,-60.02086036,-69.75902186
28.04,-59.99593496,-69.74332384
28.05,-59.97091016,-69.72761479
28.06,-59.94579179,-69.71190364
28.07,-59.92057424,-69.69618047
28.08,-59.89525703,-69.68045411
28.09,-59.86983711,-69.66470629
28.1,-59.84431698,-69.64895412
28.11,-59.81869081,-69.63318212
28.12,-59.79296468,-69.61740377
28.13,-59.76712468,-69.60161405
28.14,-59.74117683,-69.58581775
28.15,-59.71511351,-69.5699985
28.16,-59.68894184,-69.55417676
28.17,-59.66265398,-69.538339
28.18,-59.63625493,-69.52248142
28.19,-59.60973129,-69.50662056
28.2,-59.58309032,-69.49073999
28.21,-59.55632427,-69.47484248
28.22,-59.52943766,-69.45893562
28.23,-59.50242264,-69.44301283
28.24,-59.47527911,-69.42706871
28.25,-59.44800424,-69.41110795
28.26,-59.42059225,-69.39513179
28.27,-59.39304681,-69.37914117
28.28,-59.36536566,-69.36313107
28.29,-59.33754042,-69.34710896
28.3,-59.30957564,-69.33106193
28.31,-59.2814679,-69.31499852
28.32,-59.25321394,-69.29891437
28.33,-59.22481067,-69.28281503
28.34,-59.19625146,-69.26669137
28.35,-59.16754221,-69.25054573
28.36,-59.13867031,-69.23437802
28.37,-59.10964371,-69.21819073
28.38,-59.08045022,-69.20198299
28.39,-59.05109029,-69.18575603
28.4,-59.02156261,-69.16950234
28.41,-58.99186456,-69.15322
28.42,-58.96199117,-69.13692022
28.43,-58.93194362,-69.12059624
28.44,-58.90171148,-69.10424184
28.45,-58.87129824,-69.08786447
28.46,-58.8406966,-69.07146408
28.47,-58.80990488,-69.05503647
28.48,-58.77892169,-69.03858209
28.49,-58.7477388,-69.02209705
28.5,-58.71635021,-69.00558247
28.51,-58.68475846,-68.98903643
28.52,-58.65295735,-68.97246071
28.53,-58.62094858,-68.95585588
28.54,-58.58872286,-68.93922025
28.55,-58.55627972,-68.92256228
28.56,-58.52361044,-68.90586394
28.57,-58.49070932,-68.88913299
28.58,-58.45757677,-68.87236484
28.59,-58.42420951,-68.85556728
28.6,-58.39059372,-68.83873863
28.61,-58.35673759,-68.82186518
28.62,-58.3226265,-68.80495774
28.63,-58.28826007,-68.78801787
28.64,-58.25363621,-68.77103865
28.65,-58.21874296,-68.7540206
28.66,-58.18358664,-68.73695664
28.67,-58.14815602,-68.71985399
28.68,-58.11244154,-68.70271587
28.69,-58.07643796,-68.68552892
28.7,-58.04014575,-68.66830292
28.71,-58.00355278,-68.6510311
28.72,-57.96665725,-68.63371125
28.73,-57.92944884,-68.61634854
28.74,-57.89192687,-68.59893552
28.75,-57.85408247,-68.58147368
28.76,-57.81590777,-68.56396561
28.77,-57.77739735,-68.54641266
28.78,-57.73854285,-68.52880711
28.79,-57.69934266,-68.51114569
28.8,-57.65978118,-68.49343418
28.81,-57.61985756,-68.47566361
28.82,-57.57956088,-68.45784359
28.83,-57.5388866,-68.43996421
28.84,-57.49781857,-68.42203457
28.85,-57.4563535,-68.40404327
28.86,-57.41448917,-68.38598787
28.87,-57.37221282,-68.36787222
28.88,-57.32950732,-68.34969416
28.89,-57.28637554,-68.33145423
28.9,-57.24280008,-68.31314852
28.91,-57.19877341,-68.29477753
28.92,-57.15428882,-68.2763365
28.93,-57.10933235,-68.25782839
28.94,-57.06389323,-68.23925172
28.95,-57.01796366,-68.22060531
28.96,-56.97152753,-68.20188596
28.97,-56.92457635,-68.18308839
28.98,-56.87710021,-68.1642084
28.99,-56.82908684,-68.14526115
29,-56.78052127,-68.12623309
29.01,-56.73139163,-68.10711499
29.02,-56.68168104,-68.08792049
29.03,-56.63138169,-68.06864465
29.04,-56.5804787,-68.04927828
29.05,-56.52895627,-68.02982725
29.06,-56.47679614,-68.0102795
29.07,-56.42398665,-67.99064647
29.08,-56.37051066,-67.97091324
29.09,-56.31635455,-67.9510906
29.1,-56.2614946,-67.93116455
29.11,-56.20591867,-67.91114276
29.12,-56.14960637,-67.89101308
29.13,-56.09254896,-67.87078539
29.14,-56.03471762,-67.8504487
29.15,-55.97609645,-67.82999829
29.16,-55.91666147,-67.80943595
29.17,-55.85639432,-67.78876432
29.18,-55.79527165,-67.76797186
29.19,-55.73327097,-67.74706356
29.2,-55.67037242,-67.72603472
29.21,-55.60654749,-67.70488349
29.22,-55.54177749,-67.68359862
29.23,-55.4760324,-67.66219096
29.24,-55.40928493,-67.64064779
29.25,-55.34151167,-67.6189621
29.26,-55.27267988,-67.59713922
29.27,-55.20276602,-67.57517995
29.28,-55.13173392,-67.55307447
29.29,-55.05955651,-67.53082587
29.3,-54.98619755,-67.5084202
29.31,-54.91162482,-67.48586501
29.32,-54.83580587,-67.46313925
29.33,-54.75869782,-67.44025496
29.34,-54.68026701,-67.41720888
29.35,-54.60047442,-67.39399499
29.36,-54.51928078,-67.37059928
29.37,-54.43664409,-67.34702508
29.38,-54.35251896,-67.32327255
29.39,-54.26686441,-67.29932656
29.4,-54.17962713,-67.27519584
29.41,-54.09076316,-67.2508616
29.42,-54.000222,-67.22632758
29.43,-53.90794927,-67.20158783
29.44,-53.81389415,-67.17663542
29.45,-53.71799441,-67.15146526
29.46,-53.62018782,-67.1260727
29.47,-53.52042027,-67.10045528
29.48,-53.41862377,-67.07460106
29.49,-53.31473531,-67.04851355
29.5,-53.20868186,-67.02218125
29.51,-53.10039143,-66.9955907
29.52,-52.98978705,-66.96875037
29.53,-52.87679559,-66.94164223
29.54,-52.7613265,-66.91425312
29.55,-52.64329969,-66.88659064
29.56,-52.5226221,-66.85864119
29.57,-52.39920094,-66.83039486
29.58,-52.27293831,-66.80184399
29.59,-52.14373923,-66.77298706
29.6,-52.01148446,-66.74381272
29.61,-51.87607953,-66.71430747
29.62,-51.73739409,-66.684469
29.63,-51.59531424,-66.65427517
29.64,-51.44970748,-66.62373186
29.65,-51.3004433,-66.59282473
29.66,-51.14738181,-66.56153934
29.67,-50.99037678,-66.52986979
29.68,-50.82927452,-66.49779596
29.69,-50.66391091,-66.46531163
29.7,-50.49412717,-66.43240179
29.71,-50.31973803,-66.39905483
29.72,-50.14056694,-66.36526333
29.73,-49.95641519,-66.33100924
29.74,-49.76707995,-66.29628048
29.75,-49.5723485,-66.2610628
29.76,-49.37199553,-66.2253355
29.77,-49.16578226,-66.18909411
29.78,-48.95346337,-66.15230926
29.79,-48.73477841,-66.11497389
29.8,-48.5094532,-66.07706108
29.81,-48.27720329,-66.03856026
29.82,-48.03772353,-65.99944513
29.83,-47.79069576,-65.95970078
29.84,-47.53578614,-65.91930661
29.85,-47.27264477,-65.878241
29.86,-47.00089612,-65.83647384
29.87,-46.72015795,-65.79398574
29.88,-46.4300176,-65.75074722
29.89,-46.13003886,-65.70674254
29.9,-45.81977033,-65.66193829
29.91,-45.4987399,-65.616305
29.92,-45.16643691,-65.56980947
29.93,-44.82233719,-65.52243494
29.94,-44.46588762,-65.47413788
29.95,-44.09650218,-65.42487983
29.96,-43.71356587,-65.37463455
29.97,-43.31643678,-65.32335546
29.98,-42.9044384,-65.27100915
29.99,-42.47686845,-65.21755644
30,-42.03298373,-65.16294099
30.01,-41.57201233,-65.10713054
30.02,-41.09313686,-65.05007798
30.03,-40.59551749,-64.99172563
30.04,-40.07827364,-64.93201572
30.05,-39.54049106,-64.8709029
30.06,-38.98122116,-64.8083183
30.07,-38.39947992,-64.74420581
30.08,-37.79425947,-64.67849999
30.09,-37.16451782,-64.61112829
30.1,-36.50919055,-64.54202704
30.11,-35.82719777,-64.47110818
30.12,-35.11743881,-64.39829353
30.13,-34.37880996,-64.32350255
30.14,-33.61020618,-64.24662942
30.15,-32.81053735,-64.16758362
30.16,-31.97873479,-64.08626359
30.17,-31.11377091,-64.0025701
30.18,-30.21467807,-63.91637509
30.19,-29.28055887,-63.82755863
30.2,-28.31061246,-63.73600096
30.21,-27.30416957,-63.641559
30.22,-26.26070493,-63.54408537
30.23,-25.17988117,-63.4434294
30.24,-24.06157174,-63.33942293
30.25,-22.90590842,-63.2318878
30.26,-21.71331016,-63.12064152
30.27,-20.48452733,-63.00548497
30.28,-19.22067711,-62.88621208
30.29,-17.92328454,-62.762591
30.3,-16.59431402,-62.63438572
30.31,-15.23620076,-62.50134176
30.32,-13.85186528,-62.36318378
30.33,-12.44474077,-62.21963257
30.34,-11.01876015,-62.07037129
30.35,-9.578349255,-61.91507582
30.36,-8.128398912,-61.75339741
30.37,-6.67421864,-61.58496448
30.38,-5.221478742,-61.40938133
30.39,-3.776134857,-61.22621721
30.4,-2.344331809,-61.03502785
30.41,-0.9323059751,-60.83533336
30.42,0.4537217516,-60.62662119
30.43,1.807664724,-60.40835127
30.44,3.123682301,-60.17994013
30.45,4.396284473,-59.94078024
30.46,5.620426547,-59.69021273
30.47,6.791586114,-59.4275363
30.48,7.905842332,-59.15201753
30.49,8.95990832,-58.86286909
30.5,9.951157189,-58.5592502
30.51,10.87763413,-58.24027566
30.52,11.73803812,-57.90499475
30.53,12.53169636,-57.55240537
30.54,13.25852195,-57.18143796
30.55,13.91895671,-56.79096031
30.56,14.51392147,-56.37976258
30.57,15.04474341,-55.94656564
30.58,15.51308917,-55.49000073
30.59,15.92091073,-55.00860837
30.6,16.27037955,-54.50084589
30.61,16.56383338,-53.96505481
30.62,16.80372401,-53.39948157
30.63,16.9925659,-52.80225236
30.64,17.13290073,-52.17136567
30.65,17.22727488,-51.50467803
30.66,17.27820108,-50.79990739
30.67,17.28813546,-50.05461301
30.68,17.25946239,-49.26619044
30.69,17.19449364,-48.43185212
30.7,17.09544334,-47.54861995
30.71,16.96443563,-46.61331129
30.72,16.80348664,-45.62252644
30.73,16.61451462,-44.57264281
30.74,16.39933979,-43.45980238
30.75,16.15967583,-42.27989571
30.76,15.89713841,-41.02858785
30.77,15.613255,-39.7012957
30.78,15.30946687,-38.2932233
30.79,14.98712822,-36.7993782
30.8,14.64750515,-35.21461542
30.81,14.29179234,-33.53371136
30.82,13.92110922,-31.75146219
30.83,13.53651089,-29.86281617
30.84,13.13898328,-27.86307075
30.85,12.72945636,-25.74809732
30.86,12.30880191,-23.51466818
30.87,11.87783991,-21.1608297
30.88,11.43733672,-18.68638517
30.89,10.98801518,-16.09341118
30.9,10.53054955,-13.38686249
30.91,10.06558188,-10.57517595
30.92,9.593712052,-7.670828036
30.93,9.115500864,-4.690780931
30.94,8.631481176,-1.656702873
30.95,8.14215595,1.405123457
30.96,7.647988081,4.464310112
30.97,7.149418883,7.487320467
30.98,6.646869806,10.43886466
30.99,6.140730421,13.28366501
31,5.63136665,15.9883864
31.01,5.119127709,18.52356906
31.02,4.60434061,20.86526507
31.03,4.087315232,22.99623855
31.04,3.568337539,24.9065359
31.05,3.047681003,26.5934378
31.06,2.525601444,28.06084045
31.07,2.002341233,29.31818611
31.08,1.478123936,30.3791458
31.09,0.9531706064,31.2602365
31.1,0.4276820816,31.97949699
31.11,-0.09814848202,32.5553484
31.12,-0.6241440356,33.00572291
31.13,-1.150135856,33.34741231
31.14,-1.67596498,33.59568654
31.15,-2.201483228,33.76407648
31.16,-2.726551474,33.86435242
31.17,-3.251040391,33.90657303
31.18,-3.774819861,33.89922709
31.19,-4.297777734,33.84940075
31.2,-4.8198052,33.76297228
31.21,-5.340807841,33.64478009
31.22,-5.860688395,33.49879807
31.23,-6.379358882,33.32829181
31.24,-6.896736388,33.135931
31.25,-7.41274205,32.92392566
31.26,-7.927299106,32.6940879
31.27,-8.440345991,32.44794414
31.28,-8.951821793,32.18676458
31.29,-9.461673492,31.91162093
31.3,-9.969844183,31.6234387
31.31,-10.4762918,31.32300263
31.32,-10.98096771,31.01101275
31.33,-11.48383577,30.68808555
31.34,-11.9848602,30.35477102
31.35,-12.48400283,30.01156611
31.36,-12.98123801,29.65892283
31.37,-13.47654197,29.29725902
31.38,-13.96988926,28.92695909
31.39,-14.46125962,28.54839473
31.4,-14.95063467,28.16190805
31.41,-15.43800118,27.7678298
31.42,-15.92334345,27.36646776
31.43,-16.40664916,26.95811874
31.44,-16.8879142,26.54307403
31.45,-17.36712467,26.12160033
31.46,-17.84428082,25.69397773
31.47,-18.31937865,25.26046393
31.48,-18.79242164,24.82130509
31.49,-19.26340899,24.37675217
31.5,-19.73234862,23.92704027
31.51,-20.19923967,23.47240285
31.52,-20.66408503,23.01306097
31.53,-21.12689947,22.54923574
31.54,-21.5876898,22.0811442
31.55,-22.0464709,21.60898986
31.56,-22.50324821,21.13298286
31.57,-22.95803915,20.65331712
31.58,-23.41085839,20.17018449
31.59,-23.86172581,19.68377267
31.6,-24.31066379,19.19427127
31.61,-24.7576887,18.70185641
31.62,-25.20281999,18.20669939
31.63,-25.64608268,17.70897367
31.64,-26.08750532,17.20884162
31.65,-26.52711378,16.70646514
31.66,-26.96493215,16.20199882
31.67,-27.40099573,15.69559231
31.68,-27.83532339,15.18738776
31.69,-28.26795665,14.67753074
31.7,-28.69892346,14.16615899
31.71,-29.1282684,13.65340782
31.72,-29.55603044,13.13940447
31.73,-29.98224182,12.62427702
31.74,-30.40694777,12.10814444
31.75,-30.83018591,11.59112147
31.76,-31.25200874,11.07332063
31.77,-31.67245452,10.55485332
31.78,-32.0915789,10.03582666
31.79,-32.5094318,9.516336386
31.8,-32.92606119,8.996481793
31.81,-33.34152133,8.476355189
31.82,-33.75586961,7.95605096
31.83,-34.16917139,7.435652159
31.84,-34.58147726,6.91524481
31.85,-34.99285023,6.394907944
31.86,-35.40335564,5.874712024
31.87,-35.81305435,5.354735761
31.88,-36.22202189,4.835047303
31.89,-36.63032251,4.315714671
31.9,-37.03802982,3.796797782
31.91,-37.44521839,3.278359301
31.92,-37.85196131,2.760459759
31.93,-38.25833221,2.243154453
31.94,-38.66441081,1.726492296
31.95,-39.07027473,1.210525392
31.96,-39.47600621,0.6952984478
31.97,-39.8816904,0.1808571927
31.98,-40.28740763,-0.3327529933
31.99,-40.69324154,-0.8454954619
32,-41.09928244,-1.357334344
32.01,-41.50562176,-1.868240458
32.02,-41.91234171,-2.378173492
32.03,-42.31953062,-2.887108272
32.04,-42.72727466,-3.39501541
32.05,-43.13567482,-3.901866702
32.06,-43.54481309,-4.407640258
32.07,-43.95478235,-4.912310043
32.08,-44.36566293,-5.415855532
32.09,-44.77755031,-5.918258786
32.1,-45.19053272,-6.419508438
32.11,-45.60469354,-6.919589396
32.12,-46.02011776,-7.418483215
32.13,-46.43688274,-7.91617926
32.14,-46.85507086,-8.412669171
32.15,-47.27475539,-8.907950854
32.16,-47.69601363,-9.402015736
32.17,-48.11890898,-9.894857028
32.18,-48.54350802,-10.38646969
32.19,-48.9698699,-10.87685302
32.2,-49.39805062,-11.3660107
32.21,-49.82809683,-11.85394002
32.22,-50.26004449,-12.34064126
32.23,-50.69392328,-12.8261194
32.24,-51.12976067,-13.3103839
32.25,-51.56756779,-13.79343593
32.26,-52.00734491,-14.2752883
32.27,-52.44908757,-14.75595085
32.28,-52.89277585,-15.23543255
32.29,-53.33837545,-15.7137422
32.3,-53.78584497,-16.19089648
32.31,-54.23511651,-16.66691339
32.32,-54.68611451,-17.14180514
32.33,-55.13874627,-17.61559299
32.34,-55.5929044,-18.08829474
32.35,-56.04846305,-18.55993393
32.36,-56.50527787,-19.03053654
32.37,-56.96316995,-19.50011991
32.38,-57.4219673,-19.968712
32.39,-57.88145561,-20.4363407
32.4,-58.34142059,-20.90303439
32.41,-58.80160592,-21.36882892
32.42,-59.26174673,-21.83376064
32.43,-59.7215543,-22.29785773
32.44,-60.18072351,-22.76116234
32.45,-60.63892533,-23.2237176
32.46,-61.09581574,-23.68556291
32.47,-61.55103539,-24.14674587
32.48,-62.0042086,-24.60731632
32.49,-62.45493691,-25.06732459
32.5,-62.90281895,-25.52681992
32.51,-63.34743745,-25.98586403
32.52,-63.78836641,-26.4445138
32.53,-64.2251889,-26.90283526
32.54,-64.65745916,-27.36089671
32.55,-65.08475011,-27.8187672
32.56,-65.50663712,-28.27652083
32.57,-65.92270147,-28.73423788
32.58,-66.33252886,-29.19200784
32.59,-66.73571487,-29.64990933
32.6,-67.13188801,-30.10803928
32.61,-67.52067662,-30.56649816
32.62,-67.90174587,-31.02538389
32.63,-68.27476207,-31.48480816
32.64,-68.6394458,-31.9448822
32.65,-68.99553114,-32.40572365
32.66,-69.34278579,-32.86746423
32.67,-69.68102087,-33.33023642
32.68,-70.01005078,-33.79417501
32.69,-70.32974784,-34.25942993
32.7,-70.64001601,-34.72615238
32.71,-70.94077058,-35.1945043
32.72,-71.23199076,-35.66465275
32.73,-71.51366784,-36.13677344
32.74,-71.78582501,-36.61105768
32.75,-72.04852135,-37.08769375
32.76,-72.30183949,-37.56688059
32.77,-72.54588233,-38.04882946
32.78,-72.78077803,-38.53375548
32.79,-73.00668781,-39.02188888
32.8,-73.22377162,-39.51346931
32.81,-73.43221935,-40.008731
32.82,-73.63223351,-40.50793608
32.83,-73.82402811,-41.01133739
32.84,-74.00782101,-41.51922403
32.85,-74.18385215,-42.03186337
32.86,-74.35234718,-42.54954859
32.87,-74.51355315,-43.07257379
32.88,-74.66771018,-43.60123313
32.89,-74.81506149,-44.13584554
32.9,-74.95585784,-44.67672447
32.91,-75.09032981,-45.22418171
32.92,-75.21872148,-45.77853993
32.93,-75.34126744,-46.34011948
32.94,-75.4582029,-46.90923776
32.95,-75.56975421,-47.4862149
32.96,-75.67613607,-48.07135698
32.97,-75.7775564,-48.66496966
32.98,-75.87423373,-49.26734237
32.99,-75.96636262,-49.87874695
33,-76.05414647,-50.49943795
33.01,-76.13776306,-51.12964267
33.02,-76.21738901,-51.769558
33.03,-76.29320233,-52.4193406
33.04,-76.36536719,-53.07911211
33.05,-76.43404119,-53.74893601
33.06,-76.49936742,-54.42881939
33.07,-76.56150567,-55.11871
33.08,-76.62058682,-55.81846491
33.09,-76.67675259,-56.52786219
33.1,-76.73012494,-57.246595
33.11,-76.78081696,-57.97425188
33.12,-76.82894832,-58.71029476
33.13,-76.87463057,-59.45407084
33.14,-76.91796761,-60.20479756
33.15,-76.95905694,-60.96155716
33.16,-76.99800325,-61.72328631
33.17,-77.03487917,-62.48877523
33.18,-77.06978189,-63.25667164
33.19,-77.10279062,-64.02547177
33.2,-77.13397624,-64.79351694
33.21,-77.16342375,-65.55903549
33.22,-77.19120105,-66.32014186
33.23,-77.21737934,-67.07483275
33.24,-77.2420091,-67.82103281
33.25,-77.26516618,-68.55661317
33.26,-77.28689145,-69.27943129
33.27,-77.30725106,-69.98734475
33.28,-77.32630008,-70.67826593
33.29,-77.34407826,-71.35020384
33.3,-77.36063975,-72.0012856
33.31,-77.37602351,-72.62979471
33.32,-77.3902786,-73.23420375
33.33,-77.40344885,-73.8132118
33.34,-77.41556782,-74.36575562
33.35,-77.42667871,-74.89102214
33.36,-77.4368114,-75.38846957
33.37,-77.44599229,-75.85781769
33.38,-77.45425708,-76.29905314
33.39,-77.46164219,-76.71238856
33.4,-77.46818244,-77.09827097
33.41,-77.47389033,-77.4573503
33.42,-77.47881,-77.7904475
33.43,-77.48294064,-78.09853242
33.44,-77.48632168,-78.38270053
33.45,-77.48898469,-78.64411427
33.46,-77.49094441,-78.88401033
33.47,-77.49222348,-79.10367286
33.48,-77.49284259,-79.30436821
33.49,-77.49281721,-79.48740117
33.5,-77.49216847,-79.65402876
33.51,-77.49091045,-79.80547322
33.52,-77.48907337,-79.94290919
33.53,-77.48667087,-80.06746764
33.54,-77.48371649,-80.18021191
33.55,-77.48022493,-80.28214638
33.56,-77.47621934,-80.37421024
33.57,-77.47170684,-80.45727799
33.58,-77.46670435,-80.5321571
33.59,-77.46122941,-80.59959308
33.6,-77.45529933,-80.66028382
33.61,-77.44892019,-80.71485332
33.62,-77.44211521,-80.76387303
33.63,-77.43489876,-80.80787892
33.64,-77.42727839,-80.84733694
33.65,-77.41927513,-80.88269004
33.66,-77.41089532,-80.91432338
33.67,-77.40214216,-80.94260144
33.68,-77.39305767,-80.96784303
33.69,-77.38362078,-80.9903371
33.7,-77.37385986,-81.01035084
33.71,-77.36379087,-81.0281229
33.72,-77.35341326,-81.04386364
33.73,-77.34274807,-81.05776915
33.74,-77.3318027,-81.07002016
33.75,-77.3205871,-81.08076476
33.76,-77.30911319,-81.09014777
33.77,-77.29738897,-81.09829152
33.78,-77.28542152,-81.1053199
33.79,-77.27322656,-81.11133846
33.8,-77.26080343,-81.11643745
33.81,-77.24817316,-81.12069172
33.82,-77.23533027,-81.12418768
33.83,-77.22228727,-81.12698948
33.84,-77.20904849,-81.12916317
33.85,-77.19563131,-81.1307621
33.86,-77.18203805,-81.13183926
33.87,-77.16828112,-81.13243225
33.88,-77.15435497,-81.13259696
33.89,-77.14027346,-81.13235433
33.9,-77.12604478,-81.13174875
33.91,-77.11168068,-81.1308097
33.92,-77.09717668,-81.1295635
33.93,-77.08253411,-81.12803691
33.94,-77.06776388,-81.12625684
33.95,-77.05286944,-81.12422966
33.96,-77.03785737,-81.12198021
33.97,-77.02273233,-81.11952787
33.98,-77.00750448,-81.11688926
33.99,-76.99215707,-81.11408307
34,-76.97671454,-81.11110967
34.01,-76.96117521,-81.10798566
34.02,-76.94554644,-81.10473025
34.03,-76.92982099,-81.10133782
34.04,-76.91401341,-81.09782257
34.05,-76.89811773,-81.09418992
34.06,-76.8821465,-81.09045958
34.07,-76.86609502,-81.08662993
34.08,-76.84996689,-81.08270881
34.09,-76.83375965,-81.07869813
34.1,-76.8174842,-81.07460423
34.11,-76.80113657,-81.07043171
34.12,-76.78472018,-81.06618484
34.13,-76.76824572,-81.06187538
34.14,-76.75170278,-81.05749663
34.15,-76.73509663,-81.05305236
34.16,-76.71842961,-81.04854826
34.17,-76.70170441,-81.04398323
34.18,-76.68491983,-81.03936339
34.19,-76.66808986,-81.03468713
34.2,-76.65120112,-81.0299662
34.21,-76.63426272,-81.02519409
34.22,-76.61727691,-81.02036922
34.23,-76.60024233,-81.01550306
34.24,-76.58314935,-81.01058969
34.25,-76.56600549,-81.00563175
34.26,-76.54881782,-81.00063651
34.27,-76.53158645,-80.99559741
34.28,-76.51431793,-80.99051792
34.29,-76.4969993,-80.98540453
34.3,-76.47963871,-80.98024943
34.31,-76.46223345,-80.97505555
34.32,-76.44478512,-80.96982555
34.33,-76.42729573,-80.96456402
34.34,-76.40977598,-80.95926682
34.35,-76.39222046,-80.9539327
34.36,-76.37461449,-80.94856755
34.37,-76.35697512,-80.94316291
34.38,-76.33930108,-80.93771977
34.39,-76.32159057,-80.93225442
34.4,-76.30383091,-80.92675951
34.41,-76.28604296,-80.92122865
34.42,-76.26822159,-80.91565752
34.43,-76.25035805,-80.9100617
34.44,-76.23246599,-80.90443097
34.45,-76.21454094,-80.89877004
34.46,-76.19657949,-80.89307756
34.47,-76.17858482,-80.88735562
34.48,-76.1605569,-80.88159528
34.49,-76.14249491,-80.87580905
34.5,-76.12440519,-80.86998462
34.51,-76.10628207,-80.86413956
34.52,-76.08811856,-80.85826322
34.53,-76.06992808,-80.85235054
34.54,-76.05170431,-80.84641278
34.55,-76.03345468,-80.84044054
34.56,-76.0151784,-80.83444383
34.57,-75.99687506,-80.82841215
34.58,-75.97853299,-80.82235495
34.59,-75.96015854,-80.81626354
34.6,-75.94175735,-80.81014012
34.61,-75.92333095,-80.8039904
34.62,-75.90487148,-80.79781073
34.63,-75.88638112,-80.79160414
34.64,-75.86786264,-80.78535973
34.65,-75.84932109,-80.77908235
34.66,-75.83074536,-80.77277829
34.67,-75.81213907,-80.76644458
34.68,-75.79350742,-80.76008609
34.69,-75.77484452,-80.75369279
34.7,-75.75615711,-80.74726583
34.71,-75.73744333,-80.74081609
34.72,-75.71870596,-80.73433278
34.73,-75.69993675,-80.7278136
34.74,-75.68114339,-80.72126829
34.75,-75.66232036,-80.71468616
34.76,-75.64347815,-80.70808186
34.77,-75.62460476,-80.70144124
34.78,-75.60570165,-80.6947719
34.79,-75.58676812,-80.68807073
34.8,-75.56781027,-80.6813457
34.81,-75.54883609,-80.6745904
34.82,-75.5298305,-80.66779401
34.83,-75.51079464,-80.66097038
34.84,-75.49173513,-80.65411993
34.85,-75.47265268,-80.64723095
34.86,-75.45354669,-80.64031366
34.87,-75.43440943,-80.63337126
34.88,-75.4152518,-80.62639461
34.89,-75.39606929,-80.61938489
34.9,-75.37686461,-80.61234642
34.91,-75.35763647,-80.60527037
34.92,-75.33837993,-80.59816496
34.93,-75.3190992,-80.59103477
34.94,-75.29979832,-80.5838709
34.95,-75.28047261,-80.57666692
34.96,-75.26111793,-80.56943586
34.97,-75.24174307,-80.56217469
34.98,-75.22234518,-80.5548806
34.99,-75.20291663,-80.54755504
35,-75.18346758,-80.54019691
35.01,-75.16399631,-80.53280953
35.02,-75.14450329,-80.52539082
35.03,-75.12499536,-80.51793359
35.04,-75.10545852,-80.51044177
35.05,-75.08589393,-80.50292511
35.06,-75.06631433,-80.495372
35.07,-75.04670618,-80.48779102
35.08,-75.0270765,-80.4801685
35.09,-75.00742574,-80.47251847
35.1,-74.9877477,-80.46483705
35.11,-74.96804725,-80.4571242
35.12,-74.94833363,-80.44937638
35.13,-74.92859171,-80.44159922
35.14,-74.90882842,-80.43378112
35.15,-74.8890451,-80.42593501
35.16,-74.86924165,-80.41805017
35.17,-74.84941587,-80.41013988
35.18,-74.82957112,-80.40219324
35.19,-74.80970531,-80.39421995
35.2,-74.78981939,-80.38621561
35.21,-74.76991289,-80.37816592
35.22,-74.74997931,-80.37008944
35.23,-74.73002646,-80.36197817
35.24,-74.71005352,-80.35383202
35.25,-74.69006632,-80.34565825
35.26,-74.67005263,-80.33744973
35.27,-74.65001892,-80.32920318
35.28,-74.62996702,-80.32092669
35.29,-74.60989354,-80.31261171
35.3,-74.58979419,-80.30426588
35.31,-74.56968252,-80.29588337
35.32,-74.54955231,-80.28746851
35.33,-74.5294073,-80.27902834
35.34,-74.50923642,-80.27055193
35.35,-74.48904096,-80.26203573
35.36,-74.46883315,-80.25348388
35.37,-74.44861254,-80.24489864
35.38,-74.42836499,-80.23628911
35.39,-74.40809974,-80.22763468
35.4,-74.3878145,-80.21895327
35.41,-74.36751195,-80.21023923
35.42,-74.34719032,-80.20148564
35.43,-74.32684933,-80.19269786
35.44,-74.30649641,-80.18387468
35.45,-74.28612571,-80.17501401
35.46,-74.26573631,-80.1661177
35.47,-74.24532071,-80.15719609
35.48,-74.224887,-80.14824159
35.49,-74.20444314,-80.13924844
35.5,-74.18398063,-80.13021784
35.51,-74.16349932,-80.12115621
35.52,-74.14299939,-80.11205654
35.53,-74.12248942,-80.10292004
35.54,-74.10195411,-80.09374759
35.55,-74.08140882,-80.08454106
35.56,-74.06084518,-80.07530471
35.57,-74.04026333,-80.06603287
35.58,-74.01967032,-80.05672918
35.59,-73.99905367,-80.04738596
35.6,-73.9784257,-80.03801517
35.61,-73.95777361,-80.02860837
35.62,-73.9371047,-80.01916196
35.63,-73.91641835,-80.00968112
35.64,-73.89572874,-80.00016495
35.65,-73.87501988,-79.99061258
35.66,-73.8542886,-79.98102421
35.67,-73.83354582,-79.97140668
35.68,-73.812788,-79.96175414
35.69,-73.79201811,-79.95206204
35.7,-73.77123333,-79.94233729
35.71,-73.75042934,-79.9325781
35.72,-73.72960944,-79.92277917
35.73,-73.70877959,-79.91294771
35.74,-73.68793982,-79.90307917
35.75,-73.66708307,-79.89317857
35.76,-73.64621028,-79.8832395
35.77,-73.62532086,-79.87327404
35.78,-73.60441446,-79.86326322
35.79,-73.58349281,-79.85322659
35.8,-73.56256133,-79.84315043
35.81,-73.54161985,-79.83303958
35.82,-73.5206631,-79.82289283
35.83,-73.49969003,-79.81271203
35.84,-73.47869932,-79.80249358
35.85,-73.45770036,-79.79224037
35.86,-73.43669293,-79.78195318
35.87,-73.41566934,-79.7716321
35.88,-73.39462908,-79.7612726
35.89,-73.37358119,-79.75088264
35.9,-73.35251554,-79.74045636
35.91,-73.33144297,-79.72999044
35.92,-73.3103528,-79.7194915
35.93,-73.28925483,-79.7089599
35.94,-73.26814104,-79.69839506
35.95,-73.2470122,-79.68779571
35.96,-73.22588073,-79.67715596
35.97,-73.20473465,-79.66648365
35.98,-73.1835799,-79.65577094
35.99,-73.16241018,-79.64502873
36,-73.14123119,-79.6342579
36.01,-73.1200444,-79.62344295
36.02,-73.0988355,-79.61259203
36.03,-73.07762493,-79.6017037
36.04,-73.05639923,-79.59079063
36.05,-73.03515968,-79.5798357
36.06,-73.01391171,-79.56884818
36.07,-72.99264768,-79.55782434
36.08,-72.9713784,-79.54676572
36.09,-72.95010612,-79.53567086
36.1,-72.92881792,-79.52454002
36.11,-72.907517,-79.51337855
36.12,-72.88620795,-79.50218135
36.13,-72.86488453,-79.49094801
36.14,-72.84355251,-79.47967842
36.15,-72.82221979,-79.46838225
36.16,-72.80087253,-79.4570497
36.17,-72.77951872,-79.44567781
36.18,-72.75815717,-79.43426948
36.19,-72.73678849,-79.42283035
36.2,-72.71540392,-79.41135632
36.21,-72.69400626,-79.39984842
36.22,-72.6726006,-79.3883035
36.23,-72.65118941,-79.37672443
36.24,-72.62977583,-79.3651164
36.25,-72.60834197,-79.35346957
36.26,-72.58691553,-79.34178122
36.27,-72.56547534,-79.33006598
36.28,-72.54402766,-79.31830717
36.29,-72.52257367,-79.30652428
36.3,-72.50110418,-79.29470793
36.31,-72.47962262,-79.28285526
36.32,-72.45813975,-79.27097004
36.33,-72.43665128,-79.25904738
36.34,-72.41515495,-79.24708786
36.35,-72.39365355,-79.23509908
36.36,-72.37214498,-79.2230706
36.37,-72.35062887,-79.2110157
36.38,-72.32909935,-79.1989317
36.39,-72.30756423,-79.18680337
36.4,-72.28602856,-79.17464196
36.41,-72.2644868,-79.16245137
36.42,-72.24293181,-79.15022384
36.43,-72.22137786,-79.13796101
36.44,-72.19980964,-79.12566682
36.45,-72.17823559,-79.11333847
36.46,-72.15666293,-79.10098109
36.47,-72.13507645,-79.08858523
36.48,-72.1134911,-79.07615747
36.49,-72.09189917,-79.06369473
36.5,-72.07030174,-79.0511972
36.51,-72.04869877,-79.03867795
36.52,-72.02709526,-79.02612007
36.53,-72.00548638,-79.01352782
36.54,-71.98386455,-79.00090195
36.55,-71.96224333,-78.98824185
36.56,-71.9406176,-78.97554591
36.57,-71.91898662,-78.96281713
36.58,-71.89735528,-78.9500563
36.59,-71.87571821,-78.93726586
36.6,-71.85407571,-78.92444514
36.61,-71.83242827,-78.91159172
36.62,-71.8107745,-78.89870552
36.63,-71.7891163,-78.88578204
36.64,-71.76745134,-78.87282109
36.65,-71.74578786,-78.8598358
36.66,-71.72412537,-78.84682005
36.67,-71.70245964,-78.83377204
36.68,-71.68078674,-78.82069343
36.69,-71.65910871,-78.80758068
36.7,-71.63743289,-78.79444321
36.71,-71.6157453,-78.78126472
36.72,-71.59405899,-78.76805449
36.73,-71.57236778,-78.75481533
36.74,-71.55067798,-78.74154836
36.75,-71.52898279,-78.72825154
36.76,-71.50728957,-78.71492194
36.77,-71.48559181,-78.7015626
36.78,-71.46388839,-78.68817285
36.79,-71.44218757,-78.67475152
36.8,-71.42048139,-78.66129359
36.81,-71.39877716,-78.6478037
36.82,-71.37706901,-78.63428539
36.83,-71.35536164,-78.62073531
36.84,-71.33364982,-78.60715637
36.85,-71.31193448,-78.59354906
36.86,-71.29021254,-78.57991122
36.87,-71.2684947,-78.56624308
36.88,-71.24677153,-78.55254702
36.89,-71.2250573,-78.53881795
36.9,-71.20333175,-78.52506119
36.91,-71.18160783,-78.51126381
36.92,-71.15988757,-78.49744443
36.93,-71.13816275,-78.4835963
36.94,-71.11644654,-78.46971887
36.95,-71.09472582,-78.45580768
36.96,-71.07300757,-78.44187166
36.97,-71.05128542,-78.42790863
36.98,-71.02955967,-78.41390994
36.99,-71.00782853,-78.39988897
37,-70.98610111,-78.38583657
37.01,-70.96437504,-78.37175708
37.02,-70.94265326,-78.3576469
37.03,-70.92093228,-78.34350752
37.04,-70.89920805,-78.32934108
37.05,-70.87748678,-78.31514162
37.06,-70.85576828,-78.30091213
37.07,-70.83404683,-78.28666295
37.08,-70.81232706,-78.27237839
37.09,-70.79061036,-78.25806443
37.1,-70.76889746,-78.24372422
37.11,-70.74717909,-78.22935943
37.12,-70.72546475,-78.21496377
37.13,-70.7037535,-78.20054155
37.14,-70.68203882,-78.18609429
37.15,-70.66033448,-78.17161892
37.16,-70.63862552,-78.15711977
37.17,-70.6169198,-78.14258824
37.18,-70.59521727,-78.12803795
37.19,-70.57351175,-78.11345464
37.2,-70.5518097,-78.09883978
37.21,-70.53011041,-78.08420797
37.22,-70.50841509,-78.06954702
37.23,-70.48672283,-78.05485985
37.24,-70.46503292,-78.04014493
37.25,-70.44334703,-78.02540483
37.26,-70.42165779,-78.01064049
37.27,-70.39997921,-77.99584171
37.28,-70.37829681,-77.98102713
37.29,-70.35661756,-77.96618089
37.3,-70.33494184,-77.95131178
37.31,-70.31327075,-77.93642174
37.32,-70.29160233,-77.92150156
37.33,-70.26993194,-77.90655296
37.34,-70.24827727,-77.89158179
37.35,-70.22661348,-77.87658969
37.36,-70.20496078,-77.86157387
37.37,-70.18330483,-77.84653178
37.38,-70.16165973,-77.83146834
37.39,-70.14001703,-77.81637514
37.4,-70.11837926,-77.80125547
37.41,-70.09674415,-77.78612149
37.42,-70.07511417,-77.77095137
37.43,-70.05349473,-77.7557611
37.44,-70.03186589,-77.74055574
37.45,-70.01024753,-77.72532124
37.46,-69.98863253,-77.71006022
37.47,-69.96701542,-77.69477658
37.48,-69.94540921,-77.67946743
37.49,-69.92380676,-77.66413622
37.5,-69.90220884,-77.64878522
37.51,-69.88062109,-77.63341588
37.52,-69.85903083,-77.61802298
37.53,-69.83744457,-77.60260425
37.54,-69.81586313,-77.58716205
37.55,-69.79429288,-77.57169569
37.56,-69.77272666,-77.55621117
37.57,-69.75117109,-77.54070174
37.58,-69.72961353,-77.52517427
37.59,-69.70806069,-77.50962743
37.6,-69.68651771,-77.49405477
37.61,-69.66497901,-77.47846158
37.62,-69.64344599,-77.46284847
37.63,-69.62191691,-77.44721891
37.64,-69.60039905,-77.43156455
37.65,-69.57887882,-77.41589032
37.66,-69.5573706,-77.40019553
37.67,-69.53586583,-77.38447453
37.68,-69.51436521,-77.36873247
37.69,-69.49286931,-77.35296797
37.7,-69.47137936,-77.3371935
37.71,-69.44989952,-77.32139146
37.72,-69.42843213,-77.30557383
37.73,-69.40695493,-77.28973154
37.74,-69.38549786,-77.27387246
37.75,-69.36404276,-77.2580003
37.76,-69.34259436,-77.24209688
37.77,-69.32114983,-77.22618231
37.78,-69.29971788,-77.21025045
37.79,-69.27828954,-77.19429666
37.8,-69.2568735,-77.17832611
37.81,-69.23546157,-77.16234341
37.82,-69.21405503,-77.14633605
37.83,-69.19265266,-77.13031156
37.84,-69.17126221,-77.11426293
37.85,-69.14987776,-77.09819879
37.86,-69.1284981,-77.08211656
37.87,-69.10712292,-77.06602487
37.88,-69.08575889,-77.0499123
37.89,-69.064407,-77.03377819
37.9,-69.04306074,-77.01762843
37.91,-69.0217186,-77.00145929
37.92,-69.00038223,-76.98527595
37.93,-68.97905715,-76.96907687
37.94,-68.95773811,-76.95285819
37.95,-68.93642959,-76.93662563
37.96,-68.91512049,-76.92037939
37.97,-68.89382996,-76.90411294
37.98,-68.87254472,-76.88782848
37.99,-68.85125824,-76.87152845
38,-68.82998213,-76.85521584
38.01,-68.80871968,-76.83888679
38.02,-68.78746194,-76.82254021
38.03,-68.76621614,-76.80617879
38.04,-68.74497582,-76.78981034
38.05,-68.72374797,-76.77342621
38.06,-68.7025254,-76.75701607
38.07,-68.68131466,-76.74059203
38.08,-68.66010894,-76.72415804
38.09,-68.63891622,-76.70771272
38.1,-68.6177282,-76.69125479
38.11,-68.59655243,-76.67477951
38.12,-68.57537576,-76.65829144
38.13,-68.55421107,-76.64179191
38.14,-68.53305194,-76.62526765
38.15,-68.51191143,-76.60873344
38.16,-68.49077645,-76.59219271
38.17,-68.469648,-76.57563473
38.18,-68.44853044,-76.55906194
38.19,-68.42741997,-76.54247594
38.2,-68.40632115,-76.52588057
38.21,-68.38523446,-76.50927394
38.22,-68.36415338,-76.49265777
38.23,-68.34307926,-76.47601996
38.24,-68.32201614,-76.45937481
38.25,-68.30096531,-76.44271608
38.26,-68.27991451,-76.42604975
38.27,-68.258883,-76.40937534
38.28,-68.2378571,-76.39268519
38.29,-68.21683673,-76.37598167
38.3,-68.19582834,-76.35926812
38.31,-68.17482508,-76.34253884
38.32,-68.15383537,-76.32580722
38.33,-68.13285269,-76.30905706
38.34,-68.11188752,-76.29229697
38.35,-68.09092897,-76.27553295
38.36,-68.06997632,-76.2587601
38.37,-68.04903573,-76.24197198
38.38,-68.02810185,-76.22517015
38.39,-68.00718072,-76.20835936
38.4,-67.98627135,-76.19153756
38.41,-67.96536819,-76.17470777
38.42,-67.94447088,-76.1578696
38.43,-67.92359372,-76.14101915
38.44,-67.9027158,-76.1241656
38.45,-67.88185056,-76.10730281
38.46,-67.86099791,-76.0904275
38.47,-67.84015769,-76.07354307
38.48,-67.81932352,-76.05665222
38.49,-67.7985026,-76.03975254
38.5,-67.77768689,-76.02284651
38.51,-67.75688535,-76.00592959
38.52,-67.7360961,-75.98900443
38.53,-67.71531255,-75.97207492
38.54,-67.69453589,-75.95512889
38.55,-67.67377792,-75.93817825
38.56,-67.65302694,-75.92122488
38.57,-67.63228875,-75.90425433
38.58,-67.61155026,-75.88728533
38.59,-67.59083081,-75.87030643
38.6,-67.57012382,-75.85332072
38.61,-67.54942254,-75.83632785
38.62,-67.52872952,-75.8193324
38.63,-67.5080483,-75.80232629
38.64,-67.4873747,-75.7853133
38.65,-67.46671284,-75.76830004
38.66,-67.44605743,-75.75127692
38.67,-67.42542113,-75.73424547
38.68,-67.40478504,-75.71720428
38.69,-67.38416201,-75.70015944
38.7,-67.36355321,-75.68311343
38.71,-67.34295015,-75.66606343
38.72,-67.32235917,-75.64900383
38.73,-67.30177507,-75.63194234
38.74,-67.28119806,-75.61487485
38.75,-67.26064675,-75.59780312
38.76,-67.24009452,-75.58072313
38.77,-67.21955623,-75.56364544
38.78,-67.1990237,-75.54656284
38.79,-67.1784976,-75.52946587
38.8,-67.15799236,-75.5123715
38.81,-67.13749311,-75.49527767
38.82,-67.11700721,-75.47817252
38.83,-67.09652793,-75.46107
38.84,-67.07606156,-75.44396027
38.85,-67.0556087,-75.42684206
38.86,-67.03516238,-75.4097176
38.87,-67.01472333,-75.39259149
38.88,-66.99430255,-75.37546346
38.89,-66.97388907,-75.35833283
38.9,-66.95348335,-75.34120463
38.91,-66.93308391,-75.32406827
38.92,-66.91269675,-75.30694019
38.93,-66.89232211,-75.28980317
38.94,-66.87195442,-75.27265806
38.95,-66.8516006,-75.2555178
38.96,-66.83125967,-75.23837808
38.97,-66.8109326,-75.22122538
38.98,-66.7906126,-75.20407558
38.99,-66.77029817,-75.1869231
39,-66.74999782,-75.16976999
39.01,-66.72970411,-75.15261382
39.02,-66.70941728,-75.13545826
39.03,-66.6891435,-75.11829752
39.04,-66.66888176,-75.1011381
39.05,-66.64863511,-75.08397907
39.06,-66.62838864,-75.0668107
39.07,-66.60816109,-75.04964737
39.08,-66.58794137,-75.03248107
39.09,-66.56773411,-75.01531678
39.1,-66.54753457,-74.99814647
39.11,-66.52734783,-74.98098268
39.12,-66.50716082,-74.96381674
39.13,-66.48698737,-74.94665358
39.14,-66.4668286,-74.92948373
39.15,-66.4466754,-74.91231347
39.16,-66.42653513,-74.89514714
39.17,-66.40641003,-74.87797599
39.18,-66.3862907,-74.86080884
39.19,-66.36617915,-74.84364592
39.2,-66.34608014,-74.82648346
39.21,-66.32598721,-74.80932384
39.22,-66.30590196,-74.7921566
39.23,-66.28583004,-74.77499862
39.24,-66.26577171,-74.75783765
39.25,-66.24572065,-74.74067534
39.26,-66.22567564,-74.72351969
39.27,-66.20564425,-74.70636251
39.28,-66.18561344,-74.6892077
39.29,-66.16560303,-74.67205687
39.3,-66.1455992,-74.65490562
39.31,-66.12560225,-74.63775492
39.32,-66.10561967,-74.62060676
39.33,-66.08564306,-74.60345919
39.34,-66.06567285,-74.58631616
39.35,-66.04571686,-74.56917662
39.36,-66.02576809,-74.55203655
39.37,-66.00583261,-74.53490037
39.38,-65.98590458,-74.5177653
39.39,-65.96598258,-74.50063539
39.4,-65.94606802,-74.4835027
39.41,-65.92616639,-74.46637856
39.42,-65.90626478,-74.44925134
39.43,-65.88637772,-74.43213168
39.44,-65.86650342,-74.41501001
39.45,-65.84662972,-74.39788969
39.46,-65.82677601,-74.38077898
39.47,-65.80692266,-74.36366874
39.48,-65.78708315,-74.34656176
39.49,-65.76725158,-74.32946169
39.5,-65.74742615,-74.31236066
39.51,-65.72761382,-74.29526769
39.52,-65.70780912,-74.2781713
39.53,-65.68801158,-74.2610843
39.54,-65.66822703,-74.24399622
39.55,-65.64844273,-74.22691291
39.56,-65.62867872,-74.20983599
39.57,-65.60891632,-74.19276609
39.58,-65.58916712,-74.17569998
39.59,-65.56942372,-74.15863524
39.6,-65.54968184,-74.14157949
39.61,-65.52995286,-74.12452016
39.62,-65.51023119,-74.10747695
39.63,-65.49051646,-74.09043252
39.64,-65.47081613,-74.07339548
39.65,-65.45112147,-74.05636227
39.66,-65.431434,-74.03933336
39.67,-65.41174744,-74.02230922
39.68,-65.3920751,-74.00528699
39.69,-65.37241575,-73.98826681
39.7,-65.3527572,-73.97125414
39.71,-65.3331116,-73.9542528
39.72,-65.3134661,-73.93725091
39.73,-65.29382845,-73.92025551
39.74,-65.27419722,-73.90326887
39.75,-65.25457976,-73.88628571
39.76,-65.23497002,-73.86930972
39.77,-65.21535964,-73.85233793
39.78,-65.19575646,-73.83537105
39.79,-65.17616651,-73.81841206
39.8,-65.1565845,-73.8014577
39.81,-65.13700867,-73.7845103
39.82,-65.11743401,-73.76756719
39.83,-65.09786602,-73.7506285
39.84,-65.0783113,-73.73369817
39.85,-65.05875753,-73.71676734
39.86,-65.03921767,-73.69985372
39.87,-65.0196766,-73.68294468
39.88,-65.00014401,-73.66603916
39.89,-64.98061813,-73.64913639
39.9,-64.96109921,-73.63224454
39.91,-64.94158713,-73.61536163
39.92,-64.92207508,-73.5984817
39.93,-64.90257014,-73.58161268
39.94,-64.88307957,-73.56474516
39.95,-64.86358864,-73.54788703
39.96,-64.84409836,-73.53103452
39.97,-64.82462143,-73.51418967
39.98,-64.80514526,-73.49735778
39.99,-64.78566921,-73.48052269
40,-64.76620665,-73.46370097
40.01,-64.74674424,-73.44688487
40.02,-64.72729586,-73.43007312
40.03,-64.7078553,-73.41327639
40.04,-64.68840785,-73.39647872
40.05,-64.66897333,-73.37969469
40.06,-64.64953968,-73.362917
40.07,-64.63011281,-73.34613959
40.08,-64.61069366,-73.32937359
40.09,-64.59128082,-73.31262022
40.1,-64.57186796,-73.29586704
40.11,-64.55245576,-73.27913139
40.12,-64.53304476,-73.26239998
40.13,-64.5136465,-73.24567035
40.14,-64.49424843,-73.22894805
40.15,-64.47485034,-73.21223872
40.16,-64.45545942,-73.19552938
40.17,-64.43607536,-73.17883766
40.18,-64.41669245,-73.16215033
40.19,-64.39730864,-73.14547725
40.2,-64.37792588,-73.12881235
40.21,-64.35855046,-73.11215163
40.22,-64.33918083,-73.09549289
40.23,-64.31981165,-73.07884706
40.24,-64.30044249,-73.06220984
40.25,-64.28108093,-73.04558244
40.26,-64.26172645,-73.02896192
40.27,-64.24237154,-73.01234955
40.28,-64.22301746,-72.99574613
40.29,-64.20366368,-72.97914566
40.3,-64.18431669,-72.96255826
40.31,-64.16496985,-72.94597426
40.32,-64.14561613,-72.92940244
40.33,-64.12627609,-72.91284397
40.34,-64.10692976,-72.8962905
40.35,-64.08758982,-72.87974082
40.36,-64.06825012,-72.86319874
40.37,-64.04891163,-72.84666694
40.38,-64.02957296,-72.83015088
40.39,-64.01024134,-72.81363525
40.4,-63.99090962,-72.79713607
40.41,-63.97158416,-72.78063929
40.42,-63.95225297,-72.76415524
40.43,-63.93292137,-72.74767885
40.44,-63.91358436,-72.73120545
40.45,-63.8942528,-72.71474086
40.46,-63.87492212,-72.69828917
40.47,-63.85559087,-72.68184428
40.48,-63.83625341,-72.66541161
40.49,-63.81692272,-72.6489864
40.5,-63.7975853,-72.63257218
40.51,-63.77824872,-72.61616883
40.52,-63.75891853,-72.59977089
40.53,-63.73958195,-72.58338333
40.54,-63.72024497,-72.56700043
40.55,-63.70090821,-72.55062282
40.56,-63.68156507,-72.53425686
40.57,-63.66222195,-72.51790398
40.58,-63.64288492,-72.50155007
40.59,-63.62353561,-72.48521211
40.6,-63.60418509,-72.46888748
40.61,-63.58483635,-72.45256534
40.62,-63.56547955,-72.43625801
40.63,-63.54612356,-72.41995717
40.64,-63.52676695,-72.40365758
40.65,-63.50740358,-72.38736776
40.66,-63.48804063,-72.37109318
40.67,-63.46867755,-72.35483039
40.68,-63.44931457,-72.33857555
40.69,-63.42994518,-72.32232603
40.7,-63.41056844,-72.30608339
40.71,-63.39118502,-72.28985075
40.72,-63.3718012,-72.27363044
40.73,-63.35241085,-72.25741226
40.74,-63.33302071,-72.24121042
40.75,-63.31362271,-72.22500996
40.76,-63.29421937,-72.208829
40.77,-63.27480912,-72.19265243
40.78,-63.2553981,-72.17648692
40.79,-63.23598045,-72.16032652
40.8,-63.21655589,-72.14417497
40.81,-63.19712458,-72.12803075
40.82,-63.17767996,-72.11188915
40.83,-63.15823382,-72.09576097
40.84,-63.13878906,-72.07963406
40.85,-63.11933606,-72.06352748
40.86,-63.09987752,-72.04742109
40.87,-63.08040495,-72.03132634
40.88,-63.06093216,-72.01523888
40.89,-63.04145261,-71.99916746
40.9,-63.02196556,-71.98310678
40.91,-63.00245863,-71.96705168
40.92,-62.98295118,-71.95099874
40.93,-62.96343013,-71.93495646
40.94,-62.9439083,-71.91891804
40.95,-62.92437348,-71.90289317
40.96,-62.90482522,-71.88687894
40.97,-62.88527591,-71.87087771
40.98,-62.86571351,-71.85488163
40.99,-62.84614231,-71.83888684
41,-62.8265593,-71.82290103
41.01,-62.80696905,-71.80692171
41.02,-62.78736341,-71.79095814
41.03,-62.76775191,-71.77500228
41.04,-62.74812682,-71.75904931
41.05,-62.72849454,-71.74311129
41.06,-62.70884772,-71.72717549
41.07,-62.68918698,-71.7112498
41.08,-62.66951904,-71.69533035
41.09,-62.64983761,-71.67942184
41.1,-62.63014258,-71.66352222
41.11,-62.6104331,-71.64762136
41.12,-62.59070903,-71.63173728
41.13,-62.57097844,-71.61585764
41.14,-62.55123393,-71.5999871
41.15,-62.53147457,-71.58412505
41.16,-62.51169566,-71.56826489
41.17,-62.49190887,-71.55241378
41.18,-62.47210199,-71.53656997
41.19,-62.45228005,-71.52073498
41.2,-62.43244414,-71.50490847
41.21,-62.41258765,-71.48908354
41.22,-62.39271732,-71.47326788
41.23,-62.37283868,-71.45746737
41.24,-62.35293996,-71.44166916
41.25,-62.33302022,-71.42587808
41.26,-62.31308639,-71.41009901
41.27,-62.29313852,-71.3943239
41.28,-62.27316933,-71.37855814
41.29,-62.25317953,-71.36279675
41.3,-62.23317477,-71.34703879
41.31,-62.21314999,-71.331291
41.32,-62.19310345,-71.31555126
41.33,-62.17303639,-71.29981856
41.34,-62.15294799,-71.28409741
41.35,-62.13284419,-71.26837563
41.36,-62.11271381,-71.25265539
41.37,-62.09256832,-71.23694804
41.38,-62.07240197,-71.2212415
41.39,-62.05221474,-71.20554322
41.4,-62.03199941,-71.18984841
41.41,-62.01176342,-71.1741683
41.42,-61.99150552,-71.15849108
41.43,-61.97122672,-71.14282045
41.44,-61.95092594,-71.12715228
41.45,-61.9305917,-71.11148817
41.46,-61.91024217,-71.09582723
41.47,-61.88985782,-71.0801723
41.48,-61.86945251,-71.064531
41.49,-61.8490249,-71.0488934
41.5,-61.82856937,-71.03325926
41.51,-61.80808629,-71.01762983
41.52,-61.78757835,-71.00200096
41.53,-61.76704079,-70.9863802
41.54,-61.74647987,-70.97077059
41.55,-61.72588754,-70.9551592
41.56,-61.70526882,-70.93955327
41.57,-61.68461667,-70.92395449
41.58,-61.66393534,-70.90835336
41.59,-61.64322849,-70.89275833
41.6,-61.62248741,-70.87717321
41.61,-61.60172066,-70.86159019
41.62,-61.58091868,-70.84601193
41.63,-61.56008538,-70.83043443
41.64,-61.53922051,-70.81486401
41.65,-61.51831913,-70.79929654
41.66,-61.49738612,-70.78373344
41.67,-61.47641413,-70.76817383
41.68,-61.45540751,-70.75261511
41.69,-61.43436557,-70.73705762
41.7,-61.41328803,-70.72150525
41.71,-61.39217205,-70.70595954
41.72,-61.37102298,-70.69041296
41.73,-61.34983604,-70.67487018
41.74,-61.32860918,-70.65933491
41.75,-61.30734504,-70.64378856
41.76,-61.28604062,-70.62825853
41.77,-61.26469688,-70.61272356
41.78,-61.24331753,-70.59719096
41.79,-61.22189692,-70.58166837
41.8,-61.20042973,-70.56614483
41.81,-61.1789225,-70.5506223
41.82,-61.1573737,-70.53509772
41.83,-61.1357789,-70.51958502
41.84,-61.11413805,-70.50406155
41.85,-61.0924569,-70.4885472
41.86,-61.07073122,-70.47302722
41.87,-61.04895518,-70.45750964
41.88,-61.02713039,-70.44199805
41.89,-61.00526171,-70.42648822
41.9,-60.98334111,-70.41097374
41.91,-60.96137008,-70.39546136
41.92,-60.93935268,-70.37994545
41.93,-60.91727873,-70.36442402
41.94,-60.89515553,-70.34890914
41.95,-60.87298165,-70.33339687
41.96,-60.85075884,-70.31788141
41.97,-60.82847902,-70.30236331
41.98,-60.80614213,-70.28684382
41.99,-60.78374588,-70.27132363
42,-60.7612983,-70.2558046
42.01,-60.73879477,-70.24028176
42.02,-60.71623446,-70.22476296
42.03,-60.69360651,-70.20923123
42.04,-60.67092268,-70.19370078
42.05,-60.64818036,-70.1781748
42.06,-60.62537546,-70.16264272
42.07,-60.6025035,-70.14710163
42.08,-60.57957333,-70.13156419
42.09,-60.55657882,-70.11602127
42.1,-60.53351445,-70.10047787
42.11,-60.51038873,-70.08493322
42.12,-60.48719571,-70.06939049
42.13,-60.46393221,-70.05383202
42.14,-60.44059438,-70.03826835
42.15,-60.4171911,-70.02270285
42.16,-60.3937135,-70.00713956
42.17,-60.37016197,-69.99156772
42.18,-60.34653849,-69.97599037
42.19,-60.32284051,-69.9604124
42.2,-60.29906153,-69.94482962
42.21,-60.27520795,-69.92923383
42.22,-60.25127191,-69.9136354
42.23,-60.22725818,-69.89802591
42.24,-60.20316934,-69.8824143
42.25,-60.17898896,-69.86679937
42.26,-60.15472667,-69.85117011
42.27,-60.13038542,-69.83553488
42.28,-60.10595483,-69.8198976
42.29,-60.08143573,-69.80424754
42.3,-60.05683117,-69.78859692
42.31,-60.0321308,-69.77292877
42.32,-60.00733519,-69.75725218
42.33,-59.98244935,-69.74156851
42.34,-59.95746433,-69.72588055
42.35,-59.93238348,-69.71018009
42.36,-59.90720338,-69.69447169
42.37,-59.88192324,-69.67875213
42.38,-59.85654707,-69.6630196
42.39,-59.83106778,-69.64727771
42.4,-59.80548445,-69.63152115
42.41,-59.77979437,-69.6157597
42.42,-59.75399448,-69.59997962
42.43,-59.72809122,-69.58419183
42.44,-59.70207068,-69.56838806
42.45,-59.67594617,-69.55257264
42.46,-59.64969893,-69.53674368
42.47,-59.6233332,-69.52090091
42.48,-59.59685407,-69.50504455
42.49,-59.57025319,-69.48917673
42.5,-59.54352783,-69.47328901
42.51,-59.51668464,-69.45739339
42.52,-59.4897079,-69.44148172
42.53,-59.46261156,-69.42555328
42.54,-59.43537799,-69.40960719
42.55,-59.40801219,-69.39365095
42.56,-59.38051085,-69.37767198
42.57,-59.35287416,-69.36167938
42.58,-59.32509652,-69.34566435
42.59,-59.29717495,-69.32963471
42.6,-59.26911135,-69.3135834
42.61,-59.24089922,-69.29751966
42.62,-59.21254324,-69.28143465
42.63,-59.18403114,-69.26532392
42.64,-59.15536375,-69.24919397
42.65,-59.12654477,-69.23304037
42.66,-59.09756597,-69.21686455
42.67,-59.06841806,-69.20067078
42.68,-59.03911137,-69.18446022
42.69,-59.00963489,-69.16822256
42.7,-58.97998438,-69.15196669
42.71,-58.95016283,-69.13568126
42.72,-58.92016035,-69.11937097
42.73,-58.88997918,-69.10303649
42.74,-58.85961608,-69.0866744
42.75,-58.82906477,-69.07028417
42.76,-58.79832491,-69.05387427
42.77,-58.76739245,-69.03743305
42.78,-58.73626125,-69.02095938
42.79,-58.70493001,-69.00445938
42.8,-58.67339685,-68.98793558
42.81,-58.64165378,-68.97138088
42.82,-58.60969655,-68.95479648
42.83,-58.57752883,-68.93817992
42.84,-58.54513872,-68.92152942
42.85,-58.51252412,-68.90485081
42.86,-58.47968115,-68.88814042
42.87,-58.44661054,-68.87138893
42.88,-58.41330204,-68.85460131
42.89,-58.37975106,-68.83778286
42.9,-58.34595453,-68.82093492
42.91,-58.31191194,-68.804046
42.92,-58.27761428,-68.78711862
42.93,-58.24305633,-68.77015323
42.94,-58.208231,-68.75315483
42.95,-58.17313618,-68.73611002
42.96,-58.13776131,-68.71902831
42.97,-58.10210837,-68.70189903
42.98,-58.06617116,-68.68473151
42.99,-58.02994525,-68.66752655
43,-57.99342425,-68.65026616
43.01,-57.95659509,-68.63296951
43.02,-57.91946209,-68.61562263
43.03,-57.88201005,-68.5982233
43.04,-57.8442347,-68.58078586
43.05,-57.80613544,-68.56329497
43.06,-57.76769881,-68.54576167
43.07,-57.72892326,-68.52817235
43.08,-57.68979774,-68.51053179
43.09,-57.65031654,-68.49283629
43.1,-57.61046852,-68.47509123
43.11,-57.57024825,-68.4572883
43.12,-57.52965161,-68.43942662
43.13,-57.48866619,-68.42150949
43.14,-57.44728755,-68.40354021
43.15,-57.40550645,-68.38550679
43.16,-57.36330765,-68.36741594
43.17,-57.32069588,-68.34926196
43.18,-57.27764779,-68.33104652
43.19,-57.23416286,-68.31275929
43.2,-57.19022741,-68.2944019
43.21,-57.14583264,-68.27598318
43.22,-57.1009703,-68.25749589
43.23,-57.05562813,-68.23893992
43.24,-57.00979355,-68.22030893
43.25,-56.96345768,-68.2016099
43.26,-56.91660764,-68.18283637
43.27,-56.86923295,-68.16398368
43.28,-56.82131632,-68.14505081
43.29,-56.77285457,-68.12604598
43.3,-56.7238271,-68.10695255
43.31,-56.67422421,-68.08778155
43.32,-56.62403598,-68.06852964
43.33,-56.57323927,-68.04918526
43.34,-56.52182544,-68.02975607
43.35,-56.46978355,-68.01023842
43.36,-56.41709339,-67.99062852
43.37,-56.36373803,-67.9709281
43.38,-56.30970518,-67.95113388
43.39,-56.25497333,-67.9312416
43.4,-56.19952692,-67.91124361
43.41,-56.14335378,-67.89114789
43.42,-56.08642837,-67.87094704
43.43,-56.02873627,-67.85063332
43.44,-55.97025215,-67.83021326
43.45,-55.91096026,-67.80968574
43.46,-55.85083818,-67.78903852
43.47,-55.7898665,-67.76828153
43.48,-55.72801759,-67.74740637
43.49,-55.66527972,-67.7264024
43.5,-55.60162313,-67.70528032
43.51,-55.53701926,-67.68402702
43.52,-55.47144347,-67.66265019
43.53,-55.40486775,-67.64113723
43.54,-55.33727319,-67.61948868
43.55,-55.268624,-67.59770628
43.56,-55.19889372,-67.57578236
43.57,-55.12805376,-67.55371039
43.58,-55.05607104,-67.53149218
43.59,-54.98291554,-67.50912102
43.6,-54.90854726,-67.48659801
43.61,-54.83293726,-67.46391111
43.62,-54.7560496,-67.44106363
43.63,-54.67784402,-67.41804809
43.64,-54.5982841,-67.39486518
43.65,-54.51732625,-67.37151015
43.66,-54.43493585,-67.34797702
43.67,-54.35106727,-67.32425856
43.68,-54.2656737,-67.30035757
43.69,-54.17870685,-67.27626352
43.7,-54.09011498,-67.25197347
43.71,-53.99985497,-67.22748406
43.72,-53.90787118,-67.20278655
43.73,-53.81411138,-67.17788355
43.74,-53.71852119,-67.15275932
43.75,-53.6210339,-67.12741898
43.76,-53.52159322,-67.1018516
43.77,-53.42013706,-67.0760467
43.78,-53.31659661,-67.05000169
43.79,-53.21090222,-67.02371679
43.8,-53.10297821,-66.99718126
43.81,-52.99275592,-66.97038449
43.82,-52.88015778,-66.9433271
43.83,-52.76509799,-66.91599523
43.84,-52.64749295,-66.88839374
43.85,-52.52724994,-66.86050386
43.86,-52.40428439,-66.83231864
43.87,-52.27849766,-66.80383233
43.88,-52.14978299,-66.77503694
43.89,-52.01804212,-66.74592138
43.9,-51.88315718,-66.71647645
43.91,-51.74501637,-66.68670046
43.92,-51.60349748,-66.65657769
43.93,-51.45847492,-66.62610107
43.94,-51.30981919,-66.59526083
43.95,-51.15739504,-66.56404588
43.96,-51.00104679,-66.53243905
43.97,-50.8406261,-66.50043924
43.98,-50.67598307,-66.46803168
43.99,-50.50694176,-66.43520389
44,-50.33333115,-66.40194055
44.01,-50.15496715,-66.36823746
44.02,-49.97164807,-66.33406842
44.03,-49.78318652,-66.29942884
44.04,-49.58936535,-66.26429999
44.05,-49.38996357,-66.22866722
44.06,-49.18474434,-66.19251005
44.07,-48.97346508,-66.15582478
44.08,-48.75586352,-66.11858105
44.09,-48.53167521,-66.08077431
44.1,-48.30060928,-66.04237392
44.11,-48.06237297,-66.00336349
44.12,-47.8166477,-65.96373002
44.13,-47.56310448,-65.92345435
44.14,-47.30139093,-65.88249598
44.15,-47.03113535,-65.84085024
44.16,-46.75196035,-65.79848695
44.17,-46.4634634,-65.75537838
44.18,-46.16520857,-65.71150507
44.19,-45.85675092,-65.6668384
44.2,-45.53761777,-65.62134706
44.21,-45.20730748,-65.57500761
44.22,-44.86530729,-65.527784
44.23,-44.51105798,-65.47964427
44.24,-44.14398492,-65.43054993
44.25,-43.76348366,-65.38047463
44.26,-43.3689182,-65.32937384
44.27,-42.95961417,-65.27720997
44.28,-42.53488188,-65.22394698
44.29,-42.09398077,-65.16953445
44.3,-41.63614379,-65.11393125
44.31,-41.16057034,-65.05708705
44.32,-40.66642544,-64.99895245
44.33,-40.152836,-64.93947787
44.34,-39.61890025,-64.87859968
44.35,-39.06367516,-64.81626667
44.36,-38.48618963,-64.75241261
44.37,-37.88544063,-64.68697906
44.38,-37.26039785,-64.61989006
44.39,-36.6100054,-64.55108231
44.4,-35.93318564,-64.48046353
44.41,-35.22884951,-64.40796393
44.42,-34.49589797,-64.33349997
44.43,-33.73323183,-64.25697667
44.44,-32.93976147,-64.17830482
44.45,-32.11442387,-64.09737058
44.46,-31.25618821,-64.01407489
44.47,-30.36407608,-63.92830794
44.48,-29.43719239,-63.83993963
44.49,-28.47472016,-63.74884743
44.5,-27.47597305,-63.65489662
44.51,-26.44040353,-63.55794267
44.52,-25.36764454,-63.45783201
44.53,-24.25753617,-63.35439077
44.54,-23.11017203,-63.24745676
44.55,-21.92591829,-63.13684909
44.56,-20.70546737,-63.02236178
44.57,-19.44987026,-62.90379234
44.58,-18.16057549,-62.78092232
44.59,-16.83946614,-62.65351453
44.6,-15.48888695,-62.52130401
44.61,-14.11166493,-62.3840362
44.62,-12.71112726,-62.2414249
44.63,-11.29110829,-62.09316106
44.64,-9.855930218,-61.93892512
44.65,-8.41037972,-61.77836668
44.66,-6.959676822,-61.61112088
44.67,-5.509407079,-61.43679067
44.68,-4.06545064,-61.2549638
44.69,-2.633896282,-61.06519537
44.7,-1.220944437,-60.86701214
44.71,0.1672075669,-60.65990994
44.72,1.524467114,-60.44334969
44.73,2.844967677,-60.21675749
44.74,4.123172143,-59.97952836
44.75,5.353968205,-59.73101386
44.76,6.532756189,-59.47052667
44.77,7.655512974,-59.1973364
44.78,8.718841272,-58.91066731
44.79,9.720004935,-58.60969226
44.8,10.65692504,-58.29352461
44.81,11.52817538,-57.96123745
44.82,12.3329673,-57.61183439
44.83,13.07109979,-57.24426169
44.84,13.74291221,-56.85739789
44.85,14.34922264,-56.45005364
44.86,14.89127669,-56.02095019
44.87,15.3706653,-55.56874101
44.88,15.78927986,-55.09199243
44.89,16.14924019,-54.58917236
44.9,16.45283818,-54.05864882
44.91,16.7024889,-53.49868484
44.92,16.90068622,-52.90743039
44.93,17.04996105,-52.28290432
44.94,17.15284804,-51.62299271
44.95,17.21185265,-50.92544797
44.96,17.22944161,-50.18785545
44.97,17.20800804,-49.4076461
44.98,17.14986746,-48.58206472
44.99,17.05724557,-47.70817299
45,16.93227569,-46.78282725
45.01,16.7769919,-45.80267338
45.02,16.59333039,-44.76412954
45.03,16.38312128,-43.66338201
45.04,16.14809941,-42.49637779
45.05,15.88989746,-41.25882353
45.06,15.61005889,-39.94618391
45.07,15.31003867,-38.55370007
45.08,14.99120492,-37.07641948
45.09,14.6548457,-35.50922903
45.1,14.3021623,-33.84691139
45.11,13.93429226,-32.08425917
45.12,13.55230425,-30.21619188
45.13,13.15719541,-28.23792424
45.14,12.74990637,-26.14521095
45.15,12.3313186,-23.93463721
45.16,11.90226269,-21.60399192
45.17,11.46351441,-19.15271035
45.18,11.01580702,-16.58241511
45.19,10.55982523,-13.89748266
45.2,10.0962182,-11.10565551
45.21,9.625587945,-8.21861758
45.22,9.148512597,-5.252461011
45.23,8.665527588,-2.227961208
45.24,8.177138105,0.8294584913
45.25,7.683816834,3.890145837
45.26,7.186015051,6.921091023
45.27,6.684153544,9.887249499
45.28,6.178630178,12.75323546
45.29,5.669812556,15.48524731
45.3,5.158054753,18.05299618
45.31,4.64368791,20.43142613
45.32,4.127022495,22.60199761
45.33,3.608354181,24.55338763
45.34,3.087952322,26.281547
45.35,2.566083126,27.78919032
45.36,2.042993046,29.08479352
45.37,1.518910061,30.1813183
45.38,0.9940549658,31.09482077
45.39,0.4686323978,31.84312033
45.4,-0.05717005854,32.44461916
45.41,-0.5831658154,32.91737622
45.42,-1.109190051,33.27841707
45.43,-1.635075775,33.54330068
45.44,-2.160671208,33.7258823
45.45,-2.685837303,33.83825631
45.46,-3.210446315,33.89078665
45.47,-3.734369255,33.89224431
45.48,-4.257487469,33.84996664
45.49,-4.779696213,33.77004318
45.5,-5.300889222,33.65749426
45.51,-5.820973161,33.51644728
45.52,-6.339855445,33.35029335
45.53,-6.857454976,33.16180339
45.54,-7.373691565,32.95327048
45.55,-7.888493746,32.72657833
45.56,-8.401792407,32.48330053
45.57,-8.913531637,32.22475245
45.58,-9.423651269,31.95204253
45.59,-9.932095047,31.66611676
45.6,-10.43881586,31.36779613
45.61,-10.94377219,31.05779337
45.62,-11.44692267,30.73673823
45.63,-11.9482306,30.40519439
45.64,-12.4476575,30.06366253
45.65,-12.94517708,29.71260589
45.66,-13.44076368,29.35244894
45.67,-13.93439576,28.98358825
45.68,-14.426048,28.60639052
45.69,-14.91570663,28.22121154
45.7,-15.40335508,27.82837444
45.71,-15.88897636,27.42819505
45.72,-16.37256186,27.02097375
45.73,-16.85410488,26.60700325
45.74,-17.33359769,26.186563
45.75,-17.81103214,25.75992213
45.76,-18.28641276,25.32733407
45.77,-18.75973704,24.88905923
45.78,-19.23100315,24.44534599
45.79,-19.70021181,23.99642772
45.8,-20.16737084,23.54254498
45.81,-20.63248244,23.08392187
45.82,-21.09555618,22.62077723
45.83,-21.55660076,22.15332502
45.84,-22.01562978,21.68177459
45.85,-22.47265468,21.20633136
45.86,-22.9276894,20.72719809
45.87,-23.38074758,20.24456824
45.88,-23.83184454,19.75862686
45.89,-24.28100819,19.26956292
45.9,-24.72825829,18.77755289
45.91,-25.17361241,18.28277102
45.92,-25.61709382,17.78538575
45.93,-26.05872583,17.28557056
45.94,-26.49853563,16.78348234
45.95,-26.93655184,16.27927569
45.96,-27.37280288,15.77310471
45.97,-27.80732157,15.26511341
45.98,-28.24013643,14.7554493
45.99,-28.67128807,14.2442508
46,-29.10080425,13.73165106
46.01,-29.52872272,13.21777786
46.02,-29.95508537,12.70275529
46.03,-30.37993843,12.18671043
46.04,-30.80332471,11.66975539
46.05,-31.22528584,11.15200685
46.06,-31.64586521,10.6335752
46.07,-32.0651131,10.11456234
46.08,-32.48308194,9.595073829
46.09,-32.89982607,9.075207409
46.1,-33.31539637,8.555058269
46.11,-33.72984685,8.034711578
46.12,-34.14324373,7.514257121
46.13,-34.55563416,6.993777883
46.14,-34.96708463,6.473360253
46.15,-35.37765924,5.953073628
46.16,-35.78741702,5.432991105
46.17,-36.19643581,4.913187439
46.18,-36.60477518,4.393725508
46.19,-37.01251255,3.87467682
46.2,-37.41971782,3.35609574
46.21,-37.82646479,2.838042224
46.22,-38.23283179,2.320569433
46.23,-38.63890086,1.803740332
46.24,-39.0447471,1.287597898
46.25,-39.45044489,0.7721897249
46.26,-39.85608765,0.2575624528
46.27,-40.26175833,-0.2562411192
46.28,-40.6675343,-0.7691829973
46.29,-41.07350948,-1.28122187
46.3,-41.47976973,-1.792328002
46.31,-41.88639639,-2.302467894
46.32,-42.29348476,-2.81160915
46.33,-42.70112332,-3.319721226
46.34,-43.10940114,-3.826783857
46.35,-43.51840605,-4.332772814
46.36,-43.92822805,-4.837663879
46.37,-44.33895506,-5.341434608
46.38,-44.7506817,-5.844070911
46.39,-45.1634845,-6.34555925
46.4,-45.57745901,-6.84588012
46.41,-45.99267983,-7.345012597
46.42,-46.40923166,-7.842953509
46.43,-46.82719911,-8.339686358
46.44,-47.24665533,-8.835206931
46.45,-47.6676706,-9.329508367
46.46,-48.09031196,-9.822586246
46.47,-48.51464804,-10.31443991
46.48,-48.94073897,-10.80506238
46.49,-49.36863281,-11.29445706
46.5,-49.79837722,-11.7826249
46.51,-50.23001701,-12.26956519
46.52,-50.66358446,-12.75528301
46.53,-51.09909643,-13.23978213
46.54,-51.53657121,-13.7230696
46.55,-51.97601542,-14.20515552
46.56,-52.41741556,-14.68605127
46.57,-52.86075547,-15.16575987
46.58,-53.3060038,-15.64429828
46.59,-53.75311614,-16.12167866
46.6,-54.2020299,-16.59791446
46.61,-54.65267196,-17.07302491
46.62,-55.10494961,-17.54702296
46.63,-55.55875722,-18.01993507
46.64,-56.01396468,-18.49177912
46.65,-56.47043274,-18.96257652
46.66,-56.92799353,-19.43235436
46.67,-57.38645925,-19.90113827
46.68,-57.84563189,-20.36895067
46.69,-58.30528751,-20.83582409
46.7,-58.76517934,-21.30179306
46.71,-59.22504598,-21.76688871
46.72,-59.68459815,-22.23114957
46.73,-60.14353529,-22.69461621
46.74,-60.60152419,-23.15732399
46.75,-61.05823364,-23.61931507
46.76,-61.51329233,-24.08063743
46.77,-61.96633506,-24.54133505
46.78,-62.41695403,-25.00146513
46.79,-62.86475921,-25.46107184
46.8,-63.30933987,-25.92021697
46.81,-63.75027011,-26.37896514
46.82,-64.18711511,-26.83737315
46.83,-64.6194553,-27.29550632
46.84,-65.04684985,-27.75343665
46.85,-65.46888167,-28.21124308
46.86,-65.88513672,-28.66900346
46.87,-66.29518364,-29.12679339
46.88,-66.69864362,-29.58470409
46.89,-67.09512057,-30.04283437
46.9,-67.48425283,-30.50127562
46.91,-67.86569605,-30.96012762
46.92,-68.23913525,-31.41949981
46.93,-68.60426846,-31.87950858
46.94,-68.96084124,-32.34027061
46.95,-69.30861041,-32.80191457
46.96,-69.64738322,-33.26457127
46.97,-69.97698554,-33.72837754
46.98,-70.29727429,-34.1934808
46.99,-70.60814715,-34.66002669
47,-70.909543,-35.12817812
47.01,-71.201418,-35.59810242
47.02,-71.4837539,-36.06997088
47.03,-71.75658556,-36.54397272
47.04,-72.01996491,-37.02029381
47.05,-72.27396665,-37.49913826
47.06,-72.51869567,-37.98071493
47.07,-72.75428787,-38.46524382
47.08,-72.98088668,-38.95294651
47.09,-73.19865966,-39.44405939
47.1,-73.40779142,-39.93882576
47.11,-73.608479,-40.43749707
47.12,-73.80094107,-40.9403345
47.13,-73.98540006,-41.44760845
47.14,-74.16207355,-41.95959835
47.15,-74.33120455,-42.4765949
47.16,-74.4930336,-42.99888907
47.17,-74.64780665,-43.52677969
47.18,-74.79576154,-44.06057576
47.19,-74.93713502,-44.60059214
47.2,-75.07217722,-45.14713906
47.21,-75.20112018,-45.70054321
47.22,-75.32421097,-46.26112267
47.23,-75.4416705,-46.82919878
47.24,-75.55372881,-47.40508619
47.25,-75.66060731,-47.98909235
47.26,-75.76251095,-48.58152654
47.27,-75.85965652,-49.18268273
47.28,-75.95224024,-49.79283328
47.29,-76.04045452,-50.41223513
47.3,-76.12448547,-51.04111572
47.31,-76.20451271,-51.67967868
47.32,-76.28072178,-52.32809121
47.33,-76.35326504,-52.98647782
47.34,-76.42231302,-53.65490807
47.35,-76.48800556,-54.33339533
47.36,-76.55048972,-55.02189812
47.37,-76.60991506,-55.72029054
47.38,-76.66639943,-56.4283668
47.39,-76.72008144,-57.14581845
47.4,-76.77107778,-57.87225328
47.41,-76.81950563,-58.60715599
47.42,-76.86547715,-59.34988642
47.43,-76.90909118,-60.0996881
47.44,-76.95044229,-60.85565351
47.45,-76.98964224,-61.61674532
47.46,-77.02676677,-62.38177131
47.47,-77.06191487,-63.1493917
47.48,-77.09515094,-63.91812538
47.49,-77.12656311,-64.68635588
47.5,-77.15623022,-65.45230975
47.51,-77.18422152,-66.21411043
47.52,-77.21059982,-66.96977723
47.53,-77.23542018,-67.71724067
47.54,-77.25876144,-68.45439284
47.55,-77.28067434,-69.17907924
47.56,-77.30121717,-69.88916006
47.57,-77.32044211,-70.58253854
47.58,-77.3383915,-71.25721071
47.59,-77.35511517,-71.91127985
47.6,-77.37066116,-72.54300248
47.61,-77.38507296,-73.15082392
47.62,-77.39839128,-73.73341482
47.63,-77.41066129,-74.28967444
47.64,-77.42190829,-74.8187557
47.65,-77.43217347,-75.32008901
47.66,-77.44148276,-75.79335562
47.67,-77.4498828,-76.23849036
47.68,-77.45740208,-76.65568941
47.69,-77.46406102,-77.04536079
47.7,-77.46989087,-77.4081282
47.71,-77.47491678,-77.7447982
47.72,-77.47916289,-78.05631515
47.73,-77.4826562,-78.34374803
47.74,-77.4854248,-78.60827297
47.75,-77.48749081,-78.85110785
47.76,-77.48886823,-79.07352705
47.77,-77.48957995,-79.27681322
47.78,-77.48964872,-79.46225412
47.79,-77.48909822,-79.63110745
47.8,-77.48793813,-79.78461138
47.81,-77.48619303,-79.9239434
47.82,-77.48386707,-80.05024607
47.83,-77.48099067,-80.16459006
47.84,-77.47758534,-80.2679855
47.85,-77.47364999,-80.36139288
47.86,-77.46920917,-80.4456833
47.87,-77.46428218,-80.5216797
47.88,-77.45887697,-80.59013651
47.89,-77.45301041,-80.65174148
47.9,-77.44670352,-80.70714719
47.91,-77.43996766,-80.7569226
47.92,-77.43281917,-80.80160894
47.93,-77.42526143,-80.84168328
47.94,-77.41732133,-80.87759155
47.95,-77.40899676,-80.90973979
47.96,-77.40031433,-80.93847024
47.97,-77.39127245,-80.9641267
47.98,-77.38189062,-80.98699606
47.99,-77.37218507,-81.00735019
48,-77.3621582,-81.02542104
48.01,-77.35182895,-81.04144304
48.02,-77.34120552,-81.05560219
48.03,-77.33030195,-81.06808161
48.04,-77.31912605,-81.07903592
48.05,-77.30767924,-81.08860873
48.06,-77.29598897,-81.09692066
48.07,-77.2840494,-81.1041058
48.08,-77.2718888,-81.11026022
48.09,-77.25949178,-81.11548125
48.1,-77.24688263,-81.11985537
48.11,-77.23406681,-81.12345689
48.12,-77.22105168,-81.12634743
48.13,-77.20784617,-81.12861037
48.14,-77.19445555,-81.13028809
48.15,-77.18088149,-81.13143768
48.16,-77.16715165,-81.13210252
48.17,-77.15325194,-81.1323229
48.18,-77.13919713,-81.13214397
48.19,-77.1249949,-81.13158913
48.2,-77.11064424,-81.13069372
48.21,-77.09614872,-81.12948763
48.22,-77.0815247,-81.12800354
48.23,-77.06676945,-81.1262466
48.24,-77.05189364,-81.12424925
48.25,-77.03689361,-81.12203226
48.26,-77.02178281,-81.11961132
48.27,-77.00656731,-81.11699342
48.28,-76.99124671,-81.11420361
48.29,-76.97581541,-81.11125654
48.3,-76.96029039,-81.10815682
48.31,-76.94466695,-81.10491038
48.32,-76.92895372,-81.10153573
48.33,-76.91314592,-81.09803734
48.34,-76.89726312,-81.09442618
48.35,-76.88129723,-81.09071501
48.36,-76.86524994,-81.08689936
48.37,-76.84913011,-81.08299026
48.38,-76.83293505,-81.07899177
48.39,-76.81666499,-81.07490667
48.4,-76.80032215,-81.07075088
48.41,-76.78391949,-81.06651729
48.42,-76.76744307,-81.06221135
48.43,-76.75090734,-81.05783812
48.44,-76.73430703,-81.05339978
48.45,-76.71765319,-81.04889602
48.46,-76.70093263,-81.04433653
48.47,-76.68416139,-81.03972574
48.48,-76.66732956,-81.03506082
48.49,-76.65044794,-81.03033957
48.5,-76.63350639,-81.02557372
48.51,-76.61651546,-81.02075379
48.52,-76.59947856,-81.01588643
48.53,-76.58239828,-81.01098057
48.54,-76.56526664,-81.00603699
48.55,-76.54809262,-81.00104164
48.56,-76.53086601,-80.99601142
48.57,-76.51358949,-80.99093501
48.58,-76.49627086,-80.98581913
48.59,-76.47891491,-80.98067105
48.6,-76.46151039,-80.97548021
48.61,-76.44406915,-80.97025263
48.62,-76.42658337,-80.96499041
48.63,-76.40906262,-80.95969446
48.64,-76.39149945,-80.95435874
48.65,-76.37389337,-80.94899103
48.66,-76.35625222,-80.94359475
48.67,-76.33857719,-80.93816022
48.68,-76.32085836,-80.93269516
48.69,-76.30310547,-80.92719204
48.7,-76.28531765,-80.92166529
48.71,-76.26749444,-80.91609638
48.72,-76.24964288,-80.91050906
48.73,-76.23175719,-80.90487907
48.74,-76.21383073,-80.89921987
48.75,-76.19587016,-80.89352967
48.76,-76.1778818,-80.88780594
48.77,-76.1598517,-80.88205483
48.78,-76.14178965,-80.8762764
48.79,-76.12369996,-80.87046291
48.8,-76.10557592,-80.86462039
48.81,-76.08741853,-80.85874303
48.82,-76.06922692,-80.85283828
48.83,-76.05101012,-80.84689819
48.84,-76.03275793,-80.84093442
48.85,-76.01448163,-80.83493953
48.86,-75.99617031,-80.82890587
48.87,-75.97782797,-80.82284559
48.88,-75.95945143,-80.81675861
48.89,-75.9410498,-80.81063823
48.9,-75.92261425,-80.80448375
48.91,-75.90415414,-80.79829848
48.92,-75.8856699,-80.79208969
48.93,-75.86715179,-80.78585059
48.94,-75.84860862,-80.77957809
48.95,-75.83004019,-80.77327061
48.96,-75.81143934,-80.76693698
48.97,-75.79280717,-80.76058082
48.98,-75.77415075,-80.75419139
48.99,-75.75546798,-80.74777072
49,-75.73675431,-80.74131894
49.01,-75.71801729,-80.73483305
49.02,-75.69924701,-80.72831846
49.03,-75.68045398,-80.72177531
49.04,-75.66163469,-80.71519799
49.05,-75.64279377,-80.70858883
49.06,-75.62391192,-80.70195081
49.07,-75.60500823,-80.69527929
49.08,-75.58607345,-80.68858305
49.09,-75.56712091,-80.68185451
49.1,-75.54814001,-80.67509589
49.11,-75.52913977,-80.66830917
49.12,-75.51011656,-80.66148639
49.13,-75.49105735,-80.65463905
49.14,-75.47197464,-80.64775586
49.15,-75.45286741,-80.64084551
49.16,-75.43373832,-80.63390573
49.17,-75.41458497,-80.62693064
49.18,-75.39540192,-80.61991903
49.19,-75.37619641,-80.61287372
49.2,-75.35696808,-80.60580794
49.21,-75.33771862,-80.5987053
49.22,-75.31843064,-80.59157351
49.23,-75.29912675,-80.58441319
49.24,-75.27980191,-80.57721805
49.25,-75.26045416,-80.56999415
49.26,-75.24107726,-80.56273407
49.27,-75.22167177,-80.55543951
49.28,-75.20224961,-80.54811673
49.29,-75.18279943,-80.54076051
49.3,-75.16332762,-80.53337066
49.31,-75.14383443,-80.52594502
49.32,-75.12431889,-80.51849564
49.33,-75.10477497,-80.5110127
49.34,-75.08520898,-80.50349266
49.35,-75.06562195,-80.49594616
49.36,-75.04601286,-80.48836697
49.37,-75.02638329,-80.48075465
49.38,-75.00673858,-80.47310809
49.39,-74.98706683,-80.46542844
49.4,-74.96737929,-80.45771382
49.41,-74.94765875,-80.44996486
49.42,-74.92791678,-80.44218656
49.43,-74.90815265,-80.43437832
49.44,-74.88836933,-80.42653866
49.45,-74.86857098,-80.41866153
49.46,-74.84874546,-80.41074751
49.47,-74.82890005,-80.4028119
49.48,-74.80903412,-80.39483593
49.49,-74.78914627,-80.38682043
49.5,-74.76923219,-80.37877508
49.51,-74.74929907,-80.37070566
49.52,-74.72935183,-80.36260275
49.53,-74.70937857,-80.35445802
49.54,-74.68938472,-80.34627754
49.55,-74.66937672,-80.33807192
49.56,-74.64934334,-80.32982011
49.57,-74.62928881,-80.32154727
49.58,-74.60921562,-80.3132381
49.59,-74.58912382,-80.30489453
49.6,-74.5690186,-80.29651829
49.61,-74.54888655,-80.28810109
49.62,-74.5287355,-80.27965935
49.63,-74.50857171,-80.27117797
49.64,-74.48838246,-80.26266513
49.65,-74.46817299,-80.25412205
49.66,-74.44795222,-80.24554207
49.67,-74.42771091,-80.23692347
49.68,-74.40744409,-80.2282801
49.69,-74.38716633,-80.21959151
49.7,-74.3668627,-80.21087475
49.71,-74.34654186,-80.20211794
49.72,-74.32620615,-80.19333224
49.73,-74.30585182,-80.18451914
49.74,-74.28548141,-80.17566433
49.75,-74.26509196,-80.16677438
49.76,-74.24468273,-80.15785314
49.77,-74.2242558,-80.14889699
49.78,-74.203804,-80.139899
49.79,-74.18334071,-80.13087156
49.8,-74.16285939,-80.12181347
49.81,-74.14235985,-80.11272322
49.82,-74.12184217,-80.10359687
49.83,-74.10130653,-80.09443276
49.84,-74.08076007,-80.08523695
49.85,-74.06019605,-80.0760082
49.86,-74.03961387,-80.06673891
49.87,-74.01902152,-80.05742954
49.88,-73.9984102,-80.04808752
49.89,-73.97777538,-80.03870836
49.9,-73.95713,-80.02930697
49.91,-73.93646675,-80.01986491
49.92,-73.91579262,-80.01038495
49.93,-73.89510171,-80.00087553
49.94,-73.87438668,-79.991332
49.95,-73.85365552,-79.98175231
49.96,-73.83291329,-79.97213119
49.97,-73.81216014,-79.9624855
49.98,-73.79138525,-79.95279642
49.99,-73.77059872,-79.94307179
50,-73.74979459,-79.93331167
50.01,-73.72898227,-79.92351774
50.02,-73.70815127,-79.91369003
50.03,-73.68730422,-79.90382703
50.04,-73.66644728,-79.8939236
50.05,-73.64557438,-79.88398881
50.06,-73.62469185,-79.87401653
50.07,-73.60379267,-79.86401644
50.08,-73.58287654,-79.85398275
50.09,-73.56195129,-79.84390806
50.1,-73.54101078,-79.83380054
50.11,-73.52004509,-79.82365362
50.12,-73.4990718,-79.81347087
50.13,-73.47808853,-79.80325925
50.14,-73.45708933,-79.79300702
50.15,-73.43608082,-79.78271966
50.16,-73.41505729,-79.77239588
50.17,-73.39402403,-79.76203838
50.18,-73.37297419,-79.75164967
50.19,-73.35191002,-79.74121922
50.2,-73.33083604,-79.73075702
50.21,-73.30974658,-79.72026368
50.22,-73.28864842,-79.70973557
50.23,-73.26754046,-79.69917752
50.24,-73.24641686,-79.68858035
50.25,-73.22527886,-79.67794263
50.26,-73.20413973,-79.66726878
50.27,-73.18297854,-79.65656032
50.28,-73.16180935,-79.64582222
50.29,-73.1406311,-79.63504331
50.3,-73.11943708,-79.62423569
50.31,-73.09823399,-79.61338483
50.32,-73.07702342,-79.6025074
50.33,-73.05579728,-79.59158446
50.34,-73.03456481,-79.58063484
50.35,-73.01331643,-79.56964473
50.36,-72.99205999,-79.55862917
50.37,-72.97078836,-79.54757079
50.38,-72.94950889,-79.53647605
50.39,-72.92821467,-79.52534996
50.4,-72.9069136,-79.5141833
50.41,-72.88560328,-79.50298427
50.42,-72.86428584,-79.49175568
50.43,-72.84296009,-79.48048857
50.44,-72.82162659,-79.46918833
50.45,-72.8002804,-79.45785571
50.46,-72.77891904,-79.44648675
50.47,-72.75755614,-79.43508264
50.48,-72.73618037,-79.42364158
50.49,-72.71480388,-79.41217389
50.5,-72.69341976,-79.40067176
50.51,-72.67202007,-79.38913099
50.52,-72.65060875,-79.3775534
50.53,-72.62919442,-79.36594314
50.54,-72.60776168,-79.35429502
50.55,-72.58633559,-79.34261017
50.56,-72.56489501,-79.33089311
50.57,-72.54343919,-79.31914166
50.58,-72.52198394,-79.30735712
50.59,-72.50052213,-79.29553249
50.6,-72.47904007,-79.28368278
50.61,-72.45755777,-79.27180233
50.62,-72.43607541,-79.25987965
50.63,-72.41457269,-79.24792586
50.64,-72.3930708,-79.2359425
50.65,-72.37155453,-79.22392442
50.66,-72.35004467,-79.2118672
50.67,-72.32852108,-79.19978186
50.68,-72.30699314,-79.18766157
50.69,-72.28545135,-79.17550495
50.7,-72.26390862,-79.16331269
50.71,-72.24236005,-79.15108134
50.72,-72.22079877,-79.13882
50.73,-72.19923789,-79.12652433
50.74,-72.17767813,-79.11419691
50.75,-72.15610418,-79.10183675
50.76,-72.13452486,-79.0894421
50.77,-72.11293879,-79.07701523
50.78,-72.09134662,-79.06455027
50.79,-72.06974802,-79.05205611
50.8,-72.04814447,-79.03952874
50.81,-72.02653514,-79.02697059
50.82,-72.00492508,-79.01437343
50.83,-71.98331119,-79.0017579
50.84,-71.96168372,-78.98909941
50.85,-71.94005722,-78.97640449
50.86,-71.91843221,-78.96368055
50.87,-71.89680008,-78.95092732
50.88,-71.87515717,-78.9381353
50.89,-71.85350708,-78.92531174
50.9,-71.83185291,-78.91245932
50.91,-71.81019896,-78.89957398
50.92,-71.78854701,-78.88666501
50.93,-71.7668883,-78.87371669
50.94,-71.74523168,-78.86073102
50.95,-71.72356225,-78.84771471
50.96,-71.70189613,-78.83466391
50.97,-71.68022367,-78.82159007
50.98,-71.65854552,-78.8084831
50.99,-71.63687006,-78.7953453
51,-71.61518768,-78.78217627
51.01,-71.59350188,-78.76897265
51.02,-71.5718176,-78.75573751
51.03,-71.55013351,-78.74246917
51.04,-71.52843809,-78.72916615
51.05,-71.50673799,-78.71583837
51.06,-71.48504034,-78.70247331
51.07,-71.46333752,-78.68908315
51.08,-71.44163567,-78.67565729
51.09,-71.41993063,-78.66220545
51.1,-71.39822633,-78.64871658
51.11,-71.3765242,-78.63519741
51.12,-71.35481699,-78.62165396
51.13,-71.33309762,-78.60807856
51.14,-71.31138235,-78.59446995
51.15,-71.28967495,-78.58082645
51.16,-71.26795574,-78.56715059
51.17,-71.24623941,-78.55344786
51.18,-71.22452488,-78.53971959
51.19,-71.20280538,-78.52596412
51.2,-71.18108236,-78.51217325
51.21,-71.15936121,-78.49836182
51.22,-71.13764295,-78.4845117
51.23,-71.11592727,-78.47063488
51.24,-71.09419997,-78.45672238
51.25,-71.07247545,-78.44278917
51.26,-71.0507523,-78.42882198
51.27,-71.02903239,-78.41483353
51.28,-71.00730212,-78.40081354
51.29,-70.9855805,-78.38676159
51.3,-70.963855,-78.37268103
51.31,-70.94212556,-78.35856456
51.32,-70.92040529,-78.34443123
51.33,-70.89868074,-78.33025783
51.34,-70.87696082,-78.31606039
51.35,-70.8552421,-78.30183473
51.36,-70.83352653,-78.28757728
51.37,-70.81180703,-78.27330146
51.38,-70.79009118,-78.25899218
51.39,-70.7683783,-78.24465119
51.4,-70.74666618,-78.23028999
51.41,-70.72495804,-78.21590049
51.42,-70.70324623,-78.20148495
51.43,-70.68153834,-78.1870408
51.44,-70.65982688,-78.17256517
51.45,-70.63811797,-78.15806058
51.46,-70.6164118,-78.14352932
51.47,-70.59471022,-78.12897682
51.48,-70.57301094,-78.1143928
51.49,-70.55130906,-78.09978723
51.5,-70.52960951,-78.08514617
51.51,-70.50792022,-78.07048488
51.52,-70.48623413,-78.05579291
51.53,-70.46453709,-78.04108316
51.54,-70.44285209,-78.02634191
51.55,-70.4211693,-78.01157135
51.56,-70.39948323,-77.99678016
51.57,-70.37780811,-77.98196716
51.58,-70.35613512,-77.9671202
51.59,-70.33446054,-77.95225545
51.6,-70.31278921,-77.9373646
51.61,-70.2911211,-77.92244441
51.62,-70.26945673,-77.90749606
51.63,-70.24780252,-77.89252666
51.64,-70.22613883,-77.87753557
51.65,-70.2044859,-77.86251743
51.66,-70.18283669,-77.84747362
51.67,-70.16119116,-77.83240469
51.68,-70.13955656,-77.81731484
51.69,-70.11791769,-77.80220395
51.7,-70.09628357,-77.78706321
51.71,-70.07465288,-77.77189918
51.72,-70.05303368,-77.75671464
51.73,-70.03140463,-77.74150284
51.74,-70.00978568,-77.72626892
51.75,-69.98816416,-77.71100652
51.76,-69.96655376,-77.69572571
51.77,-69.94494709,-77.680424
51.78,-69.92334501,-77.66509487
51.79,-69.9017527,-77.64974918
51.8,-69.88015877,-77.63437504
51.81,-69.85856897,-77.618978
51.82,-69.83699051,-77.60356352
51.83,-69.81541616,-77.58812301
51.84,-69.79385192,-77.57266419
51.85,-69.7722859,-77.55717816
51.86,-69.75072994,-77.54167081
51.87,-69.72917213,-77.52613757
51.88,-69.7076254,-77.51058702
51.89,-69.68607576,-77.49502047
51.9,-69.66453863,-77.47943198
51.91,-69.64301143,-77.46381484
51.92,-69.6214889,-77.44818151
51.93,-69.5999713,-77.43252989
51.94,-69.57845744,-77.41685146
51.95,-69.55694232,-77.40115694
51.96,-69.53543705,-77.38543639
51.97,-69.51393685,-77.36969728
51.98,-69.492448,-77.35394231
51.99,-69.4709575,-77.33816472
52,-69.44947852,-77.3223665
52.01,-69.4280043,-77.30655204
52.02,-69.40653423,-77.29071309
52.03,-69.38506852,-77.27485739
52.04,-69.36361523,-77.25898036
52.05,-69.34217269,-77.24308336
52.06,-69.32073502,-77.22716916
52.07,-69.29930169,-77.21123318
52.08,-69.27788058,-77.19527815
52.09,-69.25646434,-77.17931149
52.1,-69.23505345,-77.16332361
52.11,-69.21365293,-77.1473188
52.12,-69.19225175,-77.13129674
52.13,-69.17086199,-77.11525099
52.14,-69.14947628,-77.0991908
52.15,-69.12810378,-77.08311099
52.16,-69.10673422,-77.06701903
52.17,-69.08537087,-77.05090429
52.18,-69.06401945,-77.03476735
52.19,-69.04267265,-77.01861742
52.2,-69.02133813,-77.0024561
52.21,-69.0000022,-76.98627798
52.22,-68.97868391,-76.97007556
52.23,-68.95736421,-76.9538628
52.24,-68.93605686,-76.93763588
52.25,-68.91476091,-76.9213834
52.26,-68.89347044,-76.90511594
52.27,-68.87218503,-76.88883518
52.28,-68.85090463,-76.872543
52.29,-68.82963021,-76.85623308
52.3,-68.8083672,-76.83990195
52.31,-68.78711604,-76.82355598
52.32,-68.7658704,-76.80719523
52.33,-68.74463663,-76.79082052
52.34,-68.72340836,-76.77443095
52.35,-68.70218637,-76.75802583
52.36,-68.68096838,-76.74160636
52.37,-68.65977015,-76.72517324
52.38,-68.63857035,-76.70872299
52.39,-68.61738217,-76.69226843
52.4,-68.59620673,-76.67579172
52.41,-68.57503679,-76.65930462
52.42,-68.55387837,-76.64280386
52.43,-68.53272604,-76.62628678
52.44,-68.51158596,-76.60975131
52.45,-68.49044489,-76.59320661
52.46,-68.469316,-76.57665378
52.47,-68.44819957,-76.56007923
52.48,-68.42709575,-76.54349745
52.49,-68.40599694,-76.52689998
52.5,-68.38490315,-76.51029841
52.51,-68.36382241,-76.49367446
52.52,-68.34275358,-76.47703973
52.53,-68.32169104,-76.46039354
52.54,-68.30064149,-76.44373733
52.55,-68.27960339,-76.4270695
52.56,-68.25856431,-76.41039434
52.57,-68.23753772,-76.39370463
52.58,-68.21651719,-76.3770041
52.59,-68.19551607,-76.36029458
52.6,-68.1745212,-76.3435723
52.61,-68.15353877,-76.32683581
52.62,-68.13256168,-76.31008833
52.63,-68.11159767,-76.29333641
52.64,-68.0906386,-76.27656958
52.65,-68.06968605,-76.25979687
52.66,-68.04874628,-76.24301071
52.67,-68.02781172,-76.22621464
52.68,-68.00688976,-76.20940843
52.69,-67.98598076,-76.19258927
52.7,-67.96508449,-76.17576098
52.71,-67.94419429,-76.1589218
52.72,-67.92331043,-76.14207557
52.73,-67.90243186,-76.12522001
52.74,-67.88156691,-76.10835466
52.75,-67.86071429,-76.09147987
52.76,-67.83987382,-76.07459946
52.77,-67.81904688,-76.05771046
52.78,-67.79822612,-76.04080649
52.79,-67.77741126,-76.02389714
52.8,-67.75660962,-76.00698257
52.81,-67.7358202,-75.99005529
52.82,-67.71504353,-75.97312731
52.83,-67.69427318,-75.95618682
52.84,-67.67351537,-75.93924311
52.85,-67.65276459,-75.92228389
52.86,-67.63202654,-75.90531621
52.87,-67.61129325,-75.88834426
52.88,-67.59056842,-75.87137185
52.89,-67.56985506,-75.85439048
52.9,-67.54914798,-75.837401
52.91,-67.52845421,-75.82040576
52.92,-67.50777984,-75.80339827
52.93,-67.48711114,-75.78639013
52.94,-67.46645635,-75.76937127
52.95,-67.44580147,-75.75234774
52.96,-67.42515943,-75.73532092
52.97,-67.40453069,-75.71828474
52.98,-67.38391495,-75.70123803
52.99,-67.36330485,-75.6841837
53,-67.34270733,-75.66713296
53.01,-67.32211733,-75.65007593
53.02,-67.30153966,-75.63300689
53.03,-67.28097564,-75.61593967
53.04,-67.26041761,-75.59886707
53.05,-67.2398669,-75.58179124
53.06,-67.21932808,-75.56470676
53.07,-67.19879621,-75.54761476
53.08,-67.17827759,-75.53052261
53.09,-67.15777254,-75.51342297
53.1,-67.1372803,-75.49632379
53.11,-67.11679472,-75.47921629
53.12,-67.09632132,-75.4621057
53.13,-67.07585529,-75.44499017
53.14,-67.05539559,-75.42787631
53.15,-67.03495635,-75.41075969
53.16,-67.01452286,-75.39363818
53.17,-66.99409642,-75.3765126
53.18,-66.97368301,-75.35938375
53.19,-66.95328257,-75.34225304
53.2,-66.93289006,-75.32511482
53.21,-66.91250316,-75.30798182
53.22,-66.89212991,-75.29084244
53.23,-66.87177628,-75.27370286
53.24,-66.85142179,-75.2565524
53.25,-66.83108193,-75.23940487
53.26,-66.81074771,-75.22225686
53.27,-66.79042759,-75.2051026
53.28,-66.77011376,-75.18794912
53.29,-66.74981334,-75.17079653
53.3,-66.72951893,-75.15364663
53.31,-66.70923916,-75.13649115
53.32,-66.68897152,-75.11933062
53.33,-66.66871134,-75.10216942
53.34,-66.64846423,-75.08501086
53.35,-66.62821775,-75.06784861
53.36,-66.60799061,-75.05068463
53.37,-66.58776997,-75.03352019
53.38,-66.56756368,-75.0163616
53.39,-66.54736395,-74.99919586
53.4,-66.52717675,-74.98202742
53.41,-66.50700455,-74.96485456
53.42,-66.48683705,-74.94768672
53.43,-66.4666708,-74.93051987
53.44,-66.446525,-74.91335461
53.45,-66.4263844,-74.89618396
53.46,-66.40625305,-74.87902614
53.47,-66.38612712,-74.86186296
53.48,-66.36601528,-74.84469254
53.49,-66.34591542,-74.82752844
53.5,-66.32583068,-74.81036787
53.51,-66.30574573,-74.79320363
53.52,-66.2856808,-74.77603961
53.53,-66.26561612,-74.758883
53.54,-66.24556493,-74.74172351
53.55,-66.2255198,-74.72456488
53.56,-66.20548828,-74.70740719
53.57,-66.18547143,-74.69025043
53.58,-66.16546031,-74.6730975
53.59,-66.14545652,-74.65593841
53.6,-66.1254596,-74.63878663
53.61,-66.10547607,-74.62163081
53.62,-66.08549987,-74.60448227
53.63,-66.06554335,-74.58733317
53.64,-66.04558755,-74.57019537
53.65,-66.02563864,-74.55305382
53.66,-66.00570331,-74.53591249
53.67,-65.98578101,-74.5187826
53.68,-65.96586696,-74.50165051
53.69,-65.94595852,-74.48451737
53.7,-65.92605839,-74.46739252
53.71,-65.90616359,-74.45026635
53.72,-65.88628319,-74.43314787
53.73,-65.86640932,-74.4160299
53.74,-65.84654289,-74.39890954
53.75,-65.82668998,-74.38180108
53.76,-65.80684329,-74.36469064
53.77,-65.78700397,-74.34758459
53.78,-65.76717195,-74.33048203
53.79,-65.74734625,-74.31338195
53.8,-65.72753481,-74.29628686
53.81,-65.70772972,-74.27919775
53.82,-65.68793824,-74.26210712
53.83,-65.66815449,-74.2450198
53.84,-65.64837733,-74.22794498
53.85,-65.62860711,-74.2108674
53.86,-65.60885076,-74.19379678
53.87,-65.589101,-74.17673063
53.88,-65.56935875,-74.15966505
53.89,-65.54962286,-74.14261137
53.9,-65.52989475,-74.12555736
53.91,-65.51018007,-74.10850443
53.92,-65.4904722,-74.09145445
53.93,-65.47076455,-74.07441497
53.94,-65.45107152,-74.05737432
53.95,-65.43138467,-74.04034147
53.96,-65.41170451,-74.02331042
53.97,-65.39203098,-74.00629368
53.98,-65.37236441,-73.98928259
53.99,-65.35270561,-73.97226594
54,-65.33305965,-73.95526102
54.01,-65.31342083,-73.93825898
54.02,-65.29378993,-73.92126345
54.03,-65.27415856,-73.90427006
54.04,-65.25453432,-73.88728629
54.05,-65.23492423,-73.87030722
54.06,-65.21531445,-73.85333582
54.07,-65.19571139,-73.83636882
54.08,-65.17612316,-73.81941043
54.09,-65.15654063,-73.80245744
54.1,-65.13696537,-73.78550917
54.11,-65.11740289,-73.7685652
54.12,-65.09784239,-73.75162759
54.13,-65.07828792,-73.73469686
54.14,-65.05873439,-73.71776459
54.15,-65.0391943,-73.70084593
54.16,-65.01965455,-73.68393553
54.17,-65.00012154,-73.66703379
54.18,-64.98060216,-73.65013983
54.19,-64.96108319,-73.63324435
54.2,-64.9415719,-73.61636011
54.21,-64.92206687,-73.59948387
54.22,-64.90256254,-73.58261886
54.23,-64.88306488,-73.56575401
54.24,-64.86358037,-73.54889324
54.25,-64.84409708,-73.53204528
54.26,-64.82461996,-73.51519901
54.27,-64.80515057,-73.49836384
54.28,-64.78568157,-73.48152899
54.29,-64.76622011,-73.46470661
54.3,-64.74676485,-73.44788984
54.31,-64.72731627,-73.43108006
54.32,-64.70786862,-73.41427712
54.33,-64.68842757,-73.39747934
54.34,-64.66900097,-73.38069262
54.35,-64.64956671,-73.3639145
54.36,-64.63014031,-73.34714105
54.37,-64.61072051,-73.33037537
54.38,-64.59130101,-73.31361681
54.39,-64.5718893,-73.29686931
54.4,-64.55248396,-73.28012412
54.41,-64.53307871,-73.26339666
54.42,-64.51367381,-73.24667869
54.43,-64.49427608,-73.22996244
54.44,-64.47488512,-73.21324633
54.45,-64.45549477,-73.19655184
54.46,-64.43610438,-73.17985215
54.47,-64.41672728,-73.16316318
54.48,-64.39735071,-73.14648954
54.49,-64.37797467,-73.12982412
54.5,-64.35859929,-73.11316698
54.51,-64.33923016,-73.09650812
54.52,-64.31986164,-73.07986243
54.53,-64.30050026,-73.06322468
54.54,-64.28114538,-73.04659156
54.55,-64.26179054,-73.02997054
54.56,-64.24244175,-73.01335615
54.57,-64.22309489,-72.99675445
54.58,-64.20374771,-72.98015977
54.59,-64.18440099,-72.96356668
54.6,-64.165054,-72.94698398
54.61,-64.14571375,-72.93041034
54.62,-64.12637438,-72.91384542
54.63,-64.10703494,-72.89729014
54.64,-64.08769663,-72.88074785
54.65,-64.06836391,-72.86420679
54.66,-64.04903236,-72.84767613
54.67,-64.02970029,-72.83115851
54.68,-64.0103687,-72.8146472
54.69,-63.99103023,-72.79814943
54.7,-63.97169852,-72.78165157
54.71,-63.95236747,-72.7651609
54.72,-63.93303644,-72.74868342
54.73,-63.91371168,-72.73221442
54.74,-63.89438062,-72.7157565
54.75,-63.87505655,-72.6993109
54.76,-63.85573242,-72.68286456
54.77,-63.83640202,-72.6664267
54.78,-63.81707162,-72.65000206
54.79,-63.79774113,-72.6335858
54.8,-63.77841119,-72.61717783
54.81,-63.75907552,-72.60078265
54.82,-63.73973868,-72.58438432
54.83,-63.72040223,-72.56800372
54.84,-63.7010722,-72.55163269
54.85,-63.68173577,-72.53526322
54.86,-63.66239879,-72.51891225
54.87,-63.64305605,-72.50256877
54.88,-63.62371345,-72.48622851
54.89,-63.60436456,-72.46990265
54.9,-63.5850153,-72.45358093
54.91,-63.56566582,-72.43726832
54.92,-63.54631604,-72.42096413
54.93,-63.52695905,-72.40467139
54.94,-63.50760219,-72.38838628
54.95,-63.4882467,-72.37211733
54.96,-63.46888342,-72.35584871
54.97,-63.44951408,-72.33958808
54.98,-63.43014467,-72.32333484
54.99,-63.41076809,-72.30709525
55,-63.39139137,-72.29086186
55.01,-63.3720085,-72.27463443
55.02,-63.35261829,-72.25841623
55.03,-63.33322854,-72.24220859
55.04,-63.31383889,-72.22601325
55.05,-63.2944416,-72.20982454
55.06,-63.27503743,-72.19365138
55.07,-63.25562614,-72.17747965
55.08,-63.2362026,-72.16131798
55.09,-63.21677811,-72.14516497
55.1,-63.19734674,-72.12902052
55.11,-63.17791506,-72.11288016
55.12,-63.15847067,-72.09675325
55.13,-63.13902555,-72.08063871
55.14,-63.11957385,-72.06453382
55.15,-63.10011458,-72.04843576
55.16,-63.08064814,-72.03234261
55.17,-63.06116867,-72.01625754
55.18,-63.04168925,-72.00018093
55.19,-63.0222022,-71.98412073
55.2,-63.00270821,-71.9680616
55.21,-62.98320129,-71.952014
55.22,-62.96368822,-71.93597077
55.23,-62.94416713,-71.91993915
55.24,-62.9246315,-71.90391353
55.25,-62.90509678,-71.8878995
55.26,-62.88554771,-71.87189115
55.27,-62.86599169,-71.85589105
55.28,-62.84642939,-71.83989744
55.29,-62.82685278,-71.8239173
55.3,-62.80725538,-71.80794297
55.31,-62.78765754,-71.79197778
55.32,-62.76804579,-71.77601762
55.33,-62.74842016,-71.76006389
55.34,-62.72878802,-71.74411749
55.35,-62.70914069,-71.72817495
55.36,-62.68948017,-71.71224851
55.37,-62.66981953,-71.69632888
55.38,-62.65013876,-71.68041004
55.39,-62.63044974,-71.66451225
55.4,-62.6107477,-71.64861654
55.41,-62.59103194,-71.63273653
55.42,-62.57130131,-71.61685276
55.43,-62.55155626,-71.60098179
55.44,-62.53179762,-71.58511824
55.45,-62.51202487,-71.56925973
55.46,-62.49223793,-71.55340729
55.47,-62.47243105,-71.53756802
55.48,-62.45261634,-71.52173661
55.49,-62.43278807,-71.50590962
55.5,-62.41293819,-71.49009639
55.51,-62.39307507,-71.47428829
55.52,-62.37319667,-71.45848638
55.53,-62.35329809,-71.44268595
55.54,-62.33337928,-71.42689361
55.55,-62.31345217,-71.41110734
55.56,-62.29350378,-71.39533241
55.57,-62.27353561,-71.37955518
55.58,-62.25355246,-71.36380081
55.59,-62.23354801,-71.34803903
55.6,-62.21352923,-71.33228777
55.61,-62.19348325,-71.31654827
55.62,-62.17341682,-71.30081034
55.63,-62.15333492,-71.28508268
55.64,-62.13323287,-71.26936305
55.65,-62.11310871,-71.25364816
55.66,-62.0929641,-71.23793996
55.67,-62.07279725,-71.22223563
55.68,-62.05261018,-71.2065413
55.69,-62.03240159,-71.19085263
55.7,-62.01216487,-71.17516599
55.71,-61.99191355,-71.15948513
55.72,-61.97164151,-71.14381152
55.73,-61.95134177,-71.12814503
55.74,-61.93101359,-71.11248336
55.75,-61.91066403,-71.09683109
55.76,-61.89029399,-71.08118346
55.77,-61.86989494,-71.0655431
55.78,-61.84946834,-71.04990565
55.79,-61.8290134,-71.03427284
55.8,-61.80853683,-71.01864439
55.81,-61.78803495,-71.00302136
55.82,-61.76750572,-70.98740017
55.83,-61.74694811,-70.97178567
55.84,-61.72635583,-70.95617641
55.85,-61.70573852,-70.94056682
55.86,-61.68509545,-70.92496449
55.87,-61.66442105,-70.90937298
55.88,-61.64371542,-70.8937776
55.89,-61.62298045,-70.87819067
55.9,-61.60221101,-70.8626093
55.91,-61.58141281,-70.84702599
55.92,-61.56057943,-70.8314498
55.93,-61.53971757,-70.81587887
55.94,-61.518821,-70.8003144
55.95,-61.49788869,-70.7847427
55.96,-61.47692461,-70.7691852
55.97,-61.45592489,-70.75363287
55.98,-61.43488963,-70.73808067
55.99,-61.41381928,-70.72252502
56,-61.39271341,-70.70697807
56.01,-61.37157236,-70.69143408
56.02,-61.3503952,-70.67589914
56.03,-61.32917242,-70.66036485
56.04,-61.30791372,-70.64483125
56.05,-61.28661646,-70.62929534
56.06,-61.26527795,-70.61376657
56.07,-61.24390561,-70.59823197
56.08,-61.22248835,-70.58270638
56.09,-61.20103411,-70.56718363
56.1,-61.17952843,-70.55165791
56.11,-61.15798673,-70.53613536
56.12,-61.13639884,-70.52062117
56.13,-61.1147652,-70.50510503
56.14,-61.09308846,-70.48958654
56.15,-61.07136328,-70.47406797
56.16,-61.04959039,-70.45854788
56.17,-61.02777509,-70.44302559
56.18,-61.00591098,-70.42751347
56.19,-60.98400006,-70.4120039
56.2,-60.9620366,-70.39648693
56.21,-60.9400266,-70.38097156
56.22,-60.9179595,-70.3654622
56.23,-60.89584401,-70.34994473
56.24,-60.87367678,-70.33443486
56.25,-60.85145776,-70.31891617
56.26,-60.82918481,-70.30339741
56.27,-60.80685203,-70.28787644
56.28,-60.78446637,-70.27236042
56.29,-60.76202576,-70.25684093
56.3,-60.7395264,-70.24132536
56.31,-60.71697009,-70.22580085
56.32,-60.69435988,-70.2102717
56.33,-60.67168638,-70.1947405
56.34,-60.64895542,-70.17921856
56.35,-60.62615397,-70.16368303
56.36,-60.60329156,-70.14814737
56.37,-60.58036802,-70.13261086
56.38,-60.55738193,-70.11707326
56.39,-60.5343244,-70.1015257
56.4,-60.51120333,-70.08598768
56.41,-60.48801044,-70.07044284
56.42,-60.46475695,-70.05489018
56.43,-60.4414297,-70.03933179
56.44,-60.41803457,-70.02377101
56.45,-60.39456808,-70.00820246
56.46,-60.3710229,-69.99263231
56.47,-60.3474077,-69.97705188
56.48,-60.32371649,-69.9614723
56.49,-60.29994526,-69.94588479
56.5,-60.27609899,-69.9302943
56.51,-60.25217996,-69.9146917
56.52,-60.22817676,-69.89908185
56.53,-60.20409229,-69.88346933
56.54,-60.17992895,-69.8678494
56.55,-60.15568358,-69.85222872
56.56,-60.13134655,-69.83659738
56.57,-60.10692033,-69.82095519
56.58,-60.08241532,-69.80530857
56.59,-60.05782202,-69.7896554
56.6,-60.03313265,-69.77399108
56.61,-60.00835075,-69.75831763
56.62,-59.98347551,-69.74263669
56.63,-59.95850806,-69.72694342
56.64,-59.9334347,-69.71124274
56.65,-59.90826822,-69.69553222
56.66,-59.88300217,-69.67980891
56.67,-59.85763389,-69.66407954
56.68,-59.83216465,-69.64834114
56.69,-59.80659214,-69.63259212
56.7,-59.78091633,-69.61682749
56.71,-59.75513119,-69.60105503
56.72,-59.72923543,-69.58526691
56.73,-59.70323545,-69.56946754
56.74,-59.6771187,-69.55365619
56.75,-59.65088568,-69.53783459
56.76,-59.62453834,-69.52199348
56.77,-59.59807296,-69.50614113
56.78,-59.57148687,-69.49027337
56.79,-59.54477947,-69.47439275
56.8,-59.51794413,-69.45849515
56.81,-59.49098374,-69.44257671
56.82,-59.4638933,-69.42665105
56.83,-59.4366728,-69.41069998
56.84,-59.40931777,-69.3947385
56.85,-59.3818311,-69.37876284
56.86,-59.35420605,-69.36277057
56.87,-59.32644451,-69.34675736
56.88,-59.29854453,-69.33073053
56.89,-59.27049885,-69.31468677
56.9,-59.24230084,-69.29862435
56.91,-59.21395974,-69.28254216
56.92,-59.18546571,-69.26643499
56.93,-59.15681284,-69.25031376
56.94,-59.12800813,-69.23417202
56.95,-59.09904405,-69.21800145
56.96,-59.06992052,-69.2018079
56.97,-59.0406286,-69.1855889
56.98,-59.01116957,-69.16935695
56.99,-58.98153662,-69.1530965
57,-58.95173617,-69.13681163
57.01,-58.92175773,-69.1205076
57.02,-58.89159171,-69.10416848
57.03,-58.86124374,-69.08780732
57.04,-58.83071425,-69.071427
57.05,-58.79999506,-69.05501969
57.06,-58.76908065,-69.03858331
57.07,-58.7379683,-69.02211963
57.08,-58.70665877,-69.00562637
57.09,-58.67514394,-68.9891027
57.1,-58.6434243,-68.97254825
57.11,-58.611492,-68.95596957
57.12,-58.57934608,-68.93935856
57.13,-58.54697461,-68.92271051
57.14,-58.51438753,-68.90603848
57.15,-58.48156908,-68.88933003
57.16,-58.44851708,-68.87257911
57.17,-58.41523296,-68.85579872
57.18,-58.38171037,-68.83898564
57.19,-58.34793887,-68.82213782
57.2,-58.31391835,-68.80524884
57.21,-58.2796386,-68.78832832
57.22,-58.24510255,-68.77136374
57.23,-58.21030341,-68.75436537
57.24,-58.17523679,-68.73733036
57.25,-58.13989651,-68.72024994
57.26,-58.10427891,-68.70313269
57.27,-58.06837395,-68.68596625
57.28,-58.03217111,-68.66875628
57.29,-57.99567474,-68.65150594
57.3,-57.95887996,-68.63420821
57.31,-57.92176961,-68.61686943
57.32,-57.88435312,-68.59948314
57.33,-57.84660989,-68.58204949
57.34,-57.80854261,-68.56456991
57.35,-57.77013814,-68.54703377
57.36,-57.73139504,-68.52944965
57.37,-57.69230172,-68.51181517
57.38,-57.6528523,-68.49412587
57.39,-57.6130428,-68.47638626
57.4,-57.57285787,-68.45858822
57.41,-57.53229944,-68.44073348
57.42,-57.49135781,-68.42283036
57.43,-57.45001775,-68.40486597
57.44,-57.40827371,-68.38684076
57.45,-57.36612042,-68.36874945
57.46,-57.32355105,-68.35060472
57.47,-57.28054578,-68.33239782
57.48,-57.23710332,-68.31412185
57.49,-57.19321054,-68.29577883
57.5,-57.1488598,-68.27736911
57.51,-57.10403997,-68.25889085
57.52,-57.0587415,-68.24034199
57.53,-57.01295307,-68.22172418
57.54,-56.96666389,-68.2030327
57.55,-56.91986617,-68.18426524
57.56,-56.87254146,-68.16542296
57.57,-56.82468369,-68.14650223
57.58,-56.77627665,-68.12750555
57.59,-56.72730579,-68.10842706
57.6,-56.67776018,-68.08926461
57.61,-56.62762573,-68.07002068
57.62,-56.57689296,-68.05069474
57.63,-56.5255464,-68.03127317
57.64,-56.47356518,-68.01176299
57.65,-56.42093551,-67.9921639
57.66,-56.36765027,-67.97247189
57.67,-56.3136846,-67.95268491
57.68,-56.25902497,-67.93279296
57.69,-56.20365246,-67.91279832
57.7,-56.1475506,-67.89270544
57.71,-56.0906981,-67.87251841
57.72,-56.0330778,-67.85221835
57.73,-55.9746721,-67.83181224
57.74,-55.91546189,-67.81129787
57.75,-55.85542747,-67.79066526
57.76,-55.7945377,-67.7699168
57.77,-55.73277801,-67.74904962
57.78,-55.67012637,-67.72807035
57.79,-55.60655729,-67.70695719
57.8,-55.54204536,-67.68571854
57.81,-55.47656471,-67.66435228
57.82,-55.41009197,-67.64285407
57.83,-55.34259091,-67.62122079
57.84,-55.27404675,-67.59945697
57.85,-55.20442268,-67.5775509
57.86,-55.13369213,-67.55549463
57.87,-55.06182232,-67.53329009
57.88,-54.98877762,-67.51093493
57.89,-54.91452911,-67.48842242
57.9,-54.83903893,-67.46575513
57.91,-54.76227206,-67.44292554
57.92,-54.68419574,-67.41992665
57.93,-54.60476494,-67.39676209
57.94,-54.52394683,-67.37341911
57.95,-54.44169739,-67.34990356
57.96,-54.35796703,-67.32620489
57.97,-54.27271853,-67.30232296
57.98,-54.18590586,-67.27824663
57.99,-54.09747532,-67.25397197
58,-54.00737761,-67.22950184
58.01,-53.91556267,-67.20483224
58.02,-53.82197571,-67.17994837
58.03,-53.72655827,-67.15484829
58.04,-53.6292561,-67.12952541
58.05,-53.53000307,-67.10397742
58.06,-53.42874282,-67.07820067
58.07,-53.32540577,-67.05219016
58.08,-53.21992233,-67.02592703
58.09,-53.11221542,-66.99941421
58.1,-53.002216,-66.97264737
58.11,-52.88984599,-66.94561501
58.12,-52.77502192,-66.91831225
58.13,-52.65766489,-66.89073578
58.14,-52.53768381,-66.86287235
58.15,-52.41498492,-66.83471776
58.16,-52.2894688,-66.80625593
58.17,-52.16103418,-66.77748802
58.18,-52.02958687,-66.74840255
58.19,-51.89500597,-66.71899339
58.2,-51.75717958,-66.68925227
58.21,-51.61599105,-66.65915977
58.22,-51.47131076,-66.62871444
58.23,-51.32300951,-66.59791189
58.24,-51.17094626,-66.56672904
58.25,-51.01497927,-66.53516659
58.26,-50.85495819,-66.50320736
58.27,-50.69072631,-66.47083678
58.28,-50.52211226,-66.43805124
58.29,-50.3489445,-66.40482947
58.3,-50.17104257,-66.37116453
58.31,-49.98821702,-66.33704225
58.32,-49.80026244,-66.30244701
58.33,-49.60696514,-66.26736906
58.34,-49.40810576,-66.2317846
58.35,-49.20345653,-66.19569177
58.36,-48.99277053,-66.15905218
58.37,-48.77579222,-66.12186797
58.38,-48.55224858,-66.08411233
58.39,-48.32186001,-66.04577189
58.4,-48.0843289,-66.00682452
58.41,-47.83934072,-65.96725393
58.42,-47.58656237,-65.92703519
58.43,-47.32565326,-65.88614538
58.44,-47.05623887,-65.84457171
58.45,-46.77794429,-65.8022787
58.46,-46.49036231,-65.75924059
58.47,-46.19306968,-65.71544299
58.48,-45.88561368,-65.67084879
58.49,-45.56753187,-65.62544405
58.5,-45.23832035,-65.57918917
58.51,-44.89746767,-65.53205268
58.52,-44.54442555,-65.48400167
58.53,-44.17861669,-65.43500027
58.54,-43.79943766,-65.3850218
58.55,-43.40626053,-65.33402391
58.56,-42.99841462,-65.28196149
58.57,-42.5752062,-65.22880132
58.58,-42.13590224,-65.17449981
58.59,-41.6797435,-65.11900786
58.6,-41.20592696,-65.06228173
58.61,-40.71362226,-65.0042734
58.62,-40.20196342,-64.94493182
58.63,-39.67004588,-64.8841924
58.64,-39.11693351,-64.82200418
58.65,-38.54166104,-64.75830158
58.66,-37.94322787,-64.69302232
58.67,-37.3206024,-64.62608965
58.68,-36.67273441,-64.55745042
58.69,-35.99854752,-64.48701787
58.7,-35.29695607,-64.41471126
58.71,-34.56685688,-64.34043944
58.72,-33.80715307,-64.26412258
58.73,-33.01675914,-64.18566365
58.74,-32.1946033,-64.10495142
58.75,-31.33965409,-64.02188805
58.76,-30.4509298,-63.936358
58.77,-29.52751753,-63.84825093
58.78,-28.56859978,-63.75742127
58.79,-27.57347634,-63.66374846
58.8,-26.54158707,-63.56709102
58.81,-25.47254539,-63.46728727
58.82,-24.36617395,-63.36417314
58.83,-23.22253333,-63.25758262
58.84,-22.04196439,-63.14733145
58.85,-20.82512607,-63.03323062
58.86,-19.57303351,-62.9150648
58.87,-18.28709931,-62.79261748
58.88,-16.9691617,-62.66564927
58.89,-15.62151545,-62.53391443
58.9,-14.24694392,-62.39714698
58.91,-12.84872579,-62.25505877
58.92,-11.43063877,-62.10735026
58.93,-9.996960461,-61.95370243
58.94,-8.552436825,-61.7937634
58.95,-7.102240193,-61.62717782
58.96,-5.651924209,-61.45354919
58.97,-4.207341924,-61.27246443
58.98,-2.774564545,-61.08348313
58.99,-1.359780782,-60.88613021
59,0.03080307098,-60.67990682
59.01,1.391088854,-60.46427796
59.02,2.715183946,-60.23868227
59.03,3.997516374,-60.00250969
59.04,5.232928316,-59.75511507
59.05,6.41677119,-59.4958194
59.06,7.54496394,-59.22389227
59.07,8.614045618,-58.93855981
59.08,9.621215734,-58.63900507
59.09,10.56433007,-58.32434887
59.1,11.44190491,-57.993668
59.11,12.25308809,-57.64597469
59.12,12.9976211,-57.28021778
59.13,13.67579329,-56.89527639
59.14,14.28837726,-56.48997256
59.15,14.83657411,-56.06304275
59.16,15.32194939,-55.61314562
59.17,15.74636708,-55.13885054
59.18,16.11192172,-54.63864036
59.19,16.42089652,-54.11089258
59.2,16.67569179,-53.55387835
59.21,16.8787936,-52.96575905
59.22,17.03273077,-52.34456811
59.23,17.14003832,-51.68820652
59.24,17.20322594,-50.99443882
59.25,17.22475993,-50.26086749
59.26,17.2070452,-49.48493495
59.27,17.15240197,-48.6639093
59.28,17.0630617,-47.79487446
59.29,16.94117098,-46.87470121
59.3,16.78877215,-45.90005806
59.31,16.6078132,-44.86738539
59.32,16.40013495,-43.77289475
59.33,16.1674733,-42.61255425
59.34,15.911475,-41.38209501
59.35,15.63369489,-40.07700976
59.36,15.33559545,-38.69255448
59.37,15.01854933,-37.22379864
59.38,14.68385406,-35.66563289
59.39,14.3327242,-34.01285927
59.4,13.96629984,-32.26026063
59.41,13.58565446,-30.4027377
59.42,13.19178991,-28.43546656
59.43,12.78565797,-26.35413867
59.44,12.36814076,-24.15524133
59.45,11.94007563,-21.83642797
59.46,11.50224171,-19.39695803
59.47,11.05538202,-16.83821201
59.48,10.60018091,-14.16427061
59.49,10.13729248,-11.38252374
59.5,9.667326048,-8.504244566
59.51,9.190856044,-5.545080799
59.52,8.708427354,-2.525343806
59.53,8.220539812,0.5299868493
59.54,7.727672944,3.591643638
59.55,7.230284303,6.626895719
59.56,6.728795997,9.60083076
59.57,6.223606955,12.47801878
59.58,5.71508985,15.22441463
59.59,5.203603349,17.80931261
59.6,4.689473011,20.20708412
59.61,4.173017154,22.39850986
59.62,3.654532474,24.37154954
59.63,3.134296257,26.12146419
59.64,2.61256431,27.65033936
59.65,2.089584375,28.96613783
59.66,1.565586913,30.08143917
59.67,1.040792733,31.01206201
59.68,0.5154113279,31.77570449
59.69,-0.01036619323,32.390755
59.7,-0.5363549533,32.87533578
59.71,-1.062388344,33.24659713
59.72,-1.588302286,33.52025069
59.73,-2.113946146,33.71033115
59.74,-2.639172694,33.82909366
59.75,-3.163851623,33.88707118
59.76,-3.687853742,33.89318501
59.77,-4.211060276,33.85490212
59.78,-4.733362455,33.77842345
59.79,-5.254657914,33.66887018
59.8,-5.774853872,33.5304458
59.81,-6.293854424,33.36660947
59.82,-6.811580125,33.18019339
59.83,-7.327946242,32.97352236
59.84,-7.842887504,32.74852685
59.85,-8.356330197,32.50679365
59.86,-8.868208867,32.24967211
59.87,-9.3784739,31.97828958
59.88,-9.887071972,31.69361199
59.89,-10.39395315,31.3964588
59.9,-10.89907427,31.08756037
59.91,-11.40239274,30.76755045
59.92,-11.90387301,30.43699408
59.93,-12.40348035,30.09640591
59.94,-12.90118656,29.74625365
59.95,-13.39695718,29.3869599
59.96,-13.89077598,29.01892275
59.97,-14.38261813,28.64251408
59.98,-14.87246841,28.25809033
59.99,-15.36030985,27.86597468
60,-15.84612757,27.46648548
60.01,-16.32991086,27.05993366
60.02,-16.81165051,26.64659786
60.03,-17.29133877,26.22676663
60.04,-17.76897131,25.80070645
60.05,-18.24455026,25.36867973
60.06,-18.7180689,24.93093529
60.07,-19.18953242,24.48772942
60.08,-19.65893754,24.03929744
60.09,-20.12628526,23.5858727
60.1,-20.59158406,23.12768139
60.11,-21.05484543,22.66494928
60.12,-21.5160816,22.19789002
60.13,-21.97529508,21.7267132
60.14,-22.43250515,21.25162756
60.15,-22.88772559,20.77283666
60.16,-23.34097227,20.29052552
60.17,-23.79226167,19.80488575
60.18,-24.2416104,19.31610358
60.19,-24.68904358,18.82435797
60.2,-25.13457639,18.32982617
60.21,-25.57822693,17.83268053
60.22,-26.02003392,17.33308491
60.23,-26.46001391,16.8312032
60.24,-26.89819571,16.32718957
60.25,-27.33460456,15.82119675
60.26,-27.76928032,15.31337206
60.27,-28.20225199,14.80385769
60.28,-28.6335549,14.29279294
60.29,-29.06321953,13.78031125
60.3,-29.49128559,13.26654492
60.31,-29.91779257,12.75161893
60.32,-30.34278715,12.23565671
60.33,-30.76630601,11.71877409
60.34,-31.18840199,11.20108857
60.35,-31.60910707,10.68270652
60.36,-32.02847969,10.16373525
60.37,-32.44656751,9.644278288
60.38,-32.86341826,9.124434683
60.39,-33.27908899,8.604300302
60.4,-33.69363372,8.083963353
60.41,-34.10711283,7.563511468
60.42,-34.5195835,7.043025931
60.43,-34.93111108,6.522585816
60.44,-35.3417559,6.002272306
60.45,-35.75158433,5.482162034
60.46,-36.160664,4.962321488
60.47,-36.56906055,4.442819949
60.48,-36.97684908,3.923724414
60.49,-37.38409586,3.405089105
60.5,-37.79088318,2.88698242
60.51,-38.1972776,2.369455535
60.52,-38.60336831,1.852561358
60.53,-39.00922923,1.336347202
60.54,-39.41493392,0.8208667552
60.55,-39.820574,0.3061609883
60.56,-40.22622638,-0.2077294664
60.57,-40.63198414,-0.7207566685
60.58,-41.03792934,-1.232890582
60.59,-41.4441479,-1.744090049
60.6,-41.85073638,-2.254325204
60.61,-42.25777545,-2.763571505
60.62,-42.66535225,-3.271791911
60.63,-43.07356097,-3.778960289
60.64,-43.48249144,-4.28505473
60.65,-43.89222686,-4.7900551
60.66,-44.30286837,-5.293941182
60.67,-44.71449651,-5.796694741
60.68,-45.12719525,-6.298298832
60.69,-45.54104957,-6.798730184
60.7,-45.95615084,-7.297984718
60.71,-46.37257619,-7.796041342
60.72,-46.79040541,-8.292893764
60.73,-47.20971549,-8.788533587
60.74,-47.63057921,-9.282957609
60.75,-48.05305834,-9.77615952
60.76,-48.47722966,-10.26813277
60.77,-48.90314941,-10.75888011
60.78,-49.33086873,-11.24839451
60.79,-49.76043475,-11.73668266
60.8,-50.19188976,-12.22374142
60.81,-50.62527233,-12.70957841
60.82,-51.06059396,-13.19419561
60.83,-51.49788055,-13.67760222
60.84,-51.93713215,-14.15980247
60.85,-52.37834116,-14.64080655
60.86,-52.82149214,-15.12062819
60.87,-53.26655159,-15.59927782
60.88,-53.71348281,-16.07677045
60.89,-54.16222032,-16.55312077
60.9,-54.61268649,-17.028341
60.91,-55.06480276,-17.50245261
60.92,-55.51845471,-17.97547021
60.93,-55.9735209,-18.44741877
60.94,-56.42986057,-18.91832031
60.95,-56.8872988,-19.38819826
60.96,-57.34566649,-19.85707702
60.97,-57.80476007,-20.32498339
60.98,-58.2643559,-20.79194611
60.99,-58.72421477,-21.25800363
61,-59.1840737,-21.72318384
61.01,-59.64364397,-22.1875237
61.02,-60.10262062,-22.65106507
61.03,-60.56068186,-23.11383969
61.04,-61.01748468,-23.57589438
61.05,-61.47267586,-24.03727376
61.06,-61.9258799,-24.49802595
61.07,-62.37670552,-24.95820022
61.08,-62.82475286,-25.4178544
61.09,-63.26961157,-25.87704451
61.1,-63.71086144,-26.33582941
61.11,-64.14806135,-26.79426918
61.12,-64.58079742,-27.25243161
61.13,-65.00863724,-27.71037981
61.14,-65.43114968,-28.1682001
61.15,-65.84790442,-28.62596327
61.16,-66.25850446,-29.08375199
61.17,-66.66254204,-29.5416512
61.18,-67.05963285,-29.99975619
61.19,-67.44941607,-30.45816578
61.2,-67.83153525,-30.91698146
61.21,-68.20567888,-31.37630836
61.22,-68.57154659,-31.83625448
61.23,-68.92887703,-32.29694563
61.24,-69.27742875,-32.75850337
61.25,-69.61700136,-33.22106087
61.26,-69.94741271,-33.68475698
61.27,-70.2685259,-34.14973312
61.28,-70.58023529,-34.61613762
61.29,-70.88246335,-35.08413455
61.3,-71.17516842,-35.55388778
61.31,-71.45834357,-36.0255731
61.32,-71.73202201,-36.49937733
61.33,-71.99623604,-36.97548448
61.34,-72.25106243,-37.45409603
61.35,-72.49660641,-37.93541621
61.36,-72.73300082,-38.41966446
61.37,-72.96039181,-38.90706404
61.38,-73.17893879,-39.39785028
61.39,-73.38883189,-39.89226864
61.4,-73.59026868,-40.39056524
61.41,-73.78346757,-40.89300553
61.42,-73.96862583,-41.39985966
61.43,-74.14599014,-41.91140077
61.44,-74.31578717,-42.42791852
61.45,-74.47826259,-42.94970668
61.46,-74.63365606,-43.47705983
61.47,-74.78221942,-44.01029083
61.48,-74.92417981,-44.54971195
61.49,-75.05978453,-45.0956381
61.5,-75.18927648,-45.64839174
61.51,-75.31288803,-46.20829112
61.52,-75.43084743,-46.7756516
61.53,-75.5433837,-47.35079247
61.54,-75.65071468,-47.93403319
61.55,-75.75306077,-48.52566948
61.56,-75.85062702,-49.12599436
61.57,-75.9436189,-49.73529256
61.58,-76.03221844,-50.35381349
61.59,-76.11663043,-50.98179778
61.6,-76.19702436,-51.61944115
61.61,-76.27357026,-52.26692578
61.62,-76.3464468,-52.92437289
61.63,-76.4158056,-53.59185682
61.64,-76.48180279,-54.26940721
61.65,-76.54457689,-54.95697399
61.66,-76.60427182,-55.65444548
61.67,-76.66101941,-56.36162324
61.68,-76.71495087,-57.07821051
61.69,-76.7661911,-57.80382359
61.7,-76.81484732,-58.53795312
61.71,-76.86103547,-59.2799748
61.72,-76.90486306,-60.02914445
61.73,-76.94642249,-60.784573
61.74,-76.98580974,-61.5452294
61.75,-77.02312409,-62.30993902
61.76,-77.05844609,-63.07737754
61.77,-77.09186186,-63.84607163
61.78,-77.12344691,-64.6144169
61.79,-77.15327382,-65.38065642
61.8,-77.18140983,-66.14293145
61.81,-77.20793356,-66.89925583
61.82,-77.23289838,-67.64758751
61.83,-77.25637042,-68.38579397
61.84,-77.27842041,-69.11173969
61.85,-77.29908672,-69.82326957
61.86,-77.31842927,-70.51829981
61.87,-77.33649658,-71.19479762
61.88,-77.35333588,-71.85086884
61.89,-77.36899216,-72.4847511
61.9,-77.38350766,-73.09487564
61.91,-77.39693013,-73.67987843
61.92,-77.40929394,-74.23864786
61.93,-77.42063627,-74.77030877
61.94,-77.43099299,-75.27425671
61.95,-77.44039735,-75.75016031
61.96,-77.44887914,-76.19792688
61.97,-77.45647978,-76.61772719
61.98,-77.46322003,-77.00995132
61.99,-77.46912423,-77.37521247
62,-77.47422446,-77.71428785
62.01,-77.47853787,-78.02811716
62.02,-77.48209901,-78.31776238
62.03,-77.48493541,-78.58437672
62.04,-77.48706211,-78.82918588
62.05,-77.4885007,-79.05346382
62.06,-77.4892786,-79.25848254
62.07,-77.48941297,-79.44553815
62.08,-77.48891574,-79.61589742
62.09,-77.48781098,-79.77078815
62.1,-77.48611867,-79.91140744
62.11,-77.4838519,-80.03889119
62.12,-77.4810278,-80.15431703
62.13,-77.47767538,-80.25870288
62.14,-77.47379966,-80.35301082
62.15,-77.46940452,-80.43812514
62.16,-77.46451658,-80.51485708
62.17,-77.45915888,-80.58398032
62.18,-77.45333801,-80.64620207
62.19,-77.44706682,-80.70215941
62.2,-77.44037081,-80.75244337
62.21,-77.43326115,-80.79758385
62.22,-77.42574141,-80.83807091
62.23,-77.41783107,-80.87435756
62.24,-77.40954026,-80.90684043
62.25,-77.40088763,-80.93587372
62.26,-77.39187504,-80.96180449
62.27,-77.38252489,-80.98492481
62.28,-77.37285195,-81.00550946
62.29,-77.36285578,-81.02378989
62.3,-77.35255655,-81.03999762
62.31,-77.3419574,-81.05432258
62.32,-77.33108475,-81.06694881
62.33,-77.31992476,-81.07803179
62.34,-77.30850941,-81.0877288
62.35,-77.29683728,-81.09615831
62.36,-77.28492691,-81.10344572
62.37,-77.27278273,-81.1096933
62.38,-77.26041083,-81.11500425
62.39,-77.24783177,-81.11945448
62.4,-77.23503317,-81.12312748
62.41,-77.22204072,-81.12609115
62.42,-77.20885119,-81.12841041
62.43,-77.1954774,-81.13013826
62.44,-77.18192603,-81.13133328
62.45,-77.16821364,-81.1320382
62.46,-77.15432991,-81.13230091
62.47,-77.14029172,-81.1321544
62.48,-77.12610516,-81.13163341
62.49,-77.11177134,-81.13077616
62.5,-77.09729002,-81.12959234
62.51,-77.08268348,-81.12813018
62.52,-77.06794235,-81.12639719
62.53,-77.05307778,-81.12442487
62.54,-77.03809363,-81.12223089
62.55,-77.0229903,-81.11982983
62.56,-77.00778388,-81.11723605
62.57,-76.99246685,-81.11445888
62.58,-76.97704542,-81.111521
62.59,-76.96152743,-81.10843206
62.6,-76.94591486,-81.10519717
62.61,-76.93021146,-81.10182681
62.62,-76.91441882,-81.09834505
62.63,-76.89854404,-81.09474435
62.64,-76.88258042,-81.09103303
62.65,-76.86653705,-81.0872225
62.66,-76.85042504,-81.08332338
62.67,-76.83423276,-81.07933053
62.68,-76.81796627,-81.07526558
62.69,-76.80163234,-81.0711057
62.7,-76.78523069,-81.06687673
62.71,-76.76876501,-81.06257679
62.72,-76.75223,-81.05820806
62.73,-76.73563756,-81.05377429
62.74,-76.71898419,-81.04927746
62.75,-76.70227358,-81.04472361
62.76,-76.68550356,-81.04011398
62.77,-76.66867498,-81.03545286
62.78,-76.65179584,-81.03073676
62.79,-76.63486259,-81.02597073
62.8,-76.61787954,-81.02116211
62.81,-76.60085213,-81.01630764
62.82,-76.58376608,-81.01141012
62.83,-76.5666299,-81.00646175
62.84,-76.54945075,-81.00147381
62.85,-76.53222722,-80.99644557
62.86,-76.51496658,-80.9913742
62.87,-76.49765582,-80.98626581
62.88,-76.48030204,-80.98111671
62.89,-76.46290458,-80.97593282
62.9,-76.44545818,-80.97071193
62.91,-76.42798104,-80.96545651
62.92,-76.41045561,-80.96016611
62.93,-76.39289411,-80.95483948
62.94,-76.37529808,-80.94947797
62.95,-76.35765845,-80.94408017
62.96,-76.33997723,-80.93864925
62.97,-76.32226149,-80.93318366
62.98,-76.30452362,-80.92768663
62.99,-76.28674302,-80.92215825
63,-76.26892171,-80.91659443
63.01,-76.25106644,-80.91100339
63.02,-76.23317586,-80.90537518
63.03,-76.21525774,-80.89972348
63.04,-76.1973042,-80.89403476
63.05,-76.17931801,-80.88831536
63.06,-76.16129723,-80.8825676
63.07,-76.14324331,-80.87677916
63.08,-76.1251544,-80.87097467
63.09,-76.10703251,-80.86513091
63.1,-76.08887479,-80.85926078
63.11,-76.07068551,-80.8533571
63.12,-76.05246848,-80.84742496
63.13,-76.03421841,-80.84146177
63.14,-76.01594456,-80.83546314
63.15,-75.9976364,-80.8294363
63.16,-75.97930111,-80.82338058
63.17,-75.9609338,-80.81729828
63.18,-75.94253353,-80.81117912
63.19,-75.92410773,-80.80503839
63.2,-75.90564822,-80.79886192
63.21,-75.88716503,-80.7926577
63.22,-75.86864905,-80.7864184
63.23,-75.8501083,-80.78015344
63.24,-75.83153343,-80.77385622
63.25,-75.81292813,-80.76752324
63.26,-75.7943041,-80.76116545
63.27,-75.77564745,-80.75477072
63.28,-75.75695926,-80.7483531
63.29,-75.73825495,-80.74190159
63.3,-75.71951779,-80.73542096
63.31,-75.70074892,-80.72890739
63.32,-75.68196363,-80.72236427
63.33,-75.66314653,-80.71578852
63.34,-75.64430458,-80.7091895
63.35,-75.62543327,-80.7025543
63.36,-75.60653719,-80.69588599
63.37,-75.58761715,-80.68918874
63.38,-75.56866708,-80.68247205
63.39,-75.54969147,-80.67571499
63.4,-75.53068584,-80.66892985
63.41,-75.51165296,-80.66210999
63.42,-75.49259418,-80.65525728
63.43,-75.47351176,-80.6483751
63.44,-75.45440615,-80.64146579
63.45,-75.43527135,-80.63452029
63.46,-75.41611996,-80.62754523
63.47,-75.39693093,-80.62054661
63.48,-75.3777344,-80.61350979
63.49,-75.35850083,-80.60644738
63.5,-75.33925135,-80.59934446
63.51,-75.3199719,-80.59221453
63.52,-75.3006776,-80.58505727
63.53,-75.28135238,-80.5778611
63.54,-75.26199952,-80.57063269
63.55,-75.24263102,-80.56337644
63.56,-75.22323302,-80.55608231
63.57,-75.20380606,-80.54876647
63.58,-75.18435802,-80.54141568
63.59,-75.16489553,-80.53402792
63.6,-75.14540757,-80.52660774
63.61,-75.12589337,-80.51916286
63.62,-75.10636438,-80.51168279
63.63,-75.08680647,-80.50417011
63.64,-75.06722735,-80.4966287
63.65,-75.04762034,-80.4890532
63.66,-75.02799168,-80.48143947
63.67,-75.00834889,-80.47379662
63.68,-74.98867068,-80.46611886
63.69,-74.968979,-80.45841037
63.7,-74.94926423,-80.45066789
63.71,-74.92952984,-80.44289228
63.72,-74.90976822,-80.43508812
63.73,-74.88998576,-80.42724632
63.74,-74.87018159,-80.41937206
63.75,-74.85036395,-80.41146057
63.76,-74.83051879,-80.40352336
63.77,-74.81065423,-80.39555238
63.78,-74.79076946,-80.38755008
63.79,-74.77086315,-80.37951261
63.8,-74.7509294,-80.371447
63.81,-74.73098448,-80.36334435
63.82,-74.71101158,-80.35520387
63.83,-74.69101919,-80.34703262
63.84,-74.67101309,-80.33882777
63.85,-74.65097982,-80.33059031
63.86,-74.63092706,-80.32231703
63.87,-74.61084848,-80.31400825
63.88,-74.59076429,-80.30567193
63.89,-74.57065881,-80.2972923
63.9,-74.55052127,-80.2888791
63.91,-74.53037819,-80.28043851
63.92,-74.51020827,-80.27196676
63.93,-74.49002644,-80.26345705
63.94,-74.46981715,-80.25491041
63.95,-74.44958952,-80.24633367
63.96,-74.42934372,-80.23772357
63.97,-74.40907932,-80.22907406
63.98,-74.38880034,-80.22038907
63.99,-74.36850431,-80.21167393
64,-74.34819115,-80.20292252
64.01,-74.32784944,-80.19413547
64.02,-74.30749168,-80.18532256
64.03,-74.28712023,-80.17646805
64.04,-74.26672495,-80.16757679
64.05,-74.24631694,-80.15865868
64.06,-74.22588399,-80.14970324
64.07,-74.2054403,-80.14070811
64.08,-74.18497723,-80.13168755
64.09,-74.16450433,-80.12262913
64.1,-74.1440056,-80.11353448
64.11,-74.12349589,-80.10440725
64.12,-74.10296112,-80.09524854
64.13,-74.08241518,-80.08605374
64.14,-74.0618513,-80.07682507
64.15,-74.04126391,-80.06756273
64.16,-74.02066515,-80.05826121
64.17,-74.00005597,-80.04892785
64.18,-73.97942163,-80.03955205
64.19,-73.95877743,-80.03015345
64.2,-73.93811571,-80.02070698
64.21,-73.91744279,-80.01123061
64.22,-73.89674649,-80.00171927
64.23,-73.87603958,-79.99217497
64.24,-73.85531472,-79.98258909
64.25,-73.83457229,-79.97297684
64.26,-73.81382102,-79.96333218
64.27,-73.79305279,-79.95365334
64.28,-73.77226733,-79.94393003
64.29,-73.75146525,-79.9341753
64.3,-73.73065176,-79.92437578
64.31,-73.70982201,-79.91454959
64.32,-73.6889825,-79.90468354
64.33,-73.66812589,-79.89479014
64.34,-73.64724786,-79.88485779
64.35,-73.62635948,-79.8748943
64.36,-73.60545994,-79.86489755
64.37,-73.58454535,-79.85486354
64.38,-73.56361481,-79.84478681
64.39,-73.54267423,-79.83468551
64.4,-73.52172255,-79.82454511
64.41,-73.50075683,-79.81436808
64.42,-73.47978124,-79.80415536
64.43,-73.45878273,-79.79390894
64.44,-73.43777504,-79.78362539
64.45,-73.41675191,-79.77330553
64.46,-73.39571931,-79.76295634
64.47,-73.37467086,-79.75257098
64.48,-73.35361284,-79.7421524
64.49,-73.33253317,-79.73169595
64.5,-73.31145188,-79.72120472
64.51,-73.29036078,-79.7106839
64.52,-73.26925499,-79.70012008
64.53,-73.24813349,-79.68952648
64.54,-73.22700215,-79.67888857
64.55,-73.20585564,-79.66822303
64.56,-73.18470172,-79.65752522
64.57,-73.16352569,-79.64678942
64.58,-73.14234846,-79.63600793
64.59,-73.12116117,-79.62519782
64.6,-73.09995189,-79.61435727
64.61,-73.07872949,-79.60347787
64.62,-73.05750502,-79.59256972
64.63,-73.03627121,-79.58161949
64.64,-73.01502361,-79.57062721
64.65,-72.99376798,-79.5596087
64.66,-72.97250348,-79.54855416
64.67,-72.95123191,-79.53746152
64.68,-72.92995207,-79.52633551
64.69,-72.90865144,-79.51517914
64.7,-72.88734908,-79.50398571
64.71,-72.86602577,-79.49275346
64.72,-72.84470175,-79.48149068
64.73,-72.82336159,-79.47019571
64.74,-72.80201638,-79.45886376
64.75,-72.78066186,-79.44749725
64.76,-72.75930036,-79.43610287
64.77,-72.73792374,-79.42466423
64.78,-72.71654155,-79.41319351
64.79,-72.6951511,-79.40168507
64.8,-72.67375262,-79.39014514
64.81,-72.65234778,-79.37857177
64.82,-72.63092842,-79.36696405
64.83,-72.60950262,-79.355326
64.84,-72.58806902,-79.34364683
64.85,-72.56662812,-79.33193539
64.86,-72.54517428,-79.32018007
64.87,-72.52371264,-79.30839771
64.88,-72.5022444,-79.29658453
64.89,-72.48077563,-79.28472787
64.9,-72.45929475,-79.2728519
64.91,-72.43781204,-79.26093316
64.92,-72.41632409,-79.24898125
64.93,-72.39481407,-79.23699737
64.94,-72.37329859,-79.22497672
64.95,-72.3517836,-79.2129234
64.96,-72.33026172,-79.20083764
64.97,-72.30873329,-79.18871708
64.98,-72.28719853,-79.17656533
64.99,-72.26565712,-79.16437864
65,-72.24410329,-79.15215218
65.01,-72.22254153,-79.13989387
65.02,-72.20097535,-79.12760845
65.03,-72.17941562,-79.11528747
65.04,-72.15783523,-79.10293476
65.05,-72.13626315,-79.09054165
65.06,-72.11467711,-79.07811403
65.07,-72.09308504,-79.06565493
65.08,-72.07149516,-79.05317048
65.09,-72.04989119,-79.04065066
65.1,-72.02828156,-79.02810078
65.11,-72.00666764,-79.01551346
65.12,-71.98504646,-79.00288739
65.13,-71.96341884,-78.99022685
65.14,-71.94180005,-78.97753722
65.15,-71.92016841,-78.96481814
65.16,-71.89853684,-78.95206196
65.17,-71.87689289,-78.93927851
65.18,-71.85525102,-78.92646499
65.19,-71.83361008,-78.9136143
65.2,-71.81195665,-78.90073393
65.21,-71.79030532,-78.88781811
65.22,-71.76864701,-78.87487353
65.23,-71.74698571,-78.86189769
65.24,-71.72531803,-78.84889346
65.25,-71.70364354,-78.83584506
65.26,-71.6819724,-78.82277127
65.27,-71.66029446,-78.80966486
65.28,-71.63861869,-78.79652133
65.29,-71.61694409,-78.78335225
65.3,-71.59526509,-78.77014943
65.31,-71.57357406,-78.75691163
65.32,-71.55188551,-78.74363954
65.33,-71.5301901,-78.73034183
65.34,-71.50849734,-78.71701826
65.35,-71.48680035,-78.70366042
65.36,-71.46510291,-78.69027048
65.37,-71.44340172,-78.67685114
65.38,-71.42169683,-78.66340058
65.39,-71.3999927,-78.64991986
65.4,-71.37828463,-78.63641091
65.41,-71.35657854,-78.62286555
65.42,-71.33486655,-78.60929078
65.43,-71.31315127,-78.595679
65.44,-71.29143713,-78.58204559
65.45,-71.26971927,-78.56838303
65.46,-71.24800267,-78.55469319
65.47,-71.22628126,-78.54096215
65.48,-71.20456938,-78.5272006
65.49,-71.18285333,-78.51341175
65.5,-71.1611325,-78.49959667
65.51,-71.1394152,-78.48575765
65.52,-71.11769297,-78.47187541
65.53,-71.09597261,-78.45797003
65.54,-71.07425488,-78.44403387
65.55,-71.05253308,-78.43007288
65.56,-71.03081434,-78.416076
65.57,-71.00909678,-78.40206158
65.58,-70.98737642,-78.38801324
65.59,-70.96565043,-78.37392725
65.6,-70.94392913,-78.35981199
65.61,-70.922209,-78.34567955
65.62,-70.90049107,-78.33151757
65.63,-70.87877119,-78.3173274
65.64,-70.85705357,-78.3031047
65.65,-70.83533821,-78.28885859
65.66,-70.81361199,-78.27458224
65.67,-70.79188885,-78.26027401
65.68,-70.77016921,-78.24594226
65.69,-70.74845931,-78.23158456
65.7,-70.7267452,-78.21719773
65.71,-70.70503413,-78.2027876
65.72,-70.68332659,-78.18833472
65.73,-70.66162058,-78.17386587
65.74,-70.63991181,-78.1593654
65.75,-70.61820665,-78.14482857
65.76,-70.5964978,-78.13027037
65.77,-70.57479902,-78.11568966
65.78,-70.55309688,-78.10108587
65.79,-70.53139817,-78.08645395
65.8,-70.5097024,-78.07179465
65.81,-70.4880095,-78.05710796
65.82,-70.46632005,-78.04239669
65.83,-70.44462815,-78.02765961
65.84,-70.42294597,-78.01289504
65.85,-70.40126657,-77.99811227
65.86,-70.37959093,-77.98329239
65.87,-70.35791231,-77.96845301
65.88,-70.33623777,-77.95359074
65.89,-70.31456585,-77.93870025
65.9,-70.29289868,-77.92378262
65.91,-70.27123412,-77.90884393
65.92,-70.24957428,-77.8938766
65.93,-70.22791101,-77.8788878
65.94,-70.20625672,-77.86387122
65.95,-70.1846004,-77.84883429
65.96,-70.1629616,-77.83377111
65.97,-70.1413138,-77.81868141
65.98,-70.11967624,-77.80356836
65.99,-70.09804152,-77.78842917
66,-70.0764119,-77.77326334
66.01,-70.05479247,-77.75808011
66.02,-70.03317051,-77.742875
66.03,-70.01155202,-77.72764017
66.04,-69.98993712,-77.71238399
66.05,-69.96832774,-77.6971064
66.06,-69.94672802,-77.68179822
66.07,-69.92512552,-77.66646805
66.08,-69.9035281,-77.6511205
66.09,-69.88194131,-77.63574322
66.1,-69.86035051,-77.620353
66.11,-69.83877093,-77.60493379
66.12,-69.8171907,-77.58949971
66.13,-69.79561979,-77.57403565
66.14,-69.77406056,-77.55855332
66.15,-69.752498,-77.54305538
66.16,-69.73093982,-77.52753
66.17,-69.70938698,-77.51197774
66.18,-69.68784539,-77.49641196
66.19,-69.66630797,-77.48082091
66.2,-69.64477436,-77.4652124
66.21,-69.62324607,-77.44957931
66.22,-69.60172151,-77.43392469
66.23,-69.58020859,-77.41824633
66.24,-69.55869861,-77.40254537
66.25,-69.53718757,-77.38682911
66.26,-69.51568831,-77.3710893
66.27,-69.49419933,-77.35533066
66.28,-69.47271598,-77.33955699
66.29,-69.45123683,-77.32375862
66.3,-69.42976184,-77.3079358
66.31,-69.408292,-77.29209469
66.32,-69.38682701,-77.276237
66.33,-69.365373,-77.26036269
66.34,-69.34393159,-77.2444697
66.35,-69.32248683,-77.22855846
66.36,-69.30106145,-77.21263125
66.37,-69.27963969,-77.19668349
66.38,-69.25822351,-77.18071428
66.39,-69.23680565,-77.1647263
66.4,-69.21539915,-77.14871682
66.41,-69.19400409,-77.1326897
66.42,-69.17261491,-77.11664928
66.43,-69.15123,-77.1005895
66.44,-69.12985626,-77.08451781
66.45,-69.10848078,-77.06842412
66.46,-69.08711677,-77.05231112
66.47,-69.06576594,-77.03618509
66.48,-69.04441991,-77.02004128
66.49,-69.02307867,-77.00387629
66.5,-69.00174196,-76.98769641
66.51,-68.98041753,-76.9714993
66.52,-68.95910527,-76.95528614
66.53,-68.93779036,-76.93905948
66.54,-68.91648808,-76.92281189
66.55,-68.89519168,-76.90655074
66.56,-68.87390649,-76.89027149
66.57,-68.85262463,-76.8739783
66.58,-68.83135635,-76.85766907
66.59,-68.81009462,-76.84134047
66.6,-68.78884282,-76.82499828
66.61,-68.76759808,-76.80864382
66.62,-68.74636438,-76.79227463
66.63,-68.72513643,-76.7758865
66.64,-68.70391419,-76.75948191
66.65,-68.68269649,-76.74306615
66.66,-68.66149186,-76.72663414
66.67,-68.64029241,-76.71019315
66.68,-68.61911096,-76.69373028
66.69,-68.59792883,-76.67725122
66.7,-68.57675905,-76.66076019
66.71,-68.55560048,-76.64425603
66.72,-68.53444839,-76.62774122
66.73,-68.51330787,-76.6112137
66.74,-68.49217383,-76.59467131
66.75,-68.47105225,-76.57811787
66.76,-68.44993557,-76.56155521
66.77,-68.42882526,-76.54497124
66.78,-68.40772681,-76.52837282
66.79,-68.38664102,-76.51176913
66.8,-68.36556758,-76.49514867
66.81,-68.34449965,-76.47851611
66.82,-68.32343033,-76.46187758
66.83,-68.30238015,-76.44521924
66.84,-68.28133499,-76.42855401
66.85,-68.26030285,-76.41187494
66.86,-68.23927641,-76.39518002
66.87,-68.21826324,-76.37847901
66.88,-68.19724815,-76.36177016
66.89,-68.17625269,-76.34504725
66.9,-68.15526312,-76.32831597
66.91,-68.1342857,-76.31157266
66.92,-68.11332205,-76.29481767
66.93,-68.09235699,-76.27804313
66.94,-68.0714047,-76.26126523
66.95,-68.05046509,-76.24447916
66.96,-68.02953668,-76.22768079
66.97,-68.00861458,-76.21087152
66.98,-67.98770679,-76.19405568
66.99,-67.96681132,-76.17722795
67,-67.94592113,-76.16038685
67.01,-67.92503733,-76.14353891
67.02,-67.90416556,-76.12668588
67.03,-67.88330025,-76.10981906
67.04,-67.86244139,-76.09293865
67.05,-67.84160107,-76.07605573
67.06,-67.82077395,-76.0591648
67.07,-67.79994686,-76.04226486
67.08,-67.77913842,-76.02535865
67.09,-67.75833629,-76.00844117
67.1,-67.73754762,-75.99151646
67.11,-67.71677062,-75.97458719
67.12,-67.6960005,-75.95764262
67.13,-67.67523617,-75.94069099
67.14,-67.65448523,-75.92373461
67.15,-67.63373951,-75.90677657
67.16,-67.61300785,-75.88980253
67.17,-67.59228211,-75.87282469
67.18,-67.57157582,-75.85583824
67.19,-67.5508691,-75.83884632
67.2,-67.53017447,-75.82185139
67.21,-67.50949331,-75.80484275
67.22,-67.48882584,-75.78782757
67.23,-67.46816446,-75.77080723
67.24,-67.44751675,-75.75378892
67.25,-67.42687444,-75.73675985
67.26,-67.40623827,-75.71973133
67.27,-67.38561559,-75.70269118
67.28,-67.36500545,-75.68564471
67.29,-67.34440175,-75.66858842
67.3,-67.32381134,-75.65153283
67.31,-67.30323428,-75.63447043
67.32,-67.2826631,-75.61740667
67.33,-67.26209801,-75.60033419
67.34,-67.24155317,-75.58326077
67.35,-67.22101475,-75.56617892
67.36,-67.20048993,-75.54909695
67.37,-67.17997122,-75.53200727
67.38,-67.15946709,-75.51490945
67.39,-67.13896778,-75.49781031
67.4,-67.1184824,-75.48070556
67.41,-67.09800285,-75.46359692
67.42,-67.07753654,-75.44648892
67.43,-67.05708362,-75.42937014
67.44,-67.03663685,-75.41225586
67.45,-67.01620316,-75.39513386
67.46,-66.99578297,-75.37801263
67.47,-66.97536973,-75.36088295
67.48,-66.95496387,-75.34374548
67.49,-66.93456451,-75.32660837
67.5,-66.91417775,-75.30946989
67.51,-66.89380999,-75.292334
67.52,-66.87344894,-75.2751936
67.53,-66.8530952,-75.25804684
67.54,-66.83275544,-75.24090335
67.55,-66.81242085,-75.22375592
67.56,-66.79209413,-75.20660717
67.57,-66.77178771,-75.18945438
67.58,-66.75149339,-75.17230459
67.59,-66.73120617,-75.15515328
67.6,-66.71092629,-75.1379968
67.61,-66.69065964,-75.12084253
67.62,-66.67039927,-75.10368282
67.63,-66.65015229,-75.08652237
67.64,-66.62990558,-75.06935895
67.65,-66.60967783,-75.05219366
67.66,-66.58945774,-75.03502761
67.67,-66.56925129,-75.01786734
67.68,-66.54905143,-75.00070395
67.69,-66.5288588,-74.98354054
67.7,-66.50867192,-74.9663711
67.71,-66.48850565,-74.94920284
67.72,-66.46833882,-74.93203694
67.73,-66.44818594,-74.91487412
67.74,-66.42805349,-74.89771076
67.75,-66.40791407,-74.88055125
67.76,-66.38778824,-74.86337961
67.77,-66.36768232,-74.84621598
67.78,-66.34758301,-74.82905011
67.79,-66.32749123,-74.81189151
67.8,-66.30741279,-74.79472918
67.81,-66.28733426,-74.77757151
67.82,-66.26726981,-74.76041213
67.83,-66.24721824,-74.74325159
67.84,-66.22717313,-74.72608821
67.85,-66.20714172,-74.70893573
67.86,-66.18711802,-74.69178263
67.87,-66.16710692,-74.67462309
67.88,-66.14710995,-74.6574664
67.89,-66.12711393,-74.64031503
67.9,-66.10712399,-74.62316715
67.91,-66.08715414,-74.60602515
67.92,-66.06719199,-74.58888009
67.93,-66.04722964,-74.57173529
67.94,-66.02728058,-74.55459147
67.95,-66.00735141,-74.53745094
67.96,-65.98742985,-74.52031249
67.97,-65.96750847,-74.50317837
67.98,-65.94759339,-74.48604133
67.99,-65.9276929,-74.46891355
68,-65.90780529,-74.45178634
68.01,-65.88791831,-74.43467182
68.02,-65.86805111,-74.41755389
68.03,-65.84818435,-74.40043974
68.04,-65.82833144,-74.38332511
68.05,-65.80848522,-74.36621464
68.06,-65.78864643,-74.34911108
68.07,-65.76882007,-74.33200902
68.08,-65.74900122,-74.31490773
68.09,-65.72918988,-74.29781263
68.1,-65.70939137,-74.28072269
68.11,-65.6895938,-74.26363041
68.12,-65.66981014,-74.24654772
68.13,-65.65003295,-74.22946259
68.14,-65.63026301,-74.21238656
68.15,-65.61049923,-74.19531062
68.16,-65.59074298,-74.17823858
68.17,-65.5710003,-74.16117315
68.18,-65.5512653,-74.14411431
68.19,-65.53153729,-74.12705815
68.2,-65.5118216,-74.11001042
68.21,-65.49211421,-74.09296503
68.22,-65.47241336,-74.07592819
68.23,-65.45271875,-74.05888805
68.24,-65.43303172,-74.04185344
68.25,-65.41335207,-74.02482655
68.26,-65.39367328,-74.00781002
68.27,-65.37400677,-73.99079035
68.28,-65.35435437,-73.97378128
68.29,-65.33470906,-73.95677767
68.3,-65.31506388,-73.93977592
68.31,-65.29542664,-73.92278606
68.32,-65.27579512,-73.90579279
68.33,-65.25617762,-73.88880825
68.34,-65.23656737,-73.87183189
68.35,-65.21695732,-73.85485445
68.36,-65.19736104,-73.83788753
68.37,-65.17777823,-73.82092792
68.38,-65.15819583,-73.80397278
68.39,-65.13862081,-73.78702324
68.4,-65.11905216,-73.77008284
68.41,-65.0994853,-73.75314698
68.42,-65.07993037,-73.73621231
68.43,-65.06037676,-73.71928841
68.44,-65.04083659,-73.70237028
68.45,-65.02129622,-73.68545502
68.46,-65.00176269,-73.66854515
68.47,-64.98223783,-73.65164741
68.48,-64.96271139,-73.63475358
68.49,-64.94319983,-73.61787201
68.5,-64.92369478,-73.60099523
68.51,-64.90419726,-73.5841192
68.52,-64.88469874,-73.56725468
68.53,-64.86520799,-73.55039274
68.54,-64.84572424,-73.53354747
68.55,-64.82624807,-73.51669805
68.56,-64.80677888,-73.49985784
68.57,-64.7873097,-73.48302458
68.58,-64.76784688,-73.46620186
68.59,-64.74838479,-73.44938523
68.6,-64.72893701,-73.43257516
68.61,-64.70949544,-73.41576893
68.62,-64.69004783,-73.39897668
68.63,-64.67061373,-73.38218991
68.64,-64.65118709,-73.36541168
68.65,-64.63176009,-73.34863776
68.66,-64.61233417,-73.33187189
68.67,-64.59292114,-73.31511519
68.68,-64.57350832,-73.29836647
68.69,-64.55409657,-73.28162394
68.7,-64.53469217,-73.26489091
68.71,-64.5152938,-73.24816165
68.72,-64.49589592,-73.23144445
68.73,-64.47650455,-73.21473158
68.74,-64.45711425,-73.19802869
68.75,-64.43772342,-73.18133197
68.76,-64.41834671,-73.16464865
68.77,-64.39896345,-73.14797065
68.78,-64.37958757,-73.13129905
68.79,-64.36021164,-73.11463209
68.8,-64.34084282,-73.09798083
68.81,-64.32147419,-73.08133534
68.82,-64.30210593,-73.06470038
68.83,-64.28275075,-73.04806815
68.84,-64.26339579,-73.03144779
68.85,-64.24404144,-73.01482669
68.86,-64.22468665,-72.99821992
68.87,-64.20533921,-72.98161912
68.88,-64.18599242,-72.96502716
68.89,-64.1666447,-72.94844276
68.9,-64.1472986,-72.9318665
68.91,-64.12795784,-72.91529779
68.92,-64.10861903,-72.89874712
68.93,-64.08928009,-72.88219777
68.94,-64.06994783,-72.86566198
68.95,-64.05061508,-72.84913427
68.96,-64.03128414,-72.83261043
68.97,-64.01194579,-72.81609351
68.98,-63.99261417,-72.79959528
68.99,-63.97328285,-72.78309716
69,-63.95395151,-72.76660494
69.01,-63.93461971,-72.75012391
69.02,-63.91528917,-72.73365408
69.03,-63.8959583,-72.71719278
69.04,-63.87662693,-72.70074137
69.05,-63.85729651,-72.68429798
69.06,-63.83796588,-72.6678651
69.07,-63.81863533,-72.65144258
69.08,-63.79929778,-72.63502308
69.09,-63.77996818,-72.61861283
69.1,-63.76063143,-72.6022091
69.11,-63.74129426,-72.58581995
69.12,-63.72195656,-72.56943568
69.13,-63.7026197,-72.55306207
69.14,-63.68328357,-72.53669389
69.15,-63.66394781,-72.52033454
69.16,-63.64460505,-72.50398845
69.17,-63.62526154,-72.48764925
69.18,-63.60591884,-72.47131799
69.19,-63.58656918,-72.4549981
69.2,-63.56721921,-72.43868787
69.21,-63.54786905,-72.42238212
69.22,-63.52851986,-72.40608908
69.23,-63.50916404,-72.38980427
69.24,-63.48980097,-72.37352914
69.25,-63.47043875,-72.35726116
69.26,-63.45106896,-72.34100124
69.27,-63.43169899,-72.32475305
69.28,-63.41232963,-72.3085074
69.29,-63.3929532,-72.29227039
69.3,-63.37357047,-72.27604377
69.31,-63.35418642,-72.25983016
69.32,-63.33479575,-72.24362234
69.33,-63.31539873,-72.22742196
69.34,-63.29600212,-72.21122921
69.35,-63.27659807,-72.19504932
69.36,-63.25718783,-72.17887535
69.37,-63.23777078,-72.1627129
69.38,-63.21835295,-72.14655422
69.39,-63.1989284,-72.13041264
69.4,-63.17949725,-72.11427243
69.41,-63.16006521,-72.09814388
69.42,-63.14061392,-72.08202548
69.43,-63.12116157,-72.06591846
69.44,-63.10170267,-72.04981805
69.45,-63.08223008,-72.03372268
69.46,-63.06275742,-72.01763647
69.47,-63.0432778,-72.00156393
69.48,-63.02379063,-71.98549653
69.49,-63.00429055,-71.96944222
69.5,-62.98479032,-71.95338882
69.51,-62.96527062,-71.937344
69.52,-62.94575597,-71.92131513
69.53,-62.92622175,-71.90529151
69.54,-62.90668601,-71.88927798
69.55,-62.88713027,-71.87327173
69.56,-62.86757456,-71.85726476
69.57,-62.84800496,-71.84127481
69.58,-62.82842138,-71.8252881
69.59,-62.80883687,-71.80931525
69.6,-62.78923958,-71.79334688
69.61,-62.7696275,-71.7773875
69.62,-62.75000826,-71.76144118
69.63,-62.73037595,-71.7455021
69.64,-62.71073013,-71.72956133
69.65,-62.69107631,-71.71364049
69.66,-62.67140932,-71.69772103
69.67,-62.65172771,-71.68181404
69.68,-62.63203937,-71.66590952
69.69,-62.61233709,-71.65001439
69.7,-62.59261961,-71.63412857
69.71,-62.57288884,-71.61825047
69.72,-62.55313851,-71.60237831
69.73,-62.53337951,-71.58651637
69.74,-62.51360791,-71.57066362
69.75,-62.49381499,-71.55481631
69.76,-62.47401462,-71.53897543
69.77,-62.45420572,-71.52314335
69.78,-62.43437655,-71.50731541
69.79,-62.41452722,-71.49149137
69.8,-62.39466401,-71.47567815
69.81,-62.37477938,-71.45987178
69.82,-62.35488714,-71.44407795
69.83,-62.33497452,-71.42828873
69.84,-62.31504731,-71.41250594
69.85,-62.29510002,-71.3967259
69.86,-62.27513792,-71.38095483
69.87,-62.25515471,-71.36519209
69.88,-62.23515014,-71.34943496
69.89,-62.21513164,-71.33368225
69.9,-62.19508661,-71.31794157
69.91,-62.17502662,-71.30220176
69.92,-62.15494537,-71.2864755
69.93,-62.13484291,-71.27075388
69.94,-62.11471881,-71.25503869
69.95,-62.09458035,-71.2393278
69.96,-62.07442146,-71.22361867
69.97,-62.05424094,-71.20791905
69.98,-62.03403299,-71.19222773
69.99,-62.01380305,-71.1765414
70,-61.99355275,-71.16086522
70.01,-61.9732806,-71.14519144
70.02,-61.95298005,-71.12952454
70.03,-61.93265941,-71.11386172
70.04,-61.91231022,-71.09820037
70.05,-61.89193938,-71.08254468
70.06,-61.87154138,-71.06690067
70.07,-61.85111478,-71.05126098
70.08,-61.83066563,-71.03562298
70.09,-61.81018978,-71.01999962
70.1,-61.7896853,-71.00437202
70.11,-61.76915226,-70.98875096
70.12,-61.7486013,-70.97313666
70.13,-61.72801519,-70.95752546
70.14,-61.70740113,-70.94191916
70.15,-61.68675868,-70.92631572
70.16,-61.66608425,-70.91071879
70.17,-61.64537845,-70.89512993
70.18,-61.62464363,-70.87954023
70.19,-61.60388085,-70.86396267
70.2,-61.58308358,-70.84838494
70.21,-61.56225954,-70.83281306
70.22,-61.54139809,-70.81724163
70.23,-61.52050172,-70.80167211
70.24,-61.4995759,-70.78611129
70.25,-61.47861155,-70.77054615
70.26,-61.45761213,-70.75498931
70.27,-61.43657693,-70.73943303
70.28,-61.41551299,-70.72388438
70.29,-61.39440763,-70.70833885
70.3,-61.3732695,-70.69279565
70.31,-61.35208929,-70.67725028
70.32,-61.33086948,-70.66171096
70.33,-61.30961205,-70.64617174
70.34,-61.28831868,-70.63063983
70.35,-61.26698944,-70.61510557
70.36,-61.24561401,-70.59957646
70.37,-61.22419951,-70.58405457
70.38,-61.20274271,-70.568528
70.39,-61.1812434,-70.55300254
70.4,-61.1597022,-70.53748447
70.41,-61.13812072,-70.52196315
70.42,-61.11649034,-70.5064493
70.43,-61.09481476,-70.49093058
70.44,-61.07309222,-70.47541572
70.45,-61.05132681,-70.45989817
70.46,-61.02951133,-70.44437844
70.47,-61.00764824,-70.42886407
70.48,-60.98574045,-70.41334783
70.49,-60.9637839,-70.39783625
70.5,-60.94177438,-70.38231977
70.51,-60.91971414,-70.3668055
70.52,-60.89760453,-70.35129007
70.53,-60.87544245,-70.33577318
70.54,-60.85322424,-70.32025767
70.55,-60.83095165,-70.30474265
70.56,-60.8086255,-70.2892298
70.57,-60.78624331,-70.27371078
70.58,-60.76380649,-70.25818865
70.59,-60.74131373,-70.24266009
70.6,-60.71876067,-70.22713174
70.61,-60.69615085,-70.21160761
70.62,-60.67348006,-70.19607885
70.63,-60.65074956,-70.18055485
70.64,-60.62795789,-70.16502487
70.65,-60.60510582,-70.14948802
70.66,-60.58218706,-70.13395863
70.67,-60.55920144,-70.11842137
70.68,-60.53615051,-70.10287855
70.69,-60.51303587,-70.08733042
70.7,-60.48985083,-70.0717754
70.71,-60.46660062,-70.05622368
70.72,-60.44328298,-70.04066381
70.73,-60.41989138,-70.02509948
70.74,-60.39642504,-70.0095352
70.75,-60.37289105,-69.99396566
70.76,-60.34928578,-69.9783901
70.77,-60.32560299,-69.96281423
70.78,-60.30183811,-69.94722935
70.79,-60.27799798,-69.93163576
70.8,-60.25408388,-69.91603944
70.81,-60.23008481,-69.90043573
70.82,-60.20600678,-69.88482598
70.83,-60.18184653,-69.8692113
70.84,-60.15760141,-69.85358996
70.85,-60.13327404,-69.83796097
70.86,-60.10885918,-69.82231624
70.87,-60.08436091,-69.80667097
70.88,-60.05977078,-69.79101802
70.89,-60.03508497,-69.77535385
70.9,-60.01030672,-69.75968612
70.91,-59.98543861,-69.7440068
70.92,-59.96047511,-69.72832022
70.93,-59.93541187,-69.71261811
70.94,-59.91025286,-69.69691016
70.95,-59.88499077,-69.68119192
70.96,-59.85963236,-69.66545855
70.97,-59.83417371,-69.64972345
70.98,-59.8086093,-69.63397345
70.99,-59.78294102,-69.61821494
71,-59.75716272,-69.60244231
71.01,-59.7312737,-69.5866544
71.02,-59.70527865,-69.57085659
71.03,-59.67916939,-69.55504647
71.04,-59.65294558,-69.53921774
71.05,-59.62660512,-69.52338122
71.06,-59.60014645,-69.50752975
71.07,-59.573567,-69.491664
71.08,-59.54686994,-69.47578131
71.09,-59.5200459,-69.45988679
71.1,-59.49309655,-69.44397218
71.11,-59.46602179,-69.42804645
71.12,-59.43881642,-69.41210796
71.13,-59.41147568,-69.39614911
71.14,-59.3840033,-69.38017068
71.15,-59.35639212,-69.36418366
71.16,-59.3286415,-69.34817025
71.17,-59.30074628,-69.33214639
71.18,-59.27271096,-69.31609483
71.19,-59.24452739,-69.30003149
71.2,-59.21619624,-69.28395242
71.21,-59.1877128,-69.26784831
71.22,-59.15907683,-69.25171864
71.23,-59.13028782,-69.23557224
71.24,-59.10133815,-69.21940516
71.25,-59.07222474,-69.20321883
71.26,-59.04294448,-69.18701165
71.27,-59.01349996,-69.17078269
71.28,-58.98388138,-69.15452391
71.29,-58.95408828,-69.13823782
71.3,-58.92412118,-69.12193595
71.31,-58.89397247,-69.10560554
71.32,-58.86364153,-69.08924485
71.33,-58.83312287,-69.07286063
71.34,-58.80241568,-69.0564503
71.35,-58.77151565,-69.04001617
71.36,-58.74042279,-69.02354815
71.37,-58.70912717,-69.00705607
71.38,-58.67762304,-68.99053377
71.39,-58.64591539,-68.97398811
71.4,-58.61399797,-68.95740762
71.41,-58.58186368,-68.9407942
71.42,-58.54951144,-68.92415611
71.43,-58.51694222,-68.90748107
71.44,-58.4841418,-68.89077346
71.45,-58.45111046,-68.87402932
71.46,-58.41783811,-68.85725987
71.47,-58.38433611,-68.84045375
71.48,-58.35058245,-68.82360763
71.49,-58.3165797,-68.80672661
71.5,-58.28232747,-68.7898072
71.51,-58.24781595,-68.77285394
71.52,-58.21303802,-68.75585782
71.53,-58.1779895,-68.73882199
71.54,-58.14266829,-68.72174656
71.55,-58.10706954,-68.70463529
71.56,-58.07118802,-68.68747286
71.57,-58.03501256,-68.67026854
71.58,-57.99854171,-68.65301951
71.59,-57.9617692,-68.63572688
71.6,-57.92468978,-68.61838531
71.61,-57.887292,-68.60100126
71.62,-57.84957634,-68.58357528
71.63,-57.81153375,-68.56609838
71.64,-57.77315461,-68.54856291
71.65,-57.73443719,-68.53098043
71.66,-57.69537443,-68.51334666
71.67,-57.65595349,-68.49566202
71.68,-57.61616977,-68.47792654
71.69,-57.57602042,-68.4601374
71.7,-57.53549385,-68.44228884
71.71,-57.4945805,-68.42438599
71.72,-57.45326963,-68.40642086
71.73,-57.41155997,-68.38839245
71.74,-57.36943881,-68.37031202
71.75,-57.32689481,-68.3521651
71.76,-57.28392515,-68.3339589
71.77,-57.24051838,-68.31568747
71.78,-57.19666413,-68.29734627
71.79,-57.15234907,-68.27894453
71.8,-57.10756523,-68.26047337
71.81,-57.06230497,-68.24193676
71.82,-57.01655553,-68.22331995
71.83,-56.97030838,-68.20462946
71.84,-56.92355394,-68.1858657
71.85,-56.876275,-68.16702874
71.86,-56.82846038,-68.14811371
71.87,-56.78009929,-68.12912374
71.88,-56.73117141,-68.11004658
71.89,-56.68167464,-68.0908919
71.9,-56.63158701,-68.07165451
71.91,-56.58090304,-68.05233182
71.92,-56.52960551,-68.03291217
71.93,-56.47767431,-68.01340897
71.94,-56.42509458,-67.99381365
71.95,-56.37186194,-67.97412487
71.96,-56.31794922,-67.95434482
71.97,-56.26333957,-67.93446473
71.98,-56.20802409,-67.91448938
71.99,-56.15197637,-67.89440759
72,-56.09518112,-67.87421889
72.01,-56.03762725,-67.85392319
72.02,-55.97928153,-67.83352495
72.03,-55.92013808,-67.81301617
72.04,-55.86016464,-67.79239317
72.05,-55.79934482,-67.77165324
72.06,-55.73765789,-67.7507925
72.07,-55.67507936,-67.72981308
72.08,-55.61157899,-67.70871443
72.09,-55.5471387,-67.68749007
72.1,-55.48173308,-67.66613451
72.11,-55.41533355,-67.64465142
72.12,-55.34791734,-67.62302739
72.13,-55.27945539,-67.60126466
72.14,-55.20991576,-67.57936405
72.15,-55.1392734,-67.55732614
72.16,-55.06749153,-67.53513609
72.17,-54.99454259,-67.51279563
72.18,-54.92038975,-67.49029763
72.19,-54.84499869,-67.46764572
72.2,-54.7683368,-67.44482706
72.21,-54.69036047,-67.42183875
72.22,-54.61104079,-67.39869455
72.23,-54.53033209,-67.37537211
72.24,-54.4481993,-67.35187171
72.25,-54.36458807,-67.32818325
72.26,-54.2794562,-67.30431627
72.27,-54.19276685,-67.28025548
72.28,-54.10446317,-67.25600113
72.29,-54.01449855,-67.2315528
72.3,-53.92282149,-67.20689291
72.31,-53.82937585,-67.18201892
72.32,-53.7341051,-67.15693222
72.33,-53.63695466,-67.13163233
72.34,-53.53785873,-67.10609844
72.35,-53.43676123,-67.08033613
72.36,-53.33358277,-67.05433589
72.37,-53.22826993,-67.02809378
72.38,-53.12074203,-67.00160215
72.39,-53.01092773,-66.97485075
72.4,-52.89875384,-66.94783624
72.41,-52.78412936,-66.92054847
72.42,-52.6669729,-66.89299315
72.43,-52.54719864,-66.86515422
72.44,-52.42471299,-66.83701661
72.45,-52.29942316,-66.80858728
72.46,-52.17123154,-66.77984711
72.47,-52.04002259,-66.75078842
72.48,-51.90569547,-66.72140523
72.49,-51.76813365,-66.69168598
72.5,-51.6272145,-66.66162557
72.51,-51.48281282,-66.63121387
72.52,-51.33480191,-66.60044008
72.53,-51.18304206,-66.56929042
72.54,-51.02739058,-66.53776118
72.55,-50.8676966,-66.50583241
72.56,-50.70379513,-66.47350068
72.57,-50.53553159,-66.44074824
72.58,-50.3627327,-66.40756453
72.59,-50.18521232,-66.373937
72.6,-50.00277949,-66.33985043
72.61,-49.81523363,-66.30529268
72.62,-49.62236389,-66.27025218
72.63,-49.42395649,-66.23471234
72.64,-49.21977271,-66.19865791
72.65,-49.00957304,-66.16206577
72.66,-48.79309815,-66.12492294
72.67,-48.57008138,-66.08721598
72.68,-48.34024605,-66.04892173
72.69,-48.10328622,-66.01002393
72.7,-47.85889548,-65.97049993
72.71,-47.60674333,-65.93034121
72.72,-47.34648774,-65.88950982
72.73,-47.07776212,-65.84798457
72.74,-46.80018225,-65.80575301
72.75,-46.51334465,-65.76278076
72.76,-46.21683166,-65.71904597
72.77,-45.91019298,-65.67452432
72.78,-45.5929657,-65.62917345
72.79,-45.2646588,-65.58298837
72.8,-44.92474377,-65.53592171
72.81,-44.57268388,-65.48794446
72.82,-44.20790669,-65.43901831
72.83,-43.82980849,-65.38911414
72.84,-43.43776129,-65.338194
72.85,-43.03109602,-65.2862213
72.86,-42.60912284,-65.23315461
72.87,-42.17111397,-65.17894957
72.88,-41.71631423,-65.12355649
72.89,-41.24392233,-65.066931
72.9,-40.75311021,-65.00902221
72.91,-40.24301459,-64.94977985
72.92,-39.71273032,-64.8891498
72.93,-39.16133013,-64.8270727
72.94,-38.58784232,-64.7634929
72.95,-37.99127525,-64.69833877
72.96,-37.37059751,-64.63154727
72.97,-36.72475909,-64.56303925
72.98,-36.05268559,-64.49274489
72.99,-35.35329513,-64.42058395
73,-34.6254854,-64.34646644
73.01,-33.86816005,-64.27030981
73.02,-33.08022501,-64.19201328
73.03,-32.26061274,-64.11148032
73.04,-31.40828695,-64.02860808
73.05,-30.52226254,-63.94327646
73.06,-29.60161973,-63.85537209
73.07,-28.64553787,-63.76476854
73.08,-27.65329746,-63.671328
73.09,-26.6243267,-63.57490523
73.1,-25.55822847,-63.47535036
73.11,-24.4548049,-63.37250692
73.12,-23.31409635,-63.26619791
73.13,-22.13642339,-63.15624375
73.14,-20.9224223,-63.04245269
73.15,-19.67307372,-62.92461781
73.16,-18.3897545,-62.80251802
73.17,-17.074271,-62.67591682
73.18,-15.72888128,-62.54457372
73.19,-14.35632872,-62.40821762
73.2,-12.95985036,-62.26656339
73.21,-11.54319132,-62.11931023
73.22,-10.11058427,-61.96614697
73.23,-8.666739749,-61.80672518
73.24,-7.216798944,-61.64067627
73.25,-5.766287791,-61.46762324
73.26,-4.321037819,-61.2871438
73.27,-2.887108075,-61.0988044
73.28,-1.470682486,-60.90213544
73.29,-0.07796568913,-60.69663238
73.3,1.284925959,-60.4817702
73.31,2.612078592,-60.25698487
73.32,3.897893508,-60.02167042
73.33,5.137178898,-59.77518438
73.34,6.32524203,-59.51685296
73.35,7.45795512,-59.24595685
73.36,8.53180829,-58.96171477
73.37,9.543945375,-58.66331395
73.38,10.49217421,-58.34988659
73.39,11.37495507,-58.02050619
73.4,12.19139092,-57.67419372
73.41,12.94117823,-57.3098998
73.42,13.62456153,-56.92652197
73.43,14.24228296,-56.52287084
73.44,14.79551085,-56.09769796
73.45,15.28578349,-55.64966292
73.46,15.71493913,-55.17735052
73.47,16.08506061,-54.67924748
73.48,16.39841494,-54.15373708
73.49,16.65739481,-53.59910075
73.5,16.86448779,-53.01351005
73.51,17.02221824,-52.39500554
73.52,17.13311968,-51.7414983
73.53,17.19970689,-51.05076771
73.54,17.22444539,-50.32042937
73.55,17.20974792,-49.54794009
73.56,17.15794011,-48.73058477
73.57,17.07126508,-47.86545281
73.58,16.95187536,-46.94943643
73.59,16.80182044,-45.97922012
73.6,16.62305532,-44.95126602
73.61,16.4174268,-43.861803
73.62,16.1866818,-42.70681616
73.63,15.93247571,-41.48205815
73.64,15.65636396,-40.18303617
73.65,15.35981836,-38.8050283
73.66,15.04422641,-37.34311478
73.67,14.71088092,-35.79220463
73.68,14.36100382,-34.14710058
73.69,13.99574311,-32.40258298
73.7,13.61617958,-30.5535314
73.71,13.22332209,-28.59509794
73.72,12.81812002,-26.5229254
73.73,12.40146761,-24.33342637
73.74,11.97420073,-22.02414485
73.75,11.53711046,-19.59419528
73.76,11.09093079,-17.04476871
73.77,10.63636027,-14.37971515
73.78,10.17404888,-11.60613704
73.79,9.704616967,-8.734982861
73.8,9.22863837,-5.781538068
73.81,8.74665304,-2.765743735
73.82,8.259175813,0.2877827128
73.83,7.766683374,3.350087556
73.84,7.269633043,6.38867425
73.85,6.768447631,9.368748401
73.86,6.263530372,12.25485025
73.87,5.755253034,15.01275908
73.88,5.243975737,17.61143218
73.89,4.730036823,20.02478542
73.9,4.213749289,22.23305853
73.91,3.695409844,24.22363136
73.92,3.17529379,25.9911935
73.93,2.653663044,27.53732473
73.94,2.130770673,28.86956241
73.95,1.606847459,30.00017218
73.96,1.082115026,30.94477092
73.97,0.5567762229,31.72094868
73.98,0.0310310111,32.34707645
73.99,-0.4949423619,32.84133415
74,-1.020966539,33.22096422
74.01,-1.546883354,33.5018055
74.02,-2.072544754,33.69802486
74.03,-2.597805291,33.82202451
74.04,-3.122526065,33.88446519
74.05,-3.646585649,33.8943902
74.06,-4.169863526,33.85937633
74.07,-4.692248909,33.78571949
74.08,-5.213633107,33.67861715
74.09,-5.733921878,33.54234367
74.1,-6.253023831,33.38040126
74.11,-6.770854856,33.19567625
74.12,-7.287333675,32.99053166
74.13,-7.802389585,32.76691778
74.14,-8.31595474,32.52646141
74.15,-8.827966138,32.27051497
74.16,-9.338368521,32.00022805
74.17,-9.84710468,31.71656871
74.18,-10.35412514,31.42037573
74.19,-10.85938858,31.1123812
74.2,-11.36285069,30.79322834
74.21,-11.8644764,30.46348911
74.22,-12.36423305,30.12367754
74.23,-12.86208925,29.77425935
74.24,-13.35801678,29.41567136
74.25,-13.85199251,29.04830677
74.26,-14.34399322,28.6725468
74.27,-14.83400505,28.28873995
74.28,-15.32200772,27.89722197
74.29,-15.80798785,27.49830814
74.3,-16.2919348,27.09229922
74.31,-16.77383871,26.67949224
74.32,-17.25369396,26.26016323
74.33,-17.73149066,25.83458335
74.34,-18.20723112,25.40301684
74.35,-18.68091364,24.96571886
74.36,-19.15253367,24.52293573
74.37,-19.62209192,24.0749077
74.38,-20.08959859,23.62186596
74.39,-20.55505852,23.16404405
74.4,-21.01847756,22.70165917
74.41,-21.47987385,22.23493003
74.42,-21.93924895,21.76406881
74.43,-22.39662101,21.28928355
74.44,-22.85199813,20.81077143
74.45,-23.30540471,20.32872807
74.46,-23.75684485,19.84334276
74.47,-24.20633963,19.35480064
74.48,-24.65391407,18.8632832
74.49,-25.09958779,18.36896666
74.5,-25.54338428,17.87202812
74.51,-25.98533161,17.37262832
74.52,-26.42545188,16.87092739
74.53,-26.86377403,16.36708281
74.54,-27.30031972,15.86124492
74.55,-27.73512407,15.35356328
74.56,-28.1682239,14.84418388
74.57,-28.59965151,14.33324336
74.58,-29.0294441,13.82087534
74.59,-29.45763555,13.30721288
74.6,-29.88426482,12.79238005
74.61,-30.30937789,12.27650052
74.62,-30.73300913,11.75969209
74.63,-31.15521172,11.24206834
74.64,-31.57602907,10.72374013
74.65,-31.99550832,10.20481668
74.66,-32.4136999,9.685397576
74.67,-32.83065106,9.165580815
74.68,-33.24641811,8.645464082
74.69,-33.66105355,8.12513536
74.7,-34.07461972,7.604687739
74.71,-34.48718077,7.084201472
74.72,-34.89879187,6.56375857
74.73,-35.30951132,6.043434916
74.74,-35.71941106,5.523307239
74.75,-36.12854965,5.0034413
74.76,-36.53700693,4.483908465
74.77,-36.94484387,3.964773547
74.78,-37.35213616,3.44610144
74.79,-37.75896144,2.927948603
74.8,-38.16539544,2.410373833
74.81,-38.57151414,1.893430093
74.82,-38.97739646,1.377162633
74.83,-39.38311892,0.8616223726
74.84,-39.78876424,0.3468489589
74.85,-40.19442458,-0.1671090582
74.86,-40.60018462,-0.6802122935
74.87,-41.00612116,-1.192424717
74.88,-41.41233415,-1.703707159
74.89,-41.81889861,-2.214027431
74.9,-42.22590613,-2.723357909
74.91,-42.63343987,-3.231669938
74.92,-43.04159987,-3.738932577
74.93,-43.45046747,-4.245122417
74.94,-43.86013525,-4.750218297
74.95,-44.27069361,-5.254193099
74.96,-44.68223499,-5.757039607
74.97,-45.09484617,-6.258732302
74.98,-45.50860837,-6.75925812
74.99,-45.92360561,-7.258607403
75,-46.33992407,-7.756759857
75.01,-46.75764414,-8.253710964
75.02,-47.17683857,-8.749446296
75.03,-47.59757698,-9.243965963
75.04,-48.01993415,-9.737264987
75.05,-48.44397461,-10.22933312
75.06,-48.86975914,-10.72017393
75.07,-49.29733536,-11.20978579
75.08,-49.7267576,-11.69816854
75.09,-50.15806133,-12.18532319
75.1,-50.59129009,-12.67125221
75.11,-51.02646051,-13.15596718
75.12,-51.4635924,-13.6394705
75.13,-51.90269011,-14.12176934
75.14,-52.34374404,-14.60287032
75.15,-52.78674952,-15.08278256
75.16,-53.23166167,-15.56152154
75.17,-53.6784411,-16.03909931
75.18,-54.12703965,-16.51553179
75.19,-54.57738194,-16.99083611
75.2,-55.02936727,-17.46502856
75.21,-55.482905,-17.93812849
75.22,-55.93786235,-18.41015388
75.23,-56.39410366,-18.88113388
75.24,-56.85146838,-19.35109294
75.25,-57.30976982,-19.82004932
75.26,-57.76881098,-20.28802876
75.27,-58.22837297,-20.75506669
75.28,-58.68821658,-21.22119259
75.29,-59.14808094,-21.68644192
75.3,-59.60767704,-22.15085137
75.31,-60.06671074,-22.614457
75.32,-60.52485553,-23.0772966
75.33,-60.98177018,-23.53941124
75.34,-61.4371001,-24.00084853
75.35,-61.8904708,-24.46165291
75.36,-62.34149744,-24.92187639
75.37,-62.78977992,-25.38157005
75.38,-63.23490098,-25.84079197
75.39,-63.6764421,-26.29960101
75.4,-64.11397514,-26.75806564
75.41,-64.54707353,-27.21624657
75.42,-64.97531073,-27.6742172
75.43,-65.39825654,-28.13204505
75.44,-65.81547463,-28.58980861
75.45,-66.22656754,-29.04759458
75.46,-66.63113346,-29.50548785
75.47,-67.02878188,-29.96357487
75.48,-67.41914638,-30.4219602
75.49,-67.8018814,-30.88073468
75.5,-68.17665952,-31.34001337
75.51,-68.54318432,-31.79990749
75.52,-68.90118889,-32.26053259
75.53,-69.25043752,-32.72201515
75.54,-69.59071088,-33.1844867
75.55,-69.92184736,-33.64808258
75.56,-70.24368716,-34.11294674
75.57,-70.55613252,-34.5792347
75.58,-70.85910543,-35.04710281
75.59,-71.152559,-35.51670898
75.6,-71.43648492,-35.9882353
75.61,-71.71090336,-36.46185745
75.62,-71.97585257,-36.9377725
75.63,-72.23141247,-37.41617229
75.64,-72.47768156,-37.89726854
75.65,-72.71479214,-38.38127264
75.66,-72.94288583,-38.8684085
75.67,-73.16211654,-39.35891328
75.68,-73.37268183,-39.85303131
75.69,-73.57477923,-40.35101258
75.7,-73.76860803,-40.85311306
75.71,-73.95438816,-41.35960266
75.72,-74.13234944,-41.87076021
75.73,-74.30273699,-42.38687352
75.74,-74.46578302,-42.90823025
75.75,-74.62172162,-43.43513527
75.76,-74.77080228,-43.96788863
75.77,-74.91326252,-44.50680767
75.78,-75.04935783,-45.05221032
75.79,-75.17931481,-45.60441222
75.8,-75.30337956,-46.16373242
75.81,-75.42177813,-46.73049133
75.82,-75.53473235,-47.3050067
75.83,-75.64247092,-47.88759693
75.84,-75.74520704,-48.47855873
75.85,-75.8431441,-49.07819009
75.86,-75.93648017,-49.6867663
75.87,-76.02541832,-50.30455242
75.88,-76.11014651,-50.93177886
75.89,-76.19084453,-51.56865707
75.9,-76.26769378,-52.21535866
75.91,-76.3408457,-52.87202007
75.92,-76.41047448,-53.53871377
75.93,-76.47672107,-54.2154718
75.94,-76.53974472,-54.90225365
75.95,-76.59968087,-55.59894658
75.96,-76.65665689,-56.30536833
75.97,-76.71080246,-57.02123185
75.98,-76.76225641,-57.74614816
75.99,-76.81112098,-58.47962583
76,-76.85749417,-59.22105277
76.01,-76.90149607,-59.96968948
76.02,-76.94323477,-60.72464825
76.03,-76.98279376,-61.48492393
76.04,-77.02027253,-62.24935623
76.05,-77.05574569,-63.01662894
76.06,-77.0893002,-63.78528417
76.07,-77.12102216,-64.55371748
76.08,-77.15098054,-65.32018867
76.09,-77.17924639,-66.08284479
76.1,-77.205894,-66.83971851
76.11,-77.23099012,-67.58875192
76.12,-77.25458584,-68.32783806
76.13,-77.27673791,-69.0548304
76.14,-77.29750895,-69.767581
76.15,-77.31695312,-70.46398934
76.16,-77.33512128,-71.14202804
76.17,-77.35205023,-71.79977809
76.18,-77.36779626,-72.43546777
76.19,-77.38240603,-73.04751693
76.2,-77.39591474,-73.63455268
76.21,-77.40836123,-74.19542867
76.22,-77.4197785,-74.72925634
76.23,-77.43020795,-75.23541795
76.24,-77.43968726,-75.71354142
76.25,-77.44824272,-76.16353005
76.26,-77.45591103,-76.58552822
76.27,-77.46271194,-76.97991513
76.28,-77.46868319,-77.34727825
76.29,-77.4738522,-77.68839262
76.3,-77.47822608,-78.00418436
76.31,-77.48184721,-78.29569491
76.32,-77.48474442,-78.5640878
76.33,-77.48692317,-78.81057903
76.34,-77.48841514,-79.03643459
76.35,-77.48924765,-79.24293348
76.36,-77.48943369,-79.43136094
76.37,-77.48898856,-79.60298972
76.38,-77.48793051,-79.75905519
76.39,-77.48628323,-79.90075936
76.4,-77.48405511,-80.02923867
76.41,-77.48127817,-80.14558638
76.42,-77.47795673,-80.25080953
76.43,-77.474114,-80.34587792
76.44,-77.46977088,-80.43167958
76.45,-77.46492816,-80.50905518
76.46,-77.45961482,-80.57875735
76.47,-77.4538378,-80.64151135
76.48,-77.44759947,-80.69794454
76.49,-77.44094103,-80.74865517
76.5,-77.43385607,-80.7941883
76.51,-77.42636756,-80.83502755
76.52,-77.41848944,-80.8716289
76.53,-77.41022884,-80.90438977
76.54,-77.40160152,-80.93368568
76.55,-77.39262075,-80.95984475
76.56,-77.38329442,-80.98317702
76.57,-77.37364423,-81.00395191
76.58,-77.36367713,-81.02240808
76.59,-77.35339614,-81.03877447
76.6,-77.34281977,-81.05324139
76.61,-77.33196535,-81.06599811
76.62,-77.32083746,-81.07719935
76.63,-77.30944434,-81.08699266
76.64,-77.29779474,-81.09552522
76.65,-77.28589434,-81.1028942
76.66,-77.27376691,-81.10922034
76.67,-77.26141113,-81.1145928
76.68,-77.24884193,-81.11910704
76.69,-77.23605872,-81.12283635
76.7,-77.22307675,-81.12585812
76.71,-77.20990264,-81.12822794
76.72,-77.19654547,-81.1300025
76.73,-77.1830047,-81.13124009
76.74,-77.16929995,-81.13198784
76.75,-77.15542695,-81.13228369
76.76,-77.14139034,-81.13216885
76.77,-77.12720594,-81.13167339
76.78,-77.11287514,-81.1308411
76.79,-77.09841103,-81.12968893
76.8,-77.08381832,-81.12824699
76.81,-77.06908692,-81.12653977
76.82,-77.05423782,-81.12458372
76.83,-77.03926403,-81.12240101
76.84,-77.02417097,-81.12001077
76.85,-77.00897359,-81.11742693
76.86,-76.99366468,-81.1146681
76.87,-76.97825905,-81.1117421
76.88,-76.9627508,-81.10866207
76.89,-76.94715265,-81.10544365
76.9,-76.93145838,-81.10208502
76.91,-76.9156753,-81.09861171
76.92,-76.89979669,-81.09502073
76.93,-76.88384311,-81.09132182
76.94,-76.86780744,-81.0875218
76.95,-76.85169046,-81.08362915
76.96,-76.83550052,-81.0796406
76.97,-76.81924175,-81.07556975
76.98,-76.80291014,-81.07142939
76.99,-76.78651187,-81.06720447
77,-76.77004676,-81.06290704
77.01,-76.75352288,-81.05854437
77.02,-76.73693216,-81.05412046
77.03,-76.72028786,-81.04963304
77.04,-76.70357842,-81.04508794
77.05,-76.68681086,-81.04048963
77.06,-76.66999035,-81.03582943
77.07,-76.65311253,-81.03111991
77.08,-76.63619016,-81.02636317
77.09,-76.61920809,-81.02155509
77.1,-76.60217605,-81.01670243
77.11,-76.58509934,-81.01181203
77.12,-76.56797121,-81.00687076
77.13,-76.55080038,-81.00188464
77.14,-76.53358482,-80.99685938
77.15,-76.51631804,-80.99179181
77.16,-76.49901017,-80.98668705
77.17,-76.48165888,-80.9815452
77.18,-76.46426284,-80.97636235
77.19,-76.44683124,-80.97114777
77.2,-76.42935705,-80.96589018
77.21,-76.41184653,-80.96060286
77.22,-76.39428838,-80.9552795
77.23,-76.37669306,-80.94991795
77.24,-76.35906353,-80.94451811
77.25,-76.34139717,-80.93908825
77.26,-76.3236817,-80.93363035
77.27,-76.30593205,-80.92813296
77.28,-76.28815386,-80.92261108
77.29,-76.27034048,-80.91704764
77.3,-76.25249323,-80.91145141
77.31,-76.23459644,-80.9058225
77.32,-76.216675,-80.90017089
77.33,-76.19872404,-80.89448312
77.34,-76.18073878,-80.88877001
77.35,-76.16271947,-80.88301705
77.36,-76.14466553,-80.87723997
77.37,-76.12657907,-80.87142456
77.38,-76.10845137,-80.86558985
77.39,-76.09029732,-80.85972538
77.4,-76.07211571,-80.8538287
77.41,-76.0538996,-80.84789464
77.42,-76.03565883,-80.84193536
77.43,-76.01737923,-80.83594361
77.44,-75.99907097,-80.82991557
77.45,-75.98073817,-80.82386079
77.46,-75.96237143,-80.81778028
77.47,-75.94397337,-80.81166468
77.48,-75.92554932,-80.80551813
77.49,-75.90709826,-80.79934421
77.5,-75.88861684,-80.79313284
77.51,-75.87010096,-80.78690282
77.52,-75.85156132,-80.78064309
77.53,-75.83299573,-80.77434858
77.54,-75.81439108,-80.76802781
77.55,-75.7957621,-80.76166595
77.56,-75.77710841,-80.75528134
77.57,-75.75842879,-80.74886502
77.58,-75.73971823,-80.74241805
77.59,-75.72098219,-80.73593614
77.6,-75.70221488,-80.72942772
77.61,-75.68342432,-80.72288195
77.62,-75.66460808,-80.71631472
77.63,-75.64576889,-80.70971848
77.64,-75.62689088,-80.70309088
77.65,-75.6079967,-80.69643544
77.66,-75.58907888,-80.68974517
77.67,-75.57012171,-80.68301988
77.68,-75.5511486,-80.6762718
77.69,-75.53215193,-80.66948832
77.7,-75.51312551,-80.66267227
77.71,-75.49407497,-80.6558258
77.72,-75.47499349,-80.64895268
77.73,-75.45589011,-80.64203994
77.74,-75.43676372,-80.6350987
77.75,-75.41761321,-80.62813223
77.76,-75.39843937,-80.62112785
77.77,-75.37923596,-80.61409397
77.78,-75.36001025,-80.60702693
77.79,-75.34075574,-80.59992916
77.8,-75.32148393,-80.59280033
77.81,-75.30218368,-80.58563971
77.82,-75.28286094,-80.57844685
77.83,-75.26351573,-80.57122583
77.84,-75.24414174,-80.56397105
77.85,-75.22474378,-80.55667797
77.86,-75.20532546,-80.54935731
77.87,-75.1858853,-80.54200831
77.88,-75.16642253,-80.53462621
77.89,-75.14693011,-80.52720934
77.9,-75.12741644,-80.51976225
77.91,-75.10788148,-80.51228929
77.92,-75.08831936,-80.5047781
77.93,-75.06874067,-80.49723114
77.94,-75.04914164,-80.48965162
77.95,-75.02952107,-80.48204642
77.96,-75.00987092,-80.47439929
77.97,-74.9901954,-80.46672481
77.98,-74.97050407,-80.45901957
77.99,-74.95079193,-80.45127902
78,-74.93105183,-80.44350787
78.01,-74.9112981,-80.43569782
78.02,-74.89151557,-80.42786116
78.03,-74.87171338,-80.41999087
78.04,-74.85189042,-80.41208275
78.05,-74.83204635,-80.40415012
78.06,-74.81218169,-80.39618183
78.07,-74.79229736,-80.38818004
78.08,-74.77239249,-80.38014191
78.09,-74.75246779,-80.37207199
78.1,-74.73252433,-80.36396882
78.11,-74.71255777,-80.35583577
78.12,-74.69257274,-80.347666
78.13,-74.6725607,-80.33946073
78.14,-74.65252917,-80.33121948
78.15,-74.63247739,-80.32295098
78.16,-74.61241261,-80.31464448
78.17,-74.59232886,-80.30630654
78.18,-74.57222413,-80.29793604
78.19,-74.55208827,-80.28953025
78.2,-74.53193941,-80.281085
78.21,-74.5117779,-80.27261693
78.22,-74.49159746,-80.26410696
78.23,-74.47138963,-80.25556894
78.24,-74.45116399,-80.24699764
78.25,-74.43091903,-80.23838595
78.26,-74.41065483,-80.22973947
78.27,-74.3903786,-80.22106094
78.28,-74.37008294,-80.21234959
78.29,-74.34976947,-80.20360264
78.3,-74.3294372,-80.19481986
78.31,-74.30907884,-80.18600664
78.32,-74.28870988,-80.17715711
78.33,-74.26832059,-80.16827329
78.34,-74.24791419,-80.15934945
78.35,-74.22748988,-80.15040421
78.36,-74.20704718,-80.14141527
78.37,-74.18659284,-80.13239367
78.38,-74.16611229,-80.12333477
78.39,-74.14561458,-80.11424773
78.4,-74.1251052,-80.10512161
78.41,-74.10457933,-80.09595577
78.42,-74.08403442,-80.08676002
78.43,-74.06347113,-80.07753624
78.44,-74.0428978,-80.06827362
78.45,-74.02230625,-80.05898045
78.46,-74.00169754,-80.04964834
78.47,-73.98107141,-80.04027632
78.48,-73.96042767,-80.0308718
78.49,-73.93977352,-80.02143902
78.5,-73.91909442,-80.01196969
78.51,-73.89839856,-80.00246165
78.52,-73.87769294,-79.99292138
78.53,-73.85696817,-79.98334034
78.54,-73.8362284,-79.97373033
78.55,-73.81547797,-79.96408165
78.56,-73.7947105,-79.95439935
78.57,-73.77391811,-79.94468202
78.58,-73.75312277,-79.93493202
78.59,-73.73231037,-79.92514496
78.6,-73.71148221,-79.91531557
78.61,-73.69063689,-79.90545582
78.62,-73.66978169,-79.89556215
78.63,-73.64891708,-79.88563634
78.64,-73.62802963,-79.87567137
78.65,-73.60713165,-79.86567206
78.66,-73.58621881,-79.85563589
78.67,-73.5652944,-79.84556507
78.68,-73.54435282,-79.83546607
78.69,-73.52339619,-79.82532842
78.7,-73.50242416,-79.81515365
78.71,-73.48144349,-79.80494705
78.72,-73.46044578,-79.7947063
78.73,-73.43943835,-79.78442605
78.74,-73.41841514,-79.77410846
78.75,-73.39738346,-79.76375782
78.76,-73.37633638,-79.75336764
78.77,-73.3552785,-79.74294654
78.78,-73.33420567,-79.73248702
78.79,-73.31311823,-79.72200043
78.8,-73.29202127,-79.71147938
78.81,-73.27091531,-79.70092139
78.82,-73.24979395,-79.6903281
78.83,-73.22866514,-79.67969913
78.84,-73.20752038,-79.66902746
78.85,-73.18636679,-79.65832677
78.86,-73.16520457,-79.64759399
78.87,-73.14402727,-79.63682708
78.88,-73.12283413,-79.62602258
78.89,-73.10163333,-79.61518185
78.9,-73.08041712,-79.60430723
78.91,-73.05919366,-79.59339983
78.92,-73.03795456,-79.58245009
78.93,-73.01670695,-79.5714677
78.94,-72.99545066,-79.5604559
78.95,-72.97418776,-79.54940856
78.96,-72.95291685,-79.53832586
78.97,-72.93163137,-79.52720843
78.98,-72.91033065,-79.51605356
78.99,-72.88903014,-79.50486217
79,-72.86771304,-79.49363536
79.01,-72.84638998,-79.48237452
79.02,-72.82505827,-79.47107791
79.03,-72.80371087,-79.45975246
79.04,-72.78235771,-79.44838768
79.05,-72.76099648,-79.4369895
79.06,-72.73962872,-79.4255549
79.07,-72.71824586,-79.41408849
79.08,-72.69685653,-79.40259052
79.09,-72.6754596,-79.39104983
79.1,-72.65405431,-79.37947752
79.11,-72.63263696,-79.36786886
79.12,-72.61121784,-79.35623196
79.13,-72.58978472,-79.34455974
79.14,-72.56834485,-79.33285285
79.15,-72.54689163,-79.32110868
79.16,-72.52543063,-79.30933264
79.17,-72.5039695,-79.29751239
79.18,-72.48249487,-79.28566877
79.19,-72.46101273,-79.27378197
79.2,-72.43951812,-79.26187115
79.21,-72.41803155,-79.24992562
79.22,-72.39653761,-79.23793979
79.23,-72.37503599,-79.22592326
79.24,-72.35352177,-79.21386496
79.25,-72.33200014,-79.20177968
79.26,-72.31047227,-79.18965866
79.27,-72.28893112,-79.17750644
79.28,-72.26739098,-79.16532048
79.29,-72.24584261,-79.15310134
79.3,-72.22428952,-79.14084867
79.31,-72.20272172,-79.12856349
79.32,-72.18114857,-79.11624336
79.33,-72.15957538,-79.10388894
79.34,-72.13798933,-79.09149789
79.35,-72.11640551,-79.07907804
79.36,-72.09481424,-79.06662105
79.37,-72.0732172,-79.05413185
79.38,-72.05161417,-79.04161161
79.39,-72.03001279,-79.02906449
79.4,-72.00840474,-79.01647525
79.41,-71.98678418,-79.00385963
79.42,-71.96516384,-78.99121229
79.43,-71.943537,-78.9785338
79.44,-71.92190603,-78.96581271
79.45,-71.90026916,-78.95306109
79.46,-71.8786333,-78.940276
79.47,-71.8569904,-78.92745394
79.48,-71.83534432,-78.91461052
79.49,-71.81369106,-78.9017319
79.5,-71.79203285,-78.88882255
79.51,-71.77038343,-78.8758824
79.52,-71.74872705,-78.86290221
79.53,-71.72705896,-78.84989576
79.54,-71.70539266,-78.8368569
79.55,-71.68372207,-78.82378686
79.56,-71.66204566,-78.81068508
79.57,-71.64037006,-78.79754858
79.58,-71.61868896,-78.78437391
79.59,-71.59700352,-78.77117386
79.6,-71.57531248,-78.75794224
79.61,-71.55362294,-78.74467753
79.62,-71.53192928,-78.73138391
79.63,-71.5102366,-78.71805766
79.64,-71.48853866,-78.70470134
79.65,-71.46682918,-78.69131181
79.66,-71.44512986,-78.67789496
79.67,-71.42342381,-78.66444216
79.68,-71.40172043,-78.65096855
79.69,-71.38001202,-78.63745914
79.7,-71.35829903,-78.62392159
79.71,-71.3365888,-78.61034773
79.72,-71.31488047,-78.59674174
79.73,-71.29316726,-78.58310847
79.74,-71.27144888,-78.56944191
79.75,-71.24973341,-78.55574688
79.76,-71.22801266,-78.54202062
79.77,-71.20629409,-78.52827528
79.78,-71.18457162,-78.51448987
79.79,-71.16284363,-78.50067398
79.8,-71.14112648,-78.48683294
79.81,-71.11940457,-78.47295311
79.82,-71.09768367,-78.45904925
79.83,-71.07596586,-78.44511559
79.84,-71.05424378,-78.43115698
79.85,-71.03251803,-78.41716983
79.86,-71.01079552,-78.4031459
79.87,-70.98907541,-78.38909301
79.88,-70.96735025,-78.37501335
79.89,-70.94563578,-78.36090373
79.9,-70.92390976,-78.34676849
79.91,-70.90219398,-78.33260511
79.92,-70.88047313,-78.31841323
79.93,-70.85875455,-78.30419457
79.94,-70.83703237,-78.28994402
79.95,-70.81532053,-78.27567045
79.96,-70.79359884,-78.26137431
79.97,-70.77188577,-78.24704544
79.98,-70.75017579,-78.2326871
79.99,-70.72846868,-78.21830305
80,-70.70675148,-78.20388622
80.01,-70.68504388,-78.18944355
80.02,-70.66333245,-78.17497711
80.03,-70.64162498,-78.16047814
80.04,-70.61992034,-78.14595734
80.05,-70.59821759,-78.131405
80.06,-70.57651845,-78.11682924
80.07,-70.55482272,-78.10222295
80.08,-70.53312414,-78.08759358
80.09,-70.51142857,-78.072933
80.1,-70.48973625,-78.05825277
80.11,-70.46804015,-78.04354228
80.12,-70.44635582,-78.02880985
80.13,-70.42467362,-78.01404993
80.14,-70.40299529,-77.9992673
80.15,-70.38132008,-77.98444951
80.16,-70.35964177,-77.96961014
80.17,-70.33796035,-77.95474486
80.18,-70.31629059,-77.93985553
80.19,-70.29462264,-77.92494034
80.2,-70.2729657,-77.91000487
80.21,-70.25130398,-77.89503251
80.22,-70.22964106,-77.88003802
80.23,-70.20798842,-77.86502556
80.24,-70.18633257,-77.84998952
80.25,-70.16468721,-77.83493021
80.26,-70.14304607,-77.81983978
80.27,-70.12140898,-77.80472941
80.28,-70.09977507,-77.78959566
80.29,-70.07814565,-77.77443338
80.3,-70.0565129,-77.75925162
80.31,-70.03489079,-77.7440418
80.32,-70.01327204,-77.72880698
80.33,-69.99165067,-77.71355093
80.34,-69.97003416,-77.69827315
80.35,-69.94842721,-77.68297208
80.36,-69.9268257,-77.66764907
80.37,-69.90523419,-77.65229935
80.38,-69.8836473,-77.63693409
80.39,-69.86205801,-77.62154408
80.4,-69.84047987,-77.60612786
80.41,-69.81890513,-77.59069242
80.42,-69.79733483,-77.5752286
80.43,-69.77576832,-77.55974927
80.44,-69.75420669,-77.54424649
80.45,-69.73264919,-77.52872008
80.46,-69.71109595,-77.51317556
80.47,-69.68954803,-77.49760867
80.48,-69.66801083,-77.48201882
80.49,-69.64647746,-77.46641433
80.5,-69.62494857,-77.45078146
80.51,-69.60342416,-77.43512656
80.52,-69.58190467,-77.41945458
80.53,-69.5603892,-77.40375984
80.54,-69.53888628,-77.38804381
80.55,-69.51738667,-77.37230991
80.56,-69.49589768,-77.3565611
80.57,-69.47441354,-77.34078865
80.58,-69.45293495,-77.32499373
80.59,-69.43146079,-77.30917805
80.6,-69.40999793,-77.29334144
80.61,-69.388533,-77.27749293
80.62,-69.36707198,-77.26162298
80.63,-69.3456298,-77.2457293
80.64,-69.32419223,-77.2298229
80.65,-69.3027601,-77.21388809
80.66,-69.28133318,-77.19793902
80.67,-69.25991741,-77.18197879
80.68,-69.23850601,-77.1659919
80.69,-69.21709873,-77.14998516
80.7,-69.19569754,-77.13396826
80.71,-69.17430113,-77.11792963
80.72,-69.15291709,-77.10186751
80.73,-69.13153691,-77.0857902
80.74,-69.11016891,-77.06970469
80.75,-69.0888123,-77.05359849
80.76,-69.0674539,-77.03747496
80.77,-69.04610827,-77.02132963
80.78,-69.02476746,-77.00516817
80.79,-69.0034305,-76.98898777
80.8,-68.98210569,-76.97278736
80.81,-68.96078618,-76.95657088
80.82,-68.9394782,-76.94034166
80.83,-68.91817665,-76.92409368
80.84,-68.89687968,-76.90783219
80.85,-68.87559413,-76.89155312
80.86,-68.85432116,-76.87526002
80.87,-68.83305331,-76.85895193
80.88,-68.81179798,-76.84263359
80.89,-68.79054049,-76.82629292
80.9,-68.76929575,-76.80993642
80.91,-68.74806204,-76.79356007
80.92,-68.72683379,-76.77717902
80.93,-68.70561176,-76.76078211
80.94,-68.68440144,-76.74436375
80.95,-68.66319691,-76.72793441
80.96,-68.64199685,-76.71148831
80.97,-68.62080888,-76.69502671
80.98,-68.59962677,-76.67855313
80.99,-68.57845687,-76.66206216
81,-68.55729943,-76.64556392
81.01,-68.53614705,-76.62904741
81.02,-68.51500017,-76.61251856
81.03,-68.49387185,-76.59598169
81.04,-68.47274304,-76.57942835
81.05,-68.45162695,-76.56286779
81.06,-68.43052375,-76.5462853
81.07,-68.40941845,-76.52968696
81.08,-68.38833179,-76.51308484
81.09,-68.36725128,-76.49646885
81.1,-68.34617718,-76.47983524
81.11,-68.32511408,-76.46320123
81.12,-68.30406398,-76.44654388
81.13,-68.28301326,-76.42987786
81.14,-68.26197487,-76.41320111
81.15,-68.24094892,-76.39651277
81.16,-68.21993519,-76.37980665
81.17,-68.19892743,-76.36310021
81.18,-68.17792595,-76.34637943
81.19,-68.15693636,-76.32965211
81.2,-68.13595895,-76.31290719
81.21,-68.11499441,-76.29614743
81.22,-68.09402973,-76.27938569
81.23,-68.07308388,-76.26261335
81.24,-68.05214328,-76.24582213
81.25,-68.03120978,-76.22902191
81.26,-68.01028247,-76.2122096
81.27,-67.98937339,-76.19539731
81.28,-67.96846996,-76.17856941
81.29,-67.94758036,-76.16173237
81.3,-67.92669537,-76.144884
81.31,-67.90582489,-76.12802498
81.32,-67.88496681,-76.11116248
81.33,-67.86411417,-76.09428878
81.34,-67.84326752,-76.07740818
81.35,-67.82243403,-76.06051454
81.36,-67.80161255,-76.04361676
81.37,-67.78079785,-76.02670956
81.38,-67.75999608,-76.00978843
81.39,-67.73920066,-75.99286549
81.4,-67.71842433,-75.97593783
81.41,-67.69765386,-75.95900483
81.42,-67.67688956,-75.94205395
81.43,-67.65613211,-75.92509742
81.44,-67.63538646,-75.90813313
81.45,-67.61465483,-75.89116575
81.46,-67.59392902,-75.87418751
81.47,-67.57321573,-75.85720088
81.48,-67.55250904,-75.84020955
81.49,-67.53181554,-75.82321397
81.5,-67.51113424,-75.8062111
81.51,-67.49046018,-75.78919623
81.52,-67.46979935,-75.77217937
81.53,-67.44914291,-75.75515985
81.54,-67.42850735,-75.73812675
81.55,-67.40787854,-75.72109122
81.56,-67.38725542,-75.70405463
81.57,-67.36664633,-75.68700934
81.58,-67.34604273,-75.66995819
81.59,-67.32545285,-75.65290055
81.6,-67.30486889,-75.63583648
81.61,-67.28430408,-75.61876981
81.62,-67.26373885,-75.60169826
81.63,-67.24318755,-75.58462428
81.64,-67.22264896,-75.56754577
81.65,-67.20211749,-75.55045682
81.66,-67.18160564,-75.53336668
81.67,-67.16109371,-75.51627171
81.68,-67.14059356,-75.49916765
81.69,-67.12010826,-75.48206511
81.7,-67.09962877,-75.46495435
81.71,-67.07916252,-75.4478413
81.72,-67.05871001,-75.43073024
81.73,-67.03826389,-75.41361226
81.74,-67.01782355,-75.39649352
81.75,-66.99739696,-75.37937135
81.76,-66.97697761,-75.36224345
81.77,-66.95657725,-75.34511134
81.78,-66.93618977,-75.32797943
81.79,-66.91580275,-75.31084227
81.8,-66.89542953,-75.29370637
81.81,-66.87506938,-75.27656199
81.82,-66.85471542,-75.25942157
81.83,-66.83437484,-75.24228032
81.84,-66.8140408,-75.22513058
81.85,-66.79372126,-75.20797864
81.86,-66.77340738,-75.19083104
81.87,-66.75310013,-75.17367776
81.88,-66.73280664,-75.1565222
81.89,-66.71252561,-75.13937051
81.9,-66.69225852,-75.12221235
81.91,-66.67199181,-75.10506051
81.92,-66.6517381,-75.08790065
81.93,-66.63149755,-75.07073803
81.94,-66.61126401,-75.05356823
81.95,-66.59104403,-75.03639846
81.96,-66.57083049,-75.01923814
81.97,-66.55062997,-75.00207332
81.98,-66.53043717,-74.98491133
81.99,-66.51025734,-74.96774235
82,-66.49008355,-74.95057498
82.01,-66.46992487,-74.93341183
82.02,-66.44977227,-74.91624439
82.03,-66.42962603,-74.89908018
82.04,-66.40949334,-74.88191555
82.05,-66.38936775,-74.86474811
82.06,-66.36926168,-74.84758134
82.07,-66.34916208,-74.83041642
82.08,-66.32907018,-74.81325156
82.09,-66.30898566,-74.79608419
82.1,-66.28891323,-74.778923
82.11,-66.26884858,-74.76175572
82.12,-66.24879724,-74.74459606
82.13,-66.22875282,-74.72744002
82.14,-66.20872119,-74.71028255
82.15,-66.18869049,-74.69312744
82.16,-66.16867989,-74.67597258
82.17,-66.1486764,-74.65881719
82.18,-66.12868626,-74.64166516
82.19,-66.10870332,-74.62451789
82.2,-66.08872608,-74.6073683
82.21,-66.06875715,-74.5902198
82.22,-66.04880158,-74.57307454
82.23,-66.02885154,-74.5559418
82.24,-66.00890864,-74.53880136
82.25,-65.98898014,-74.5216641
82.26,-65.96906523,-74.50453001
82.27,-65.94915012,-74.4873976
82.28,-65.92924956,-74.4702636
82.29,-65.90935489,-74.45314174
82.3,-65.88946792,-74.43602428
82.31,-65.86960107,-74.41890546
82.32,-65.84973399,-74.4017873
82.33,-65.82987427,-74.3846778
82.34,-65.8100281,-74.36756203
82.35,-65.79018884,-74.35044927
82.36,-65.77035757,-74.33334124
82.37,-65.75053206,-74.31624016
82.38,-65.73072088,-74.29914678
82.39,-65.71092238,-74.28206148
82.4,-65.69113128,-74.26497795
82.41,-65.67134653,-74.2478924
82.42,-65.65156992,-74.23081233
82.43,-65.63179969,-74.21373841
82.44,-65.61203686,-74.19666135
82.45,-65.592287,-74.17958938
82.46,-65.5725443,-74.16252294
82.47,-65.55280871,-74.14546312
82.48,-65.53308093,-74.12841287
82.49,-65.51335861,-74.11136012
82.5,-65.49364412,-74.09430685
82.51,-65.47393683,-74.07726638
82.52,-65.45424218,-74.06022746
82.53,-65.43455447,-74.04319404
82.54,-65.41486827,-74.02616488
82.55,-65.39519548,-74.00914458
82.56,-65.37552928,-73.99212537
82.57,-65.35587102,-73.97511556
82.58,-65.33622546,-73.95811228
82.59,-65.31658671,-73.94110993
82.6,-65.29695498,-73.92412064
82.61,-65.27732365,-73.9071325
82.62,-65.25769931,-73.8901504
82.63,-65.23808246,-73.87316666
82.64,-65.21847943,-73.85619135
82.65,-65.1988758,-73.83922072
82.66,-65.17928638,-73.82225497
82.67,-65.15970398,-73.80529695
82.68,-65.14012239,-73.78834866
82.69,-65.12055455,-73.77141019
82.7,-65.10098658,-73.75446709
82.71,-65.08143926,-73.73753748
82.72,-65.06189171,-73.72060991
82.73,-65.04234581,-73.70368984
82.74,-65.02280496,-73.68677992
82.75,-65.00327164,-73.66987227
82.76,-64.98374564,-73.65297688
82.77,-64.96422687,-73.63607498
82.78,-64.94471534,-73.61919387
82.79,-64.92520406,-73.60231514
82.8,-64.90570656,-73.58544623
82.81,-64.88620866,-73.56858349
82.82,-64.86672419,-73.55172155
82.83,-64.84723382,-73.53486654
82.84,-64.82775759,-73.51801889
82.85,-64.80828113,-73.50118038
82.86,-64.78881101,-73.48434563
82.87,-64.76934922,-73.46752022
82.88,-64.74989381,-73.45070352
82.89,-64.73044578,-73.43389241
82.9,-64.71099752,-73.41708993
82.91,-64.69155617,-73.40029135
82.92,-64.67212185,-73.38350074
82.93,-64.65268903,-73.3667221
82.94,-64.63325607,-73.34995168
82.95,-64.61383663,-73.33318738
82.96,-64.59441655,-73.31643089
82.97,-64.57500344,-73.29968533
82.98,-64.55559131,-73.28294426
82.99,-64.53618635,-73.2662078
83,-64.51678153,-73.24947777
83.01,-64.49738407,-73.23275604
83.02,-64.47799357,-73.21604188
83.03,-64.45860271,-73.19934355
83.04,-64.43921927,-73.18265041
83.05,-64.4198413,-73.16596285
83.06,-64.40046511,-73.14928031
83.07,-64.38108896,-73.13260919
83.08,-64.36171286,-73.11594981
83.09,-64.34234368,-73.09929559
83.1,-64.32297569,-73.08264145
83.11,-64.30361336,-73.06600459
83.12,-64.2842586,-73.04937122
83.13,-64.26489734,-73.03274753
83.14,-64.24554229,-73.01612913
83.15,-64.22619524,-72.9995252
83.16,-64.20684142,-72.98292568
83.17,-64.18748824,-72.96633873
83.18,-64.16814727,-72.94976247
83.19,-64.14880028,-72.9331899
83.2,-64.12946079,-72.916622
83.21,-64.11012165,-72.90006166
83.22,-64.09078232,-72.88351824
83.23,-64.07144344,-72.86697666
83.24,-64.05211107,-72.85045479
83.25,-64.0327719,-72.83393523
83.26,-64.01343907,-72.81741932
83.27,-63.99410123,-72.8009154
83.28,-63.9747693,-72.78441779
83.29,-63.95543771,-72.76792554
83.3,-63.93611354,-72.75144656
83.31,-63.91678329,-72.73497749
83.32,-63.8974518,-72.71851324
83.33,-63.8781205,-72.70205935
83.34,-63.85878992,-72.68560729
83.35,-63.83946621,-72.66916744
83.36,-63.82012938,-72.65274476
83.37,-63.80079943,-72.63631907
83.38,-63.78146973,-72.61990736
83.39,-63.76213338,-72.60350842
83.4,-63.74280258,-72.5871192
83.41,-63.72346684,-72.57073278
83.42,-63.70412992,-72.55435631
83.43,-63.68479298,-72.53799662
83.44,-63.6654501,-72.52163848
83.45,-63.64611322,-72.50528941
83.46,-63.6267776,-72.48895191
83.47,-63.60743447,-72.47261973
83.48,-63.58808453,-72.45629504
83.49,-63.56873467,-72.4399794
83.5,-63.54937908,-72.42367105
83.51,-63.53002286,-72.40737421
83.52,-63.51066662,-72.39108169
83.53,-63.49130368,-72.37480359
83.54,-63.4719401,-72.35853607
83.55,-63.45257692,-72.34227761
83.56,-63.43320777,-72.32602467
83.57,-63.41383093,-72.30978188
83.58,-63.3944541,-72.29354708
83.59,-63.37507771,-72.2773207
83.6,-63.35569444,-72.2611074
83.61,-63.33629764,-72.24490096
83.62,-63.31690075,-72.22869395
83.63,-63.29750341,-72.21250609
83.64,-63.27809928,-72.19632756
83.65,-63.2586891,-72.18015232
83.66,-63.23927221,-72.16398503
83.67,-63.21985446,-72.14783042
83.68,-63.20042287,-72.13169057
83.69,-63.18098521,-72.11555504
83.7,-63.1615394,-72.0994217
83.71,-63.14209375,-72.08330119
83.72,-63.12264177,-72.06718776
83.73,-63.10318277,-72.05108684
83.74,-63.08371686,-72.03499168
83.75,-63.06424401,-72.01890552
83.76,-63.04476441,-72.00282796
83.77,-63.02527739,-71.98675949
83.78,-63.00578394,-71.97069989
83.79,-62.98627745,-71.95464643
83.8,-62.96677028,-71.93860016
83.81,-62.94724972,-71.9225662
83.82,-62.92772198,-71.90653713
83.83,-62.90817968,-71.8905152
83.84,-62.88863095,-71.87450915
83.85,-62.86907426,-71.85851101
83.86,-62.84950492,-71.84251863
83.87,-62.82992776,-71.82653706
83.88,-62.8103435,-71.81056452
83.89,-62.79074643,-71.79459584
83.9,-62.77113523,-71.77863578
83.91,-62.75151733,-71.76267854
83.92,-62.73188502,-71.74673639
83.93,-62.71224465,-71.73080379
83.94,-62.69259066,-71.71487573
83.95,-62.67292282,-71.69895894
83.96,-62.65324185,-71.68303996
83.97,-62.6335534,-71.66713434
83.98,-62.61385118,-71.65123781
83.99,-62.5941347,-71.63534995
84,-62.57441062,-71.61946938
84.01,-62.55466607,-71.60358998
84.02,-62.53490839,-71.58772487
84.03,-62.5151353,-71.57186991
84.04,-62.49534857,-71.55602197
84.05,-62.47554805,-71.54018408
84.06,-62.45573351,-71.52435027
84.07,-62.43590477,-71.50852346
84.08,-62.41606207,-71.49270105
84.09,-62.39619955,-71.47688515
84.1,-62.37632164,-71.46107653
84.11,-62.356423,-71.44527169
84.12,-62.33650986,-71.42948049
84.13,-62.31657639,-71.41369898
84.14,-62.29662884,-71.39791924
84.15,-62.27666029,-71.38215111
84.16,-62.2566833,-71.36638614
84.17,-62.23668534,-71.35062403
84.18,-62.2166673,-71.33487854
84.19,-62.19662732,-71.31913077
84.2,-62.17656787,-71.30339898
84.21,-62.15648598,-71.28766623
84.22,-62.13638398,-71.27194558
84.23,-62.1162603,-71.25623162
84.24,-62.09612204,-71.24052464
84.25,-62.07596292,-71.22481783
84.26,-62.05578271,-71.20911947
84.27,-62.0355749,-71.19342464
84.28,-62.01535203,-71.17773949
84.29,-61.99510141,-71.16205866
84.3,-61.97482343,-71.14638488
84.31,-61.95452927,-71.13071505
84.32,-61.93420867,-71.11505534
84.33,-61.91386624,-71.09939519
84.34,-61.89350324,-71.08373962
84.35,-61.87311135,-71.06809563
84.36,-61.85269138,-71.05245609
84.37,-61.8322434,-71.03681744
84.38,-61.8117665,-71.0211885
84.39,-61.7912652,-71.005565
84.4,-61.77073281,-70.98994448
84.41,-61.7501816,-70.97432984
84.42,-61.72959585,-70.95871861
84.43,-61.70898187,-70.94311119
84.44,-61.68834252,-70.92751531
84.45,-61.66766923,-70.91191899
84.46,-61.64696942,-70.89632868
84.47,-61.62623575,-70.88073694
84.48,-61.60547277,-70.86514903
84.49,-61.58467789,-70.84956709
84.5,-61.56385159,-70.83399507
84.51,-61.54299328,-70.81842382
84.52,-61.52210041,-70.80285416
84.53,-61.50117788,-70.78728777
84.54,-61.48021765,-70.77172472
84.55,-61.45922217,-70.7561668
84.56,-61.43819724,-70.7406152
84.57,-61.41713076,-70.72506798
84.58,-61.39602831,-70.70951989
84.59,-61.37489083,-70.69397932
84.6,-61.3537176,-70.67843855
84.61,-61.3325044,-70.66289815
84.62,-61.31125739,-70.64736389
84.63,-61.28996684,-70.63182855
84.64,-61.26863459,-70.61629782
84.65,-61.24726288,-70.60076641
84.66,-61.22585204,-70.58523153
84.67,-61.20440174,-70.56970298
84.68,-61.18290257,-70.55417858
84.69,-61.16136067,-70.53866292
84.7,-61.13977712,-70.52313894
84.71,-61.11815074,-70.50761554
84.72,-61.09648433,-70.49209601
84.73,-61.07476847,-70.47657808
84.74,-61.05300322,-70.46105764
84.75,-61.03119603,-70.44554387
84.76,-61.00933601,-70.43002987
84.77,-60.98743229,-70.4145224
84.78,-60.96547887,-70.39900826
84.79,-60.9434724,-70.38349256
84.8,-60.92141684,-70.36798387
84.81,-60.89930771,-70.3524707
84.82,-60.87714867,-70.33695523
84.83,-60.8549358,-70.32143703
84.84,-60.8326701,-70.30592245
84.85,-60.81035143,-70.29040821
84.86,-60.78797577,-70.27488961
84.87,-60.76554321,-70.25937581
84.88,-60.74305339,-70.24385881
84.89,-60.72050364,-70.22833597
84.9,-60.69789775,-70.21281641
84.91,-60.67523053,-70.19728366
84.92,-60.6525037,-70.1817531
84.93,-60.62971353,-70.16621716
84.94,-60.6068655,-70.15068133
84.95,-60.58395292,-70.13514799
84.96,-60.560977,-70.11960695
84.97,-60.53793324,-70.10406882
84.98,-60.51482277,-70.08852268
84.99,-60.4916441,-70.0729712
85,-60.46839787,-70.05741373
85.01,-60.4450809,-70.04185812
85.02,-60.4216966,-70.02629553
85.03,-60.39823751,-70.0107267
85.04,-60.37471026,-69.99516255
85.05,-60.35110837,-69.97959188
85.06,-60.3274291,-69.96400685
85.07,-60.30367386,-69.94841976
85.08,-60.27984435,-69.93282983
85.09,-60.25593427,-69.91723466
85.1,-60.23194499,-69.90162773
85.11,-60.20787507,-69.88602289
85.12,-60.18371974,-69.87040646
85.13,-60.15948131,-69.85477974
85.14,-60.1351614,-69.83915002
85.15,-60.11074937,-69.82350824
85.16,-60.08625498,-69.80786925
85.17,-60.06167108,-69.79221611
85.18,-60.03699988,-69.77655193
85.19,-60.01223474,-69.76088431
85.2,-59.98737451,-69.74519962
85.21,-59.96241166,-69.72951152
85.22,-59.93735866,-69.71381529
85.23,-59.91220403,-69.69810692
85.24,-59.88695246,-69.68239045
85.25,-59.86159766,-69.66666339
85.26,-59.8361459,-69.65092384
85.27,-59.81058844,-69.63517537
85.28,-59.78493065,-69.61941628
85.29,-59.75916578,-69.6036473
85.3,-59.7332917,-69.58785989
85.31,-59.70730651,-69.57205661
85.32,-59.68120464,-69.55624689
85.33,-59.65498911,-69.54041988
85.34,-59.62865516,-69.52458281
85.35,-59.60220466,-69.50873741
85.36,-59.57563675,-69.49287174
85.37,-59.54894734,-69.47699691
85.38,-59.52213592,-69.46110403
85.39,-59.49519788,-69.44520263
85.4,-59.46813431,-69.42927544
85.41,-59.44094285,-69.41334151
85.42,-59.41361263,-69.39738176
85.43,-59.38614772,-69.38140639
85.44,-59.35854713,-69.36541344
85.45,-59.33080729,-69.34940623
85.46,-59.30292553,-69.33338074
85.47,-59.27489799,-69.31733483
85.48,-59.24672415,-69.30126738
85.49,-59.21840086,-69.28518325
85.5,-59.18993091,-69.26907778
85.51,-59.16130613,-69.25295377
85.52,-59.13252444,-69.23681351
85.53,-59.10358189,-69.22064919
85.54,-59.07448532,-69.20446332
85.55,-59.04521921,-69.18825556
85.56,-59.01578556,-69.17201922
85.57,-58.98618498,-69.15576169
85.58,-58.95640938,-69.13948413
85.59,-58.92645926,-69.12318286
85.6,-58.89632775,-69.10685599
85.61,-58.86601563,-69.09049614
85.62,-58.8355141,-69.07411236
85.63,-58.80482073,-69.0577062
85.64,-58.77393503,-69.04127561
85.65,-58.7428542,-69.02481181
85.66,-58.71157681,-69.0083244
85.67,-58.68009647,-68.99181103
85.68,-58.64840985,-68.97525877
85.69,-58.61651045,-68.95867488
85.7,-58.58439734,-68.94206237
85.71,-58.55206307,-68.92542331
85.72,-58.51951198,-68.90875308
85.73,-58.48673081,-68.89204904
85.74,-58.45371692,-68.87530573
85.75,-58.42047178,-68.85853773
85.76,-58.38698453,-68.84172762
85.77,-58.3532553,-68.82488477
85.78,-58.31927413,-68.80800167
85.79,-58.28504034,-68.79108667
85.8,-58.25054695,-68.77413248
85.81,-58.21579336,-68.75713982
85.82,-58.18077042,-68.74010667
85.83,-58.14547345,-68.72303976
85.84,-58.10989573,-68.70592051
85.85,-58.07403297,-68.68877272
85.86,-58.03788548,-68.67157609
85.87,-58.00143986,-68.65433007
85.88,-57.96469104,-68.63704159
85.89,-57.92763406,-68.61970929
85.9,-57.89026451,-68.6023274
85.91,-57.85257434,-68.58490221
85.92,-57.81455694,-68.56742549
85.93,-57.77621204,-68.54990241
85.94,-57.73752323,-68.53232697
85.95,-57.69848579,-68.51470053
85.96,-57.65909655,-68.49702278
85.97,-57.61934537,-68.47929064
85.98,-57.57922373,-68.46150615
85.99,-57.53872612,-68.44366432
86,-57.49784175,-68.42576378
86.01,-57.45656205,-68.40780506
86.02,-57.4148813,-68.38978383
86.03,-57.37279224,-68.37170512
86.04,-57.33028981,-68.35356502
86.05,-57.28735217,-68.33536585
86.06,-57.24398172,-68.31710163
86.07,-57.20015962,-68.29876801
86.08,-57.15588575,-68.28036837
86.09,-57.11114738,-68.26190773
86.1,-57.06593028,-68.24337188
86.11,-57.02022346,-68.22476323
86.12,-56.97401984,-68.20607898
86.13,-56.92730132,-68.18732755
86.14,-56.88006397,-68.16849244
86.15,-56.83228968,-68.14958322
86.16,-56.783974,-68.13059446
86.17,-56.73509451,-68.1115295
86.18,-56.68564483,-68.09237911
86.19,-56.63560678,-68.07314357
86.2,-56.58497258,-68.05382207
86.21,-56.53372189,-68.03441824
86.22,-56.48184287,-68.01492744
86.23,-56.42932268,-67.99534111
86.24,-56.37614335,-67.9756606
86.25,-56.32228513,-67.95589125
86.26,-56.26773216,-67.93601702
86.27,-56.21247045,-67.91604282
86.28,-56.1564824,-67.89597165
86.29,-56.09975341,-67.87580038
86.3,-56.04226037,-67.855521
86.31,-55.98398189,-67.83513105
86.32,-55.92490304,-67.81463349
86.33,-55.86499634,-67.79402233
86.34,-55.80424982,-67.77328913
86.35,-55.74262827,-67.75243856
86.36,-55.68011799,-67.73147067
86.37,-55.61669137,-67.71037679
86.38,-55.55233164,-67.68915767
86.39,-55.48700407,-67.66781867
86.4,-55.42068907,-67.64634092
86.41,-55.3533597,-67.62472583
86.42,-55.28498266,-67.60298252
86.43,-55.21553427,-67.58109198
86.44,-55.1449778,-67.5590616
86.45,-55.07328835,-67.53688861
86.46,-55.00043323,-67.51455836
86.47,-54.9263792,-67.4920746
86.48,-54.85109332,-67.46943816
86.49,-54.77453769,-67.44663391
86.5,-54.69667051,-67.42366357
86.51,-54.61745944,-67.40052573
86.52,-54.53686435,-67.3772117
86.53,-54.45483902,-67.35372248
86.54,-54.37135041,-67.33006012
86.55,-54.2863475,-67.30621117
86.56,-54.19977989,-67.28217258
86.57,-54.11160916,-67.25793367
86.58,-54.02178132,-67.23349985
86.59,-53.93024535,-67.20886215
86.6,-53.83694324,-67.18401318
86.61,-53.7418209,-67.15894866
86.62,-53.64482418,-67.13366259
86.63,-53.54588691,-67.10815175
86.64,-53.4449533,-67.08241403
86.65,-53.34194778,-67.05643146
86.66,-53.23681027,-67.03021255
86.67,-53.12946395,-67.00374199
86.68,-53.01983624,-66.97700721
86.69,-52.90785506,-66.95001783
86.7,-52.79343003,-66.92275629
86.71,-52.67648003,-66.89521619
86.72,-52.55692524,-66.86739286
86.73,-52.43466365,-66.83928132
86.74,-52.30960495,-66.81086915
86.75,-52.18165155,-66.78215086
86.76,-52.05068745,-66.75311407
86.77,-51.91661563,-66.72375442
86.78,-51.77931922,-66.69406772
86.79,-51.6386747,-66.66403334
86.8,-51.49455932,-66.63364774
86.81,-51.34684708,-66.60290013
86.82,-51.19539926,-66.57178216
86.83,-51.04006613,-66.54027549
86.84,-50.88070227,-66.50838364
86.85,-50.71715122,-66.47607902
86.86,-50.54925128,-66.44336118
86.87,-50.37682204,-66.41020933
86.88,-50.19968659,-66.37661637
86.89,-50.01765819,-66.3425739
86.9,-49.83053427,-66.30805955
86.91,-49.63810385,-66.27305454
86.92,-49.44015203,-66.23755365
86.93,-49.23644522,-66.20153984
86.94,-49.02674251,-66.16499087
86.95,-48.81078711,-66.12789264
86.96,-48.58831628,-66.09023135
86.97,-48.35904216,-66.05198434
86.98,-48.12267293,-66.01313694
86.99,-47.87889317,-65.97366003
87,-47.62738456,-65.93354725
87.01,-47.36779668,-65.89276912
87.02,-47.09976326,-65.85130477
87.03,-46.82291228,-65.80913286
87.04,-46.53684306,-65.76621521
87.05,-46.24113007,-65.72254011
87.06,-45.93533394,-65.67808002
87.07,-45.61897956,-65.63280564
87.08,-45.29158256,-65.58668374
87.09,-44.95263156,-65.53968869
87.1,-44.60158308,-65.49178011
87.11,-44.23786075,-65.44293001
87.12,-43.86087013,-65.39310656
87.13,-43.46998363,-65.34227278
87.14,-43.06453666,-65.29037992
87.15,-42.64384039,-65.23739948
87.16,-42.20716489,-65.18328495
87.17,-41.75375792,-65.12798735
87.18,-41.28282122,-65.07146663
87.19,-40.79353549,-65.01366304
87.2,-40.28503356,-64.95453551
87.21,-39.75642153,-64.89402261
87.22,-39.20676971,-64.83206429
87.23,-38.63510927,-64.76860737
87.24,-38.04044904,-64.70358195
87.25,-37.42176445,-64.63692082
87.26,-36.77800656,-64.56855745
87.27,-36.10810795,-64.49841002
87.28,-35.41097505,-64.42640469
87.29,-34.68551579,-64.3524539
87.3,-33.93062339,-64.27646512
87.31,-33.14521184,-64.19834812
87.32,-32.32821102,-64.11800203
87.33,-31.47857916,-64.03532776
87.34,-30.59532459,-63.95020089
87.35,-29.67752489,-63.86251104
87.36,-28.72434406,-63.77213031
87.37,-27.73505981,-63.67892128
87.38,-26.70908983,-63.58274854
87.39,-25.64601661,-63.48345585
87.4,-24.54562731,-63.38088467
87.41,-23.40794134,-63.27486189
87.42,-22.23325687,-63.16521241
87.43,-21.02217531,-63.05173938
87.44,-19.77565535,-62.93423751
87.45,-18.49503994,-62.81248614
87.46,-17.1820955,-62.68626223
87.47,-15.839043,-62.55531291
87.48,-14.46858619,-62.41937111
87.49,-13.07392614,-62.27814981
87.5,-11.65876141,-62.13136696
87.51,-10.22728918,-61.97869102
87.52,-8.784180565,-61.81978774
87.53,-7.33454641,-61.65429015
87.54,-5.883880221,-61.48181694
87.55,-4.437994697,-61.30195648
87.56,-3.002928909,-61.11427152
87.57,-1.584862574,-60.91829371
87.58,-0.1900055422,-60.71352557
87.59,1.175519409,-60.49944244
87.6,2.505775509,-60.27547845
87.61,3.795133625,-60.04104068
87.62,5.038365753,-59.79548682
87.63,6.230736641,-59.53814478
87.64,7.368067916,-59.26829249
87.65,8.446801891,-58.98515919
87.66,9.464028235,-58.68793936
87.67,10.41749711,-58.37576743
87.68,11.30562461,-58.04771896
87.69,12.12745381,-57.70281173
87.7,12.88263904,-57.34001865
87.71,13.57138105,-56.95822601
87.72,14.19438721,-56.55626476
87.73,14.75278913,-56.13288127
87.74,15.24810184,-55.68675185
87.75,15.68213653,-55.21646084
87.76,16.05696281,-54.72050035
87.77,16.37483089,-54.19726551
87.78,16.63813049,-53.64505511
87.79,16.84933665,-53.06203732
87.8,17.01097913,-52.44627127
87.81,17.12558398,-51.79568514
87.82,17.1956699,-51.10805905
87.83,17.22371219,-50.3810199
87.84,17.21212206,-49.61204215
87.85,17.16323932,-48.79842404
87.86,17.07930678,-47.93727341
87.87,16.96248823,-47.02549859
87.88,16.81484384,-46.05979847
87.89,16.63833054,-45.03665493
87.9,16.4348076,-43.95233331
87.91,16.20602972,-42.80282275
87.92,15.95365836,-41.58388958
87.93,15.67926141,-40.2910596
87.94,15.38431558,-38.91963792
87.95,15.07021804,-37.46471692
87.96,14.73826363,-35.92121354
87.97,14.38968076,-34.2839381
87.98,14.02562727,-32.54767203
87.99,13.64718226,-30.70727727
88,13.25536306,-28.75788028
88.01,12.85112015,-26.69507303
88.02,12.43535812,-24.51519078
88.03,12.00891342,-22.21567361
88.04,11.57258226,-19.79549056
88.05,11.12710521,-17.25564372
88.06,10.67318134,-14.5997441
88.07,10.21146872,-11.83460959
88.08,9.742590045,-8.970857105
88.09,9.26711731,-6.023407588
88.1,8.785600657,-3.011816583
88.11,8.298552728,0.0396689442
88.12,7.806453364,3.102424353
88.13,7.309760122,6.144200665
88.14,6.808897337,9.130329866
88.15,6.304270021,12.02534193
88.16,5.796260148,14.79483894
88.17,5.285228549,17.40745519
88.18,4.771501169,19.83664346
88.19,4.255397644,22.06209501
88.2,3.737221562,24.07059448
88.21,3.217247106,25.85624778
88.22,2.695743056,27.42010262
88.23,2.172951974,28.76926519
88.24,1.649107684,29.91566416
88.25,1.124432657,30.87469277
88.26,0.5991378863,31.66383168
88.27,0.07341435894,32.30143287
88.28,-0.4525529193,32.80571541
88.29,-0.9785850757,33.19402071
88.3,-1.504521621,33.48231651
88.31,-2.030214593,33.68490683
88.32,-2.555515571,33.81433686
88.33,-3.08028638,33.8814082
88.34,-3.60440141,33.89528787
88.35,-4.127744915,33.86366668
88.36,-4.650199142,33.79293225
88.37,-5.171658793,33.68836735
88.38,-5.692033467,33.5543168
88.39,-6.211229689,33.39433858
88.4,-6.729162172,33.21136547
88.41,-7.245750458,33.00780087
88.42,-7.760919594,32.78561987
88.43,-8.274601763,32.54647805
88.44,-8.786734759,32.29174576
88.45,-9.297258482,32.02257953
88.46,-9.80612295,31.73997151
88.47,-10.31327852,31.44476723
88.48,-10.81868132,31.13770098
88.49,-11.32229192,30.81942833
88.5,-11.82406763,30.49052349
88.51,-12.3239771,30.15151246
88.52,-12.82198548,29.80285975
88.53,-13.31806697,29.44499598
88.54,-13.81219741,29.07832959
88.55,-14.30435722,28.70323339
88.56,-14.79452868,28.32006598
88.57,-15.28269112,27.92915774
88.58,-15.76883239,27.53082831
88.59,-16.2529408,27.12538138
88.6,-16.73500781,26.71310781
88.61,-17.21502367,26.2942938
88.62,-17.69298714,25.86920988
88.63,-18.16888784,25.43811809
88.64,-18.64272952,25.00126873
88.65,-19.11450608,24.55891967
88.66,-19.58422494,24.11130639
88.67,-20.05189378,23.65866723
88.68,-20.51751774,23.20122197
88.69,-20.98109861,22.73920127
88.7,-21.44265205,22.2728165
88.71,-21.90218771,21.80228077
88.72,-22.35971677,21.32780305
88.73,-22.81525602,20.84958237
88.74,-23.26881385,20.36781792
88.75,-23.72040988,19.88269764
88.76,-24.1700602,19.39440491
88.77,-24.61779092,18.90312425
88.78,-25.06361904,18.40902825
88.79,-25.50756737,17.91229277
88.8,-25.94966083,17.41308586
88.81,-26.38993093,16.91156077
88.82,-26.828399,16.40787738
88.83,-27.26509314,15.90218855
88.84,-27.70004039,15.39464263
88.85,-28.13328279,14.88539095
88.86,-28.56484472,14.37456458
88.87,-28.99476749,13.86230052
88.88,-29.42308049,13.34873094
88.89,-29.84983706,12.83398177
88.9,-30.27506865,12.31817977
88.91,-30.69881857,11.80144339
88.92,-31.12113665,11.28388539
88.93,-31.54206278,10.76561509
88.94,-31.96164235,10.24673855
88.95,-32.37993033,9.727359036
88.96,-32.79698362,9.207574152
88.97,-33.21284415,8.68747927
88.98,-33.62757505,8.167167973
88.99,-34.0412279,7.646723996
89,-34.45386663,7.126235669
89.01,-34.86554596,6.605782738
89.02,-35.27633592,6.085441849
89.03,-35.68629101,5.565292719
89.04,-36.09548991,5.045405014
89.05,-36.50399835,4.525845599
89.06,-36.91188031,4.006678257
89.07,-37.31921321,3.487968357
89.08,-37.72607003,2.969767428
89.09,-38.13253183,2.452141219
89.1,-38.53867196,1.935142857
89.11,-38.94456717,1.418817863
89.12,-39.35030108,0.9032172429
89.13,-39.75595584,0.3883820091
89.14,-40.16161574,-0.1256417816
89.15,-40.56736061,-0.6388129837
89.16,-40.97327994,-1.151096245
89.17,-41.37945815,-1.662450547
89.18,-41.78598633,-2.172847458
89.19,-42.19294743,-2.682255167
89.2,-42.60043707,-3.190643608
89.21,-43.00854596,-3.697984465
89.22,-43.41735865,-4.204258218
89.23,-43.8269617,-4.709439867
89.24,-44.23744865,-5.213507037
89.25,-44.64890914,-5.716442833
89.26,-45.06142584,-6.218225362
89.27,-45.47509232,-6.718843573
89.28,-45.88999209,-7.218279098
89.29,-46.30619979,-7.716520639
89.3,-46.72379637,-8.21355838
89.31,-47.1428696,-8.709386209
89.32,-47.56348393,-9.204000539
89.33,-47.98570726,-9.697400204
89.34,-48.4096088,-10.18957151
89.35,-48.83524316,-10.68051466
89.36,-49.26267458,-11.17022608
89.37,-49.69194935,-11.65871084
89.38,-50.12309993,-12.14596558
89.39,-50.55617191,-12.63199698
89.4,-50.99118538,-13.1168092
89.41,-51.42815498,-13.60040949
89.42,-51.86709239,-14.08280569
89.43,-52.30798755,-14.56399946
89.44,-52.75082943,-15.04401104
89.45,-53.19559023,-15.52285214
89.46,-53.64222524,-16.00052939
89.47,-54.09067423,-16.4770565
89.48,-54.54087538,-16.95245142
89.49,-54.99273697,-17.42673312
89.5,-55.44615763,-17.89992185
89.51,-55.90100915,-18.37203442
89.52,-56.35715032,-18.84309839
89.53,-56.81442315,-19.31313923
89.54,-57.27265567,-19.78217879
89.55,-57.73164691,-20.250242
89.56,-58.19117899,-20.71735575
89.57,-58.65100688,-21.1835527
89.58,-59.11087985,-21.64886738
89.59,-59.57051074,-22.11334205
89.6,-60.02959469,-22.57700874
89.61,-60.4878158,-23.03990894
89.62,-60.94483997,-23.50208083
89.63,-61.40031252,-23.9635688
89.64,-61.85385392,-24.42442715
89.65,-62.30508615,-24.88470178
89.66,-62.7536018,-25.3444414
89.67,-63.19899672,-25.8037001
89.68,-63.64084161,-26.26254304
89.69,-64.07871855,-26.72103132
89.7,-64.51219064,-27.17923111
89.71,-64.94083104,-27.63721299
89.72,-65.36421589,-28.09504942
89.73,-65.78192037,-28.55281063
89.74,-66.19352382,-29.01058539
89.75,-66.59863078,-29.46846068
89.76,-66.99684946,-29.92652908
89.77,-67.38781511,-30.38488076
89.78,-67.77117953,-30.84361974
89.79,-68.14661591,-31.30285381
89.8,-68.5138243,-31.7626984
89.81,-68.87252853,-32.22326241
89.82,-69.22248883,-32.68467222
89.83,-69.56349454,-33.1470632
89.84,-69.89536685,-33.61056607
89.85,-70.21796697,-34.07532507
89.86,-70.5311745,-34.54149165
89.87,-70.83491292,-35.009219
89.88,-71.12914031,-35.47867711
89.89,-71.41384281,-35.95004336
89.9,-71.6890228,-36.42348923
89.91,-71.95473556,-36.8992118
89.92,-72.21104665,-37.37740411
89.93,-72.45806936,-37.85827216
89.94,-72.69590949,-38.3420311
89.95,-72.9247192,-38.82890958
89.96,-73.14466492,-39.31913966
89.97,-73.35592872,-39.81296115
89.98,-73.55869446,-40.31061996
89.99,-73.75317749,-40.81238332
90,-73.93960655,-41.31850988
90.01,-74.11819182,-41.82927914
90.02,-74.28917129,-42.34497739
90.03,-74.45280258,-42.86589748
90.04,-74.60930718,-43.39234219
90.05,-74.75894075,-43.92461399
90.06,-74.90193405,-44.4630217
90.07,-75.03852807,-45.00788366
90.08,-75.16897132,-45.55955954
90.09,-75.29350883,-46.11831231
90.1,-75.41235339,-46.68447211
90.11,-75.52574019,-47.25836361
90.12,-75.63389028,-47.84029269
90.13,-75.73701928,-48.43057172
90.14,-75.83533627,-49.02949765
90.15,-75.92904445,-49.63734561
90.16,-76.01833346,-50.25438154
90.17,-76.10339272,-50.88084231
90.18,-76.18440734,-51.51693861
90.19,-76.2615552,-52.16284311
90.2,-76.33500522,-52.81869372
90.21,-76.40490937,-53.4845734
90.22,-76.4714264,-54.16051405
90.23,-76.53470507,-54.84649014
90.24,-76.59488506,-55.54238821
90.25,-76.65209454,-56.24802877
90.26,-76.70646799,-56.96313871
90.27,-76.75812935,-57.68733935
90.28,-76.80719527,-58.42014769
90.29,-76.85377635,-59.16095926
90.3,-76.89797028,-59.9090407
90.31,-76.93988763,-60.66353558
90.32,-76.9796189,-61.42343239
90.33,-77.01725596,-62.1875728
90.34,-77.05289049,-62.95466382
90.35,-77.08660876,-63.72326444
90.36,-77.11847028,-64.49177547
90.37,-77.14857212,-65.25847445
90.38,-77.17697698,-66.02150527
90.39,-77.20375292,-66.77891652
90.4,-77.22896117,-67.5286582
90.41,-77.25268013,-68.26862386
90.42,-77.27494836,-68.99666744
90.43,-77.29583557,-69.71064522
90.44,-77.31538247,-70.40844588
90.45,-77.33364657,-71.08804803
90.46,-77.35067136,-71.74750148
90.47,-77.36651207,-72.38503704
90.48,-77.3812034,-72.99904763
90.49,-77.394796,-73.58814274
90.5,-77.40732913,-74.15116591
90.51,-77.41883526,-74.6872057
90.52,-77.42934591,-75.19560974
90.53,-77.43889976,-75.6759978
90.54,-77.44752885,-76.12824744
90.55,-77.45526362,-76.55249183
90.56,-77.46213915,-76.94909696
90.57,-77.46817833,-77.31861597
90.58,-77.47340669,-77.66181992
90.59,-77.47785465,-77.97961776
90.6,-77.48154177,-78.27304897
90.61,-77.48449144,-78.54326629
90.62,-77.48673224,-78.79147728
90.63,-77.48828357,-79.01894591
90.64,-77.48916117,-79.22695987
90.65,-77.48939441,-79.41680408
90.66,-77.48899522,-79.58974337
90.67,-77.48798964,-79.74702576
90.68,-77.48638607,-79.88984526
90.69,-77.4842054,-80.01935425
90.7,-77.48147439,-80.13663591
90.71,-77.47819196,-80.24271587
90.72,-77.47439331,-80.33857001
90.73,-77.47008312,-80.42508727
90.74,-77.46527896,-80.50310891
90.75,-77.45999787,-80.57340957
90.76,-77.45425229,-80.63669397
90.77,-77.44805939,-80.69361536
90.78,-77.44143165,-80.74476756
90.79,-77.43437842,-80.79069548
90.8,-77.42692037,-80.83189609
90.81,-77.41906734,-80.86881915
90.82,-77.41083783,-80.90187796
90.83,-77.40224779,-80.93144943
90.84,-77.39329709,-80.9578563
90.85,-77.38399558,-80.98141207
90.86,-77.37437014,-81.00237939
90.87,-77.36442833,-81.02101001
90.88,-77.35417698,-81.03753131
90.89,-77.34362976,-81.05214637
90.9,-77.3327989,-81.06502669
90.91,-77.32169205,-81.07635399
90.92,-77.31032367,-81.08625733
90.93,-77.29869005,-81.09487966
90.94,-77.28682123,-81.10234479
90.95,-77.27471647,-81.10874988
90.96,-77.26238423,-81.11420414
90.97,-77.24982421,-81.11878393
90.98,-77.2370659,-81.12257043
90.99,-77.22410658,-81.12564579
91,-77.21094338,-81.12806203
91.01,-77.19759518,-81.12988031
91.02,-77.18407669,-81.13115883
91.03,-77.17038174,-81.13193926
91.04,-77.15651727,-81.13227205
91.05,-77.14249953,-81.13219038
91.06,-77.12833231,-81.13172989
91.07,-77.11402282,-81.13092008
91.08,-77.0995669,-81.12979759
91.09,-77.08497819,-81.12838013
91.1,-77.07025566,-81.1266956
91.11,-77.05540861,-81.12476314
91.12,-77.0404434,-81.12259553
91.13,-77.02536013,-81.12022578
91.14,-77.01016405,-81.11765681
91.15,-76.99485836,-81.11491326
91.16,-76.9794557,-81.11199822
91.17,-76.96395609,-81.10893083
91.18,-76.94835946,-81.10572473
91.19,-76.93266811,-81.10237852
91.2,-76.91689235,-81.09891559
91.21,-76.90102883,-81.09533004
91.22,-76.88508527,-81.09164544
91.23,-76.8690592,-81.08784805
91.24,-76.85295134,-81.0839587
91.25,-76.83677514,-81.07998579
91.26,-76.82051985,-81.07592224
91.27,-76.80420357,-81.07177701
91.28,-76.78781332,-81.06756236
91.29,-76.77135619,-81.0632684
91.3,-76.75484072,-81.0589123
91.31,-76.7382519,-81.05449335
91.32,-76.72160991,-81.05001255
91.33,-76.70490365,-81.04547164
91.34,-76.68814485,-81.04087061
91.35,-76.67132444,-81.03622119
91.36,-76.65445494,-81.03150961
91.37,-76.63753533,-81.02675527
91.38,-76.62056191,-81.02195067
91.39,-76.60353764,-81.01709959
91.4,-76.58646284,-81.01220474
91.41,-76.56933818,-81.00725898
91.42,-76.55216773,-81.00227665
91.43,-76.53495465,-80.99725715
91.44,-76.5176983,-80.9921919
91.45,-76.50039869,-80.98709283
91.46,-76.48304861,-80.98195768
91.47,-76.46565501,-80.97676907
91.48,-76.44821872,-80.97155224
91.49,-76.430746,-80.96630543
91.5,-76.41323049,-80.96102479
91.51,-76.39567167,-80.95570362
91.52,-76.37808022,-80.95034656
91.53,-76.36045048,-80.94495518
91.54,-76.34277942,-80.93952261
91.55,-76.32507348,-80.93406454
91.56,-76.30733173,-80.92857197
91.57,-76.28955595,-80.92304788
91.58,-76.27175047,-80.91749785
91.59,-76.25390401,-80.91191212
91.6,-76.23602199,-80.90629126
91.61,-76.21810011,-80.90064447
91.62,-76.20015251,-80.89496219
91.63,-76.18216164,-80.88924471
91.64,-76.16414369,-80.8835043
91.65,-76.14609266,-80.87772725
91.66,-76.12801376,-80.87191966
91.67,-76.10989544,-80.86607968
91.68,-76.0917493,-80.8602137
91.69,-76.07356842,-80.85431296
91.7,-76.05536252,-80.84837616
91.71,-76.03711586,-80.84241347
91.72,-76.01884385,-80.83642374
91.73,-76.00054526,-80.83040183
91.74,-75.98221302,-80.82435145
91.75,-75.96385002,-80.81827482
91.76,-75.94545279,-80.81215992
91.77,-75.92702992,-80.80601976
91.78,-75.90857288,-80.79984313
91.79,-75.89009268,-80.79364035
91.8,-75.87158501,-80.78740922
91.81,-75.85303944,-80.781146
91.82,-75.8344688,-80.77485079
91.83,-75.81587385,-80.76853011
91.84,-75.79724497,-80.76217359
91.85,-75.7785914,-80.75578822
91.86,-75.75990714,-80.74937683
91.87,-75.74120547,-80.74293439
91.88,-75.72246994,-80.73645595
91.89,-75.70371197,-80.72994911
91.9,-75.68492173,-80.72340593
91.91,-75.66610032,-80.71683954
91.92,-75.64725547,-80.71024179
91.93,-75.62839381,-80.70361253
91.94,-75.60950067,-80.69695635
91.95,-75.59057581,-80.6902698
91.96,-75.57162934,-80.6835458
91.97,-75.55265725,-80.67679549
91.98,-75.53365362,-80.67001414
91.99,-75.51462832,-80.66320053
92,-75.49557904,-80.65636002
92.01,-75.47649953,-80.64948595
92.02,-75.45739734,-80.64257936
92.03,-75.43826422,-80.63564566
92.04,-75.41911651,-80.62867247
92.05,-75.39994393,-80.62167355
92.06,-75.38074902,-80.61464433
92.07,-75.36152438,-80.60758275
92.08,-75.34227664,-80.60049056
92.09,-75.32300059,-80.59336302
92.1,-75.30370061,-80.58620617
92.11,-75.28438662,-80.57901473
92.12,-75.26504304,-80.57179704
92.13,-75.24567624,-80.56454319
92.14,-75.22628715,-80.55726027
92.15,-75.20686972,-80.5499385
92.16,-75.18742289,-80.54258792
92.17,-75.16796253,-80.53520894
92.18,-75.14847846,-80.52780015
92.19,-75.12896588,-80.52034912
92.2,-75.10943311,-80.51287254
92.21,-75.08987911,-80.50536681
92.22,-75.07030165,-80.49782279
92.23,-75.05069552,-80.49024985
92.24,-75.03106892,-80.4826381
92.25,-75.01142798,-80.47500265
92.26,-74.99175268,-80.46733259
92.27,-74.97206157,-80.45963015
92.28,-74.95235154,-80.4518951
92.29,-74.93261956,-80.44413045
92.3,-74.9128585,-80.43632559
92.31,-74.89308363,-80.42849178
92.32,-74.87328239,-80.4206229
92.33,-74.85346086,-80.41272064
92.34,-74.83361803,-80.40478177
92.35,-74.81375557,-80.39681133
92.36,-74.79387359,-80.38880651
92.37,-74.77397581,-80.38077216
92.38,-74.75404497,-80.37271266
92.39,-74.73409488,-80.36461502
92.4,-74.7141309,-80.3564785
92.41,-74.69414743,-80.34831216
92.42,-74.67414253,-80.34010739
92.43,-74.6541188,-80.33187495
92.44,-74.63406905,-80.32360663
92.45,-74.61399852,-80.31530457
92.46,-74.59390782,-80.30697347
92.47,-74.57380541,-80.29860607
92.48,-74.55368438,-80.29020047
92.49,-74.53354253,-80.28176015
92.5,-74.51337582,-80.27328528
92.51,-74.49319487,-80.26478442
92.52,-74.47298937,-80.25624604
92.53,-74.45276259,-80.24767312
92.54,-74.43252504,-80.23906485
92.55,-74.41226194,-80.2304246
92.56,-74.39198633,-80.22175317
92.57,-74.37168565,-80.21304826
92.58,-74.35137268,-80.20430102
92.59,-74.33104094,-80.19552635
92.6,-74.31068364,-80.18671041
92.61,-74.29030844,-80.17786466
92.62,-74.26991574,-80.16898632
92.63,-74.24950974,-80.16007375
92.64,-74.22909232,-80.15112253
92.65,-74.20865061,-80.14214162
92.66,-74.18818992,-80.13311899
92.67,-74.16771782,-80.12406876
92.68,-74.14722655,-80.11497856
92.69,-74.12671144,-80.10585123
92.7,-74.10618543,-80.09669484
92.71,-74.08564145,-80.08750151
92.72,-74.06508046,-80.07827822
92.73,-74.04450752,-80.0690213
92.74,-74.02391613,-80.05972153
92.75,-74.00330183,-80.05039464
92.76,-73.98267612,-80.0410311
92.77,-73.96203294,-80.03162996
92.78,-73.94137268,-80.02219957
92.79,-73.92069502,-80.01273005
92.8,-73.90000634,-80.00323003
92.81,-73.87930206,-79.99369135
92.82,-73.85857942,-79.98411635
92.83,-73.83783859,-79.97450671
92.84,-73.81708914,-79.96486446
92.85,-73.79632107,-79.95517947
92.86,-73.7755374,-79.94546688
92.87,-73.75474333,-79.93572076
92.88,-73.73392557,-79.92593699
92.89,-73.71309796,-79.91612038
92.9,-73.69226013,-79.9062628
92.91,-73.67139864,-79.89637337
92.92,-73.65052758,-79.88644799
92.93,-73.62964107,-79.87648897
92.94,-73.60874473,-79.86649533
92.95,-73.58783039,-79.85646457
92.96,-73.56690761,-79.84639793
92.97,-73.54596755,-79.83629069
92.98,-73.52501179,-79.82615404
92.99,-73.50404709,-79.81598218
93,-73.48306691,-79.80577923
93.01,-73.46206917,-79.79553695
93.02,-73.44106288,-79.78526819
93.03,-73.42004762,-79.77495747
93.04,-73.39901683,-79.76460921
93.05,-73.37797043,-79.75422425
93.06,-73.35691505,-79.74380464
93.07,-73.33583611,-79.73335412
93.08,-73.31474917,-79.72287213
93.09,-73.29365314,-79.71235235
93.1,-73.27255436,-79.7018006
93.11,-73.25143269,-79.69120743
93.12,-73.23030449,-79.68057877
93.13,-73.20915912,-79.66991381
93.14,-73.18800628,-79.65921546
93.15,-73.16684519,-79.64848605
93.16,-73.14566849,-79.6377163
93.17,-73.1244767,-79.62690711
93.18,-73.10327615,-79.61606819
93.19,-73.08206852,-79.60519564
93.2,-73.06084428,-79.59428602
93.21,-73.03961229,-79.58334338
93.22,-73.01836563,-79.57236772
93.23,-72.99711085,-79.56135816
93.24,-72.97584855,-79.55031819
93.25,-72.95457016,-79.53923601
93.26,-72.9332924,-79.52811708
93.27,-72.91200017,-79.51696361
93.28,-72.89069255,-79.50578203
93.29,-72.86937669,-79.49455004
93.3,-72.8480537,-79.48329695
93.31,-72.82671565,-79.47200825
93.32,-72.80536958,-79.46068057
93.33,-72.78401665,-79.44932345
93.34,-72.76264957,-79.43792986
93.35,-72.74128175,-79.42649387
93.36,-72.7199069,-79.41503284
93.37,-72.69851763,-79.40353025
93.38,-72.67712049,-79.39199723
93.39,-72.65570897,-79.38042374
93.4,-72.63429293,-79.36882041
93.41,-72.61287386,-79.35718667
93.42,-72.59144071,-79.34551734
93.43,-72.56999601,-79.33380984
93.44,-72.54855006,-79.3220649
93.45,-72.52709579,-79.31028422
93.46,-72.50563621,-79.29847246
93.47,-72.48416855,-79.28662904
93.48,-72.46268055,-79.27475103
93.49,-72.44119302,-79.2628425
93.5,-72.41969898,-79.25090101
93.51,-72.39819142,-79.23892379
93.52,-72.37668283,-79.22691233
93.53,-72.35516921,-79.21486607
93.54,-72.33364119,-79.20278106
93.55,-72.31210644,-79.19066484
93.56,-72.29057331,-79.17851181
93.57,-72.26904026,-79.16632857
93.58,-72.24748573,-79.15410846
93.59,-72.22592607,-79.14186042
93.6,-72.20436608,-79.12956936
93.61,-72.18280028,-79.11724845
93.62,-72.16122145,-79.10489944
93.63,-72.13964351,-79.09252064
93.64,-72.11805875,-79.08010163
93.65,-72.09646851,-79.06765343
93.66,-72.07487196,-79.05517379
93.67,-72.05326876,-79.04264978
93.68,-72.03166163,-79.03009606
93.69,-72.01005434,-79.01751403
93.7,-71.98844003,-79.00489281
93.71,-71.96681992,-78.99223932
93.72,-71.94519545,-78.97955573
93.73,-71.92357122,-78.96684576
93.74,-71.90193484,-78.95410063
93.75,-71.88029931,-78.94132101
93.76,-71.85865798,-78.92851013
93.77,-71.83701116,-78.91566338
93.78,-71.81535862,-78.90279006
93.79,-71.79370019,-78.88987469
93.8,-71.77204441,-78.87693126
93.81,-71.75038924,-78.86396275
93.82,-71.72872217,-78.8509535
93.83,-71.70704956,-78.83791707
93.84,-71.68537833,-78.82484437
93.85,-71.66370912,-78.81174702
93.86,-71.64202769,-78.79861382
93.87,-71.62034772,-78.78544714
93.88,-71.59866136,-78.7722474
93.89,-71.57697055,-78.75901822
93.9,-71.55528113,-78.74575643
93.91,-71.53358759,-78.73246923
93.92,-71.51189606,-78.71914385
93.93,-71.49019879,-78.70579683
93.94,-71.46849713,-78.69240783
93.95,-71.44679037,-78.6789916
93.96,-71.42508451,-78.66554385
93.97,-71.40338152,-78.65207084
93.98,-71.38168074,-78.63856478
93.99,-71.35997501,-78.62502408
94,-71.33826383,-78.61145441
94.01,-71.31655645,-78.59785468
94.02,-71.29484287,-78.58422112
94.03,-71.27313291,-78.57055732
94.04,-71.25141671,-78.55686431
94.05,-71.22969664,-78.54314086
94.06,-71.20797902,-78.52939018
94.07,-71.1862572,-78.51560719
94.08,-71.16454405,-78.50179539
94.09,-71.14282008,-78.48795911
94.1,-71.12110483,-78.47409287
94.11,-71.09938627,-78.46018918
94.12,-71.07766227,-78.44626191
94.13,-71.05594115,-78.43229807
94.14,-71.03421565,-78.41830918
94.15,-71.01249303,-78.40428932
94.16,-70.99076578,-78.39024081
94.17,-70.96904127,-78.3761656
94.18,-70.9473199,-78.36206237
94.19,-70.92559356,-78.347932
94.2,-70.90387746,-78.33376665
94.21,-70.88215612,-78.31958028
94.22,-70.86043889,-78.30536166
94.23,-70.83872454,-78.29112205
94.24,-70.81701234,-78.27685133
94.25,-70.7952901,-78.26254531
94.26,-70.77357681,-78.24821615
94.27,-70.75186807,-78.23386026
94.28,-70.73015507,-78.21946824
94.29,-70.7084453,-78.20505523
94.3,-70.68673787,-78.19061674
94.31,-70.66502714,-78.17614936
94.32,-70.64331923,-78.1616485
94.33,-70.62161476,-78.1471244
94.34,-70.59991329,-78.13257838
94.35,-70.57821514,-78.11800335
94.36,-70.55651967,-78.1034028
94.37,-70.53482078,-78.08877412
94.38,-70.51312571,-78.07412076
94.39,-70.4914329,-78.05943592
94.4,-70.46973716,-78.0447291
94.41,-70.44805305,-78.02999486
94.42,-70.42636445,-78.01523991
94.43,-70.40468558,-78.00045213
94.44,-70.38300389,-77.98563994
94.45,-70.36132621,-77.97079967
94.46,-70.33964441,-77.95594309
94.47,-70.31797428,-77.94105132
94.48,-70.29630763,-77.92614186
94.49,-70.27464354,-77.9112066
94.5,-70.25298391,-77.89623962
94.51,-70.23132777,-77.88125341
94.52,-70.20967424,-77.86624194
94.53,-70.18801873,-77.8512067
94.54,-70.16636694,-77.83614687
94.55,-70.14472574,-77.82105874
94.56,-70.12308822,-77.80595345
94.57,-70.10145432,-77.79081393
94.58,-70.07982546,-77.77565505
94.59,-70.0581923,-77.76046875
94.6,-70.03657079,-77.7452634
94.61,-70.01495216,-77.73003583
94.62,-69.99334525,-77.71478532
94.63,-69.97173627,-77.69950505
94.64,-69.95013039,-77.68420471
94.65,-69.92852742,-77.66888004
94.66,-69.90693017,-77.6535333
94.67,-69.88532989,-77.6381697
94.68,-69.86374117,-77.62277623
94.69,-69.8421631,-77.60736487
94.7,-69.82058126,-77.59193174
94.71,-69.79901065,-77.57646996
94.72,-69.77744557,-77.5609891
94.73,-69.7558766,-77.54549088
94.74,-69.73432028,-77.52997116
94.75,-69.71277363,-77.51442486
94.76,-69.69122446,-77.49886289
94.77,-69.66968699,-77.4832707
94.78,-69.64815469,-77.46766639
94.79,-69.62662629,-77.45204166
94.8,-69.60510861,-77.43639136
94.81,-69.58359526,-77.42072603
94.82,-69.56208068,-77.40503192
94.83,-69.54057061,-77.38931596
94.84,-69.51907139,-77.37357977
94.85,-69.49757576,-77.35782898
94.86,-69.47609283,-77.34205615
94.87,-69.45461364,-77.32626307
94.88,-69.4331398,-77.31045362
94.89,-69.41167076,-77.2946205
94.9,-69.39021214,-77.2787655
94.91,-69.36875869,-77.26289664
94.92,-69.34731013,-77.24700289
94.93,-69.32586656,-77.23109469
94.94,-69.30442784,-77.21516436
94.95,-69.28299952,-77.19921966
94.96,-69.26158302,-77.18325185
94.97,-69.24016597,-77.16726875
94.98,-69.21875899,-77.1512651
94.99,-69.19736427,-77.13525215
95,-69.1759744,-77.11921291
95.01,-69.15458995,-77.1031606
95.02,-69.13321004,-77.08708896
95.03,-69.11184239,-77.07099576
95.04,-69.09047909,-77.05488459
95.05,-69.06912133,-77.03876186
95.06,-69.04777527,-77.02261523
95.07,-69.02643329,-77.0064476
95.08,-69.0050974,-76.9902687
95.09,-68.98376618,-76.97407056
95.1,-68.96244733,-76.95785811
95.11,-68.94114041,-76.94163274
95.12,-68.91983804,-76.9253826
95.13,-68.89853977,-76.90912652
95.14,-68.87725555,-76.89284911
95.15,-68.85597553,-76.87656236
95.16,-68.83470876,-76.86025337
95.17,-68.81344637,-76.84393392
95.18,-68.79218962,-76.82758917
95.19,-68.77093816,-76.81122733
95.2,-68.74969744,-76.79485767
95.21,-68.72846969,-76.77846901
95.22,-68.70725439,-76.76207476
95.23,-68.68604329,-76.74565923
95.24,-68.66484501,-76.72922818
95.25,-68.64364498,-76.71278626
95.26,-68.62245767,-76.69633162
95.27,-68.60127529,-76.67985802
95.28,-68.58009831,-76.66336607
95.29,-68.55893455,-76.64686777
95.3,-68.53777587,-76.6303521
95.31,-68.51663529,-76.61383416
95.32,-68.49549449,-76.59729376
95.33,-68.47437263,-76.58074191
95.34,-68.45325696,-76.56417994
95.35,-68.43215227,-76.54760236
95.36,-68.41105478,-76.53100765
95.37,-68.38996167,-76.51440416
95.38,-68.36887415,-76.49778329
95.39,-68.34780007,-76.48115537
95.4,-68.32673686,-76.46451141
95.41,-68.30568144,-76.44786034
95.42,-68.28463692,-76.43119552
95.43,-68.26360489,-76.41451516
95.44,-68.24257979,-76.3978303
95.45,-68.22156554,-76.3811294
95.46,-68.20055798,-76.36442203
95.47,-68.17956328,-76.3476961
95.48,-68.1585734,-76.33095988
95.49,-68.13759697,-76.31421528
95.5,-68.1166195,-76.29746057
95.51,-68.09566037,-76.28069578
95.52,-68.07471517,-76.2639211
95.53,-68.0537756,-76.24713075
95.54,-68.03284237,-76.23033726
95.55,-68.01192108,-76.21353504
95.56,-67.9910116,-76.19671821
95.57,-67.97010937,-76.1798854
95.58,-67.94921821,-76.16305051
95.59,-67.92834132,-76.14620595
95.6,-67.90747085,-76.12934848
95.61,-67.88659888,-76.1124867
95.62,-67.86573928,-76.09561171
95.63,-67.84489248,-76.07873403
95.64,-67.82405235,-76.06184286
95.65,-67.80322512,-76.04494894
95.66,-67.78241774,-76.02803953
95.67,-67.76161559,-76.01112087
95.68,-67.74082654,-75.99420023
95.69,-67.72004257,-75.97726894
95.7,-67.6992656,-75.96032694
95.71,-67.67850249,-75.94338959
95.72,-67.65774377,-75.9264381
95.73,-67.63700628,-75.90947407
95.74,-67.61627361,-75.89250032
95.75,-67.59554767,-75.87552315
95.76,-67.5748349,-75.85853661
95.77,-67.55413485,-75.84154482
95.78,-67.53344033,-75.8245453
95.79,-67.51275359,-75.80754029
95.8,-67.49207879,-75.79053229
95.81,-67.47141089,-75.77351505
95.82,-67.45074899,-75.75649506
95.83,-67.43010646,-75.73947076
95.84,-67.40947761,-75.72244257
95.85,-67.3888541,-75.70539637
95.86,-67.36823795,-75.68834885
95.87,-67.34764147,-75.67129736
95.88,-67.32704394,-75.65424918
95.89,-67.3064598,-75.63718895
95.9,-67.28588844,-75.62012038
95.91,-67.26532381,-75.60305394
95.92,-67.24477235,-75.58597671
95.93,-67.22423381,-75.56890023
95.94,-67.2037021,-75.55181181
95.95,-67.18318355,-75.53472191
95.96,-67.1626708,-75.51762774
95.97,-67.1421732,-75.50052364
95.98,-67.12168684,-75.48342675
95.99,-67.10120811,-75.46631712
96,-67.08074224,-75.44920536
96.01,-67.06028237,-75.43208952
96.02,-67.03983604,-75.41497402
96.03,-67.01939553,-75.39784797
96.04,-66.99897011,-75.38072492
96.05,-66.97856317,-75.36359476
96.06,-66.95815635,-75.3464616
96.07,-66.93776284,-75.32933052
96.08,-66.91737625,-75.31219774
96.09,-66.89700289,-75.29505624
96.1,-66.87663502,-75.27791853
96.11,-66.85628101,-75.2607772
96.12,-66.83593349,-75.24363099
96.13,-66.81559964,-75.22648108
96.14,-66.79527298,-75.2093277
96.15,-66.77496664,-75.19217485
96.16,-66.75465901,-75.17502159
96.17,-66.73436501,-75.15786458
96.18,-66.71408437,-75.14070893
96.19,-66.69381728,-75.12355684
96.2,-66.67355645,-75.10639725
96.21,-66.65330263,-75.08923289
96.22,-66.63306229,-75.0720696
96.23,-66.61282978,-75.05490817
96.24,-66.59260954,-75.03774536
96.25,-66.57240332,-75.02058103
96.26,-66.55220356,-75.00341276
96.27,-66.53201071,-74.98625404
96.28,-66.51183061,-74.96909073
96.29,-66.49165744,-74.95192353
96.3,-66.47149872,-74.93476012
96.31,-66.45135255,-74.91759286
96.32,-66.43121242,-74.9004197
96.33,-66.4110739,-74.88324841
96.34,-66.39095366,-74.86608251
96.35,-66.37084153,-74.84892095
96.36,-66.35073605,-74.83175578
96.37,-66.33064408,-74.81458821
96.38,-66.31055935,-74.79742706
96.39,-66.29048694,-74.78026974
96.4,-66.27042209,-74.76310862
96.41,-66.25036428,-74.74594803
96.42,-66.23031968,-74.72878648
96.43,-66.21028773,-74.71163014
96.44,-66.19025669,-74.69447197
96.45,-66.17023888,-74.67731794
96.46,-66.15023485,-74.66016543
96.47,-66.13023834,-74.64301412
96.48,-66.11024793,-74.62586969
96.49,-66.09026496,-74.60872783
96.5,-66.07030224,-74.59158179
96.51,-66.0503458,-74.57444579
96.52,-66.03039737,-74.55730448
96.53,-66.01046191,-74.54016456
96.54,-65.99052691,-74.52302996
96.55,-65.97060502,-74.50589718
96.56,-65.95069678,-74.4887668
96.57,-65.93079513,-74.47163839
96.58,-65.91090087,-74.45451539
96.59,-65.8910148,-74.43739272
96.6,-65.87114102,-74.4202732
96.61,-65.85127343,-74.40315685
96.62,-65.83141409,-74.38604783
96.63,-65.81156047,-74.36893703
96.64,-65.79171447,-74.35182491
96.65,-65.771882,-74.33472313
96.66,-65.75206381,-74.31762854
96.67,-65.73225807,-74.30053133
96.68,-65.71244729,-74.28343837
96.69,-65.69264908,-74.26634775
96.7,-65.67285755,-74.249255
96.71,-65.65308094,-74.23217128
96.72,-65.6333046,-74.21508893
96.73,-65.61354072,-74.19801723
96.74,-65.59378373,-74.1809501
96.75,-65.57404062,-74.16389038
96.76,-65.55430534,-74.14682759
96.77,-65.53458384,-74.12977246
96.78,-65.51486129,-74.11272333
96.79,-65.49515368,-74.09567449
96.8,-65.47545272,-74.07863003
96.81,-65.45575146,-74.06159274
96.82,-65.4360583,-74.0445599
96.83,-65.41637815,-74.02753695
96.84,-65.39670491,-74.01051294
96.85,-65.37703896,-73.99350211
96.86,-65.35737994,-73.97648878
96.87,-65.33772847,-73.9594772
96.88,-65.31807653,-73.9424701
96.89,-65.29844453,-73.92547013
96.9,-65.27881379,-73.90848222
96.91,-65.25918956,-73.89149784
96.92,-65.23957216,-73.87451526
96.93,-65.21996858,-73.85754533
96.94,-65.20036553,-73.84058096
96.95,-65.18077627,-73.82361786
96.96,-65.1611939,-73.8066641
96.97,-65.14161918,-73.78971739
96.98,-65.12204393,-73.77277332
96.99,-65.10248323,-73.75583486
97,-65.08292265,-73.73889862
97.01,-65.06337522,-73.72197201
97.02,-65.04382733,-73.70505899
97.03,-65.02428775,-73.6881454
97.04,-65.00475494,-73.67123959
97.05,-64.98522908,-73.65433675
97.06,-64.96571025,-73.6374416
97.07,-64.94619757,-73.62055743
97.08,-64.92668668,-73.60367583
97.09,-64.90718876,-73.58680277
97.1,-64.88769077,-73.56993328
97.11,-64.86819933,-73.55307731
97.12,-64.84870908,-73.53622251
97.13,-64.82923293,-73.5193762
97.14,-64.80976333,-73.50254313
97.15,-64.79029412,-73.48570779
97.16,-64.77083133,-73.46888512
97.17,-64.75137575,-73.45206865
97.18,-64.73192737,-73.4352576
97.19,-64.71247984,-73.41845556
97.2,-64.69303936,-73.40165242
97.21,-64.6736059,-73.38485906
97.22,-64.65417158,-73.36807989
97.23,-64.6347439,-73.35130576
97.24,-64.61531753,-73.33454502
97.25,-64.59589898,-73.31778476
97.26,-64.57648665,-73.30103281
97.27,-64.55707474,-73.28429181
97.28,-64.53766883,-73.26755302
97.29,-64.5182642,-73.25083245
97.3,-64.49886533,-73.23411191
97.31,-64.47947419,-73.21739928
97.32,-64.46009013,-73.20069233
97.33,-64.4407065,-73.18400068
97.34,-64.42132323,-73.16730803
97.35,-64.40194649,-73.15063144
97.36,-64.38257017,-73.13396188
97.37,-64.3631947,-73.11729547
97.38,-64.34382515,-73.10063853
97.39,-64.32446255,-73.08399229
97.4,-64.30510076,-73.06735172
97.41,-64.28573941,-73.05071934
97.42,-64.266378,-73.03409729
97.43,-64.24701707,-73.01748381
97.44,-64.22766297,-73.00086888
97.45,-64.20830867,-72.98427322
97.46,-64.18896079,-72.96767776
97.47,-64.16960753,-72.95109158
97.48,-64.15026781,-72.93451722
97.49,-64.13092846,-72.9179486
97.5,-64.11159579,-72.90139122
97.51,-64.09225625,-72.88483955
97.52,-64.07291711,-72.8683012
97.53,-64.05357756,-72.85176745
97.54,-64.03424637,-72.83524468
97.55,-64.01490781,-72.8187279
97.56,-63.99556895,-72.80221894
97.57,-63.97624447,-72.78572151
97.58,-63.95691317,-72.7692282
97.59,-63.93758121,-72.75274477
97.6,-63.9182502,-72.73627331
97.61,-63.89891962,-72.71980178
97.62,-63.87959559,-72.70334978
97.63,-63.86026449,-72.68689995
97.64,-63.84093346,-72.67046533
97.65,-63.82160309,-72.65403609
97.66,-63.80227318,-72.63762397
97.67,-63.78294301,-72.62121609
97.68,-63.76361293,-72.60481052
97.69,-63.74428376,-72.5884164
97.7,-63.72495398,-72.57202713
97.71,-63.70562405,-72.55565388
97.72,-63.68628102,-72.53928246
97.73,-63.66694433,-72.52292919
97.74,-63.64760087,-72.50658532
97.75,-63.62825837,-72.49024545
97.76,-63.60890923,-72.47391858
97.77,-63.58956609,-72.45759855
97.78,-63.57021625,-72.44128313
97.79,-63.55086633,-72.42497157
97.8,-63.53151054,-72.4086719
97.81,-63.51215483,-72.39238158
97.82,-63.49279756,-72.37610528
97.83,-63.47343489,-72.35983042
97.84,-63.45406562,-72.34356822
97.85,-63.43470211,-72.32731625
97.86,-63.41532604,-72.31107691
97.87,-63.39594966,-72.29484325
97.88,-63.37656647,-72.27862081
97.89,-63.35718232,-72.26239883
97.9,-63.3377926,-72.24619297
97.91,-63.31839615,-72.229993
97.92,-63.29899835,-72.21380502
97.93,-63.27959507,-72.19761777
97.94,-63.26018458,-72.1814465
97.95,-63.24076648,-72.16528705
97.96,-63.22134252,-72.14913206
97.97,-63.20191779,-72.1329838
97.98,-63.18248702,-72.11684541
97.99,-63.16304839,-72.10071749
98,-63.14360345,-72.08459225
98.01,-63.12415125,-72.06847716
98.02,-63.10469242,-72.05237793
98.03,-63.08521945,-72.03628439
98.04,-63.0657471,-72.02019554
98.05,-63.04626037,-72.00411722
98.06,-63.02678128,-71.98804813
98.07,-63.00728117,-71.97198741
98.08,-62.9877742,-71.95593339
98.09,-62.96826612,-71.9398942
98.1,-62.94874477,-71.92385778
98.11,-62.92921613,-71.90782892
98.12,-62.90967497,-71.8918032
98.13,-62.89013242,-71.87579033
98.14,-62.87057656,-71.85979014
98.15,-62.85101434,-71.84379554
98.16,-62.83143073,-71.82780829
98.17,-62.81184667,-71.81182946
98.18,-62.79224922,-71.79586386
98.19,-62.77264369,-71.77990781
98.2,-62.75302524,-71.76395397
98.21,-62.73339261,-71.7480079
98.22,-62.71374657,-71.73206881
98.23,-62.69409964,-71.71614079
98.24,-62.67443883,-71.70021776
98.25,-62.65476348,-71.68430598
98.26,-62.63507612,-71.66840173
98.27,-62.61538057,-71.65250375
98.28,-62.59566407,-71.63660998
98.29,-62.57594068,-71.62072804
98.3,-62.55619638,-71.6048539
98.31,-62.53644495,-71.58898827
98.32,-62.51667934,-71.57312985
98.33,-62.49689301,-71.55728147
98.34,-62.47709282,-71.54144146
98.35,-62.45727831,-71.52561054
98.36,-62.43744908,-71.50978265
98.37,-62.41760032,-71.49396154
98.38,-62.39773678,-71.47814377
98.39,-62.37785968,-71.46233721
98.4,-62.35796083,-71.44653871
98.41,-62.33805443,-71.43074386
98.42,-62.31812717,-71.41495853
98.43,-62.29817961,-71.39917879
98.44,-62.27821739,-71.38341171
98.45,-62.2582411,-71.3676489
98.46,-62.23824477,-71.35189429
98.47,-62.21822601,-71.33614375
98.48,-62.19818671,-71.32039945
98.49,-62.17813259,-71.30465729
98.5,-62.15805144,-71.28892411
98.51,-62.13794876,-71.27319976
98.52,-62.11783219,-71.25748024
98.53,-62.09769493,-71.24176666
98.54,-62.07753529,-71.22606392
98.55,-62.05734866,-71.21036617
98.56,-62.03714644,-71.19467516
98.57,-62.01691757,-71.17899032
98.58,-61.99667328,-71.16330427
98.59,-61.97640113,-71.14763123
98.6,-61.95610146,-71.13196135
98.61,-61.93578151,-71.11630173
98.62,-61.91543974,-71.10063907
98.63,-61.89506917,-71.08498426
98.64,-61.87467772,-71.06933489
98.65,-61.85425769,-71.05369473
98.66,-61.83381577,-71.0380542
98.67,-61.8133463,-71.02242174
98.68,-61.79284823,-71.00679469
98.69,-61.77232596,-70.9911775
98.7,-61.75177176,-70.97556805
98.71,-61.73119251,-70.95995184
98.72,-61.71058566,-70.94434937
98.73,-61.68994614,-70.92874094
98.74,-61.66928,-70.91314481
98.75,-61.64857706,-70.89754982
98.76,-61.6278498,-70.88195787
98.77,-61.60709083,-70.86637531
98.78,-61.58630255,-70.85079553
98.79,-61.56547695,-70.83521825
98.8,-61.54461885,-70.81963942
98.81,-61.52373287,-70.80407381
98.82,-61.50281092,-70.78850721
98.83,-61.48185668,-70.77295117
98.84,-61.46086471,-70.75739866
98.85,-61.43983605,-70.74184103
98.86,-61.41876948,-70.72629096
98.87,-61.39767106,-70.71073938
98.88,-61.37653355,-70.69519705
98.89,-61.35535978,-70.67965411
98.9,-61.33415116,-70.66411274
98.91,-61.31290398,-70.64857999
98.92,-61.29161423,-70.63304477
98.93,-61.27028761,-70.61751912
98.94,-61.24892035,-70.60199039
98.95,-61.22751656,-70.58646079
98.96,-61.20606309,-70.57093176
98.97,-61.18456774,-70.55540816
98.98,-61.16303315,-70.53989122
98.99,-61.14145511,-70.52437149
99,-61.11982853,-70.50884898
99.01,-61.09816215,-70.4933302
99.02,-61.07644679,-70.47781552
99.03,-61.05469223,-70.46229796
99.04,-61.03288533,-70.44678324
99.05,-61.01103503,-70.43126865
99.06,-60.9891316,-70.41575258
99.07,-60.96717824,-70.40023754
99.08,-60.94517834,-70.38472702
99.09,-60.92312941,-70.36921054
99.1,-60.90103029,-70.35370025
99.11,-60.87887845,-70.33818276
99.12,-60.85666939,-70.32266925
99.13,-60.83440716,-70.30714994
99.14,-60.81209165,-70.29163697
99.15,-60.78971946,-70.27612388
99.16,-60.76729118,-70.26060721
99.17,-60.74480597,-70.2450866
99.18,-60.72226394,-70.22956428
99.19,-60.69966136,-70.21404583
99.2,-60.67699802,-70.19852094
99.21,-60.65428095,-70.18299497
99.22,-60.63150361,-70.16746362
99.23,-60.6086589,-70.1519294
99.24,-60.58575063,-70.13639918
99.25,-60.56278177,-70.12084937
99.26,-60.53973927,-70.10530018
99.27,-60.51663459,-70.08974993
99.28,-60.49346009,-70.07420067
99.29,-60.47022143,-70.05864672
99.3,-60.44691475,-70.04308884
99.31,-60.42353455,-70.02752789
99.32,-60.4000858,-70.01196414
99.33,-60.37656274,-69.99639341
99.34,-60.35296149,-69.98081862
99.35,-60.32928865,-69.96523786
99.36,-60.30553753,-69.94965809
99.37,-60.28170831,-69.93406982
99.38,-60.2578049,-69.91847293
99.39,-60.23382286,-69.90287511
99.4,-60.2097597,-69.88726489
99.41,-60.18561057,-69.87165228
99.42,-60.16138035,-69.85602547
99.43,-60.13706728,-69.84040258
99.44,-60.11266931,-69.82476405
99.45,-60.08818192,-69.80911798
99.46,-60.06360611,-69.79346036
99.47,-60.03893463,-69.77779623
99.48,-60.01417396,-69.76212802
99.49,-59.98931989,-69.74644405
99.5,-59.96436719,-69.7307557
99.51,-59.93932163,-69.71505904
99.52,-59.91417696,-69.69935031
99.53,-59.88893557,-69.68362834
99.54,-59.86359778,-69.66790074
99.55,-59.83815145,-69.65216217
99.56,-59.81260384,-69.63641696
99.57,-59.78695388,-69.62065326
99.58,-59.76118981,-69.60487948
99.59,-59.73532169,-69.58909308
99.6,-59.70934415,-69.5732945
99.61,-59.6832531,-69.55748876
99.62,-59.65704816,-69.54166621
99.63,-59.63072898,-69.52582552
99.64,-59.60429228,-69.50997361
99.65,-59.57773434,-69.49411167
99.66,-59.5510551,-69.47823791
99.67,-59.52425501,-69.46234923
99.68,-59.497327,-69.44644347
99.69,-59.47027036,-69.43052554
99.7,-59.44308232,-69.41458062
99.71,-59.41575975,-69.39862226
99.72,-59.38830568,-69.38264783
99.73,-59.36071527,-69.36665803
99.74,-59.33299019,-69.35065441
99.75,-59.30511877,-69.33462754
99.76,-59.2771058,-69.31858538
99.77,-59.24894616,-69.30252943
99.78,-59.22063775,-69.28644352
99.79,-59.19217893,-69.27034383
99.8,-59.16357096,-69.25422147
99.81,-59.13480307,-69.23808156
99.82,-59.10587826,-69.22191539
99.83,-59.07678721,-69.20572982
99.84,-59.04753424,-69.18951942
99.85,-59.01811424,-69.17328822
99.86,-58.98852424,-69.15703963
99.87,-58.95876008,-69.14076083
99.88,-58.92882136,-69.1244623
99.89,-58.89870754,-69.10813305
99.9,-58.86840521,-69.09178555
99.91,-58.8379186,-69.07540091
99.92,-58.80724315,-69.05899501
99.93,-58.77637821,-69.04256062
99.94,-58.74531446,-69.02610732
99.95,-58.7140515,-69.00961541
99.96,-58.68258622,-68.9930998
99.97,-58.65091391,-68.97655876
99.98,-58.61903498,-68.95998225
99.99,-58.58693603,-68.94337362
100,-58.55462035,-68.92673704
100.01,-58.52208328,-68.91006686
100.02,-58.48932209,-68.89336608
100.03,-58.45633007,-68.87662886
100.04,-58.42310295,-68.85986122
100.05,-58.38963082,-68.84305661
100.06,-58.35591677,-68.82622114
100.07,-58.32195613,-68.80934423
100.08,-58.2877463,-68.79242409
100.09,-58.25327424,-68.77546609
100.1,-58.21853858,-68.75847527
100.11,-58.1835371,-68.74144307
100.12,-58.14825825,-68.72437108
100.13,-58.11270127,-68.70725955
100.14,-58.07685991,-68.69010067
100.15,-58.04073019,-68.67290841
100.16,-58.00430568,-68.65566842
100.17,-57.96758223,-68.63838534
100.18,-57.93055034,-68.62105513
100.19,-57.89320479,-68.60368504
100.2,-57.85553982,-68.58625986
100.21,-57.8175476,-68.56878501
100.22,-57.77922444,-68.5512681
100.23,-57.7405605,-68.53369353
100.24,-57.70155203,-68.51607273
100.25,-57.66218745,-68.49839699
100.26,-57.62246718,-68.48067153
100.27,-57.58237828,-68.46288975
100.28,-57.54190879,-68.44505377
100.29,-57.5010588,-68.42715906
100.3,-57.45981169,-68.40921196
100.31,-57.41816326,-68.39120148
100.32,-57.37610937,-68.37312765
100.33,-57.33363991,-68.354997
100.34,-57.29073831,-68.33680001
100.35,-57.24740216,-68.31853932
100.36,-57.20361899,-68.30020955
100.37,-57.15937777,-68.28181454
100.38,-57.11467512,-68.26334913
100.39,-57.06949034,-68.24481501
100.4,-57.02382195,-68.22621214
100.41,-56.9776539,-68.20753924
100.42,-56.93098107,-68.18878668
100.43,-56.88378676,-68.16996644
100.44,-56.83605086,-68.15106234
100.45,-56.78777181,-68.13208816
100.46,-56.73893499,-68.1130314
100.47,-56.68952829,-68.09388591
100.48,-56.63954239,-68.07465929
100.49,-56.58895099,-68.05534754
100.5,-56.53774989,-68.03594497
100.51,-56.48592118,-68.01645726
100.52,-56.43345313,-67.99687741
100.53,-56.38032707,-67.97720613
100.54,-56.3265248,-67.95743813
100.55,-56.27203106,-67.93757374
100.56,-56.21682628,-67.91761167
100.57,-56.16089865,-67.89755378
100.58,-56.10423008,-67.87738755
100.59,-56.04679401,-67.85711692
100.6,-55.98857863,-67.83673316
100.61,-55.92956014,-67.81624338
100.62,-55.86971745,-67.79563964
100.63,-55.80903237,-67.7749221
100.64,-55.74748088,-67.75408165
100.65,-55.68503827,-67.73312787
100.66,-55.62168867,-67.7120461
100.67,-55.55739998,-67.69083737
100.68,-55.49214943,-67.66950534
100.69,-55.42591583,-67.64803766
100.7,-55.35866528,-67.62643783
100.71,-55.29037257,-67.60470105
100.72,-55.22100963,-67.58282181
100.73,-55.15054459,-67.56080048
100.74,-55.07894703,-67.53863151
100.75,-55.00618439,-67.51631765
100.76,-54.93222441,-67.4938476
100.77,-54.85703462,-67.47121731
100.78,-54.78058055,-67.4484247
100.79,-54.70281931,-67.42547072
100.8,-54.62371443,-67.4023441
100.81,-54.54323167,-67.37904777
100.82,-54.46132294,-67.35557764
100.83,-54.37794708,-67.33192493
100.84,-54.29306438,-67.30808341
100.85,-54.20662594,-67.28405331
100.86,-54.1185849,-67.25983412
100.87,-54.02889083,-67.23541083
100.88,-53.9374856,-67.21078806
100.89,-53.84433047,-67.18594993
100.9,-53.74935248,-67.16090129
100.91,-53.65250426,-67.13563049
100.92,-53.55372093,-67.11013404
100.93,-53.45294294,-67.08441198
100.94,-53.35010448,-67.0584466
100.95,-53.24513945,-67.03224177
100.96,-53.13797218,-67.00578717
100.97,-53.02852965,-66.9790841
100.98,-52.91673558,-66.9521137
100.99,-52.80250331,-66.92487698
101,-52.68575899,-66.89736549
101.01,-52.56641225,-66.86957065
101.02,-52.44436955,-66.84148942
101.03,-52.31953496,-66.81310363
101.04,-52.19180964,-66.78441612
101.05,-52.06108904,-66.75540895
101.06,-51.92726186,-66.72607394
101.07,-51.79022256,-66.69641479
101.08,-51.64985009,-66.66640742
101.09,-51.50601589,-66.63605366
101.1,-51.3585933,-66.60533437
101.11,-51.20743669,-66.57424861
101.12,-51.05241575,-66.54276948
101.13,-50.89337544,-66.51090218
101.14,-50.73015794,-66.47863067
101.15,-50.5626026,-66.44594646
101.16,-50.39053924,-66.41282936
101.17,-50.21378191,-66.37927298
101.18,-50.03214507,-66.3452579
101.19,-49.8454325,-66.31077528
101.2,-49.65343052,-66.27581255
101.21,-49.45591937,-66.24035632
101.22,-49.25266885,-66.2043812
101.23,-49.04344737,-66.16787619
101.24,-48.82799474,-66.13081838
101.25,-48.60604212,-66.09320217
101.26,-48.37731396,-66.05500019
101.27,-48.14151434,-66.01620217
101.28,-47.89832847,-65.97678416
101.29,-47.64744114,-65.93672298
101.3,-47.38850318,-65.89600001
101.31,-47.12115141,-65.85458847
101.32,-46.84500874,-65.81246659
101.33,-46.55967867,-65.7696161
101.34,-46.26473917,-65.72599659
101.35,-45.95974614,-65.68159612
101.36,-45.64424446,-65.63638374
101.37,-45.31774109,-65.59032803
101.38,-44.97971246,-65.54339892
101.39,-44.62972026,-65.49556814
101.4,-44.26709155,-65.44679004
101.41,-43.89123283,-65.39704221
101.42,-43.50152293,-65.34628614
101.43,-43.09730157,-65.29448352
101.44,-42.67788513,-65.24159147
101.45,-42.24254901,-65.18756773
101.46,-41.79053227,-65.13236442
101.47,-41.32105616,-65.07593994
101.48,-40.83329367,-65.01824472
101.49,-40.32638414,-64.95921997
101.5,-39.7994329,-64.89881931
101.51,-39.25151454,-64.836978
101.52,-38.68166874,-64.77364044
101.53,-38.08890267,-64.70874381
101.54,-37.47219694,-64.64221902
101.55,-36.83050274,-64.57399221
101.56,-36.1627542,-64.50399172
101.57,-35.46785912,-64.43213243
101.58,-34.74472599,-64.35833648
101.59,-33.99224885,-64.28251776
101.6,-33.20934227,-64.20456801
101.61,-32.39492874,-64.12439893
101.62,-31.54796044,-64.04190608
101.63,-30.66744972,-63.95698067
101.64,-29.7524704,-63.86950025
101.65,-28.8021713,-63.77933534
101.66,-27.81582614,-63.68635808
101.67,-26.79283621,-63.59043023
101.68,-25.73276667,-63.49139077
101.69,-24.63539122,-63.38908587
101.7,-23.50070755,-63.28334806
101.71,-22.32898714,-63.17399191
101.72,-21.12081167,-63.06082979
101.73,-19.87710348,-62.94365241
101.74,-18.59917758,-62.82225411
101.75,-17.28876616,-62.69639094
101.76,-15.94805284,-62.5658202
101.77,-14.57969946,-62.43027861
101.78,-13.18686512,-62.28949516
101.79,-11.77320835,-62.14316564
101.8,-10.34288749,-61.99097217
101.81,-8.900539929,-61.83257493
101.82,-7.451242895,-61.66761179
101.83,-6.000456201,-61.49570955
101.84,-4.553971541,-61.31645173
101.85,-3.117817833,-61.12940563
101.86,-1.698165865,-60.93410212
101.87,-0.3012256114,-60.73005347
101.88,1.066867671,-60.51673831
101.89,2.40016086,-60.29358223
101.9,3.692994116,-60.06000143
101.91,4.940104819,-59.81535729
101.92,6.136714991,-59.55898119
101.93,7.278601739,-59.29015272
101.94,8.36215426,-59.00810745
101.95,9.384408114,-58.71203624
101.96,10.34306146,-58.40108294
101.97,11.23647295,-58.07433022
101.98,12.06364128,-57.73080894
101.99,12.82417032,-57.3694816
102,13.51822606,-56.98924701
102.01,14.14646941,-56.58893932
102.02,14.71000722,-56.16731134
102.03,15.21032038,-55.72304358
102.04,15.64920508,-55.25472938
102.05,16.02870914,-54.76086917
102.06,16.35106784,-54.23987273
102.07,16.61866438,-53.69003123
102.08,16.83396853,-53.10953958
102.09,16.99950071,-52.49645457
102.1,17.11779252,-51.8487184
102.11,17.19136648,-51.16412573
102.12,17.22270127,-50.44031621
102.13,17.21421055,-49.67477718
102.14,17.16824416,-48.86481724
102.15,17.08705227,-48.00756168
102.16,16.97280352,-47.09993515
102.17,16.82756513,-46.13865537
102.18,16.6533049,-45.12021646
102.19,16.45188647,-44.04089187
102.2,16.225075,-42.89670455
102.21,15.97454346,-41.68343926
102.22,15.70186671,-40.39665014
102.23,15.40852238,-39.03165128
102.24,15.09590814,-37.58354782
102.25,14.76533951,-36.047273
102.26,14.41805068,-34.41764004
102.27,14.05519681,-32.68942742
102.28,13.67786896,-30.85748737
102.29,13.28708728,-28.91692112
102.3,12.88380938,-26.86327317
102.31,12.46893899,-24.69280555
102.32,12.0433283,-22.4028555
102.33,11.60776378,-19.99225431
102.34,11.16299843,-17.46182261
102.35,10.70973301,-14.81494204
102.36,10.2486305,-12.05815378
102.37,9.780305343,-9.201750678
102.38,9.305342995,-6.260300016
102.39,8.824292993,-3.252978362
102.4,8.337669364,-0.2036680736
102.41,7.845958821,2.859332307
102.42,7.349619481,5.904022968
102.43,6.849080735,8.89587422
102.44,6.344749281,11.79941182
102.45,5.837004688,14.58008397
102.46,5.326201619,17.20621146
102.47,4.812677289,19.65081107
102.48,4.296750363,21.89303348
102.49,3.778723186,23.91908807
102.5,3.258873531,25.72250115
102.51,2.737473205,27.30379789
102.52,2.21477067,28.66963929
102.53,1.691001778,29.8316256
102.54,1.166384541,30.80492463
102.55,0.6411323771,31.60689925
102.56,0.1154367898,32.25586634
102.57,-0.4105122392,32.77009056
102.58,-0.9365441564,33.1670079
102.59,-1.462492465,33.46270247
102.6,-1.988206265,33.6716186
102.61,-2.513539198,33.80644045
102.62,-3.038355409,33.87811016
102.63,-3.562526466,33.89591842
102.64,-4.085928668,33.86765972
102.65,-4.608453449,33.79982802
102.66,-5.129996291,33.69778165
102.67,-5.650458915,33.56593435
102.68,-6.169747286,33.40790556
102.69,-6.687779893,33.22666296
102.7,-7.204473522,33.02465056
102.71,-7.719758606,32.80388774
102.72,-8.233567986,32.56604216
102.73,-8.74583605,32.31249929
102.74,-9.256495156,32.04444194
102.75,-9.765499785,31.76286506
102.76,-10.27279536,31.46863393
102.77,-10.77834584,31.16248445
102.78,-11.28210162,30.84507735
102.79,-11.78402736,30.51699855
102.8,-12.28409003,30.17877062
102.81,-12.78225237,29.83086606
102.82,-13.27849278,29.47371819
102.83,-13.77278201,29.10773889
102.84,-14.26510283,28.73329827
102.85,-14.75543519,28.35075889
102.86,-15.24376316,27.96045311
102.87,-15.7300685,27.56270263
102.88,-16.21434574,27.15781362
102.89,-16.69657947,26.74607342
102.9,-17.17676249,26.32776755
102.91,-17.65488831,25.90317164
102.92,-18.13095667,25.47254188
102.93,-18.60496221,25.0361433
102.94,-19.07691327,24.59422046
102.95,-19.54680843,24.14701866
102.96,-20.01465113,23.69476971
102.97,-20.48044558,23.23770375
102.98,-20.94419578,22.7760414
102.99,-21.4059167,22.30999884
103,-21.86562131,21.83978628
103.01,-22.32331921,21.36561767
103.02,-22.77901849,20.88769084
103.03,-23.23273665,20.40619716
103.04,-23.68449343,19.92133344
103.05,-24.13430144,19.43329113
103.06,-24.58218112,18.94224185
103.07,-25.0281592,18.44836659
103.08,-25.47225914,17.95183402
103.09,-25.91450458,17.45281198
103.1,-26.35492201,16.95146171
103.11,-26.79353607,16.44794582
103.12,-27.23037282,15.94241152
103.13,-27.66545964,15.43500862
103.14,-28.09883041,14.92588485
103.15,-28.53052267,14.41517788
103.16,-28.96057343,13.90302147
103.17,-29.38902012,13.38955336
103.18,-29.81589858,12.87489856
103.19,-30.24124893,12.35917658
103.2,-30.66511446,11.84250953
103.21,-31.08753915,11.32500988
103.22,-31.50856888,10.80678638
103.23,-31.92825379,10.28795161
103.24,-32.34663875,9.768603057
103.25,-32.76378264,9.248842861
103.26,-33.17973349,8.728768618
103.27,-33.59454564,8.208470495
103.28,-34.00827661,7.688034028
103.29,-34.42098944,7.167544214
103.3,-34.83273972,6.647088568
103.31,-35.24359193,6.126744959
103.32,-35.65361419,5.606583959
103.33,-36.06286464,5.08667695
103.34,-36.47142245,4.56708836
103.35,-36.87934869,4.047886016
103.36,-37.28672291,3.529136973
103.37,-37.69361187,3.010898743
103.38,-38.10010014,2.4932267
103.39,-38.50625788,1.976169308
103.4,-38.91216567,1.459782056
103.41,-39.3179072,0.9441170877
103.42,-39.72356135,0.4292212401
103.43,-40.12921392,-0.08486907563
103.44,-40.53494651,-0.5981084615
103.45,-40.94084162,-1.110458619
103.46,-41.34698615,-1.621883386
103.47,-41.75347248,-2.132351103
103.48,-42.16039382,-2.641836567
103.49,-42.56783727,-3.150311113
103.5,-42.97588961,-3.657743481
103.51,-43.38464185,-4.164106735
103.52,-43.79417758,-4.669379068
103.53,-44.20458899,-5.173532528
103.54,-44.61596446,-5.676558655
103.55,-45.02839437,-6.178434218
103.56,-45.44198403,-6.679145587
103.57,-45.85678973,-7.178675592
103.58,-46.2728967,-7.677014169
103.59,-46.69039082,-8.174156181
103.6,-47.10934437,-8.670087019
103.61,-47.52983275,-9.164804586
103.62,-47.9519223,-9.658302886
103.63,-48.37568842,-10.15057712
103.64,-48.80118701,-10.64161844
103.65,-49.22847238,-11.13142771
103.66,-49.65759156,-11.62000382
103.67,-50.08859649,-12.10735565
103.68,-50.5215135,-12.59348093
103.69,-50.95637363,-13.07838905
103.7,-51.39318776,-13.5620847
103.71,-51.83197234,-14.04457375
103.72,-52.27271511,-14.52586329
103.73,-52.71540527,-15.00596738
103.74,-53.16001615,-15.4848958
103.75,-53.60650589,-15.96266443
103.76,-54.0548177,-16.43928192
103.77,-54.50487914,-16.91476812
103.78,-54.95661243,-17.38913759
103.79,-55.40990677,-17.86241185
103.8,-55.8646471,-18.33460797
103.81,-56.32069027,-18.80575124
103.82,-56.7778823,-19.27586835
103.83,-57.23604142,-19.74497956
103.84,-57.69497742,-20.21311197
103.85,-58.15446805,-20.68029742
103.86,-58.61427902,-21.14656822
103.87,-59.07415625,-21.61195424
103.88,-59.53381085,-22.07649493
103.89,-59.99295144,-22.54022287
103.9,-60.45124428,-23.00317746
103.91,-60.90837248,-23.46539965
103.92,-61.36397642,-23.92693486
103.93,-61.81768348,-24.38783541
103.94,-62.269109,-24.84814762
103.95,-62.71785247,-25.30791961
103.96,-63.1635101,-25.7672119
103.97,-63.60565192,-26.22608676
103.98,-64.04385555,-26.68460293
103.99,-64.47769506,-27.14282077
104,-64.90673833,-27.60081851
104.01,-65.33055497,-28.05866012
104.02,-65.74872105,-28.51642557
104.03,-66.16082909,-28.9741999
104.04,-66.56646355,-29.43206672
104.05,-66.96524521,-29.89011514
104.06,-67.35680332,-30.34844637
104.07,-67.74078454,-30.80715149
104.08,-68.11686155,-31.26634323
104.09,-68.48472737,-31.72613157
104.1,-68.84412465,-32.18663386
104.11,-69.19479294,-32.64797374
104.12,-69.53652618,-33.11027694
104.13,-69.86914137,-33.57368429
104.14,-70.19248728,-34.03833935
104.15,-70.50644996,-34.5043859
104.16,-70.81095451,-34.97198576
104.17,-71.10593664,-35.44130263
104.18,-71.39139059,-35.91250701
104.19,-71.66733042,-36.38577973
104.2,-71.93379226,-36.86130934
104.21,-72.19086022,-37.33929518
104.22,-72.43861668,-37.81994269
104.23,-72.67718908,-38.30346547
104.24,-72.90671722,-38.79008433
104.25,-73.12736594,-39.28003816
104.26,-73.33931052,-39.77356082
104.27,-73.54274962,-40.27090403
104.28,-73.73789511,-40.77232617
104.29,-73.92495915,-41.27809738
104.3,-74.10416841,-41.78849372
104.31,-74.27575118,-42.30378913
104.32,-74.43996027,-42.82428312
104.33,-74.59702369,-43.35027481
104.34,-74.74719508,-43.88207467
104.35,-74.89070551,-44.41998845
104.36,-75.02780731,-44.96433951
104.37,-75.15874255,-45.51544976
104.38,-75.28373823,-46.07362473
104.39,-75.40302918,-46.63918503
104.4,-75.51684117,-47.21244781
104.41,-75.62540316,-47.7937291
104.42,-75.72892416,-48.38333383
104.43,-75.82761869,-48.98155953
104.44,-75.92168444,-49.5886909
104.45,-76.01131908,-50.20499008
104.46,-76.09671631,-50.8306941
104.47,-76.1780482,-51.46601917
104.48,-76.2555063,-52.11113644
104.49,-76.3292457,-52.7661911
104.5,-76.39943264,-53.43127259
104.51,-76.46621844,-54.10641468
104.52,-76.52975294,-54.79159287
104.53,-76.59017282,-55.48670911
104.54,-76.64761824,-56.19157995
104.55,-76.70222094,-56.90594358
104.56,-76.75409449,-57.62943474
104.57,-76.80335371,-58.36157691
104.58,-76.85012775,-59.10177534
104.59,-76.89451413,-59.84931151
104.6,-76.93661123,-60.60332597
104.61,-76.97650956,-61.36282928
104.62,-77.01431221,-62.12667959
104.63,-77.05010294,-62.89359336
104.64,-77.08396876,-63.66213084
104.65,-77.11598076,-64.43071209
104.66,-77.14622609,-65.19761721
104.67,-77.17476151,-65.96101176
104.68,-77.20166208,-66.71894902
104.69,-77.22700035,-67.46938167
104.7,-77.25082899,-68.21020349
104.71,-77.27321484,-68.93927064
104.72,-77.29420271,-69.6544453
104.73,-77.31385349,-70.35360925
104.74,-77.33222046,-71.03472416
104.75,-77.34935455,-71.69584843
104.76,-77.36528949,-72.33518973
104.77,-77.38007062,-72.95112374
104.78,-77.3937511,-73.54225204
104.79,-77.4063677,-74.1073792
104.8,-77.41795299,-74.64558931
104.81,-77.42854601,-75.15620606
104.82,-77.43818019,-75.63883488
104.83,-77.44688383,-76.09332749
104.84,-77.45468677,-76.51979718
104.85,-77.46162355,-76.91857302
104.86,-77.46772921,-77.29022361
104.87,-77.47302501,-77.63548447
104.88,-77.47752555,-77.9552622
104.89,-77.48126697,-78.25059055
104.9,-77.4842844,-78.52260071
104.91,-77.48658968,-78.77251755
104.92,-77.48819403,-79.00159409
104.93,-77.48912437,-79.21110652
104.94,-77.48941019,-79.40234437
104.95,-77.48906443,-79.57658167
104.96,-77.48810525,-79.73506736
104.97,-77.48654953,-79.87899631
104.98,-77.48441962,-80.00951707
104.99,-77.48172628,-80.12773188
105,-77.47849035,-80.23466766
105.01,-77.47473034,-80.33130065
105.02,-77.47045905,-80.41853445
105.03,-77.46569486,-80.49720714
105.04,-77.4604505,-80.56809387
105.05,-77.45474479,-80.63191044
105.06,-77.44858227,-80.68931076
105.07,-77.4419928,-80.74090306
105.08,-77.4349777,-80.7872285
105.09,-77.42755879,-80.82878758
105.1,-77.41974203,-80.86604158
105.11,-77.41153543,-80.89939557
105.12,-77.40296405,-80.92922926
105.13,-77.39403869,-80.95587122
105.14,-77.38477466,-80.97963521
105.15,-77.37517104,-81.00079895
105.16,-77.36525234,-81.01961156
105.17,-77.35501851,-81.03629128
105.18,-77.34449775,-81.05104974
105.19,-77.33368195,-81.064072
105.2,-77.32259423,-81.07551351
105.21,-77.31124365,-81.08552547
105.22,-77.29963473,-81.09424911
105.23,-77.28778203,-81.10179668
105.24,-77.27569161,-81.10828408
105.25,-77.2633759,-81.11381138
105.26,-77.25083832,-81.11845656
105.27,-77.238088,-81.12230885
105.28,-77.22513869,-81.12543171
105.29,-77.21199852,-81.12789827
105.3,-77.19866706,-81.12976336
105.31,-77.18515774,-81.13108456
105.32,-77.17147911,-81.13190493
105.33,-77.15763116,-81.13226805
105.34,-77.14362797,-81.13221286
105.35,-77.12947066,-81.13177822
105.36,-77.11516343,-81.13099928
105.37,-77.10071895,-81.12989366
105.38,-77.08613907,-81.12849749
105.39,-77.07142848,-81.12683463
105.4,-77.05658909,-81.12491235
105.41,-77.04163246,-81.12276894
105.42,-77.02655733,-81.12042135
105.43,-77.01137159,-81.11787039
105.44,-76.99608286,-81.11513482
105.45,-76.98068729,-81.1122357
105.46,-76.9651967,-81.10917812
105.47,-76.94960215,-81.10598417
105.48,-76.93391917,-81.10265665
105.49,-76.91814786,-81.09920117
105.5,-76.90229377,-81.0956301
105.51,-76.88635102,-81.09193875
105.52,-76.87033278,-81.08815414
105.53,-76.8542345,-81.08427724
105.54,-76.83806068,-81.0803062
105.55,-76.82181314,-81.07624776
105.56,-76.80549191,-81.07211066
105.57,-76.78911288,-81.06790043
105.58,-76.77265704,-81.06361462
105.59,-76.75614257,-81.0592651
105.6,-76.73956221,-81.05484985
105.61,-76.72292312,-81.05037117
105.62,-76.70621893,-81.04583738
105.63,-76.68946189,-81.04123844
105.64,-76.67265239,-81.03658596
105.65,-76.65579175,-81.03188352
105.66,-76.63887935,-81.02713406
105.67,-76.62190865,-81.02233203
105.68,-76.60488726,-81.01748778
105.69,-76.58781953,-81.01259603
105.7,-76.57070259,-81.00766492
105.71,-76.55354151,-81.0026843
105.72,-76.53633082,-80.99766494
105.73,-76.51907008,-80.99260889
105.74,-76.5017703,-80.98750743
105.75,-76.48442927,-80.98237185
105.76,-76.46704496,-80.97719939
105.77,-76.44961759,-80.97198867
105.78,-76.43214649,-80.96673675
105.79,-76.41463302,-80.96144788
105.8,-76.39708353,-80.95612923
105.81,-76.3794979,-80.95077658
105.82,-76.36187093,-80.94538443
105.83,-76.34420935,-80.93996588
105.84,-76.3265052,-80.93450709
105.85,-76.30876562,-80.92901939
105.86,-76.29098954,-80.92349494
105.87,-76.27317222,-80.91795024
105.88,-76.25532146,-80.9123586
105.89,-76.23744295,-80.90673855
105.9,-76.21952231,-80.90108663
105.91,-76.20156822,-80.89540856
105.92,-76.18358603,-80.8896951
105.93,-76.16557074,-80.88394931
105.94,-76.14752143,-80.87817528
105.95,-76.12943663,-80.87236407
105.96,-76.11131908,-80.86653537
105.97,-76.09317509,-80.86067129
105.98,-76.07500351,-80.85477984
105.99,-76.05679864,-80.84885308
106,-76.03856072,-80.84289594
106.01,-76.02029672,-80.83690807
106.02,-76.00199894,-80.83089169
106.03,-75.98366947,-80.82484801
106.04,-75.96530612,-80.81876671
106.05,-75.94691733,-80.81265847
106.06,-75.9284959,-80.80651562
106.07,-75.910049,-80.80034638
106.08,-75.89156158,-80.79414672
106.09,-75.87304942,-80.787917
106.1,-75.85451305,-80.78165472
106.11,-75.83594278,-80.77535963
106.12,-75.81734861,-80.76903452
106.13,-75.79872205,-80.7626857
106.14,-75.78007173,-80.75629958
106.15,-75.76139419,-80.74988946
106.16,-75.74268714,-80.74344733
106.17,-75.72395504,-80.73697818
106.18,-75.70519741,-80.7304732
106.19,-75.68641542,-80.72394323
106.2,-75.66761006,-80.71737857
106.21,-75.6487717,-80.71078104
106.22,-75.62990414,-80.70415822
106.23,-75.61101183,-80.69750173
106.24,-75.59208969,-80.69081153
106.25,-75.57315011,-80.68409347
106.26,-75.55417935,-80.67734402
106.27,-75.53517855,-80.67056479
106.28,-75.51615438,-80.66375393
106.29,-75.49711417,-80.65691487
106.3,-75.4780426,-80.65004035
106.31,-75.45893993,-80.64314024
106.32,-75.4398094,-80.63620085
106.33,-75.42066201,-80.6292392
106.34,-75.40148419,-80.62224061
106.35,-75.38228357,-80.6152097
106.36,-75.36306107,-80.60815018
106.37,-75.34381393,-80.60105516
106.38,-75.32454554,-80.59393488
106.39,-75.30524777,-80.58678176
106.4,-75.28592702,-80.5795922
106.41,-75.26658518,-80.57237568
106.42,-75.24722049,-80.56512383
106.43,-75.22782512,-80.55783765
106.44,-75.20841612,-80.55052193
106.45,-75.18898421,-80.5431689
106.46,-75.16952317,-80.53578412
106.47,-75.1500343,-80.52837541
106.48,-75.13053088,-80.52093679
106.49,-75.11099931,-80.51346141
106.5,-75.09145133,-80.50595321
106.51,-75.07187567,-80.49840942
106.52,-75.05227769,-80.49084116
106.53,-75.03265281,-80.48323981
106.54,-75.01300695,-80.47560419
106.55,-74.99333903,-80.46793684
106.56,-74.97364858,-80.46023289
106.57,-74.95393811,-80.45250033
106.58,-74.93420059,-80.44472922
106.59,-74.91445019,-80.43692878
106.6,-74.89467006,-80.42909944
106.61,-74.87487593,-80.42123667
106.62,-74.85506174,-80.41333649
106.63,-74.83522041,-80.40540262
106.64,-74.81535873,-80.39743705
106.65,-74.79547606,-80.38943887
106.66,-74.77557307,-80.38140525
106.67,-74.75565051,-80.37334485
106.68,-74.73570788,-80.36524469
106.69,-74.71574548,-80.35711408
106.7,-74.69576314,-80.3489459
106.71,-74.67575984,-80.34075368
106.72,-74.65573677,-80.33252176
106.73,-74.63568706,-80.32426003
106.74,-74.6156254,-80.3159565
106.75,-74.595542,-80.30762075
106.76,-74.57543341,-80.29925732
106.77,-74.55530569,-80.29085996
106.78,-74.53516561,-80.28242783
106.79,-74.51499932,-80.27396024
106.8,-74.49482087,-80.26545922
106.81,-74.47462182,-80.25692953
106.82,-74.45440407,-80.24835968
106.83,-74.43416865,-80.23975578
106.84,-74.41391303,-80.23111844
106.85,-74.39363858,-80.22244522
106.86,-74.37334634,-80.21374183
106.87,-74.35303506,-80.20499848
106.88,-74.33270406,-80.19622518
106.89,-74.31235427,-80.18741319
106.9,-74.29197989,-80.17857186
106.91,-74.27159319,-80.16969728
106.92,-74.25118082,-80.160787
106.93,-74.23075798,-80.15183907
106.94,-74.21031631,-80.14286038
106.95,-74.18985653,-80.13385132
106.96,-74.16938636,-80.12479843
106.97,-74.14889609,-80.11571157
106.98,-74.12838179,-80.10659338
106.99,-74.10785693,-80.0974427
107,-74.08731389,-80.08825295
107.01,-74.06675323,-80.07902382
107.02,-74.04617522,-80.06976604
107.03,-74.02557838,-80.06047393
107.04,-74.00497115,-80.05114613
107.05,-73.98434592,-80.04178103
107.06,-73.96370318,-80.03238265
107.07,-73.94304401,-80.02295417
107.08,-73.92237423,-80.01348809
107.09,-73.90168687,-80.00398563
107.1,-73.88098826,-79.99445027
107.11,-73.86026,-79.98487405
107.12,-73.83952888,-79.97526428
107.13,-73.81877845,-79.96561865
107.14,-73.79801337,-79.95594592
107.15,-73.7772294,-79.94623251
107.16,-73.75642961,-79.93648998
107.17,-73.73561269,-79.92670804
107.18,-73.71478585,-79.91689464
107.19,-73.69394149,-79.90704424
107.2,-73.67308033,-79.89716185
107.21,-73.65221097,-79.88723807
107.22,-73.63132481,-79.87728516
107.23,-73.61042869,-79.86729187
107.24,-73.58950768,-79.85726493
107.25,-73.56858454,-79.84720305
107.26,-73.54764069,-79.8371068
107.27,-73.52668591,-79.82697068
107.28,-73.50572785,-79.81680678
107.29,-73.48475424,-79.80659726
107.3,-73.46376425,-79.79635694
107.31,-73.44275885,-79.78608414
107.32,-73.42173748,-79.77577477
107.33,-73.40069995,-79.76542951
107.34,-73.37965381,-79.75505354
107.35,-73.3585985,-79.74463763
107.36,-73.33752878,-79.73418292
107.37,-73.31644837,-79.72370179
107.38,-73.29535236,-79.7131868
107.39,-73.27424866,-79.70263336
107.4,-73.25312932,-79.69204252
107.41,-73.23200116,-79.68142318
107.42,-73.2108634,-79.67075942
107.43,-73.18970977,-79.66006452
107.44,-73.16854994,-79.6493346
107.45,-73.14737277,-79.6385737
107.46,-73.1261764,-79.62777339
107.47,-73.10497746,-79.61693475
107.48,-73.08376964,-79.60606804
107.49,-73.06255275,-79.59516809
107.5,-73.04132166,-79.58422894
107.51,-73.02007696,-79.57325056
107.52,-72.99882271,-79.56224022
107.53,-72.97755294,-79.55119532
107.54,-72.95627613,-79.54011909
107.55,-72.93499194,-79.52900122
107.56,-72.91369957,-79.51784893
107.57,-72.89239937,-79.50666949
107.58,-72.87108422,-79.49545527
107.59,-72.84976177,-79.48419807
107.6,-72.82843026,-79.47290398
107.61,-72.80708699,-79.46158303
107.62,-72.7857414,-79.45022496
107.63,-72.7643818,-79.43883319
107.64,-72.74301487,-79.427409
107.65,-72.72163343,-79.41594778
107.66,-72.70024453,-79.40445033
107.67,-72.6788479,-79.39291765
107.68,-72.65744468,-79.38135062
107.69,-72.63602775,-79.36975035
107.7,-72.6146101,-79.35810856
107.71,-72.59317908,-79.34643738
107.72,-72.57174677,-79.3347322
107.73,-72.55029414,-79.32299463
107.74,-72.52884081,-79.31122398
107.75,-72.5073748,-79.29941486
107.76,-72.48590153,-79.28757382
107.77,-72.46442142,-79.27569928
107.78,-72.44294108,-79.26378341
107.79,-72.42144733,-79.25184081
107.8,-72.39994015,-79.2398649
107.81,-72.37842743,-79.22785765
107.82,-72.35690623,-79.21581151
107.83,-72.3353854,-79.20373212
107.84,-72.3138584,-79.19161952
107.85,-72.2923245,-79.17947581
107.86,-72.27078556,-79.16729966
107.87,-72.24923893,-79.15508035
107.88,-72.22768649,-79.14283095
107.89,-72.20612794,-79.13054851
107.9,-72.1845633,-79.11822943
107.91,-72.16299116,-79.10588177
107.92,-72.14141405,-79.09350912
107.93,-72.11983733,-79.08109371
107.94,-72.0982537,-79.06864361
107.95,-72.07665739,-79.05616581
107.96,-72.05505538,-79.04365163
107.97,-72.03344776,-79.03109834
107.98,-72.01184141,-79.01851904
107.99,-71.99022786,-79.00590581
108,-71.9686094,-78.99325701
108.01,-71.94698518,-78.98056765
108.02,-71.92535451,-78.96785904
108.03,-71.90371802,-78.95511928
108.04,-71.88208198,-78.94234538
108.05,-71.86044258,-78.92952945
108.06,-71.83879491,-78.91668173
108.07,-71.81714345,-78.90381365
108.08,-71.79549336,-78.8909003
108.09,-71.77382971,-78.87795773
108.1,-71.7521682,-78.86498515
108.11,-71.73050829,-78.85197934
108.12,-71.70884306,-78.83894403
108.13,-71.6871643,-78.82588109
108.14,-71.66548157,-78.81278209
108.15,-71.64380082,-78.79965495
108.16,-71.62211399,-78.7864871
108.17,-71.60042891,-78.77329265
108.18,-71.57873936,-78.7600663
108.19,-71.55705043,-78.74681254
108.2,-71.53535678,-78.73352192
108.21,-71.51365788,-78.72020283
108.22,-71.49196808,-78.70685438
108.23,-71.47027294,-78.69346924
108.24,-71.4485728,-78.68005914
108.25,-71.42686185,-78.66661318
108.26,-71.40515182,-78.65314165
108.27,-71.38344519,-78.63963607
108.28,-71.36173302,-78.62610033
108.29,-71.34002336,-78.61253766
108.3,-71.31831488,-78.59893622
108.31,-71.29660175,-78.58531597
108.32,-71.27488502,-78.57165459
108.33,-71.25316973,-78.55796506
108.34,-71.2314559,-78.54424934
108.35,-71.20973188,-78.53050293
108.36,-71.18801031,-78.51672409
108.37,-71.16629115,-78.50291254
108.38,-71.14456591,-78.48907532
108.39,-71.12284567,-78.47520557
108.4,-71.10112641,-78.46130999
108.41,-71.07940161,-78.44738431
108.42,-71.05768146,-78.4334275
108.43,-71.03596434,-78.41944003
108.44,-71.01424739,-78.4054314
108.45,-70.99252694,-78.39139167
108.46,-70.97080314,-78.37731532
108.47,-70.94908276,-78.36321279
108.48,-70.92735606,-78.34907653
108.49,-70.90563448,-78.33491644
108.5,-70.88391434,-78.32073494
108.51,-70.86219016,-78.30652253
108.52,-70.84047615,-78.29228496
108.53,-70.81875885,-78.27801464
108.54,-70.79704319,-78.26370874
108.55,-70.77532368,-78.24938235
108.56,-70.75360727,-78.23502882
108.57,-70.73189409,-78.22064382
108.58,-70.71018464,-78.20623296
108.59,-70.6884778,-78.19179744
108.6,-70.66677322,-78.17733185
108.61,-70.64506587,-78.16284397
108.62,-70.6233545,-78.14831957
108.63,-70.6016535,-78.13377352
108.64,-70.57995483,-78.11920365
108.65,-70.5582529,-78.10460417
108.66,-70.5365473,-78.08997564
108.67,-70.51485322,-78.07532077
108.68,-70.49315451,-78.06064487
108.69,-70.47146593,-78.04593492
108.7,-70.44978064,-78.03120467
108.71,-70.42809276,-78.01644708
108.72,-70.40640809,-78.00165873
108.73,-70.38472657,-77.98685073
108.74,-70.36304856,-77.9720184
108.75,-70.34138085,-77.95715316
108.76,-70.31970398,-77.94227082
108.77,-70.29803755,-77.9273606
108.78,-70.2763747,-77.91242053
108.79,-70.25471432,-77.89745309
108.8,-70.23305789,-77.88247278
108.81,-70.21139805,-77.86746216
108.82,-70.1897441,-77.85242862
108.83,-70.1680995,-77.83736866
108.84,-70.14645792,-77.82228406
108.85,-70.12481971,-77.80716958
108.86,-70.10318016,-77.79204227
108.87,-70.0815513,-77.77688319
108.88,-70.05992514,-77.76170452
108.89,-70.0383033,-77.74649408
108.9,-70.0166857,-77.73127133
108.91,-69.99506547,-77.71601921
108.92,-69.97346313,-77.7007504
108.93,-69.95185702,-77.68544263
108.94,-69.93025635,-77.67012797
108.95,-69.90865987,-77.65478079
108.96,-69.88706673,-77.63941122
108.97,-69.86547777,-77.62402238
108.98,-69.84389928,-77.60861105
108.99,-69.82231775,-77.59317917
109,-69.80074753,-77.57772318
109.01,-69.77918209,-77.56224727
109.02,-69.75762208,-77.54674558
109.03,-69.73606493,-77.53122835
109.04,-69.71451184,-77.51567907
109.05,-69.69296304,-77.50011759
109.06,-69.67142593,-77.4845306
109.07,-69.64988614,-77.46892347
109.08,-69.62835841,-77.45329377
109.09,-69.60683374,-77.43764254
109.1,-69.58531436,-77.42197045
109.11,-69.56380529,-77.40628424
109.12,-69.54230188,-77.39057724
109.13,-69.52080253,-77.3748441
109.14,-69.49930816,-77.35909002
109.15,-69.47781822,-77.34332327
109.16,-69.45633939,-77.327528
109.17,-69.43486584,-77.3117224
109.18,-69.41339693,-77.29589238
109.19,-69.39193855,-77.28003972
109.2,-69.37048543,-77.26417103
109.21,-69.3490366,-77.24827896
109.22,-69.32759985,-77.23237012
109.23,-69.30616092,-77.21644479
109.24,-69.28472696,-77.20050154
109.25,-69.26330494,-77.18453644
109.26,-69.2418864,-77.16854936
109.27,-69.22048031,-77.15254194
109.28,-69.19908601,-77.13652582
109.29,-69.17768973,-77.12048969
109.3,-69.15630498,-77.10443711
109.31,-69.13492522,-77.08836482
109.32,-69.11355764,-77.07227489
109.33,-69.092194,-77.05616742
109.34,-69.07083638,-77.0400402
109.35,-69.04948974,-77.02389781
109.36,-69.02814875,-77.00774342
109.37,-69.00681389,-76.99156713
109.38,-68.98548869,-76.97536716
109.39,-68.96416994,-76.95915704
109.4,-68.94285604,-76.94292391
109.41,-68.9215478,-76.92668115
109.42,-68.90025034,-76.91041723
109.43,-68.87896579,-76.89414326
109.44,-68.85768622,-76.87784997
109.45,-68.83641077,-76.86154728
109.46,-68.81515482,-76.84522268
109.47,-68.79390492,-76.82888636
109.48,-68.77265957,-76.81253279
109.49,-68.75142014,-76.7961709
109.5,-68.73018519,-76.77978924
109.51,-68.70896296,-76.76338819
109.52,-68.68774599,-76.7469757
109.53,-68.66654176,-76.73055143
109.54,-68.64534308,-76.71411003
109.55,-68.62415503,-76.69765412
109.56,-68.60297258,-76.68118108
109.57,-68.58179685,-76.66469104
109.58,-68.56063878,-76.64819085
109.59,-68.53948686,-76.63167322
109.6,-68.51834106,-76.61514775
109.61,-68.49720701,-76.59860643
109.62,-68.47607795,-76.58205638
109.63,-68.45496194,-76.56549604
109.64,-68.43384528,-76.54891931
109.65,-68.41274077,-76.53232795
109.66,-68.3916548,-76.51572418
109.67,-68.37057454,-76.49910849
109.68,-68.34949937,-76.48247512
109.69,-68.32843718,-76.4658355
109.7,-68.30738728,-76.44918487
109.71,-68.28633687,-76.43251858
109.72,-68.26529841,-76.41584681
109.73,-68.24426495,-76.39915303
109.74,-68.22324449,-76.38245501
109.75,-68.20224367,-76.36574928
109.76,-68.18124212,-76.34902596
109.77,-68.16024603,-76.33229252
109.78,-68.13926284,-76.31555239
109.79,-68.11829222,-76.29879597
109.8,-68.09732727,-76.2820285
109.81,-68.07638175,-76.26525302
109.82,-68.05544094,-76.24846591
109.83,-68.03450714,-76.23167439
109.84,-68.0135858,-76.21486898
109.85,-67.99267134,-76.19805112
109.86,-67.97176781,-76.1812269
109.87,-67.95087838,-76.16438882
109.88,-67.9299947,-76.14754309
109.89,-67.90912371,-76.13068936
109.9,-67.8882585,-76.11382963
109.91,-67.86740596,-76.09695802
109.92,-67.84656029,-76.08007902
109.93,-67.82572671,-76.06318605
109.94,-67.80490493,-76.04629235
109.95,-67.78409036,-76.02938693
109.96,-67.76328187,-76.01247556
109.97,-67.74248629,-75.99555464
109.98,-67.72170268,-75.97862686
109.99,-67.70092597,-75.96169079
110,-67.68015569,-75.9447474
110.01,-67.65940436,-75.92779311
110.02,-67.63865925,-75.91083708
110.03,-67.61792815,-75.89387015
110.04,-67.59720904,-75.87689574
110.05,-67.57649631,-75.85991627
110.06,-67.5557892,-75.84293313
110.07,-67.53509586,-75.82593221
110.08,-67.51441572,-75.80892894
110.09,-67.49374173,-75.79192116
110.1,-67.4730798,-75.77490362
110.11,-67.45242503,-75.75788409
110.12,-67.43178252,-75.74085972
110.13,-67.41115272,-75.72382471
110.14,-67.3905374,-75.70678648
110.15,-67.36992692,-75.68974428
110.16,-67.34933005,-75.67269294
110.17,-67.32873315,-75.65564063
110.18,-67.30815607,-75.63858447
110.19,-67.28758517,-75.62152252
110.2,-67.26702052,-75.60445
110.21,-67.24646927,-75.58737037
110.22,-67.22592423,-75.57028551
110.23,-67.20539245,-75.55319975
110.24,-67.18486691,-75.53610925
110.25,-67.16435494,-75.5190133
110.26,-67.14385641,-75.5019115
110.27,-67.12337049,-75.48480754
110.28,-67.1028914,-75.46769801
110.29,-67.08242544,-75.45058354
110.3,-67.06196544,-75.43346958
110.31,-67.04151907,-75.41635162
110.32,-67.02108005,-75.39922742
110.33,-67.00065356,-75.38210577
110.34,-66.98023429,-75.36497729
110.35,-66.95983462,-75.34784879
110.36,-66.93943351,-75.3307132
110.37,-66.91904742,-75.31358047
110.38,-66.8986731,-75.29645025
110.39,-66.8783069,-75.27930488
110.4,-66.85794576,-75.2621586
110.41,-66.83760488,-75.2450128
110.42,-66.81726442,-75.22786924
110.43,-66.79694331,-75.21071913
110.44,-66.77662937,-75.19356693
110.45,-66.75632228,-75.17641345
110.46,-66.73603593,-75.15926104
110.47,-66.71574871,-75.14209572
110.48,-66.695475,-75.12493514
110.49,-66.67520768,-75.10777437
110.5,-66.65495333,-75.09061585
110.51,-66.6347062,-75.07345215
110.52,-66.61447263,-75.05629064
110.53,-66.5942455,-75.03912999
110.54,-66.57402586,-75.02196742
110.55,-66.55382572,-75.00479845
110.56,-66.53363219,-74.98763438
110.57,-66.51345159,-74.97046674
110.58,-66.49327827,-74.95330466
110.59,-66.47311888,-74.936138
110.6,-66.45296685,-74.91897114
110.61,-66.43282813,-74.90180217
110.62,-66.41269577,-74.88463812
110.63,-66.39257677,-74.86747234
110.64,-66.37246377,-74.85030884
110.65,-66.35235786,-74.83313997
110.66,-66.33226569,-74.81597741
110.67,-66.31218056,-74.79881689
110.68,-66.29210232,-74.7816533
110.69,-66.27203698,-74.76449554
110.7,-66.2519787,-74.74733445
110.71,-66.23193495,-74.73017432
110.72,-66.21190353,-74.7130161
110.73,-66.19187953,-74.69586116
110.74,-66.17186178,-74.67870643
110.75,-66.15185053,-74.66155251
110.76,-66.13185397,-74.64440074
110.77,-66.11186406,-74.62725126
110.78,-66.09188816,-74.61010761
110.79,-66.07191838,-74.59295593
110.8,-66.05196241,-74.57581045
110.81,-66.03201368,-74.55867117
110.82,-66.01207784,-74.54152414
110.83,-65.99214278,-74.52439024
110.84,-65.97221435,-74.5072512
110.85,-65.95230611,-74.49012529
110.86,-65.93240541,-74.47299182
110.87,-65.91251826,-74.45586886
110.88,-65.89263098,-74.43875007
110.89,-65.87274963,-74.4216322
110.9,-65.85288963,-74.40450953
110.91,-65.83302967,-74.38738969
110.92,-65.81318353,-74.37027691
110.93,-65.79334391,-74.35316868
110.94,-65.77350536,-74.33606328
110.95,-65.75367978,-74.31896753
110.96,-65.73387529,-74.3018725
110.97,-65.71406306,-74.28478238
110.98,-65.69425757,-74.26769519
110.99,-65.67447356,-74.25060424
111,-65.65469583,-74.23351654
111.01,-65.63492542,-74.21644219
111.02,-65.61516903,-74.19937168
111.03,-65.59541973,-74.18230027
111.04,-65.57567089,-74.16523577
111.05,-65.5559353,-74.14817124
111.06,-65.53620728,-74.13112252
111.07,-65.51648558,-74.11407234
111.08,-65.49677154,-74.09702263
111.09,-65.4770639,-74.0799839
111.1,-65.45736908,-74.06294907
111.11,-65.43767596,-74.04591417
111.12,-65.41799524,-74.02888212
111.13,-65.39832177,-74.01185305
111.14,-65.3786554,-73.99483718
111.15,-65.35899615,-73.97782468
111.16,-65.33934471,-73.96082327
111.17,-65.31970009,-73.94382432
111.18,-65.3000686,-73.92682553
111.19,-65.28044377,-73.9098367
111.2,-65.26082633,-73.89284659
111.21,-65.24121662,-73.87586383
111.22,-65.22160594,-73.85889231
111.23,-65.20200982,-73.84192712
111.24,-65.18242083,-73.82496655
111.25,-65.16283113,-73.8080066
111.26,-65.14324839,-73.79105752
111.27,-65.12367401,-73.77411131
111.28,-65.10411259,-73.75717497
111.29,-65.0845514,-73.74024599
111.3,-65.06500455,-73.7233211
111.31,-65.04545737,-73.70640446
111.32,-65.02591768,-73.68948709
111.33,-65.00638451,-73.67257947
111.34,-64.98685911,-73.65567892
111.35,-64.96734024,-73.638785
111.36,-64.94782097,-73.62189739
111.37,-64.92831553,-73.60501766
111.38,-64.90881104,-73.58814097
111.39,-64.88931359,-73.57127698
111.4,-64.86982321,-73.5544179
111.41,-64.85033309,-73.53756522
111.42,-64.83084909,-73.52071936
111.43,-64.8113724,-73.50387768
111.44,-64.79190304,-73.48704587
111.45,-64.77244077,-73.47021874
111.46,-64.75298568,-73.45340059
111.47,-64.73353729,-73.43659562
111.48,-64.71408845,-73.41979224
111.49,-64.69464825,-73.40299436
111.5,-64.67520831,-73.38620636
111.51,-64.6557741,-73.36941896
111.52,-64.6363467,-73.35264778
111.53,-64.61692006,-73.33588191
111.54,-64.59749447,-73.31911682
111.55,-64.57807517,-73.30236274
111.56,-64.55866895,-73.28562132
111.57,-64.53926342,-73.26888706
111.58,-64.51985911,-73.2521626
111.59,-64.50046189,-73.23544027
111.6,-64.48106392,-73.21872572
111.61,-64.46168015,-73.20202091
111.62,-64.44228982,-73.18531743
111.63,-64.42291259,-73.16862708
111.64,-64.40352956,-73.15194255
111.65,-64.38414689,-73.13526884
111.66,-64.364777,-73.11860615
111.67,-64.34540783,-73.10194559
111.68,-64.32603931,-73.08529281
111.69,-64.30667698,-73.06864638
111.7,-64.28731536,-73.05201145
111.71,-64.26795365,-73.03538891
111.72,-64.24859873,-73.01877363
111.73,-64.22924434,-73.00216519
111.74,-64.20988998,-72.98557041
111.75,-64.19054265,-72.9689772
111.76,-64.17119599,-72.95238925
111.77,-64.15184935,-72.93581568
111.78,-64.13250331,-72.91924835
111.79,-64.11316312,-72.90269103
111.8,-64.09382338,-72.8861487
111.81,-64.07448386,-72.86961221
111.82,-64.05515198,-72.85308076
111.83,-64.03582009,-72.83655323
111.84,-64.01648784,-72.82003676
111.85,-63.99715654,-72.80353391
111.86,-63.97782471,-72.78703964
111.87,-63.95849396,-72.77054701
111.88,-63.93916233,-72.75406294
111.89,-63.91983179,-72.73759169
111.9,-63.90050776,-72.7211211
111.91,-63.88118381,-72.70466874
111.92,-63.86185284,-72.6882194
111.93,-63.84252187,-72.67178365
111.94,-63.82318485,-72.65535729
111.95,-63.8038544,-72.63893926
111.96,-63.78451808,-72.62252502
111.97,-63.76518776,-72.60612042
111.98,-63.74585785,-72.58972834
111.99,-63.72652095,-72.57334348
112,-63.70718469,-72.55696395
112.01,-63.68785474,-72.54060012
112.02,-63.66851142,-72.5242414
112.03,-63.64917591,-72.50789034
112.04,-63.6298402,-72.49154987
112.05,-63.61049761,-72.47521847
112.06,-63.59114759,-72.45889556
112.07,-63.57179788,-72.44257681
112.08,-63.55244185,-72.42626916
112.09,-63.53308498,-72.40996904
112.1,-63.51372823,-72.39368075
112.11,-63.49436559,-72.37740292
112.12,-63.47499557,-72.36113515
112.13,-63.45563205,-72.34487537
112.14,-63.43626248,-72.32862366
112.15,-63.41688641,-72.31238166
112.16,-63.39750998,-72.29615222
112.17,-63.37813407,-72.27991965
112.18,-63.35875021,-72.26370089
112.19,-63.33936618,-72.24749651
112.2,-63.31997571,-72.23130092
112.21,-63.30057227,-72.21510797
112.22,-63.28116286,-72.19892609
112.23,-63.26175206,-72.18275283
112.24,-63.24234037,-72.16658663
112.25,-63.22292291,-72.15043316
112.26,-63.20349844,-72.13428295
112.27,-63.18406734,-72.11814485
112.28,-63.16462873,-72.10201613
112.29,-63.14518467,-72.08589641
112.3,-63.12573178,-72.06977973
112.31,-63.10627276,-72.05367489
112.32,-63.08681351,-72.03758147
112.33,-63.06734165,-72.02149945
112.34,-63.0478616,-72.00542163
112.35,-63.02837545,-71.98935305
112.36,-63.0088752,-71.97328627
112.37,-62.9893682,-71.95723121
112.38,-62.96985361,-71.94118099
112.39,-62.95033211,-71.92514468
112.4,-62.93080362,-71.90911937
112.41,-62.91126235,-71.89310527
112.42,-62.89171992,-71.87708987
112.43,-62.87216366,-71.86108925
112.44,-62.8525945,-71.84508969
112.45,-62.83301761,-71.82910227
112.46,-62.81342688,-71.81312669
112.47,-62.79382272,-71.79715476
112.48,-62.77421833,-71.78119253
112.49,-62.75460631,-71.76524152
112.5,-62.73498058,-71.74929799
112.51,-62.71534674,-71.7333608
112.52,-62.69568692,-71.71742837
112.53,-62.67602568,-71.7015094
112.54,-62.65635126,-71.68559573
112.55,-62.63666284,-71.66969599
112.56,-62.61696055,-71.65379902
112.57,-62.59724468,-71.63790837
112.58,-62.57752063,-71.62202269
112.59,-62.55778325,-71.60614975
112.6,-62.53803143,-71.59028446
112.61,-62.51825976,-71.57441885
112.62,-62.49847388,-71.55857348
112.63,-62.47867318,-71.54272748
112.64,-62.45885771,-71.52689107
112.65,-62.43902935,-71.51106262
112.66,-62.41918717,-71.49523909
112.67,-62.39933016,-71.47942612
112.68,-62.37945967,-71.46361979
112.69,-62.3595684,-71.4478199
112.7,-62.3396549,-71.43202657
112.71,-62.31972817,-71.41623674
112.72,-62.29978072,-71.40045666
112.73,-62.279819,-71.38468916
112.74,-62.25983563,-71.36892583
112.75,-62.23983163,-71.35316666
112.76,-62.21981286,-71.3374124
112.77,-62.19978042,-71.32166454
112.78,-62.17972713,-71.30592965
112.79,-62.15964631,-71.29019759
112.8,-62.13955639,-71.27446718
112.81,-62.11944074,-71.25875168
112.82,-62.09930354,-71.24304362
112.83,-62.07914451,-71.22733274
112.84,-62.0589647,-71.21163453
112.85,-62.03876358,-71.19594536
112.86,-62.01854688,-71.18026013
112.87,-61.99829716,-71.16458093
112.88,-61.97802548,-71.14890211
112.89,-61.95773843,-71.13323701
112.9,-61.93741776,-71.11757059
112.91,-61.91707586,-71.10191396
112.92,-61.89670546,-71.08625952
112.93,-61.87631293,-71.07061138
112.94,-61.85589954,-71.0549696
112.95,-61.83545855,-71.03933799
112.96,-61.81498921,-71.02370789
112.97,-61.79449147,-71.00807898
112.98,-61.77396883,-70.99245622
112.99,-61.75341575,-70.97683553
113,-61.73283715,-70.96122334
113.01,-61.71223053,-70.9456096
113.02,-61.69159779,-70.93001374
113.03,-61.67093064,-70.91441014
113.04,-61.65023536,-70.89882102
113.05,-61.62950787,-70.88323701
113.06,-61.60874813,-70.86764955
113.07,-61.58795413,-70.85206736
113.08,-61.56713886,-70.83649726
113.09,-61.54628458,-70.8209324
113.1,-61.52540217,-70.80536412
113.11,-61.50448363,-70.78980181
113.12,-61.48353291,-70.77423668
113.13,-61.46254766,-70.75867622
113.14,-61.44152618,-70.74312323
113.15,-61.42046614,-70.72756547
113.16,-61.39937096,-70.71201426
113.17,-61.37823986,-70.69647236
113.18,-61.35707352,-70.68093491
113.19,-61.33586864,-70.66539492
113.2,-61.31462453,-70.64985894
113.21,-61.29333839,-70.63432584
113.22,-61.27201011,-70.61879563
113.23,-61.25064502,-70.60326952
113.24,-61.22924187,-70.58773924
113.25,-61.20779528,-70.57221532
113.26,-61.1863029,-70.55668668
113.27,-61.16476817,-70.54116452
113.28,-61.14319459,-70.52564474
113.29,-61.12157469,-70.51012326
113.3,-61.09990874,-70.49460627
113.31,-61.07820072,-70.47909348
113.32,-61.0564427,-70.46357217
113.33,-61.03464242,-70.44805909
113.34,-61.01279478,-70.43254233
113.35,-60.99089159,-70.41703193
113.36,-60.96894602,-70.40151574
113.37,-60.94695026,-70.38599983
113.38,-60.92490402,-70.37048357
113.39,-60.90280592,-70.35496863
113.4,-60.88065365,-70.33944968
113.41,-60.85844868,-70.32393582
113.42,-60.83618724,-70.30842527
113.43,-60.81387583,-70.29290804
113.44,-60.79150991,-70.27739036
113.45,-60.76908821,-70.26186961
113.46,-60.74661012,-70.24635362
113.47,-60.72407138,-70.23083215
113.48,-60.70147604,-70.2153084
113.49,-60.6788229,-70.19978522
113.5,-60.65610602,-70.18425849
113.51,-60.63332532,-70.16872897
113.52,-60.61048376,-70.153193
113.53,-60.58757877,-70.13765123
113.54,-60.56461008,-70.12210985
113.55,-60.54157722,-70.10656509
113.56,-60.51847749,-70.09101956
113.57,-60.49531004,-70.07546954
113.58,-60.47207746,-70.05991947
113.59,-60.44877111,-70.04436422
113.6,-60.42539409,-70.02880276
113.61,-60.40194841,-70.01323972
113.62,-60.37842858,-69.99766843
113.63,-60.35483844,-69.98209279
113.64,-60.33117665,-69.96651123
113.65,-60.30743654,-69.95092047
113.66,-60.28361792,-69.93533211
113.67,-60.25972136,-69.9197299
113.68,-60.23574311,-69.90412752
113.69,-60.21168562,-69.88852292
113.7,-60.18754491,-69.87290666
113.71,-60.16332111,-69.8572854
113.72,-60.1390125,-69.84165753
113.73,-60.11461838,-69.82602042
113.74,-60.09013553,-69.81037581
113.75,-60.06556962,-69.79472226
113.76,-60.04091168,-69.7790638
113.77,-60.01616144,-69.76339302
113.78,-59.99131822,-69.74771296
113.79,-59.96637594,-69.73202862
113.8,-59.94133714,-69.71633051
113.81,-59.91619639,-69.70061883
113.82,-59.89096294,-69.68489986
113.83,-59.86562988,-69.66917575
113.84,-59.84019594,-69.65344058
113.85,-59.81465317,-69.63769575
113.86,-59.78900619,-69.62193174
113.87,-59.76325293,-69.6061537
113.88,-59.73738913,-69.59037076
113.89,-59.71141539,-69.57456994
113.9,-59.68533414,-69.55876289
113.91,-59.65913878,-69.54294544
113.92,-59.6328261,-69.52710895
113.93,-59.60639693,-69.51126465
113.94,-59.57984556,-69.49540427
113.95,-59.55317434,-69.47952589
113.96,-59.52638208,-69.46363014
113.97,-59.49946167,-69.44772795
113.98,-59.4724121,-69.43180632
113.99,-59.44523781,-69.41587003
114,-59.41792904,-69.39991245
114.01,-59.39048508,-69.38394696
114.02,-59.36290555,-69.36796222
114.03,-59.33519113,-69.35195781
114.04,-59.30733123,-69.33593295
114.05,-59.27933148,-69.31989282
114.06,-59.25118341,-69.30383101
114.07,-59.22288491,-69.28775208
114.08,-59.19444057,-69.27165221
114.09,-59.16584283,-69.25553336
114.1,-59.13708861,-69.23938819
114.11,-59.10817199,-69.22322667
114.12,-59.07909728,-69.20704312
114.13,-59.049859,-69.19083451
114.14,-59.02045382,-69.17460331
114.15,-58.99087831,-69.15834961
114.16,-58.96112782,-69.14207844
114.17,-58.9311993,-69.12578139
114.18,-58.90109646,-69.10945507
114.19,-58.87080854,-69.09310684
114.2,-58.84033559,-69.07673037
114.21,-58.80967097,-69.06032648
114.22,-58.77882026,-69.04389678
114.23,-58.74777183,-69.02743969
114.24,-58.71652294,-69.01095611
114.25,-58.68507491,-68.99444015
114.26,-58.65341688,-68.97790074
114.27,-58.62155183,-68.96132321
114.28,-58.58947439,-68.94471508
114.29,-58.55717612,-68.92808066
114.3,-58.52465735,-68.91141177
114.31,-58.49191422,-68.89471163
114.32,-58.45893699,-68.87797893
114.33,-58.42572466,-68.86121218
114.34,-58.39227665,-68.84440897
114.35,-58.35858005,-68.82757073
114.36,-58.32464082,-68.81069682
114.37,-58.29044898,-68.79378249
114.38,-58.25599872,-68.77683128
114.39,-58.22128805,-68.75984062
114.4,-58.18630431,-68.74281471
114.41,-58.15104912,-68.7257517
114.42,-58.11551722,-68.70864772
114.43,-58.0797011,-68.69150127
114.44,-58.04359315,-68.67431064
114.45,-58.00719302,-68.65707868
114.46,-57.97049168,-68.63979753
114.47,-57.93348736,-68.62247855
114.48,-57.89616673,-68.60510395
114.49,-57.85852958,-68.58768493
114.5,-57.82056554,-68.57021478
114.51,-57.78226821,-68.55269448
114.52,-57.74363507,-68.53513078
114.53,-57.70465437,-68.51751718
114.54,-57.66531938,-68.49984309
114.55,-57.62562455,-68.48211225
114.56,-57.58556382,-68.46433708
114.57,-57.54512596,-68.44650865
114.58,-57.50430458,-68.42861435
114.59,-57.46308928,-68.41066632
114.6,-57.4214799,-68.39265547
114.61,-57.3794585,-68.37458858
114.62,-57.3370207,-68.35645806
114.63,-57.29415097,-68.33826698
114.64,-57.25084726,-68.320008
114.65,-57.20709958,-68.30168333
114.66,-57.16290018,-68.28329397
114.67,-57.11823328,-68.2648394
114.68,-57.07309012,-68.24631331
114.69,-57.02746174,-68.22771356
114.7,-56.9813334,-68.20905052
114.71,-56.93469663,-68.19030376
114.72,-56.88753846,-68.17149006
114.73,-56.83985027,-68.15259889
114.74,-56.79161709,-68.13362441
114.75,-56.74282699,-68.11456869
114.76,-56.69346836,-68.09542923
114.77,-56.64352236,-68.07621506
114.78,-56.59298066,-68.05690794
114.79,-56.54182579,-68.03751953
114.8,-56.49004923,-68.01804048
114.81,-56.43762882,-67.99847143
114.82,-56.38455577,-67.97880365
114.83,-56.33080346,-67.95904459
114.84,-56.27636307,-67.93919119
114.85,-56.22121487,-67.91923847
114.86,-56.16534028,-67.89918051
114.87,-56.10873205,-67.87901818
114.88,-56.05135926,-67.85874915
114.89,-55.99320467,-67.83837471
114.9,-55.93425031,-67.81789764
114.91,-55.87447707,-67.79730282
114.92,-55.81385994,-67.7765938
114.93,-55.75237868,-67.75576377
114.94,-55.69001278,-67.73481886
114.95,-55.62673532,-67.71374522
114.96,-55.56252448,-67.69254528
114.97,-55.4973547,-67.67122409
114.98,-55.43119895,-67.64976692
114.99,-55.36402688,-67.62817735
115,-55.29581522,-67.60644421
115.01,-55.22653368,-67.58457584
115.02,-55.1561573,-67.56257063
115.03,-55.08465056,-67.54041825
115.04,-55.01198004,-67.51811139
115.05,-54.93811532,-67.49565666
115.06,-54.86302357,-67.47304001
115.07,-54.78667149,-67.45026108
115.08,-54.70901305,-67.42732039
115.09,-54.630017,-67.40420612
115.1,-54.54964632,-67.38091994
115.11,-54.46785246,-67.35746556
115.12,-54.38459432,-67.33382754
115.13,-54.29982816,-67.31000005
115.14,-54.21351304,-67.2859854
115.15,-54.12559621,-67.26177275
115.16,-54.03602976,-67.23736446
115.17,-53.94476021,-67.21275563
115.18,-53.85174275,-67.18794275
115.19,-53.7569121,-67.16290698
115.2,-53.66021176,-67.13765672
115.21,-53.561586,-67.11218216
115.22,-53.46096623,-67.08647573
115.23,-53.35829241,-67.06053565
115.24,-53.25349837,-67.03435069
115.25,-53.14650318,-67.00791168
115.26,-53.03723914,-66.98123068
115.27,-52.92562743,-66.95428039
115.28,-52.81159712,-66.92705517
115.29,-52.69505323,-66.89956234
115.3,-52.57591287,-66.87178672
115.31,-52.45408406,-66.84372112
115.32,-52.32947486,-66.81535941
115.33,-52.2019769,-66.78669334
115.34,-52.0714976,-66.75770916
115.35,-51.93791943,-66.72840525
115.36,-51.80113582,-66.69876586
115.37,-51.66103058,-66.66879152
115.38,-51.51746897,-66.63846888
115.39,-51.37033194,-66.60778091
115.4,-51.21947431,-66.57672722
115.41,-51.06476479,-66.54528537
115.42,-50.90604127,-66.5134469
115.43,-50.74315969,-66.48121289
115.44,-50.57595175,-66.44855901
115.45,-50.40424633,-66.41547978
115.46,-50.22786593,-66.38195723
115.47,-50.04661806,-66.3479803
115.48,-49.86030766,-66.31353856
115.49,-49.66872731,-66.27860982
115.5,-49.47165494,-66.24318656
115.51,-49.26886903,-66.20725488
115.52,-49.06012412,-66.1707905
115.53,-48.84517059,-66.13378688
115.54,-48.62373752,-66.09621968
115.55,-48.39554963,-66.05806253
115.56,-48.16031302,-66.01930955
115.57,-47.91772085,-65.97993858
115.58,-47.66744417,-65.93992519
115.59,-47.40914577,-65.89925481
115.6,-47.1424701,-65.85789995
115.61,-46.86703319,-65.81583494
115.62,-46.58243464,-65.77303954
115.63,-46.28826545,-65.72948801
115.64,-45.98408329,-65.68515239
115.65,-45.66942177,-65.64000161
115.66,-45.34379333,-65.59401689
115.67,-45.00668976,-65.54715773
115.68,-44.65770207,-65.49939804
115.69,-44.29612273,-65.45070083
115.7,-43.92135476,-65.40103612
115.71,-43.53278515,-65.35036377
115.72,-43.1297531,-65.29864363
115.73,-42.71158155,-65.24584348
115.74,-42.2775442,-65.19190994
115.75,-41.82689389,-65.1368051
115.76,-41.35883963,-65.08047393
115.77,-40.87256159,-65.02287701
115.78,-40.36720759,-64.96396586
115.79,-39.84188654,-64.90367956
115.8,-39.29566685,-64.84195386
115.81,-38.72759675,-64.77873996
115.82,-38.13668677,-64.71396577
115.83,-37.52191584,-64.64756164
115.84,-36.88224231,-64.57947822
115.85,-36.21660135,-64.50961684
115.86,-35.52390052,-64.43791181
115.87,-34.80304217,-64.3642726
115.88,-34.05293202,-64.28861047
115.89,-33.27247419,-64.21083439
115.9,-32.46059424,-64.13084909
115.91,-31.61624288,-64.0485468
115.92,-30.73842715,-63.96381461
115.93,-29.82620548,-63.8765398
115.94,-28.87873027,-63.7865892
115.95,-27.8952602,-63.69384224
115.96,-26.87518588,-63.59814931
115.97,-25.81806219,-63.49935817
115.98,-24.72363914,-63.39731951
115.99,-23.59190171,-63.29185698
116,-22.42309483,-63.18279529
116.01,-21.21777304,-63.06994099
116.02,-19.97683388,-62.95308828
116.03,-18.7015575,-62.8320262
116.04,-17.39364108,-62.70652248
116.05,-16.0552334,-62.57633624
116.06,-14.68895732,-62.44120193
116.07,-13.29792994,-62.30084331
116.08,-11.88577203,-62.15495843
116.09,-10.45660715,-62.00324098
116.1,-9.015031391,-61.8453466
116.11,-7.566087045,-61.6809234
116.12,-6.115211237,-61.50958422
116.13,-4.668168828,-61.33092032
116.14,-3.230973026,-61.14450197
116.15,-1.809787681,-60.94987052
116.16,-0.4108225533,-60.74652866
116.17,0.9597734835,-60.53396256
116.18,2.296030394,-60.31160777
116.19,3.592264334,-60.0788738
116.2,4.843176846,-59.83512895
116.21,6.04394761,-59.57969973
116.22,7.190307687,-59.31188288
116.23,8.278596154,-59.03091027
116.24,9.305796192,-58.73598224
116.25,10.26955586,-58.42623449
116.26,11.16818349,-58.10076445
116.27,12.00062539,-57.7585992
116.28,12.76643883,-57.39871535
116.29,13.46574911,-57.0200112
116.3,14.09917296,-56.62133076
116.31,14.66778828,-56.20143642
116.32,15.17304742,-55.75900741
116.33,15.61672387,-55.29265151
116.34,16.00084743,-54.80086919
116.35,16.32764638,-54.28207729
116.36,16.59948552,-53.73458468
116.37,16.81883758,-53.15658166
116.38,16.98821827,-52.54614817
116.39,17.11015669,-51.90123023
116.4,17.18717887,-51.2196288
116.41,17.2217655,-50.49900806
116.42,17.21634101,-49.73685713
116.43,17.17325746,-48.93050856
116.44,17.09477104,-48.07709561
116.45,16.98306,-47.17356305
116.46,16.84019763,-46.21664356
116.47,16.66816171,-45.20285552
116.48,16.46882283,-44.12848003
116.49,16.2439617,-42.98956871
116.5,15.99525192,-41.78192123
116.51,15.72427121,-40.50110796
116.52,15.43251257,-39.14246092
116.53,15.12137733,-37.701102
116.54,14.79218697,-36.17197755
116.55,14.44618421,-34.54990877
116.56,14.08452265,-32.82967173
116.57,13.70830359,-31.00611116
116.58,13.31854782,-29.07429713
116.59,12.91622315,-27.02972887
116.6,12.5022349,-24.86860349
116.61,12.07744001,-22.58815854
116.62,11.64263292,-20.18708751
116.63,11.19857008,-17.66603737
116.64,10.7459521,-15.0281628
116.65,10.28544301,-12.27973409
116.66,9.817664865,-9.430727785
116.67,9.343207709,-6.495356058
116.68,8.862616248,-3.492428052
116.69,8.376413135,-0.445457445
116.7,7.88508307,2.617586363
116.71,7.389084735,5.664958191
116.72,6.888855596,8.662275994
116.73,6.384801964,11.57407424
116.74,5.877305498,14.36565583
116.75,5.36672392,17.00504672
116.76,4.853395732,19.46483358
116.77,4.33764409,21.72364198
116.78,3.819766683,23.76710073
116.79,3.300051494,25.5881703
116.8,2.77876388,27.18684271
116.81,2.256154005,28.56933962
116.82,1.732454205,29.74691983
116.83,1.207892219,30.73451393
116.84,0.6826789647,31.54936229
116.85,0.1570097631,32.20974915
116.86,-0.3689293341,32.73397318
116.87,-0.8949646861,33.13955428
116.88,-1.420931617,33.44269858
116.89,-1.946670857,33.65798703
116.9,-2.472040369,33.79824399
116.91,-2.996902736,33.87454351
116.92,-3.521128387,33.8963034
116.93,-4.044596794,33.87143535
116.94,-4.567194882,33.80652384
116.95,-5.088820132,33.707013
116.96,-5.609370897,33.57737846
116.97,-6.12876164,33.42130697
116.98,-6.646900645,33.24180551
116.99,-7.163707286,33.041359
117,-7.679106431,32.82201296
117.01,-8.193028454,32.58545877
117.02,-8.705411421,32.33311168
117.03,-9.216199019,32.06616657
117.04,-9.72533653,31.78562518
117.05,-10.23277031,31.49236613
117.06,-10.73845381,31.18713794
117.07,-11.24235164,30.87059786
117.08,-11.74442085,30.54334135
117.09,-12.24462723,30.20589617
117.1,-12.74294005,29.85874086
117.11,-13.23933217,29.50231398
117.12,-13.73377966,29.13701966
117.13,-14.2262577,28.76323878
117.14,-14.71674782,28.3813242
117.15,-15.20522946,27.99161967
117.16,-15.69169073,27.59444618
117.17,-16.17612264,27.190113
117.18,-16.65851403,26.77890527
117.19,-17.13885567,26.36111272
117.2,-17.61714299,25.93700308
117.21,-18.09337531,25.50684729
117.22,-18.56755239,25.07089546
117.23,-19.03966781,24.62940128
117.24,-19.50972224,24.18260942
117.25,-19.97772245,23.73074827
117.26,-20.4436717,23.27404741
117.27,-20.90758139,22.81273505
117.28,-21.36946217,22.34702808
117.29,-21.82932208,21.87713907
117.3,-22.28717221,21.40327643
117.31,-22.74302289,20.92563899
117.32,-23.19689434,20.44442163
117.33,-23.64880498,19.95982248
117.34,-24.09876699,19.47202325
117.35,-24.54680547,18.98120441
117.36,-24.99294262,18.4875439
117.37,-25.43719392,17.99121271
117.38,-25.87958876,17.49237782
117.39,-26.32015161,16.9912047
117.4,-26.75891097,16.48785258
117.41,-27.19588728,15.9824695
117.42,-27.63111963,15.47520948
117.43,-28.064639,14.96621588
117.44,-28.49647422,14.45562722
117.45,-28.92666525,13.94357992
117.46,-29.35524533,13.43020624
117.47,-29.78225473,12.9156332
117.48,-30.20772966,12.39998749
117.49,-30.63171679,11.88338444
117.5,-31.05425944,11.36594295
117.51,-31.47539801,10.84777302
117.52,-31.89518946,10.32898059
117.53,-32.31367726,9.809670493
117.54,-32.73091796,9.289942947
117.55,-33.14695916,8.769890845
117.56,-33.56185902,8.249608799
117.57,-33.97567695,7.72918414
117.58,-34.38846486,7.208702504
117.59,-34.80028713,6.688242593
117.6,-35.2112073,6.167885399
117.61,-35.62128823,5.647700555
117.62,-36.03059681,5.1277666
117.63,-36.43920276,4.608148947
117.64,-36.847177,4.088916051
117.65,-37.25458953,3.570130819
117.66,-37.66151386,3.05185277
117.67,-38.06802735,2.534136731
117.68,-38.47420227,2.017039618
117.69,-38.88012282,1.500607532
117.7,-39.28586773,0.9848912493
117.71,-39.69152315,0.4699326842
117.72,-40.09717136,-0.04422242912
117.73,-40.50289263,-0.5575291791
117.74,-40.90877243,-1.069954519
117.75,-41.31490012,-1.581463497
117.76,-41.72136279,-2.092015616
117.77,-42.12824823,-2.601585917
117.78,-42.53564577,-3.110144601
117.79,-42.94363931,-3.617662421
117.8,-43.35232671,-4.124116953
117.81,-43.76180103,-4.629480576
117.82,-44.17214477,-5.133729195
117.83,-44.58344683,-5.63684397
117.84,-44.99579126,-6.138815101
117.85,-45.4093161,-6.639621612
117.86,-45.82404541,-7.139252184
117.87,-46.24006447,-7.637693242
117.88,-46.65745624,-8.134933524
117.89,-47.07629999,-8.630964023
117.9,-47.49666977,-9.125780041
117.91,-47.91863781,-9.619373881
117.92,-48.3422709,-10.11174324
117.93,-48.76763617,-10.60288102
117.94,-49.19478306,-11.09279124
117.95,-49.6237578,-11.58147005
117.96,-50.0546147,-12.0689227
117.97,-50.48738267,-12.55514809
117.98,-50.92208949,-13.04015814
117.99,-51.35875155,-13.52394943
118,-51.79738311,-14.00653099
118.01,-52.23797319,-14.48791375
118.02,-52.68051176,-14.96810956
118.03,-53.12497521,-15.4471354
118.04,-53.57132042,-15.92499876
118.05,-54.0194873,-16.4017091
118.06,-54.46941736,-16.87728696
118.07,-54.92102232,-17.3517438
118.08,-55.37420655,-17.8251022
118.09,-55.82883711,-18.297384
118.1,-56.28478225,-18.76861229
118.11,-56.74188829,-19.23880822
118.12,-57.19998705,-19.7080013
118.13,-57.6588753,-20.17621295
118.14,-58.11833695,-20.64346965
118.15,-58.57813344,-21.10980813
118.16,-59.03802078,-21.57526321
118.17,-59.49770731,-22.03986899
118.18,-59.95690427,-22.50366248
118.19,-60.41528703,-22.96667809
118.2,-60.87252596,-23.42895389
118.21,-61.32826853,-23.89054154
118.22,-61.78214757,-24.3514901
118.23,-62.23377203,-24.8118489
118.24,-62.68274899,-25.2716654
118.25,-63.12866354,-25.73099667
118.26,-63.57109667,-26.18990385
118.27,-64.00963154,-26.64844752
118.28,-64.44383287,-27.10669022
118.29,-64.87326704,-27.56469884
118.3,-65.29751584,-28.02255096
118.31,-65.71614431,-28.48032258
118.32,-66.12874876,-28.93809579
118.33,-66.5349036,-29.39595447
118.34,-66.9342432,-29.85399067
118.35,-67.32638213,-30.31229614
118.36,-67.71096686,-30.77097104
118.37,-68.08767786,-31.23012233
118.38,-68.45619963,-31.68986107
118.39,-68.81627037,-32.1503016
118.4,-69.16763032,-32.61156948
118.41,-69.51006887,-33.07379612
118.42,-69.84340604,-33.53711587
118.43,-70.16747692,-34.00167
118.44,-70.48218251,-34.4676068
118.45,-70.78742508,-34.93508258
118.46,-71.08316322,-35.40425931
118.47,-71.36936608,-35.87530579
118.48,-71.6460525,-36.34841117
118.49,-71.91325591,-36.82376072
118.5,-72.17106104,-37.30155195
118.51,-72.41954988,-37.78198298
118.52,-72.65883048,-38.26527095
118.53,-72.88906084,-38.75164316
118.54,-73.11040754,-39.24132664
118.55,-73.32303085,-39.73456468
118.56,-73.52713638,-40.23159774
118.57,-73.72292056,-40.73268963
118.58,-73.91060835,-41.2381076
118.59,-74.09041994,-41.74812799
118.6,-74.26259933,-42.26302989
118.61,-74.42737216,-42.78310408
118.62,-74.58499403,-43.30864829
118.63,-74.73569107,-43.8399755
118.64,-74.8797209,-44.37738878
118.65,-75.01731978,-44.921213
118.66,-75.14872703,-45.47176206
118.67,-75.27418264,-46.0293529
118.68,-75.39391151,-46.59431065
118.69,-75.50814857,-47.16695353
118.7,-75.61711698,-47.74758871
118.71,-75.72102805,-48.3365262
118.72,-75.82008829,-48.93405837
118.73,-75.91451258,-49.54047354
118.74,-76.00448242,-50.15603944
118.75,-76.09020485,-50.78098553
118.76,-76.1718534,-51.4155401
118.77,-76.24960792,-52.05987819
118.78,-76.32362974,-52.71414879
118.79,-76.39408752,-53.37844494
118.8,-76.46114078,-54.0528008
118.81,-76.52493037,-54.73719802
118.82,-76.58558595,-55.43154199
118.83,-76.643261,-56.13565958
118.84,-76.69807573,-56.84928852
118.85,-76.75015762,-57.57208004
118.86,-76.79962395,-58.30356447
118.87,-76.84659227,-59.04315584
118.88,-76.89115871,-59.79014083
118.89,-76.93342738,-60.54368133
118.9,-76.97349902,-61.3027892
118.91,-77.01146656,-62.06634409
118.92,-77.04741738,-62.8330639
118.93,-77.08142539,-63.60152417
118.94,-77.1135825,-64.37016698
118.95,-77.14395134,-65.13727609
118.96,-77.17262511,-65.9010198
118.97,-77.19964931,-66.65945705
118.98,-77.22511,-67.41055737
118.99,-77.2490551,-68.15221381
119,-77.27155034,-68.88228683
119.01,-77.29264937,-69.59863467
119.02,-77.31240992,-70.29914072
119.03,-77.33087896,-70.98174654
119.04,-77.34810789,-71.64451689
119.05,-77.36413168,-72.28563243
119.06,-77.3790082,-72.90347094
119.07,-77.39277691,-73.49659721
119.08,-77.40547248,-74.06381496
119.09,-77.41713364,-74.60417397
119.1,-77.42779427,-75.11699151
119.11,-77.43749673,-75.60183221
119.12,-77.4462701,-76.05853614
119.13,-77.45414629,-76.48719701
119.14,-77.46115673,-76.88814297
119.15,-77.46732287,-77.26190387
119.16,-77.4726798,-77.60921555
119.17,-77.47724853,-77.93096729
119.18,-77.48104929,-78.22817837
119.19,-77.48411205,-78.50198551
119.2,-77.48646469,-78.7535989
119.21,-77.48812205,-78.98427331
119.22,-77.48911286,-79.19528689
119.23,-77.48944449,-79.38791628
119.24,-77.48914613,-79.56345337
119.25,-77.48823175,-79.72313403
119.26,-77.48672207,-79.86816351
119.27,-77.4846392,-79.99969874
119.28,-77.48198437,-80.11884718
119.29,-77.47879343,-80.22664016
119.3,-77.47507977,-80.32405039
119.31,-77.47084461,-80.4119961
119.32,-77.46611728,-80.49131169
119.33,-77.46090631,-80.56278328
119.34,-77.45523092,-80.6271309
119.35,-77.44910782,-80.68501195
119.36,-77.44255025,-80.73704153
119.37,-77.43556558,-80.78375978
119.38,-77.42817677,-80.82568294
119.39,-77.42039098,-80.86325914
119.4,-77.41222398,-80.89690078
119.41,-77.40368957,-80.9269911
119.42,-77.394795,-80.95387708
119.43,-77.38555317,-80.97785345
119.44,-77.37597573,-80.99921518
119.45,-77.36608774,-81.01820716
119.46,-77.35588387,-81.03505426
119.47,-77.34537922,-81.04995532
119.48,-77.33458816,-81.06310552
119.49,-77.32352524,-81.07466523
119.5,-77.31218937,-81.0847886
119.51,-77.30059592,-81.09360537
119.52,-77.28875421,-81.10124015
119.53,-77.27668282,-81.10781046
119.54,-77.26438369,-81.11340218
119.55,-77.25186306,-81.11811676
119.56,-77.2391363,-81.12202891
119.57,-77.22619708,-81.12520175
119.58,-77.21307264,-81.12771813
119.59,-77.19975746,-81.12963353
119.6,-77.18626398,-81.13099333
119.61,-77.17259568,-81.13185738
119.62,-77.15875731,-81.13225621
119.63,-77.14477088,-81.13223571
119.64,-77.13062827,-81.13182972
119.65,-77.11633861,-81.13108041
119.66,-77.10190085,-81.12999965
119.67,-77.0873303,-81.12862844
119.68,-77.07262076,-81.12698053
119.69,-77.05779203,-81.12507961
119.7,-77.04284536,-81.12294942
119.71,-77.02777941,-81.12061001
119.72,-77.01260845,-81.11807975
119.73,-76.99732155,-81.11535789
119.74,-76.98194304,-81.11247007
119.75,-76.96645374,-81.10942488
119.76,-76.95087612,-81.1062441
119.77,-76.93520329,-81.10292569
119.78,-76.91943306,-81.0994715
119.79,-76.90358124,-81.09590849
119.8,-76.88764726,-81.09224038
119.81,-76.87163312,-81.0884584
119.82,-76.85554083,-81.08458371
119.83,-76.83937238,-81.08062059
119.84,-76.82313294,-81.07657629
119.85,-76.80682188,-81.07243869
119.86,-76.79043518,-81.06823385
119.87,-76.77399111,-81.06395119
119.88,-76.75748576,-81.05960152
119.89,-76.74090819,-81.05519298
119.9,-76.72427833,-81.05072228
119.91,-76.70758117,-81.04618775
119.92,-76.69083308,-81.04159933
119.93,-76.67402542,-81.03695349
119.94,-76.65716652,-81.03226581
119.95,-76.64024876,-81.02751955
119.96,-76.62327953,-81.02272253
119.97,-76.60626008,-81.01787926
119.98,-76.58918876,-81.01299368
119.99,-76.57208057,-81.00806038
120,-76.55491991,-81.00308382
120.01,-76.53771195,-80.99806968
120.02,-76.52046559,-80.99301642
120.03,-76.50316844,-80.98792208
120.04,-76.48582264,-80.98278297
120.05,-76.46843366,-80.97761311
120.06,-76.45100747,-80.97240187
120.07,-76.43354409,-80.96715793
120.08,-76.41604008,-80.96187604
120.09,-76.3984905,-80.95656341
120.1,-76.38090776,-80.95120774
120.11,-76.36328378,-80.94582356
120.12,-76.34562277,-80.94040857
120.13,-76.32792699,-80.93495211
120.14,-76.31018797,-80.92946344
120.15,-76.29242287,-80.92394934
120.16,-76.27462038,-80.91839406
120.17,-76.2567711,-80.912814
120.18,-76.23889381,-80.90719727
120.19,-76.22097533,-80.90154854
120.2,-76.2030299,-80.89587059
120.21,-76.1850498,-80.89016339
120.22,-76.16703558,-80.88441818
120.23,-76.14898823,-80.87865006
120.24,-76.13091285,-80.8728488
120.25,-76.11280276,-80.86701798
120.26,-76.09465286,-80.86115063
120.27,-76.0764762,-80.85525267
120.28,-76.05827359,-80.84932529
120.29,-76.04003766,-80.84336562
120.3,-76.02176702,-80.83737995
120.31,-76.00347186,-80.83136139
120.32,-75.98513596,-80.82531246
120.33,-75.96677444,-80.81923933
120.34,-75.94838744,-80.81313803
120.35,-75.92996844,-80.80700136
120.36,-75.91152216,-80.8008306
120.37,-75.89305063,-80.79463289
120.38,-75.87454641,-80.78840683
120.39,-75.8560106,-80.7821481
120.4,-75.83744301,-80.77585536
120.41,-75.81885135,-80.76954205
120.42,-75.80023272,-80.76318967
120.43,-75.78158862,-80.75681325
120.44,-75.76291407,-80.75040235
120.45,-75.74420689,-80.74396574
120.46,-75.72547531,-80.73749894
120.47,-75.70671257,-80.73099523
120.48,-75.68793358,-80.72446996
120.49,-75.66912204,-80.71790897
120.5,-75.65029258,-80.7113084
120.51,-75.63142494,-80.70468335
120.52,-75.61253489,-80.69802673
120.53,-75.59362105,-80.69134558
120.54,-75.57467511,-80.684633
120.55,-75.55570707,-80.67788495
120.56,-75.53670699,-80.67110411
120.57,-75.51768505,-80.66429347
120.58,-75.49863895,-80.65745149
120.59,-75.47957553,-80.65058741
120.6,-75.46048242,-80.6436924
120.61,-75.44135874,-80.636762
120.62,-75.42221251,-80.62979686
120.63,-75.40304262,-80.62280168
120.64,-75.38384361,-80.61577227
120.65,-75.36461525,-80.60871283
120.66,-75.34536466,-80.60162449
120.67,-75.32609707,-80.59450938
120.68,-75.30680686,-80.58736091
120.69,-75.287495,-80.58017286
120.7,-75.26815914,-80.57295669
120.71,-75.24878758,-80.56570445
120.72,-75.22939438,-80.55842837
120.73,-75.20997366,-80.551116
120.74,-75.19053739,-80.54377944
120.75,-75.17107803,-80.5364032
120.76,-75.15159671,-80.52899413
120.77,-75.13209289,-80.52155809
120.78,-75.11256214,-80.51408302
120.79,-75.09300235,-80.50657383
120.8,-75.07342862,-80.49903264
120.81,-75.05383163,-80.49146337
120.82,-75.03421378,-80.48385754
120.83,-75.01457616,-80.47621928
120.84,-74.99491585,-80.46855216
120.85,-74.97522818,-80.4608592
120.86,-74.95551933,-80.45312775
120.87,-74.93578937,-80.44536076
120.88,-74.9160327,-80.43756822
120.89,-74.89626754,-80.42974176
120.9,-74.8764752,-80.42187824
120.91,-74.85665471,-80.41398455
120.92,-74.83681454,-80.40605309
120.93,-74.81695366,-80.39808938
120.94,-74.79707969,-80.39009312
120.95,-74.77717942,-80.38206463
120.96,-74.75725719,-80.3740012
120.97,-74.73730862,-80.36590529
120.98,-74.717348,-80.35777433
120.99,-74.69736484,-80.34961728
121,-74.67737032,-80.34142177
121.01,-74.65734894,-80.33319448
121.02,-74.6373058,-80.3249342
121.03,-74.61724523,-80.31663467
121.04,-74.59715692,-80.3083062
121.05,-74.57705693,-80.29994361
121.06,-74.55692961,-80.29154396
121.07,-74.53678373,-80.28311438
121.08,-74.51661803,-80.27464856
121.09,-74.49643311,-80.26614764
121.1,-74.47623632,-80.25761325
121.11,-74.45601241,-80.24905025
121.12,-74.43577614,-80.24044676
121.13,-74.41552159,-80.23180859
121.14,-74.39524199,-80.22314155
121.15,-74.3749425,-80.21443687
121.16,-74.35463187,-80.2056966
121.17,-74.33430185,-80.19692534
121.18,-74.31395437,-80.18811971
121.19,-74.29358617,-80.17927637
121.2,-74.27320072,-80.17040396
121.21,-74.25279774,-80.16149093
121.22,-74.23238191,-80.15255129
121.23,-74.21194094,-80.14357207
121.24,-74.1914828,-80.13455755
121.25,-74.17100514,-80.1255086
121.26,-74.15051766,-80.11642766
121.27,-74.13001123,-80.1073175
121.28,-74.10948559,-80.09816328
121.29,-74.08894362,-80.0889754
121.3,-74.06839146,-80.07975281
121.31,-74.04782003,-80.07050066
121.32,-74.02723129,-80.06121429
121.33,-74.00662629,-80.05188691
121.34,-73.9860021,-80.04252627
121.35,-73.96536116,-80.03313315
121.36,-73.94470273,-80.02370065
121.37,-73.92403247,-80.01423686
121.38,-73.90334598,-80.00473938
121.39,-73.88264233,-79.99521075
121.4,-73.8619219,-79.98564369
121.41,-73.84118303,-79.97603942
121.42,-73.82043495,-79.9664002
121.43,-73.7996696,-79.95672846
121.44,-73.77888716,-79.94701904
121.45,-73.75809438,-79.93726848
121.46,-73.73728537,-79.92749452
121.47,-73.71645955,-79.91768255
121.48,-73.69562437,-79.90783674
121.49,-73.67477118,-79.89794924
121.5,-73.65390161,-79.88803244
121.51,-73.63301601,-79.87808075
121.52,-73.61211399,-79.86809586
121.53,-73.59120914,-79.85806775
121.54,-73.57028792,-79.84800167
121.55,-73.54934967,-79.83790802
121.56,-73.52840169,-79.82778423
121.57,-73.50743846,-79.81762489
121.58,-73.48645236,-79.8074214
121.59,-73.46546392,-79.79719075
121.6,-73.44445825,-79.78692294
121.61,-73.42343895,-79.77661602
121.62,-73.40240972,-79.7662745
121.63,-73.38136271,-79.75589604
121.64,-73.36030755,-79.74548646
121.65,-73.33924504,-79.73503733
121.66,-73.31816558,-79.72455605
121.67,-73.29707832,-79.71403348
121.68,-73.27596762,-79.70347609
121.69,-73.25484864,-79.69288855
121.7,-73.23372168,-79.6822649
121.71,-73.21258492,-79.67160928
121.72,-73.19143307,-79.66091019
121.73,-73.17026604,-79.65018385
121.74,-73.14909113,-79.63942791
121.75,-73.12790792,-79.62863252
121.76,-73.10670831,-79.61779634
121.77,-73.08549406,-79.60693909
121.78,-73.06427203,-79.59603476
121.79,-73.04304111,-79.58509591
121.8,-73.02180349,-79.57412229
121.81,-73.00055621,-79.56311789
121.82,-72.97928829,-79.55207998
121.83,-72.95801346,-79.54099749
121.84,-72.9367291,-79.5298822
121.85,-72.91543698,-79.51873741
121.86,-72.89413049,-79.50755212
121.87,-72.87282326,-79.49633562
121.88,-72.85150003,-79.48508895
121.89,-72.83017105,-79.47379886
121.9,-72.80882681,-79.46247866
121.91,-72.78746788,-79.45111869
121.92,-72.76610797,-79.43972691
121.93,-72.74473504,-79.4283075
121.94,-72.72335389,-79.41684651
121.95,-72.70196676,-79.40535884
121.96,-72.68057195,-79.39382636
121.97,-72.65916226,-79.38225843
121.98,-72.63775212,-79.37065936
121.99,-72.61632691,-79.35903206
122,-72.59489735,-79.34736116
122.01,-72.57345884,-79.33565943
122.02,-72.55201327,-79.32391954
122.03,-72.53055515,-79.31214313
122.04,-72.5090897,-79.30033676
122.05,-72.48762333,-79.28849859
122.06,-72.46615007,-79.27662609
122.07,-72.44466313,-79.26472144
122.08,-72.4231703,-79.25278598
122.09,-72.4016702,-79.24080769
122.1,-72.3801707,-79.22879773
122.11,-72.35865034,-79.21675225
122.12,-72.33713,-79.20467804
122.13,-72.31559807,-79.19256833
122.14,-72.29406438,-79.18042396
122.15,-72.27252423,-79.16824875
122.16,-72.25097835,-79.15603168
122.17,-72.22941922,-79.14379053
122.18,-72.20786171,-79.13151325
122.19,-72.18629026,-79.11920465
122.2,-72.16472001,-79.10686092
122.21,-72.14314262,-79.09448053
122.22,-72.12156579,-79.08206173
122.23,-72.09997651,-79.0696221
122.24,-72.0783819,-79.05714302
122.25,-72.05677933,-79.04462836
122.26,-72.0351719,-79.03208116
122.27,-72.0135656,-79.01949895
122.28,-71.99194559,-79.006887
122.29,-71.97032716,-78.99423704
122.3,-71.94870261,-78.98155985
122.31,-71.92706553,-78.96884869
122.32,-71.90542988,-78.95610299
122.33,-71.8837882,-78.94332852
122.34,-71.86214711,-78.93051551
122.35,-71.84050127,-78.91767921
122.36,-71.81885015,-78.9048133
122.37,-71.79719981,-78.89191093
122.38,-71.77554425,-78.8789756
122.39,-71.75387703,-78.86600771
122.4,-71.73221063,-78.85300895
122.41,-71.71053917,-78.83997817
122.42,-71.688875,-78.82691313
122.43,-71.66719947,-78.81381912
122.44,-71.64552596,-78.80068647
122.45,-71.62384649,-78.78752118
122.46,-71.60216241,-78.77433053
122.47,-71.58047255,-78.76110967
122.48,-71.55877744,-78.74785545
122.49,-71.53709078,-78.73457003
122.5,-71.51539933,-78.72125542
122.51,-71.49370341,-78.70790835
122.52,-71.47200267,-78.69453019
122.53,-71.4503037,-78.68111584
122.54,-71.42859795,-78.6676753
122.55,-71.40688883,-78.65420245
122.56,-71.38518213,-78.64069818
122.57,-71.36347785,-78.62716619
122.58,-71.34177453,-78.61359808
122.59,-71.3200596,-78.60000857
122.6,-71.29834833,-78.58638395
122.61,-71.27663089,-78.57272641
122.62,-71.25491665,-78.55903986
122.63,-71.23319698,-78.54532603
122.64,-71.21147997,-78.53157916
122.65,-71.18976499,-78.51779702
122.66,-71.16805292,-78.50398617
122.67,-71.14632833,-78.49015379
122.68,-71.12460764,-78.4762886
122.69,-71.10288158,-78.46239341
122.7,-71.08115905,-78.4484655
122.71,-71.05943888,-78.4345121
122.72,-71.03770684,-78.42053088
122.73,-71.01599121,-78.40651748
122.74,-70.99426462,-78.39248377
122.75,-70.97254053,-78.3784126
122.76,-70.95081269,-78.3643112
122.77,-70.92908681,-78.35018426
122.78,-70.9073647,-78.33603141
122.79,-70.88564578,-78.32184809
122.8,-70.86392912,-78.30763384
122.81,-70.84221517,-78.29339566
122.82,-70.8204973,-78.2791263
122.83,-70.798775,-78.26482667
122.84,-70.7770563,-78.25049869
122.85,-70.75534745,-78.23614667
122.86,-70.73363415,-78.22176928
122.87,-70.71192474,-78.20736208
122.88,-70.69021874,-78.19292563
122.89,-70.66851474,-78.17846253
122.9,-70.64680025,-78.16397561
122.91,-70.62509678,-78.1494591
122.92,-70.60339605,-78.13491831
122.93,-70.5816914,-78.12035003
122.94,-70.5599906,-78.10574688
122.95,-70.53829143,-78.09112067
122.96,-70.51659637,-78.07647244
122.97,-70.49490602,-78.06179403
122.98,-70.47321102,-78.04709142
122.99,-70.45151901,-78.03236147
123,-70.42983805,-78.01759908
123.01,-70.40815344,-78.00281756
123.02,-70.38647288,-77.9880097
123.03,-70.36478787,-77.97317642
123.04,-70.34311438,-77.9583172
123.05,-70.32144437,-77.94343356
123.06,-70.29977727,-77.92853024
123.07,-70.2781068,-77.913597
123.08,-70.25644745,-77.89863601
123.09,-70.2347907,-77.88364912
123.1,-70.21313207,-77.86863856
123.11,-70.19147827,-77.85360676
123.12,-70.16983385,-77.83855064
123.13,-70.1481924,-77.82346982
123.14,-70.12655614,-77.80836364
123.15,-70.1049219,-77.79323872
123.16,-70.08328643,-77.77808837
123.17,-70.06165416,-77.76290645
123.18,-70.04002591,-77.74770641
123.19,-70.01840875,-77.73248903
123.2,-69.99679492,-77.71723663
123.21,-69.97518618,-77.70196684
123.22,-69.95358722,-77.68666863
123.23,-69.93199346,-77.67135021
123.24,-69.91039612,-77.65600651
123.25,-69.88880299,-77.64064128
123.26,-69.86721415,-77.62525236
123.27,-69.84563612,-77.609848
123.28,-69.82405467,-77.59441718
123.29,-69.80247887,-77.57896258
123.3,-69.78090641,-77.56348444
123.31,-69.75934592,-77.54798657
123.32,-69.73778808,-77.53247172
123.33,-69.7162358,-77.51692975
123.34,-69.69468745,-77.5013654
123.35,-69.67315133,-77.48578014
123.36,-69.65161919,-77.47016994
123.37,-69.63009105,-77.45454166
123.38,-69.60857296,-77.43889415
123.39,-69.58705363,-77.42322126
123.4,-69.56554559,-77.40753509
123.41,-69.54403493,-77.39182232
123.42,-69.52252999,-77.37609373
123.43,-69.50103524,-77.36034009
123.44,-69.47954604,-77.34456734
123.45,-69.4580679,-77.32878128
123.46,-69.43659389,-77.31296936
123.47,-69.41512442,-77.2971424
123.48,-69.39366068,-77.2812948
123.49,-69.37220002,-77.2654256
123.5,-69.35075235,-77.24953912
123.51,-69.32930867,-77.23363244
123.52,-69.30787043,-77.21771204
123.53,-69.28644381,-77.20176719
123.54,-69.26502092,-77.18580718
123.55,-69.2436026,-77.16982434
123.56,-69.22218971,-77.15382467
123.57,-69.20078897,-77.13780603
123.58,-69.17939901,-77.12177479
123.59,-69.15801361,-77.10571816
123.6,-69.13663497,-77.0896482
123.61,-69.11526006,-77.07355525
123.62,-69.09389784,-77.05744572
123.63,-69.07254612,-77.04132457
123.64,-69.05119261,-77.02518571
123.65,-69.02984583,-77.00902486
123.66,-69.00851072,-76.9928407
123.67,-68.9871863,-76.97664891
123.68,-68.96586045,-76.96044071
123.69,-68.94455434,-76.94421202
123.7,-68.92325276,-76.92796845
123.71,-68.90195614,-76.91171348
123.72,-68.88067071,-76.89543867
123.73,-68.85939087,-76.87915003
123.74,-68.83812338,-76.8628503
123.75,-68.81686149,-76.84652256
123.76,-68.79560359,-76.83018482
123.77,-68.7743593,-76.81383566
123.78,-68.75311913,-76.79747529
123.79,-68.73188553,-76.78109127
123.8,-68.71067036,-76.76469217
123.81,-68.68945295,-76.74828143
123.82,-68.66824161,-76.73185129
123.83,-68.64704259,-76.71541004
123.84,-68.62584783,-76.6989572
123.85,-68.60466632,-76.68248951
123.86,-68.5834961,-76.66600455
123.87,-68.5623319,-76.64950876
123.88,-68.54118005,-76.63299946
123.89,-68.52003405,-76.61647267
123.9,-68.49889957,-76.59993535
123.91,-68.47777033,-76.58337852
123.92,-68.45665453,-76.5668101
123.93,-68.43555096,-76.55023244
123.94,-68.41444573,-76.53364167
123.95,-68.39334699,-76.51704421
123.96,-68.37226706,-76.50042776
123.97,-68.35119317,-76.48379978
123.98,-68.33013044,-76.46716609
123.99,-68.30907403,-76.45051114
124,-68.28802984,-76.43385031
124.01,-68.26699244,-76.41717916
124.02,-68.24596624,-76.40049759
124.03,-68.22495249,-76.38379791
124.04,-68.20394484,-76.36708513
124.05,-68.18294289,-76.35036981
124.06,-68.16195397,-76.33363643
124.07,-68.14097733,-76.31689819
124.08,-68.12000002,-76.30014677
124.09,-68.09904172,-76.28338128
124.1,-68.0780888,-76.2666075
124.11,-68.05714282,-76.24982506
124.12,-68.03620901,-76.23302933
124.13,-68.0152807,-76.21621775
124.14,-67.99435914,-76.19940073
124.15,-67.9734502,-76.18257785
124.16,-67.95255319,-76.16574637
124.17,-67.93166952,-76.14890059
124.18,-67.91079081,-76.13204328
124.19,-67.88992584,-76.11518015
124.2,-67.86907378,-76.09831095
124.21,-67.8482271,-76.08143565
124.22,-67.82739342,-76.0645494
124.23,-67.80657299,-76.04765689
124.24,-67.7857584,-76.03075285
124.25,-67.76494986,-76.01383689
124.26,-67.74415394,-75.99690752
124.27,-67.72336405,-75.97997356
124.28,-67.70258713,-75.96303162
124.29,-67.68182396,-75.94608616
124.3,-67.66107203,-75.92913428
124.31,-67.64032094,-75.91217222
124.32,-67.61958238,-75.89520555
124.33,-67.59885598,-75.87823101
124.34,-67.57813617,-75.86125176
124.35,-67.55742954,-75.84426157
124.36,-67.53673647,-75.82726542
124.37,-67.51604848,-75.81026192
124.38,-67.49538132,-75.79325506
124.39,-67.47471297,-75.77624113
124.4,-67.45405829,-75.75922288
124.41,-67.4334094,-75.74219202
124.42,-67.41278047,-75.72515859
124.43,-67.39215704,-75.70812234
124.44,-67.37154111,-75.69108136
124.45,-67.35093686,-75.6740314
124.46,-67.33034691,-75.65697812
124.47,-67.30976271,-75.63991573
124.48,-67.28918511,-75.62284969
124.49,-67.26862707,-75.60577702
124.5,-67.24806866,-75.58870187
124.51,-67.22753077,-75.57161923
124.52,-67.20699219,-75.55453413
124.53,-67.18647337,-75.53744723
124.54,-67.16596142,-75.52035317
124.55,-67.14546339,-75.50325304
124.56,-67.12497074,-75.48615031
124.57,-67.10449159,-75.46904123
124.58,-67.08401912,-75.45193134
124.59,-67.06355872,-75.43481862
124.6,-67.04310578,-75.41770196
124.61,-67.02266669,-75.40058293
124.62,-67.00223975,-75.38345977
124.63,-66.98181935,-75.3663357
124.64,-66.96141297,-75.34920414
124.65,-66.9410197,-75.33207342
124.66,-66.92063286,-75.31494205
124.67,-66.90025325,-75.29779885
124.68,-66.8798856,-75.28065447
124.69,-66.85952494,-75.26350718
124.7,-66.83918391,-75.24636371
124.71,-66.81884987,-75.22921719
124.72,-66.79852338,-75.21206799
124.73,-66.77820961,-75.19491925
124.74,-66.7579096,-75.17776759
124.75,-66.73761619,-75.16061314
124.76,-66.71732931,-75.14345979
124.77,-66.69705527,-75.12630054
124.78,-66.67678811,-75.1091362
124.79,-66.6565331,-75.09197618
124.8,-66.63628589,-75.07481097
124.81,-66.61605225,-75.05764946
124.82,-66.59582565,-75.04048367
124.83,-66.57560541,-75.02331768
124.84,-66.55540528,-75.00615425
124.85,-66.53521201,-74.9889913
124.86,-66.51503175,-74.97182962
124.87,-66.49485815,-74.95466539
124.88,-66.47469886,-74.93749289
124.89,-66.45454612,-74.92032624
124.9,-66.4344002,-74.90316342
124.91,-66.4142671,-74.88599284
124.92,-66.39414124,-74.86882783
124.93,-66.37402925,-74.85166273
124.94,-66.35392413,-74.8344975
124.95,-66.33383135,-74.81732579
124.96,-66.31374671,-74.80015827
124.97,-66.29366751,-74.78299491
124.98,-66.27360297,-74.76583
124.99,-66.25354497,-74.74866823
125,-66.23350151,-74.7315077
125.01,-66.21346373,-74.7143492
125.02,-66.19344641,-74.69719105
125.03,-66.17343565,-74.68003624
125.04,-66.15343175,-74.66288723
125.05,-66.13343421,-74.64573567
125.06,-66.11344491,-74.62858247
125.07,-66.09346088,-74.61143542
125.08,-66.07349211,-74.59428628
125.09,-66.05353609,-74.57714528
125.1,-66.03359247,-74.56000195
125.11,-66.01365102,-74.54286089
125.12,-65.9937164,-74.5257182
125.13,-65.97379404,-74.50858686
125.14,-65.95387922,-74.49145465
125.15,-65.93397856,-74.47432559
125.16,-65.91408423,-74.457202
125.17,-65.89419661,-74.44007389
125.18,-65.87432261,-74.42295863
125.19,-65.8544556,-74.40583783
125.2,-65.8345962,-74.38872752
125.21,-65.81475057,-74.3716153
125.22,-65.79491135,-74.35450474
125.23,-65.77507836,-74.33740379
125.24,-65.75525914,-74.3202957
125.25,-65.73543416,-74.30320012
125.26,-65.71562974,-74.28610518
125.27,-65.69583158,-74.26901559
125.28,-65.67604126,-74.25192655
125.29,-65.65626394,-74.23484622
125.3,-65.63650009,-74.21776851
125.31,-65.6167295,-74.20069587
125.32,-65.59697398,-74.18362674
125.33,-65.57723161,-74.16656164
125.34,-65.55748868,-74.14949636
125.35,-65.53775283,-74.13244211
125.36,-65.51802445,-74.11539949
125.37,-65.49830262,-74.09835339
125.38,-65.4785947,-74.08131
125.39,-65.45889408,-74.06426902
125.4,-65.43919985,-74.04723418
125.41,-65.41952642,-74.03020773
125.42,-65.39985363,-74.01317893
125.43,-65.3801868,-73.99616136
125.44,-65.36052794,-73.97915252
125.45,-65.34087595,-73.96214764
125.46,-65.32123841,-73.94514033
125.47,-65.30160078,-73.92814467
125.48,-65.28196892,-73.91115568
125.49,-65.26235142,-73.89417028
125.5,-65.24274063,-73.87719883
125.51,-65.22313068,-73.86022518
125.52,-65.20352727,-73.84325302
125.53,-65.18393135,-73.82629296
125.54,-65.16434149,-73.80932973
125.55,-65.14476585,-73.79238242
125.56,-65.12519145,-73.77543938
125.57,-65.10562326,-73.75850198
125.58,-65.08606883,-73.74157067
125.59,-65.06651572,-73.72464793
125.6,-65.04696844,-73.70772916
125.61,-65.02742776,-73.69081265
125.62,-65.00789516,-73.67390257
125.63,-64.98836926,-73.65700062
125.64,-64.96884329,-73.64009756
125.65,-64.94933219,-73.62321252
125.66,-64.92982795,-73.60632582
125.67,-64.91032302,-73.58945163
125.68,-64.89082482,-73.57258708
125.69,-64.8713347,-73.55572625
125.7,-64.85184383,-73.53887007
125.71,-64.83236052,-73.52202381
125.72,-64.81288382,-73.50518659
125.73,-64.79341413,-73.4883594
125.74,-64.77395871,-73.47153231
125.75,-64.75450345,-73.45470865
125.76,-64.73504859,-73.43789783
125.77,-64.71560034,-73.4210924
125.78,-64.69615949,-73.40429735
125.79,-64.67672447,-73.38750596
125.8,-64.65729081,-73.37072471
125.81,-64.6378637,-73.35394639
125.82,-64.61843724,-73.33717587
125.83,-64.59901825,-73.32041719
125.84,-64.57959895,-73.30366204
125.85,-64.56019323,-73.28692034
125.86,-64.54078192,-73.27018538
125.87,-64.52138347,-73.25344979
125.88,-64.50198557,-73.23672607
125.89,-64.48259532,-73.22001257
125.9,-64.46320447,-73.20331065
125.91,-64.44382032,-73.18661355
125.92,-64.4244363,-73.16992691
125.93,-64.40505348,-73.15323939
125.94,-64.38567728,-73.13656777
125.95,-64.36630189,-73.11990017
125.96,-64.34693894,-73.10324323
125.97,-64.32757646,-73.08659244
125.98,-64.3082151,-73.0699536
125.99,-64.28885332,-73.05331815
126,-64.26949183,-73.03669079
126.01,-64.25013765,-73.0200768
126.02,-64.23078349,-73.00347163
126.03,-64.21143596,-72.98686988
126.04,-64.19208953,-72.97028233
126.05,-64.17274214,-72.95370456
126.06,-64.15340155,-72.93712551
126.07,-64.13406139,-72.92055686
126.08,-64.11471532,-72.90399253
126.09,-64.09537576,-72.88743874
126.1,-64.07604338,-72.87089747
126.11,-64.05670501,-72.85436482
126.12,-64.03736564,-72.83783818
126.13,-64.01803352,-72.8213199
126.14,-63.99869562,-72.80481707
126.15,-63.97937066,-72.78831965
126.16,-63.96003867,-72.77183531
126.17,-63.94070122,-72.75535758
126.18,-63.92137668,-72.73888298
126.19,-63.90204604,-72.72241993
126.2,-63.88270863,-72.70596334
126.21,-63.86338354,-72.68951562
126.22,-63.84405358,-72.67307667
126.23,-63.82472381,-72.6566464
126.24,-63.8053862,-72.64022231
126.25,-63.78605527,-72.62381014
126.26,-63.76672499,-72.60740972
126.27,-63.74739516,-72.59101635
126.28,-63.72806629,-72.57462719
126.29,-63.70873011,-72.55825525
126.3,-63.68939309,-72.54188274
126.31,-63.6700568,-72.52552743
126.32,-63.65071358,-72.50918142
126.33,-63.63137062,-72.49284076
126.34,-63.612027,-72.47650752
126.35,-63.59268474,-72.46018051
126.36,-63.5733421,-72.44386311
126.37,-63.55399215,-72.42756073
126.38,-63.5346366,-72.41126578
126.39,-63.51528089,-72.39497843
126.4,-63.49592353,-72.37870081
126.41,-63.47656095,-72.36242794
126.42,-63.45719785,-72.34616819
126.43,-63.43782857,-72.32991474
126.44,-63.41845204,-72.31367357
126.45,-63.39907524,-72.29743827
126.46,-63.37969851,-72.28120539
126.47,-63.36030918,-72.26498752
126.48,-63.34091864,-72.24877207
126.49,-63.32152199,-72.23257417
126.5,-63.30212535,-72.21638428
126.51,-63.2827214,-72.20020264
126.52,-63.26331714,-72.18403163
126.53,-63.24390683,-72.16786961
126.54,-63.22448321,-72.15171088
126.55,-63.20505238,-72.13556096
126.56,-63.18562093,-72.11942308
126.57,-63.16618238,-72.10329066
126.58,-63.14673074,-72.08716947
126.59,-63.12727801,-72.07105891
126.6,-63.10782586,-72.05495319
126.61,-63.08835926,-72.03885333
126.62,-63.06888756,-72.02276488
126.63,-63.04941392,-72.00668504
126.64,-63.02992774,-71.99061551
126.65,-63.01043403,-71.97455456
126.66,-62.99092738,-71.95849618
126.67,-62.97141257,-71.94245565
126.68,-62.95189221,-71.92641736
126.69,-62.93236378,-71.91038311
126.7,-62.91282819,-71.89436424
126.71,-62.89327951,-71.87835155
126.72,-62.87372335,-71.86234938
126.73,-62.85415405,-71.84635654
126.74,-62.83458435,-71.83036982
126.75,-62.81500133,-71.81439466
126.76,-62.79541005,-71.79842556
126.77,-62.77579839,-71.78246205
126.78,-62.75617958,-71.76650884
126.79,-62.73655442,-71.75056326
126.8,-62.71692197,-71.73462976
126.81,-62.69727499,-71.71870227
126.82,-62.67761433,-71.70277539
126.83,-62.65794002,-71.68686103
126.84,-62.6382516,-71.6709543
126.85,-62.6185487,-71.65505636
126.86,-62.59883294,-71.63916941
126.87,-62.57910937,-71.62329085
126.88,-62.55937122,-71.6074095
126.89,-62.53961982,-71.59154258
126.9,-62.51985457,-71.57568439
126.91,-62.50007492,-71.55983085
126.92,-62.48028209,-71.54398399
126.93,-62.46046722,-71.52814913
126.94,-62.44064631,-71.51232229
126.95,-62.42080411,-71.49649528
126.96,-62.40094703,-71.48067547
126.97,-62.38107679,-71.46486928
126.98,-62.36119182,-71.44906377
126.99,-62.34128503,-71.43327198
127,-62.32135893,-71.41748476
127.01,-62.30141149,-71.40170892
127.02,-62.28145635,-71.38593205
127.03,-62.26147306,-71.37016575
127.04,-62.24147641,-71.35440765
127.05,-62.2214648,-71.33866058
127.06,-62.20143218,-71.32291863
127.07,-62.18137836,-71.30717761
127.08,-62.16131083,-71.29144543
127.09,-62.1412159,-71.27572421
127.1,-62.12109922,-71.2600057
127.11,-62.1009682,-71.24429307
127.12,-62.08081627,-71.22858683
127.13,-62.06063693,-71.21288847
127.14,-62.04043549,-71.1971929
127.15,-62.02021307,-71.18150368
127.16,-61.99996886,-71.16582412
127.17,-61.97969711,-71.15014413
127.18,-61.95940444,-71.13447584
127.19,-61.93908961,-71.11881612
127.2,-61.91874709,-71.10316098
127.21,-61.89838355,-71.08750664
127.22,-61.87799926,-71.07185833
127.23,-61.85758644,-71.05621118
127.24,-61.83714574,-71.04057735
127.25,-61.81667635,-71.02494346
127.26,-61.79618497,-71.00932027
127.27,-61.77565997,-70.99370299
127.28,-61.75510888,-70.97808659
127.29,-61.73453719,-70.96247894
127.3,-61.71393588,-70.94687647
127.31,-61.6933043,-70.93127173
127.32,-61.67263755,-70.91567579
127.33,-61.65194585,-70.90007849
127.34,-61.63122139,-70.88448509
127.35,-61.61047007,-70.86890502
127.36,-61.5896858,-70.85332486
127.37,-61.56886351,-70.83774733
127.38,-61.54801588,-70.82217549
127.39,-61.52713026,-70.80660097
127.4,-61.50621191,-70.79103462
127.41,-61.48526069,-70.77547314
127.42,-61.46427164,-70.75991647
127.43,-61.44325443,-70.74435863
127.44,-61.42219883,-70.72881326
127.45,-61.40110612,-70.71326648
127.46,-61.37997935,-70.69772253
127.47,-61.35881695,-70.68218063
127.48,-61.33761508,-70.66663931
127.49,-61.31637496,-70.65110429
127.5,-61.29508948,-70.63556972
127.51,-61.27376696,-70.62004269
127.52,-61.25240945,-70.60450836
127.53,-61.23100307,-70.58898441
127.54,-61.20955696,-70.57345356
127.55,-61.18806849,-70.55792918
127.56,-61.16653792,-70.54240704
127.57,-61.14497036,-70.52689034
127.58,-61.12335344,-70.51137153
127.59,-61.10168798,-70.49585313
127.6,-61.07997923,-70.48033368
127.61,-61.05822833,-70.4648133
127.62,-61.03642488,-70.44929561
127.63,-61.01458143,-70.4337807
127.64,-60.99268886,-70.41826644
127.65,-60.97074678,-70.40275222
127.66,-60.94875416,-70.38723695
127.67,-60.92671498,-70.37172733
127.68,-60.90462354,-70.35620872
127.69,-60.88247554,-70.34069184
127.7,-60.86027367,-70.32517794
127.71,-60.83801537,-70.30966417
127.72,-60.8157101,-70.29414585
127.73,-60.79334974,-70.2786315
127.74,-60.77093062,-70.26311285
127.75,-60.74844929,-70.24759007
127.76,-60.72592039,-70.23207558
127.77,-60.70332867,-70.21655848
127.78,-60.68067552,-70.20103357
127.79,-60.65796559,-70.18550929
127.8,-60.63519593,-70.16998125
127.81,-60.61235923,-70.15444439
127.82,-60.58945823,-70.13890914
127.83,-60.56649341,-70.12337115
127.84,-60.54346383,-70.10782743
127.85,-60.52036695,-70.09227923
127.86,-60.49720237,-70.07673065
127.87,-60.47397118,-70.06118157
127.88,-60.45067138,-70.04562879
127.89,-60.42730462,-70.03006666
127.9,-60.40386624,-70.01449721
127.91,-60.38035341,-69.99892787
127.92,-60.35676682,-69.98335341
127.93,-60.33310882,-69.96777701
127.94,-60.30937535,-69.95219139
127.95,-60.28556411,-69.93659821
127.96,-60.26167478,-69.92100058
127.97,-60.23770669,-69.90540308
127.98,-60.21365434,-69.88979448
127.99,-60.18952604,-69.87418016
128,-60.16530982,-69.8585586
128.01,-60.14100791,-69.84293003
128.02,-60.11662383,-69.82728663
128.03,-60.09214757,-69.81164219
128.04,-60.06758908,-69.79598774
128.05,-60.04293868,-69.78032892
128.06,-60.01819546,-69.76465914
128.07,-59.99335972,-69.74898323
128.08,-59.96842191,-69.73329688
128.09,-59.94339062,-69.71760318
128.1,-59.91826334,-69.70190101
128.11,-59.8930343,-69.68618675
128.12,-59.86770392,-69.67046663
128.13,-59.8422748,-69.65472692
128.14,-59.81674542,-69.63897984
128.15,-59.79110913,-69.6232233
128.16,-59.7653696,-69.60745645
128.17,-59.73952275,-69.591672
128.18,-59.71356315,-69.57587658
128.19,-59.68748976,-69.5600727
128.2,-59.66130796,-69.54425091
128.21,-59.63500606,-69.52841534
128.22,-59.60858437,-69.51256924
128.23,-59.58204768,-69.49670432
128.24,-59.55538326,-69.48083113
128.25,-59.52859467,-69.46493949
128.26,-59.50168752,-69.44903333
128.27,-59.47465287,-69.43311202
128.28,-59.44748663,-69.41717887
128.29,-59.42018851,-69.40122762
128.3,-59.39275245,-69.38526047
128.31,-59.36518689,-69.36927176
128.32,-59.33747995,-69.35326892
128.33,-59.30963382,-69.33724825
128.34,-59.28164828,-69.32121213
128.35,-59.25351315,-69.30515217
128.36,-59.22522887,-69.28907533
128.37,-59.1967959,-69.27297386
128.38,-59.16820925,-69.25685732
128.39,-59.13946569,-69.24071588
128.4,-59.11056609,-69.22456034
128.41,-59.08150848,-69.20837684
128.42,-59.05228478,-69.19217025
128.43,-59.02289482,-69.17594798
128.44,-58.99333318,-69.1596994
128.45,-58.96359433,-69.14342288
128.46,-58.93368336,-69.12712283
128.47,-58.90359767,-69.1107927
128.48,-58.8733247,-69.09444345
128.49,-58.84286952,-69.07806246
128.5,-58.81222284,-69.06166817
128.51,-58.78138657,-69.04523976
128.52,-58.75035844,-69.02878388
128.53,-58.71912766,-69.01229746
128.54,-58.68769375,-68.99578157
128.55,-58.65605378,-68.97923681
128.56,-58.62420436,-68.96266109
128.57,-58.59214058,-68.94606776
128.58,-58.55986342,-68.92943415
128.59,-58.52736518,-68.9127692
128.6,-58.49464015,-68.89606908
128.61,-58.46168677,-68.87934002
128.62,-58.42849891,-68.86257929
128.63,-58.39507313,-68.84578145
128.64,-58.36140066,-68.82894374
128.65,-58.32748014,-68.81206989
128.66,-58.29330657,-68.79516405
128.67,-58.25887411,-68.77821848
128.68,-58.22417838,-68.76123162
128.69,-58.18922154,-68.7442103
128.7,-58.15399192,-68.72715245
128.71,-58.1184814,-68.7100417
128.72,-58.08268647,-68.69289627
128.73,-58.04660387,-68.67570595
128.74,-58.01023229,-68.65847341
128.75,-57.97355622,-68.64119217
128.76,-57.93657372,-68.62386782
128.77,-57.89928045,-68.60650001
128.78,-57.8616715,-68.58908813
128.79,-57.82373362,-68.57162575
128.8,-57.78546667,-68.55411071
128.81,-57.74685914,-68.5365504
128.82,-57.70790728,-68.51893722
128.83,-57.66859988,-68.50127388
128.84,-57.62893431,-68.48354738
128.85,-57.58890128,-68.46577315
128.86,-57.54849589,-68.44794903
128.87,-57.50770331,-68.43005879
128.88,-57.46652312,-68.41211784
128.89,-57.42494208,-68.39411763
128.9,-57.38295551,-68.37605372
128.91,-57.34054722,-68.35793006
128.92,-57.29771866,-68.33974571
128.93,-57.25445125,-68.32148929
128.94,-57.21074251,-68.30317607
128.95,-57.16657877,-68.28479277
128.96,-57.12194722,-68.2663384
128.97,-57.07684055,-68.24782003
128.98,-57.03124983,-68.22922819
128.99,-56.98516655,-68.21056197
129,-56.93856921,-68.19182949
129.01,-56.89145732,-68.17301664
129.02,-56.84380971,-68.15412412
129.03,-56.79562209,-68.13516353
129.04,-56.74688132,-68.11611969
129.05,-56.69756993,-68.09698899
129.06,-56.64767673,-68.07777323
129.07,-56.5971851,-68.05847472
129.08,-56.54608306,-68.03909234
129.09,-56.49435687,-68.01961887
129.1,-56.44199197,-68.00006091
129.11,-56.38897228,-67.98040615
129.12,-56.33527593,-67.96065682
129.13,-56.28089212,-67.94081274
129.14,-56.22580448,-67.9208675
129.15,-56.16999351,-67.90082305
129.16,-56.11344534,-67.88066292
129.17,-56.05613668,-67.86040898
129.18,-55.99805189,-67.84003979
129.19,-55.93916515,-67.81956886
129.2,-55.87945708,-67.79897812
129.21,-55.81891027,-67.77827646
129.22,-55.7575026,-67.75746139
129.23,-55.6952082,-67.73652342
129.24,-55.63200489,-67.71545818
129.25,-55.5678742,-67.6942705
129.26,-55.50278002,-67.6729563
129.27,-55.43670222,-67.65150784
129.28,-55.36961407,-67.62993234
129.29,-55.30149405,-67.60822002
129.3,-55.23230445,-67.58636956
129.31,-55.16201917,-67.56437302
129.32,-55.09060455,-67.54222826
129.33,-55.0180358,-67.51993157
129.34,-54.94427107,-67.49747885
129.35,-54.86928403,-67.47487487
129.36,-54.79303217,-67.45210668
129.37,-54.71548274,-67.42918206
129.38,-54.63659986,-67.40608333
129.39,-54.55633918,-67.38281154
129.4,-54.47466205,-67.35937108
129.41,-54.39152929,-67.33574813
129.42,-54.30689038,-67.31193762
129.43,-54.22070166,-67.28793863
129.44,-54.13292148,-67.26374993
129.45,-54.04349272,-67.23936166
129.46,-53.95237383,-67.21476269
129.47,-53.85950344,-67.18996547
129.48,-53.76482127,-67.16495664
129.49,-53.66827881,-67.13972343
129.5,-53.56981156,-67.11426633
129.51,-53.46935961,-67.08857796
129.52,-53.36685466,-67.06266142
129.53,-53.26223387,-67.03649676
129.54,-53.15542377,-67.0100814
129.55,-53.04634894,-66.98341733
129.56,-52.93493637,-66.95648863
129.57,-52.82110936,-66.92929368
129.58,-52.70477561,-66.90182687
129.59,-52.5858511,-66.87407597
129.6,-52.46424419,-66.84604002
129.61,-52.33986401,-66.81770633
129.62,-52.21260972,-66.78906557
129.63,-52.08237902,-66.76011175
129.64,-51.9490641,-66.73083631
129.65,-51.81254981,-66.70122353
129.66,-51.67272018,-66.67127424
129.67,-51.52945067,-66.6409713
129.68,-51.38261301,-66.6103111
129.69,-51.23207101,-66.57928396
129.7,-51.07767763,-66.54787234
129.71,-50.91929724,-66.51607256
129.72,-50.75676416,-66.48387076
129.73,-50.58992022,-66.45125437
129.74,-50.41859042,-66.41820526
129.75,-50.2426016,-66.38472169
129.76,-50.06176402,-66.35078138
129.77,-49.87587864,-66.31637856
129.78,-49.68473925,-66.28149281
129.79,-49.48813196,-66.24611327
129.8,-49.28582685,-66.21022117
129.81,-49.07757992,-66.17380334
129.82,-48.8631466,-66.13684265
129.83,-48.64225997,-66.09931566
129.84,-48.41463694,-66.06121366
129.85,-48.17999134,-66.02250629
129.86,-47.93801502,-65.98318853
129.87,-47.68838607,-65.94323512
129.88,-47.43076612,-65.90261377
129.89,-47.16479225,-65.86130866
129.9,-46.89009252,-65.81930782
129.91,-46.60626886,-65.77657973
129.92,-46.31290568,-65.73308864
129.93,-46.00956624,-65.68882347
129.94,-45.69578405,-65.64374666
129.95,-45.37107895,-65.59783223
129.96,-45.03494257,-65.55104269
129.97,-44.68687846,-65.50335841
129.98,-44.32628194,-65.45474383
129.99,-43.95255761,-65.4051608
130,-43.56508538,-65.35457083
130.01,-43.16321167,-65.30293822
130.02,-42.7462516,-65.25022254
130.03,-42.31349842,-65.19638676
130.04,-41.86419119,-65.14137317
130.05,-41.39755345,-65.08514555
130.06,-40.91276263,-65.02765655
130.07,-40.40896706,-64.96885276
130.08,-39.88527738,-64.90867651
130.09,-39.34077408,-64.84707419
130.1,-38.77449853,-64.78397981
130.11,-38.1854591,-64.71934009
130.12,-37.57264728,-64.65308241
130.13,-36.93501754,-64.58513097
130.14,-36.27150105,-64.51542148
130.15,-35.58101434,-64.44386448
130.16,-34.86246095,-64.37038577
130.17,-34.1147425,-64.29489533
130.18,-33.33676373,-64.21730321
130.19,-32.52744858,-64.13750253
130.2,-31.68574751,-64.05539753
130.21,-30.81065881,-63.97086982
130.22,-29.90123859,-63.88380808
130.23,-28.95663078,-63.79408285
130.24,-27.97608191,-63.70156378
130.25,-26.95897297,-63.60611634
130.26,-25.904842,-63.50758149
130.27,-24.81342702,-63.40581227
130.28,-23.6846857,-63.30063423
130.29,-22.51884555,-63.19186977
130.3,-21.31643332,-63.07933293
130.31,-20.07831629,-62.96281602
130.32,-18.80574419,-62.84210442
130.33,-17.50038007,-62.71697234
130.34,-16.16433168,-62.58718039
130.35,-14.80018279,-62.45245726
130.36,-13.41101393,-62.31253124
130.37,-12.00040667,-62.16711233
130.38,-10.57243902,-62.01587797
130.39,-9.131672774,-61.85849601
130.4,-7.683114248,-61.69461697
130.41,-6.23217338,-61.5238523
130.42,-4.784590755,-61.34580109
130.43,-3.346363658,-61.16003231
130.44,-1.923647904,-60.96608786
130.45,-0.5226526954,-60.76347606
130.46,0.8504668837,-60.55167803
130.47,2.18972174,-60.33013684
130.48,3.489400041,-60.09826923
130.49,4.744165507,-59.8554431
130.5,5.949159353,-59.60098999
130.51,7.100063772,-59.33420323
130.52,8.193167492,-59.05432495
130.53,9.225400658,-58.76056133
130.54,10.19435742,-58.45205349
130.55,11.09829368,-58.12789861
130.56,11.93610557,-57.78712621
130.57,12.70730041,-57.42872196
130.58,13.4119615,-57.05158635
130.59,14.05067522,-56.65456927
130.6,14.62447298,-56.23644052
130.61,15.1347861,-55.79589589
130.62,15.58336403,-55.33153402
130.63,15.97221437,-54.84186883
130.64,16.30355427,-54.32532641
130.65,16.57974269,-53.78022557
130.66,16.8032376,-53.20476614
130.67,16.97655456,-52.59703906
130.68,17.10223033,-51.95499344
130.69,17.18278801,-51.27645474
130.7,17.22070832,-50.5590933
130.71,17.21842246,-49.80041299
130.72,17.17828792,-48.99775272
130.73,17.10257414,-48.14826934
130.74,16.99346437,-47.24892414
130.75,16.85304138,-46.29646589
130.76,16.68329267,-45.28742914
130.77,16.48609183,-44.21812009
130.78,16.26322305,-43.08459931
130.79,16.01636822,-41.88269952
130.8,15.74712691,-40.60800222
130.81,15.45699161,-39.25585863
130.82,15.14736976,-37.82140226
130.83,14.81959107,-36.29959964
130.84,14.4748984,-34.6852784
130.85,14.11446289,-32.97321006
130.86,13.73938514,-31.15823056
130.87,13.35069511,-29.23538648
130.88,12.94935977,-27.20013241
130.89,12.53629429,-25.04859489
130.9,12.11234872,-22.77791391
130.91,11.67832906,-20.38664734
130.92,11.23499192,-17.87526035
130.93,10.78304009,-15.24668631
130.94,10.32314635,-12.50691857
130.95,9.855937573,-9.66561119
130.96,9.381997521,-6.736616084
130.97,8.901883487,-3.738360783
130.98,8.416120354,-0.693980775
130.99,7.925187851,2.368897596
131,7.429556364,5.418799974
131.01,6.929656416,8.42150658
131.02,6.425896476,11.3415727
131.03,5.918661477,14.14416702
131.04,5.408313904,16.79702179
131.05,4.895193987,19.27228824
131.06,4.379621967,21.54806253
131.07,3.861902978,23.6093833
131.08,3.342326032,25.44861287
131.09,2.821152065,27.06520189
131.1,2.298634856,28.46490012
131.11,1.775015402,29.65860885
131.12,1.250515044,30.66101586
131.13,0.7253441904,31.48922379
131.14,0.1997035145,32.16147017
131.15,-0.3262243815,32.69608682
131.16,-0.8522604189,33.11067727
131.17,-1.378241197,33.42157478
131.18,-1.904010864,33.64349837
131.19,-2.429422196,33.78941606
131.2,-2.954338338,33.87054079
131.21,-3.478629081,33.89641865
131.22,-4.002172891,33.87507757
131.23,-4.524855162,33.81320045
131.24,-5.046571081,33.71631994
131.25,-5.567221496,33.58898534
131.26,-6.086713052,33.43493802
131.27,-6.604957893,33.25724401
131.28,-7.121878666,33.0584187
131.29,-7.637394686,32.8405426
131.3,-8.15144093,32.60533004
131.31,-8.66395861,32.35422167
131.32,-9.174881023,32.08842043
131.33,-9.684154287,31.8089517
131.34,-10.19172817,31.51669851
131.35,-10.69755647,31.21241734
131.36,-11.20159716,30.89678024
131.37,-11.70381334,30.57037862
131.38,-12.20417182,30.2337473
131.39,-12.70264128,29.88736503
131.4,-13.19919352,29.53167701
131.41,-13.69380055,29.16708749
131.42,-14.1864388,28.79398306
131.43,-14.67709174,28.41271994
131.44,-15.16573823,28.02363519
131.45,-15.65236724,27.62705697
131.46,-16.13696155,27.22328877
131.47,-16.61951238,26.81262856
131.48,-17.10002018,26.395358
131.49,-17.57847326,25.97175168
131.5,-18.05486983,25.54207874
131.51,-18.52920727,25.10659087
131.52,-19.00149031,24.66553964
131.53,-19.47171554,24.21916595
131.54,-19.93988715,23.76771079
131.55,-20.40600334,23.31140136
131.56,-20.87007682,22.85045869
131.57,-21.33211735,22.38509938
131.58,-21.79213754,21.91554155
131.59,-22.25014401,21.44199262
131.6,-22.70615638,20.96465562
131.61,-23.16018468,20.4837264
131.62,-23.61224682,19.99939409
131.63,-24.06236483,19.51184625
131.64,-24.51055393,19.02126601
131.65,-24.95683571,18.52783256
131.66,-25.40123011,18.03171424
131.67,-25.84376577,17.53307999
131.68,-26.28446394,17.03209177
131.69,-26.72335666,16.52891015
131.7,-27.16046996,16.02368989
131.71,-27.59583606,15.51657877
131.72,-28.02948796,15.00772442
131.73,-28.46145298,14.49726698
131.74,-28.89177078,13.98533934
131.75,-29.32047454,13.47207402
131.76,-29.7476011,12.95759947
131.77,-30.17319656,12.44203776
131.78,-30.59730107,11.92550954
131.79,-31.01995243,11.40812941
131.8,-31.44120233,10.89000988
131.81,-31.86109574,10.37126049
131.82,-32.27968792,9.851988395
131.83,-32.69702678,9.332290096
131.84,-33.11316362,8.812259039
131.85,-33.52815196,8.291990307
131.86,-33.94205524,7.771572118
131.87,-34.35492268,7.251088841
131.88,-34.76682043,6.730624249
131.89,-35.17780815,6.210257978
131.9,-35.58795492,5.690060098
131.91,-35.99732446,5.170105116
131.92,-36.40598357,4.650463947
131.93,-36.81400799,4.131200139
131.94,-37.22146157,3.612378872
131.95,-37.62842593,3.094058625
131.96,-38.03497557,2.576298644
131.97,-38.44118052,2.059146371
131.98,-38.84711859,1.542658451
131.99,-39.25287785,1.026877381
132,-39.65853765,0.5118565743
132.01,-40.06417957,-0.002365443046
132.02,-40.46988603,-0.5157453898
132.03,-40.87574948,-1.028243221
132.04,-41.2818499,-1.539828446
132.05,-41.6882859,-2.050463518
132.06,-42.09513319,-2.560114277
132.07,-42.50249294,-3.068751065
132.08,-42.91044401,-3.576347421
132.09,-43.31907996,-4.082879668
132.1,-43.72848719,-4.588320523
132.11,-44.13875886,-5.092655356
132.12,-44.54997889,-5.59586128
132.13,-44.96223453,-6.097918584
132.14,-45.37562635,-6.598814894
132.15,-45.79023049,-7.09853896
132.16,-46.20611956,-7.597071842
132.17,-46.62338299,-8.094408133
132.18,-47.04209576,-8.590534414
132.19,-47.46233165,-9.085445391
132.2,-47.88416515,-9.579135862
132.21,-48.30765977,-10.07160033
132.22,-48.73287598,-10.56283927
132.23,-49.15987063,-11.05285101
132.24,-49.58869763,-11.54163156
132.25,-50.01939891,-12.02918428
132.26,-50.45200624,-12.51550956
132.27,-50.88655292,-13.00061452
132.28,-51.3230554,-13.48450776
132.29,-51.76152467,-13.96719005
132.3,-52.20195453,-14.44867551
132.31,-52.64433481,-14.92896669
132.32,-53.0886366,-15.4080821
132.33,-53.53482294,-15.88603192
132.34,-53.98284452,-16.36283169
132.35,-54.43263197,-16.83850006
132.36,-54.8841035,-17.31304958
132.37,-55.33715376,-17.78650299
132.38,-55.79167609,-18.25887843
132.39,-56.24752674,-18.73019647
132.4,-56.70455166,-19.20048299
132.41,-57.16257455,-19.6697633
132.42,-57.62140677,-20.13805659
132.43,-58.08083065,-20.60539612
132.44,-58.5406147,-21.07181391
132.45,-59.00050415,-21.53734123
132.46,-59.46021766,-22.00201181
132.47,-59.91947047,-22.46586865
132.48,-60.37793498,-22.92894682
132.49,-60.83528847,-23.39128725
132.5,-61.29117257,-23.85293435
132.51,-61.74521534,-24.31393536
132.52,-62.19704434,-24.77433753
132.53,-62.64625319,-25.23419546
132.54,-63.09244039,-25.69356579
132.55,-63.53518087,-26.15250272
132.56,-63.97405253,-26.61107338
132.57,-64.40862564,-27.06934181
132.58,-64.83846748,-27.52737355
132.59,-65.26315357,-27.98523851
132.6,-65.68226097,-28.44301554
132.61,-66.09537519,-28.90078966
132.62,-66.5020754,-29.35863772
132.63,-66.90198378,-29.8166549
132.64,-67.29472778,-30.27493336
132.65,-67.67994752,-30.73357888
132.66,-68.05730942,-31.1926933
132.67,-68.42651313,-31.65238314
132.68,-68.78728262,-32.11276399
132.69,-69.13936271,-32.57396384
132.7,-69.48254097,-33.03610826
132.71,-69.81662676,-33.4993363
132.72,-70.14146939,-33.9637838
132.73,-70.45694382,-34.42959912
132.74,-70.76296414,-34.89693658
132.75,-71.05948101,-35.36596379
132.76,-71.34646837,-35.83686042
132.77,-71.62393277,-36.30979249
132.78,-71.89191644,-36.78495296
132.79,-72.15048597,-37.26253532
132.8,-72.39972222,-37.74274138
132.81,-72.63975144,-38.22579367
132.82,-72.87071921,-38.71190738
132.83,-73.09277529,-39.20131592
132.84,-73.30610398,-39.69425037
132.85,-73.51089097,-40.19096617
132.86,-73.70735255,-40.6917188
132.87,-73.89568957,-41.19677481
132.88,-74.07613695,-41.70641037
132.89,-74.24892702,-42.22090539
132.9,-74.41429992,-42.7405513
132.91,-74.5724861,-43.26564352
132.92,-74.72374199,-43.79649474
132.93,-74.86830412,-44.33340625
132.94,-75.00641516,-44.87670153
132.95,-75.13832247,-45.4266999
132.96,-75.26424964,-45.98371312
132.97,-75.38443819,-46.54806194
132.98,-75.49911533,-47.12006746
132.99,-75.60849556,-47.70004198
133,-75.71280178,-48.28829317
133.01,-75.81225334,-48.88511913
133.02,-75.9070434,-49.4908046
133.03,-75.99737934,-50.10561738
133.04,-76.08344464,-50.72979894
133.05,-76.16541889,-51.36356995
133.06,-76.24347727,-52.00711441
133.07,-76.31779768,-52.660578
133.08,-76.38853685,-53.32405621
133.09,-76.45585321,-53.9975931
133.1,-76.51989295,-54.68117412
133.11,-76.58079767,-55.3747156
133.12,-76.63871339,-56.07805018
133.13,-76.69375589,-56.79092544
133.14,-76.74605938,-57.51299056
133.15,-76.79573228,-58.24378649
133.16,-76.84289373,-58.98274191
133.17,-76.88765461,-59.72915615
133.18,-76.93010242,-60.48220067
133.19,-76.9703522,-61.24089857
133.2,-77.00848596,-62.00414329
133.21,-77.04459515,-62.77065992
133.22,-77.07876093,-63.53904091
133.23,-77.1110568,-64.3077301
133.24,-77.14157759,-65.07502936
133.25,-77.17037548,-65.83912374
133.26,-77.19753138,-66.59807028
133.27,-77.22311599,-67.34984498
133.28,-77.24717858,-68.09234685
133.29,-77.26979057,-68.8234415
133.3,-77.29099867,-69.54098456
133.31,-77.3108688,-70.24285595
133.32,-77.32943362,-70.92699888
133.33,-77.34675841,-71.59144933
133.34,-77.36288518,-72.23439207
133.35,-77.37785643,-72.85417543
133.36,-77.39171263,-73.44935953
133.37,-77.40449914,-74.01872282
133.38,-77.41624081,-74.56129817
133.39,-77.4269832,-75.07636504
133.4,-77.43675972,-75.56348788
133.41,-77.44560616,-76.02248513
133.42,-77.45355781,-76.45341531
133.43,-77.46063571,-76.85659008
133.44,-77.46686888,-77.23253569
133.45,-77.47228545,-77.58196221
133.46,-77.47691431,-77.90575533
133.47,-77.48077696,-78.20492203
133.48,-77.48390022,-78.48059284
133.49,-77.48631375,-78.73396619
133.5,-77.48803162,-78.96628471
133.51,-77.48907466,-79.17883629
133.52,-77.48946696,-79.3729169
133.53,-77.4892151,-79.54979516
133.54,-77.48835191,-79.71071631
133.55,-77.4868947,-79.85689398
133.56,-77.48485072,-79.98948856
133.57,-77.48224971,-80.10959853
133.58,-77.47910368,-80.21827198
133.59,-77.47542288,-80.31649325
133.6,-77.47123397,-80.40517221
133.61,-77.46654483,-80.48516192
133.62,-77.46137855,-80.55724187
133.63,-77.45574303,-80.6221472
133.64,-77.44965768,-80.6805308
133.65,-77.44312999,-80.73301169
133.66,-77.43617715,-80.78014341
133.67,-77.42882144,-80.82243148
133.68,-77.42106748,-80.86033906
133.69,-77.4129233,-80.89429532
133.7,-77.40441209,-80.92466779
133.71,-77.39554232,-80.95180125
133.72,-77.38633218,-80.97601148
133.73,-77.37678616,-80.99757053
133.74,-77.36691386,-81.01674532
133.75,-77.3567355,-81.03375862
133.76,-77.34625422,-81.04880911
133.77,-77.33549355,-81.06208773
133.78,-77.32444556,-81.07376573
133.79,-77.31312917,-81.08399888
133.8,-77.30156636,-81.09291916
133.81,-77.28975301,-81.10065037
133.82,-77.27769839,-81.10730496
133.83,-77.26541635,-81.11297584
133.84,-77.25291948,-81.11775777
133.85,-77.24020324,-81.1217316
133.86,-77.22728619,-81.12497378
133.87,-77.21417193,-81.12753865
133.88,-77.20087228,-81.12949963
133.89,-77.18739579,-81.13090493
133.9,-77.17374338,-81.13180326
133.91,-77.15991478,-81.13223621
133.92,-77.14593153,-81.13224999
133.93,-77.13180621,-81.13186964
133.94,-77.11752424,-81.13113862
133.95,-77.10309855,-81.13008502
133.96,-77.08854483,-81.12873965
133.97,-77.07385693,-81.12711657
133.98,-77.05903685,-81.12523281
133.99,-77.04409941,-81.12311966
134,-77.0290429,-81.12079779
134.01,-77.01387432,-81.11827514
134.02,-76.99860247,-81.1155826
134.03,-76.98321935,-81.11270775
134.04,-76.96774122,-81.10967651
134.05,-76.95215878,-81.10650864
134.06,-76.93649388,-81.10319421
134.07,-76.92073309,-81.09975387
134.08,-76.90489221,-81.09619923
134.09,-76.88896616,-81.09253813
134.1,-76.87296024,-81.08876681
134.11,-76.85687099,-81.0848981
134.12,-76.84070898,-81.08094661
134.13,-76.82446705,-81.07690386
134.14,-76.8081582,-81.0727806
134.15,-76.79178196,-81.06857978
134.16,-76.77534477,-81.06430674
134.17,-76.75883486,-81.0599611
134.18,-76.74226582,-81.0555569
134.19,-76.72564413,-81.05108786
134.2,-76.70896324,-81.04656366
134.21,-76.69221612,-81.04197668
134.22,-76.67541033,-81.03733955
134.23,-76.65855447,-81.03264591
134.24,-76.64163872,-81.02789829
134.25,-76.62467948,-81.02310272
134.26,-76.6076695,-81.01827
134.27,-76.59060802,-81.01338368
134.28,-76.57350004,-81.00845336
134.29,-76.55633566,-81.00347996
134.3,-76.53913527,-80.99846148
134.31,-76.52188329,-80.99340825
134.32,-76.50458267,-80.9883138
134.33,-76.48724529,-80.9831841
134.34,-76.46986443,-80.9780158
134.35,-76.45243929,-80.9728048
134.36,-76.43497894,-80.96756266
134.37,-76.41747553,-80.9622802
134.38,-76.39992909,-80.95696752
134.39,-76.38234954,-80.95161302
134.4,-76.36473255,-80.94622995
134.41,-76.34707288,-80.94081296
134.42,-76.32937903,-80.93536509
134.43,-76.311648,-80.92988285
134.44,-76.29387716,-80.92436833
134.45,-76.27607181,-80.91882192
134.46,-76.25823082,-80.91323766
134.47,-76.24035526,-80.9076237
134.48,-76.22244526,-80.90197616
134.49,-76.20449466,-80.89630317
134.5,-76.18651629,-80.89059707
134.51,-76.16850456,-80.88486271
134.52,-76.15046392,-80.87909928
134.53,-76.13239047,-80.87329945
134.54,-76.11428241,-80.86747061
134.55,-76.09614077,-80.86160777
134.56,-76.07797276,-80.85571773
134.57,-76.05977073,-80.84979754
134.58,-76.04154417,-80.84384429
134.59,-76.02327595,-80.83785623
134.6,-76.00497578,-80.83183598
134.61,-75.98664857,-80.82579184
134.62,-75.96828876,-80.8197163
134.63,-75.94990345,-80.81361726
134.64,-75.93148477,-80.80748591
134.65,-75.91303465,-80.80131989
134.66,-75.89455692,-80.79512634
134.67,-75.87605435,-80.78890096
134.68,-75.85752708,-80.78264874
134.69,-75.83896709,-80.77636602
134.7,-75.82037597,-80.77004618
134.71,-75.80176593,-80.76370359
134.72,-75.78312355,-80.75732723
134.73,-75.7644492,-80.75092123
134.74,-75.7457438,-80.74447768
134.75,-75.72702153,-80.73801114
134.76,-75.70826802,-80.73151218
134.77,-75.68948233,-80.72498092
134.78,-75.67067306,-80.71842731
134.79,-75.65183923,-80.71183783
134.8,-75.63297978,-80.70521637
134.81,-75.61409845,-80.69856548
134.82,-75.59518545,-80.6918814
134.83,-75.57624731,-80.68517078
134.84,-75.55727988,-80.67842615
134.85,-75.53828254,-80.67164822
134.86,-75.5192666,-80.66484003
134.87,-75.50021541,-80.65800343
134.88,-75.48114652,-80.65113827
134.89,-75.46205567,-80.64424141
134.9,-75.44294049,-80.63731145
134.91,-75.42379526,-80.6303527
134.92,-75.40462092,-80.62336335
134.93,-75.3854298,-80.61633762
134.94,-75.36620971,-80.60928846
134.95,-75.3469588,-80.602201
134.96,-75.32769213,-80.59507566
134.97,-75.30840465,-80.58792434
134.98,-75.28909352,-80.58074576
134.99,-75.26975301,-80.57353208
135,-75.25039073,-80.56627986
135.01,-75.23100585,-80.55900241
135.02,-75.21159814,-80.55169226
135.03,-75.19216272,-80.54435035
135.04,-75.17270417,-80.53698223
135.05,-75.1532232,-80.5295785
135.06,-75.13372265,-80.5221397
135.07,-75.11419951,-80.51467542
135.08,-75.09464854,-80.50717174
135.09,-75.07507511,-80.49964407
135.1,-75.05547363,-80.49207843
135.11,-75.03585116,-80.48448106
135.12,-75.01620686,-80.4768534
135.13,-74.99654791,-80.46918173
135.14,-74.97686113,-80.46148834
135.15,-74.95715975,-80.45375738
135.16,-74.93743085,-80.4460026
135.17,-74.91768106,-80.43820197
135.18,-74.89791132,-80.43037432
135.19,-74.87811299,-80.42251165
135.2,-74.85829468,-80.41462339
135.21,-74.83845618,-80.4066906
135.22,-74.81860415,-80.39872909
135.23,-74.79872401,-80.39073682
135.24,-74.77883028,-80.3827097
135.25,-74.7589087,-80.37465432
135.26,-74.73896934,-80.36656165
135.27,-74.71901555,-80.35843571
135.28,-74.69903448,-80.35027849
135.29,-74.67903413,-80.34208305
135.3,-74.65900645,-80.33385581
135.31,-74.6389592,-80.32559819
135.32,-74.61890489,-80.31730747
135.33,-74.59882558,-80.30898416
135.34,-74.57872642,-80.30062287
135.35,-74.5586068,-80.2922299
135.36,-74.53846712,-80.28380377
135.37,-74.51830331,-80.27533746
135.38,-74.49812687,-80.2668405
135.39,-74.47793091,-80.25830768
135.4,-74.4577073,-80.2497482
135.41,-74.43746636,-80.24114972
135.42,-74.41721313,-80.23251904
135.43,-74.39694055,-80.22384793
135.44,-74.37664955,-80.21514795
135.45,-74.35633168,-80.20641422
135.46,-74.3359971,-80.19764364
135.47,-74.31564904,-80.18884233
135.48,-74.29528363,-80.1800003
135.49,-74.27489939,-80.17112217
135.5,-74.25449745,-80.16221757
135.51,-74.23407534,-80.1532744
135.52,-74.2136431,-80.14429584
135.53,-74.19319196,-80.13528555
135.54,-74.1727228,-80.12624395
135.55,-74.15222828,-80.11716484
135.56,-74.13172321,-80.10805445
135.57,-74.11120028,-80.09890273
135.58,-74.09065799,-80.08972249
135.59,-74.07009952,-80.08051391
135.6,-74.04952173,-80.07126546
135.61,-74.02893452,-80.06197238
135.62,-74.00832825,-80.05264613
135.63,-73.98770618,-80.04328783
135.64,-73.96706602,-80.0338952
135.65,-73.94641524,-80.02446737
135.66,-73.92574553,-80.01500512
135.67,-73.90506024,-80.00550753
135.68,-73.88435041,-79.99597869
135.69,-73.86363836,-79.98641547
135.7,-73.8429064,-79.9768124
135.71,-73.82215881,-79.96718013
135.72,-73.80138786,-79.95750859
135.73,-73.78061291,-79.94780011
135.74,-73.75981427,-79.93805928
135.75,-73.73901288,-79.92827955
135.76,-73.71819328,-79.91846963
135.77,-73.69735101,-79.90862252
135.78,-73.6764941,-79.8987397
135.79,-73.65563243,-79.8888205
135.8,-73.63475347,-79.87886651
135.81,-73.61385168,-79.86888568
135.82,-73.59294093,-79.85886813
135.83,-73.57201255,-79.84881542
135.84,-73.55107646,-79.83872031
135.85,-73.53012223,-79.82859879
135.86,-73.50916038,-79.81844146
135.87,-73.4881741,-79.80824696
135.88,-73.46718648,-79.79802151
135.89,-73.4461829,-79.78775169
135.9,-73.4251695,-79.77744506
135.91,-73.40414122,-79.76710279
135.92,-73.38309676,-79.75672801
135.93,-73.36204285,-79.74631856
135.94,-73.34097948,-79.73587978
135.95,-73.3199016,-79.72540037
135.96,-73.29881442,-79.71488609
135.97,-73.27770514,-79.70433824
135.98,-73.25658774,-79.69375688
135.99,-73.23545983,-79.68314085
136,-73.2143255,-79.67248715
136.01,-73.19316745,-79.66179531
136.02,-73.17200766,-79.65106808
136.03,-73.15083297,-79.64030606
136.04,-73.12965032,-79.62951123
136.05,-73.10845922,-79.61867766
136.06,-73.08724464,-79.60781612
136.07,-73.06602412,-79.59691511
136.08,-73.04479518,-79.58598317
136.09,-73.02354891,-79.57501967
136.1,-73.00229726,-79.56401845
136.11,-72.98103003,-79.55297936
136.12,-72.95975353,-79.54190311
136.13,-72.93846264,-79.53079961
136.14,-72.91717171,-79.51965605
136.15,-72.8958666,-79.50847098
136.16,-72.87455307,-79.4972593
136.17,-72.85323101,-79.48600759
136.18,-72.83190162,-79.47471847
136.19,-72.81055905,-79.46339311
136.2,-72.78920702,-79.45204098
136.21,-72.76784869,-79.44064893
136.22,-72.7464763,-79.42922424
136.23,-72.72510298,-79.41777438
136.24,-72.70371502,-79.40627926
136.25,-72.68231323,-79.39475023
136.26,-72.66090347,-79.38319486
136.27,-72.6394874,-79.37160116
136.28,-72.61806412,-79.35996957
136.29,-72.59664078,-79.34830889
136.3,-72.57520239,-79.33660818
136.31,-72.55375713,-79.32487536
136.32,-72.53230016,-79.31310299
136.33,-72.51084144,-79.30130241
136.34,-72.48936898,-79.28947255
136.35,-72.46788953,-79.2776022
136.36,-72.4464039,-79.26570156
136.37,-72.42491668,-79.25376318
136.38,-72.40341757,-79.24179543
136.39,-72.38191269,-79.2297919
136.4,-72.36040004,-79.21774998
136.41,-72.33887437,-79.20567212
136.42,-72.31734143,-79.19356476
136.43,-72.29580208,-79.18142165
136.44,-72.27426367,-79.1692452
136.45,-72.25271156,-79.15703575
136.46,-72.23116632,-79.14478794
136.47,-72.20960824,-79.13251064
136.48,-72.18805028,-79.1201968
136.49,-72.1664801,-79.10785093
136.5,-72.14490409,-79.0954767
136.51,-72.12332159,-79.08306703
136.52,-72.10173269,-79.07062974
136.53,-72.08014363,-79.05815052
136.54,-72.05854168,-79.04564245
136.55,-72.03694258,-79.03310072
136.56,-72.01533652,-79.02052228
136.57,-71.99372416,-79.00791206
136.58,-71.9721057,-78.99527031
136.59,-71.95048227,-78.98259556
136.6,-71.92885386,-78.96989216
136.61,-71.90721871,-78.95715104
136.62,-71.88558329,-78.94437893
136.63,-71.8639442,-78.93157069
136.64,-71.84229947,-78.9187284
136.65,-71.82064851,-78.90585663
136.66,-71.79899237,-78.89295569
136.67,-71.77733666,-78.88001666
136.68,-71.75567641,-78.86705157
136.69,-71.73400939,-78.85405268
136.7,-71.7123458,-78.84102131
136.71,-71.69067648,-78.82796537
136.72,-71.66900011,-78.81487363
136.73,-71.64732019,-78.80174404
136.74,-71.62564165,-78.7885797
136.75,-71.60395761,-78.77538605
136.76,-71.58227438,-78.76216605
136.77,-71.56058599,-78.74892006
136.78,-71.53888631,-78.73563709
136.79,-71.51719584,-78.72232313
136.8,-71.49550038,-78.70897747
136.81,-71.47379924,-78.69560032
136.82,-71.45209387,-78.6821972
136.83,-71.4303904,-78.66875462
136.84,-71.40868861,-78.65528487
136.85,-71.38698288,-78.6417829
136.86,-71.36527849,-78.62825271
136.87,-71.34356869,-78.6146861
136.88,-71.32186133,-78.60109725
136.89,-71.30014962,-78.58747808
136.9,-71.27843351,-78.57382107
136.91,-71.25671201,-78.56014121
136.92,-71.23499931,-78.54643016
136.93,-71.21328267,-78.53268925
136.94,-71.19156158,-78.5189125
136.95,-71.16984995,-78.50511561
136.96,-71.14812539,-78.49128065
136.97,-71.12640519,-78.47741902
136.98,-71.10468019,-78.46353013
136.99,-71.08296497,-78.44961032
137,-71.06124411,-78.4356584
137.01,-71.03951909,-78.4216775
137.02,-71.01779754,-78.40766968
137.03,-70.99606503,-78.39363026
137.04,-70.97434881,-78.3795641
137.05,-70.95262784,-78.36546463
137.06,-70.93090902,-78.35134037
137.07,-70.90918052,-78.33718897
137.08,-70.88745532,-78.32300498
137.09,-70.86573209,-78.30879556
137.1,-70.84401829,-78.29455495
137.11,-70.82229941,-78.28029102
137.12,-70.8005853,-78.26599733
137.13,-70.77886553,-78.25166986
137.14,-70.75715798,-78.23731729
137.15,-70.73543829,-78.22294083
137.16,-70.71372908,-78.20853645
137.17,-70.69201597,-78.19410288
137.18,-70.6703126,-78.17964253
137.19,-70.64860454,-78.16515315
137.2,-70.62690106,-78.15063969
137.21,-70.60519457,-78.1360967
137.22,-70.58349697,-78.12152768
137.23,-70.56179549,-78.10693025
137.24,-70.54009699,-78.09230918
137.25,-70.51840317,-78.07765665
137.26,-70.49670483,-78.06298291
137.27,-70.47501082,-78.04827853
137.28,-70.45331924,-78.03355316
137.29,-70.43162453,-78.01879674
137.3,-70.40994785,-78.0040175
137.31,-70.38826703,-77.98921036
137.32,-70.36658246,-77.97438197
137.33,-70.34490897,-77.95952679
137.34,-70.3232391,-77.94465031
137.35,-70.30156674,-77.92974527
137.36,-70.27990263,-77.91481011
137.37,-70.25823587,-77.89985714
137.38,-70.23658117,-77.88487643
137.39,-70.21492209,-77.86987142
137.4,-70.19326672,-77.85483468
137.41,-70.1716155,-77.83977643
137.42,-70.14997577,-77.82469685
137.43,-70.12833109,-77.80959448
137.44,-70.10669141,-77.7944691
137.45,-70.08506279,-77.77931969
137.46,-70.0634374,-77.76413868
137.47,-70.0418098,-77.74893958
137.48,-70.0201926,-77.7337127
137.49,-69.99857266,-77.718469
137.5,-69.97696425,-77.703197
137.51,-69.95535149,-77.68790254
137.52,-69.93374408,-77.67258864
137.53,-69.91214738,-77.65725017
137.54,-69.89055416,-77.64188736
137.55,-69.86896524,-77.6265041
137.56,-69.84738083,-77.61110069
137.57,-69.82580697,-77.59567471
137.58,-69.80423099,-77.58022224
137.59,-69.78265918,-77.56474934
137.6,-69.76109873,-77.54925619
137.61,-69.7395418,-77.53373535
137.62,-69.71798837,-77.51819785
137.63,-69.69644045,-77.50263521
137.64,-69.67490381,-77.48705309
137.65,-69.65336543,-77.47144781
137.66,-69.63183039,-77.45582169
137.67,-69.61030655,-77.44017442
137.68,-69.58879431,-77.42450078
137.69,-69.56728597,-77.40881464
137.7,-69.54577594,-77.39310539
137.71,-69.52427749,-77.37737843
137.72,-69.50278352,-77.36162964
137.73,-69.48129334,-77.34585864
137.74,-69.45981562,-77.33006793
137.75,-69.43834849,-77.31425852
137.76,-69.41687961,-77.29842702
137.77,-69.39541607,-77.28257887
137.78,-69.3739553,-77.2667137
137.79,-69.35250779,-77.25082626
137.8,-69.33106493,-77.23492312
137.81,-69.30963349,-77.21899978
137.82,-69.28820611,-77.20306004
137.83,-69.26678394,-77.18709677
137.84,-69.2453669,-77.17112011
137.85,-69.2239606,-77.1551178
137.86,-69.20255943,-77.13909945
137.87,-69.18116318,-77.12306882
137.88,-69.15977881,-77.10701417
137.89,-69.13839246,-77.09094506
137.9,-69.11701876,-77.07485472
137.91,-69.09565554,-77.05875115
137.92,-69.07429802,-77.04262776
137.93,-69.05294509,-77.02648231
137.94,-69.03160486,-77.0103296
137.95,-69.01026202,-76.99415761
137.96,-68.98893832,-76.97796833
137.97,-68.96761914,-76.96175654
137.98,-68.94629933,-76.9455325
137.99,-68.92499819,-76.92929528
138,-68.90370086,-76.91303604
138.01,-68.88240888,-76.89676504
138.02,-68.86112218,-76.88047763
138.03,-68.83984783,-76.86417368
138.04,-68.81858596,-76.84785605
138.05,-68.79732956,-76.83152281
138.06,-68.77608488,-76.81516662
138.07,-68.75484463,-76.7987993
138.08,-68.7336101,-76.78241816
138.09,-68.71238879,-76.76602627
138.1,-68.69117134,-76.74961775
138.11,-68.66996729,-76.73318918
138.12,-68.64876684,-76.71674617
138.13,-68.62758048,-76.70029188
138.14,-68.60639975,-76.68382523
138.15,-68.58522285,-76.66735054
138.16,-68.56405912,-76.65085928
138.17,-68.54290737,-76.63434349
138.18,-68.52176154,-76.61782075
138.19,-68.50062082,-76.60128508
138.2,-68.47949949,-76.58473032
138.21,-68.45837608,-76.56817017
138.22,-68.43726556,-76.55159784
138.23,-68.41616057,-76.53501383
138.24,-68.39506813,-76.51841753
138.25,-68.37398813,-76.50179723
138.26,-68.35291405,-76.48516526
138.27,-68.33185234,-76.46852977
138.28,-68.31079581,-76.45187401
138.29,-68.28974531,-76.43521488
138.3,-68.26870766,-76.41854302
138.31,-68.24768191,-76.40185508
138.32,-68.22666163,-76.38515989
138.33,-68.20565489,-76.36845033
138.34,-68.18465312,-76.35173192
138.35,-68.16366434,-76.33500731
138.36,-68.1426801,-76.31826409
138.37,-68.12171006,-76.30151508
138.38,-68.10074513,-76.28475288
138.39,-68.0797934,-76.26797934
138.4,-68.05884633,-76.25119833
138.41,-68.03791312,-76.23440367
138.42,-68.0169847,-76.21760045
138.43,-67.99606972,-76.20078697
138.44,-67.97516728,-76.18396114
138.45,-67.95427691,-76.16712207
138.46,-67.93339295,-76.1502798
138.47,-67.91251545,-76.1334277
138.48,-67.89165087,-76.11657112
138.49,-67.87079112,-76.09969914
138.5,-67.84993817,-76.08281857
138.51,-67.82910526,-76.06593129
138.52,-67.80827828,-76.04903262
138.53,-67.78746393,-76.03212682
138.54,-67.76665438,-76.01521254
138.55,-67.7458521,-75.99828868
138.56,-67.72506996,-75.9813562
138.57,-67.70429297,-75.96442226
138.58,-67.68352864,-75.94747894
138.59,-67.66277049,-75.93052446
138.6,-67.64201894,-75.91355737
138.61,-67.62128746,-75.89658691
138.62,-67.60056821,-75.87961583
138.63,-67.57985568,-75.86263417
138.64,-67.55914893,-75.84563824
138.65,-67.53844858,-75.82863934
138.66,-67.51776112,-75.81164089
138.67,-67.49708656,-75.79462857
138.68,-67.47641815,-75.77761014
138.69,-67.4557628,-75.76059068
138.7,-67.4351131,-75.74356113
138.71,-67.41448426,-75.72652567
138.72,-67.39385521,-75.70948381
138.73,-67.37323854,-75.6924437
138.74,-67.35263635,-75.67539673
138.75,-67.33204543,-75.65833763
138.76,-67.3114619,-75.64127714
138.77,-67.29088447,-75.62421162
138.78,-67.27032053,-75.60714861
138.79,-67.24976963,-75.59007321
138.8,-67.22922467,-75.57299835
138.81,-67.20869262,-75.55591103
138.82,-67.1881739,-75.5388198
138.83,-67.16766215,-75.52172504
138.84,-67.14715587,-75.50462515
138.85,-67.12666939,-75.48752625
138.86,-67.10618322,-75.4704207
138.87,-67.0857111,-75.45330844
138.88,-67.0652573,-75.4361934
138.89,-67.04480387,-75.41907501
138.9,-67.02435808,-75.401956
138.91,-67.00393149,-75.3848345
138.92,-66.98351161,-75.36771176
138.93,-66.9631052,-75.35058455
138.94,-66.94271178,-75.33344944
138.95,-66.92232517,-75.31631151
138.96,-66.9019449,-75.29917446
138.97,-66.88157747,-75.28202755
138.98,-66.86121676,-75.26488641
138.99,-66.84087737,-75.24774516
139,-66.82054333,-75.23059669
139.01,-66.80021603,-75.21344479
139.02,-66.77990229,-75.19629438
139.03,-66.75959563,-75.17914273
139.04,-66.73930141,-75.16198878
139.05,-66.71901488,-75.14482964
139.06,-66.69874015,-75.12767234
139.07,-66.67847335,-75.11051189
139.08,-66.65821359,-75.09334564
139.09,-66.63796649,-75.07618633
139.1,-66.61772511,-75.0590243
139.11,-66.59749843,-75.04186297
139.12,-66.57728464,-75.02469756
139.13,-66.55708481,-75.00752895
139.14,-66.53689798,-74.99035852
139.15,-66.51671154,-74.9731976
139.16,-66.49653839,-74.95602966
139.17,-66.47637254,-74.93886578
139.18,-66.45622643,-74.92169635
139.19,-66.43608708,-74.90452673
139.2,-66.41595413,-74.88735909
139.21,-66.3958283,-74.87019554
139.22,-66.37571581,-74.8530277
139.23,-66.35560945,-74.83586112
139.24,-66.33551117,-74.81869889
139.25,-66.31543199,-74.80153755
139.26,-66.29536055,-74.78437303
139.27,-66.27529636,-74.76721558
139.28,-66.25523882,-74.75005504
139.29,-66.23519319,-74.73289974
139.3,-66.2151561,-74.71574412
139.31,-66.19513185,-74.69858631
139.32,-66.17510816,-74.68143598
139.33,-66.15510435,-74.6642817
139.34,-66.13510692,-74.64713311
139.35,-66.11512368,-74.62998457
139.36,-66.09514787,-74.61283852
139.37,-66.07518463,-74.59569318
139.38,-66.05522245,-74.57854216
139.39,-66.03527389,-74.56140252
139.4,-66.01533193,-74.54426028
139.41,-65.99540322,-74.52712489
139.42,-65.97547439,-74.50998692
139.43,-65.95555874,-74.49285015
139.44,-65.93565118,-74.47572085
139.45,-65.91575641,-74.45859854
139.46,-65.89586891,-74.4414766
139.47,-65.87599603,-74.42435966
139.48,-65.85612903,-74.40724398
139.49,-65.83626969,-74.39013025
139.5,-65.8164231,-74.37301781
139.51,-65.79658356,-74.35590723
139.52,-65.77674519,-74.33880144
139.53,-65.75691948,-74.32170126
139.54,-65.73710786,-74.30460592
139.55,-65.71730254,-74.28750564
139.56,-65.69750524,-74.27041564
139.57,-65.67771397,-74.25332716
139.58,-65.65793702,-74.2362467
139.59,-65.63816024,-74.2191698
139.6,-65.61839645,-74.20209315
139.61,-65.59864785,-74.18502442
139.62,-65.57889833,-74.16795763
139.63,-65.55916296,-74.15089505
139.64,-65.53943342,-74.1338449
139.65,-65.51971238,-74.11679691
139.66,-65.49999789,-74.09974444
139.67,-65.48028943,-74.08269373
139.68,-65.46059559,-74.06566228
139.69,-65.44090113,-74.04863062
139.7,-65.42121423,-74.031603
139.71,-65.40153471,-74.0145853
139.72,-65.381862,-73.99757048
139.73,-65.36220203,-73.98055747
139.74,-65.34254993,-73.96355146
139.75,-65.32291174,-73.94655255
139.76,-65.30327345,-73.92955227
139.77,-65.2836424,-73.91256363
139.78,-65.26401842,-73.89557463
139.79,-65.24440096,-73.8785899
139.8,-65.22479139,-73.86161456
139.81,-65.20518799,-73.84464242
139.82,-65.18559857,-73.82767706
139.83,-65.16600962,-73.81072071
139.84,-65.14642741,-73.79376492
139.85,-65.12685237,-73.77681717
139.86,-65.10728382,-73.75988008
139.87,-65.08772936,-73.74294305
139.88,-65.068175,-73.72601508
139.89,-65.04863469,-73.70909116
139.9,-65.02909497,-73.69217943
139.91,-65.00955557,-73.67526964
139.92,-64.99002902,-73.65836945
139.93,-64.97051005,-73.64147226
139.94,-64.95099852,-73.62459145
139.95,-64.93148689,-73.6077063
139.96,-64.91198843,-73.59083083
139.97,-64.89249694,-73.57395913
139.98,-64.87300692,-73.55710473
139.99,-64.85352368,-73.54024727
140,-64.83404652,-73.52339976
140.01,-64.81456988,-73.50656157
140.02,-64.79509413,-73.48973232
140.03,-64.77563231,-73.47291027
140.04,-64.75617673,-73.45609198
140.05,-64.73672851,-73.43928206
140.06,-64.71728108,-73.42248457
140.07,-64.69783314,-73.40568601
140.08,-64.67839261,-73.38889472
140.09,-64.65896472,-73.37210948
140.1,-64.63953144,-73.35533353
140.11,-64.62011164,-73.33856141
140.12,-64.6006985,-73.3218031
140.13,-64.58128044,-73.30505406
140.14,-64.56187476,-73.28831092
140.15,-64.54246959,-73.27157605
140.16,-64.52307181,-73.25483964
140.17,-64.50366799,-73.23811758
140.18,-64.48427611,-73.22140157
140.19,-64.4648855,-73.20469122
140.2,-64.44549527,-73.18799174
140.21,-64.42611095,-73.17129797
140.22,-64.40672846,-73.15461516
140.23,-64.38735242,-73.13794311
140.24,-64.36798217,-73.12127764
140.25,-64.34860654,-73.10461827
140.26,-64.32923735,-73.08796579
140.27,-64.30987575,-73.07132124
140.28,-64.29050683,-73.05468663
140.29,-64.27115136,-73.03806118
140.3,-64.2517904,-73.02144413
140.31,-64.23243634,-73.00483248
140.32,-64.21308911,-72.98823197
140.33,-64.19374226,-72.97164495
140.34,-64.17439443,-72.9550576
140.35,-64.15504858,-72.93848082
140.36,-64.13570903,-72.92191233
140.37,-64.11636919,-72.90535166
140.38,-64.09703051,-72.88880585
140.39,-64.07769752,-72.87226318
140.4,-64.05835848,-72.85572706
140.41,-64.03902019,-72.83920179
140.42,-64.01968796,-72.82268184
140.43,-64.00035565,-72.80617709
140.44,-63.98101796,-72.78967438
140.45,-63.96168648,-72.77318718
140.46,-63.94235528,-72.75670777
140.47,-63.92303024,-72.74023212
140.48,-63.90369911,-72.7237659
140.49,-63.88436837,-72.70730695
140.5,-63.86504487,-72.69086083
140.51,-63.84571425,-72.6744191
140.52,-63.82638376,-72.65798748
140.53,-63.80705342,-72.64156888
140.54,-63.78772282,-72.62515872
140.55,-63.76838611,-72.60875067
140.56,-63.74905004,-72.59235714
140.57,-63.72971978,-72.5759737
140.58,-63.71038304,-72.55959124
140.59,-63.69104618,-72.54322555
140.6,-63.67171016,-72.52686529
140.61,-63.65236748,-72.51051791
140.62,-63.63302483,-72.49417614
140.63,-63.61368085,-72.47784217
140.64,-63.59433869,-72.46151642
140.65,-63.57499501,-72.44519838
140.66,-63.55563878,-72.42889127
140.67,-63.53628314,-72.41259063
140.68,-63.51693401,-72.39630362
140.69,-63.49757734,-72.38002037
140.7,-63.4782212,-72.36375168
140.71,-63.45885853,-72.34748955
140.72,-63.43949588,-72.33123581
140.73,-63.42012554,-72.31498716
140.74,-63.40074863,-72.29874976
140.75,-63.38136509,-72.2825224
140.76,-63.36197569,-72.2663064
140.77,-63.34258538,-72.25009618
140.78,-63.32319505,-72.23389399
140.79,-63.30379194,-72.21770164
140.8,-63.28438864,-72.20152345
140.81,-63.26498468,-72.18534824
140.82,-63.24557328,-72.16917963
140.83,-63.22615588,-72.15302449
140.84,-63.20672493,-72.13687741
140.85,-63.18729392,-72.12073566
140.86,-63.16785626,-72.10460078
140.87,-63.14841109,-72.08847774
140.88,-63.12895938,-72.07236364
140.89,-63.10949291,-72.05626376
140.9,-63.09002743,-72.04017051
140.91,-63.07055504,-72.02408215
140.92,-63.05107539,-72.00800696
140.93,-63.03158826,-71.99192854
140.94,-63.01210084,-71.97586722
140.95,-62.99260064,-71.95980661
140.96,-62.97309326,-71.94375977
140.97,-62.95357225,-71.92772231
140.98,-62.9340443,-71.91168847
140.99,-62.91450245,-71.89566783
141,-62.8949605,-71.8796607
141.01,-62.87541096,-71.86365712
141.02,-62.85584835,-71.84766475
141.03,-62.83627141,-71.83167754
141.04,-62.81669444,-71.81570434
141.05,-62.7970966,-71.79973312
141.06,-62.77749288,-71.78376965
141.07,-62.75787495,-71.76781043
141.08,-62.73824278,-71.75185788
141.09,-62.71860241,-71.7359199
141.1,-62.69894916,-71.71998523
141.11,-62.6792887,-71.70406692
141.12,-62.65961375,-71.68815994
141.13,-62.63992572,-71.67225052
141.14,-62.62023019,-71.65635542
141.15,-62.60052074,-71.64045868
141.16,-62.58079749,-71.62457773
141.17,-62.56105946,-71.60869978
141.18,-62.54130756,-71.59283434
141.19,-62.5215431,-71.57697955
141.2,-62.50176381,-71.56112408
141.21,-62.48197015,-71.54527661
141.22,-62.46215642,-71.52943998
141.23,-62.44232765,-71.51361211
141.24,-62.42248479,-71.49779342
141.25,-62.40262846,-71.48197389
141.26,-62.38275736,-71.46616781
141.27,-62.36286575,-71.45036836
141.28,-62.3429598,-71.43457355
141.29,-62.3230399,-71.41878949
141.3,-62.30309852,-71.40301455
141.31,-62.28313691,-71.38723635
141.32,-62.26316132,-71.37147695
141.33,-62.24316438,-71.3557105
141.34,-62.22314608,-71.33995857
141.35,-62.20311417,-71.32421753
141.36,-62.18306049,-71.30847757
141.37,-62.16299309,-71.2927509
141.38,-62.14289728,-71.27702019
141.39,-62.12278776,-71.2612997
141.4,-62.10265738,-71.24558917
141.41,-62.0824983,-71.22988274
141.42,-62.06232555,-71.21418093
141.43,-62.04213124,-71.19848831
141.44,-62.02191542,-71.18279478
141.45,-62.00167171,-71.16711265
141.46,-61.98140671,-71.15143235
141.47,-61.96112076,-71.135765
141.48,-61.94080644,-71.12010568
141.49,-61.92047096,-71.10444485
141.5,-61.9001076,-71.08878964
141.51,-61.87972338,-71.07314069
141.52,-61.85931058,-71.05749307
141.53,-61.83886985,-71.0418545
141.54,-61.81840757,-71.02621884
141.55,-61.79791303,-71.01059462
141.56,-61.77739744,-70.994973
141.57,-61.75685113,-70.97935152
141.58,-61.73627643,-70.9637372
141.59,-61.71567638,-70.9481325
141.6,-61.69504428,-70.93252812
141.61,-61.67438362,-70.91692947
141.62,-61.65369481,-70.9013273
141.63,-61.63297212,-70.8857333
141.64,-61.61221962,-70.87015038
141.65,-61.59143266,-70.85457351
141.66,-61.57062018,-70.8389967
141.67,-61.54977265,-70.82342671
141.68,-61.52888968,-70.80785692
141.69,-61.50797824,-70.7922962
141.7,-61.48702897,-70.7767332
141.71,-61.46605386,-70.76117428
141.72,-61.44503645,-70.74562123
141.73,-61.42398689,-70.73006929
141.74,-61.40289578,-70.71451875
141.75,-61.38176807,-70.69897634
141.76,-61.36060549,-70.68343359
141.77,-61.33940735,-70.66789536
141.78,-61.31816989,-70.65236262
141.79,-61.2968904,-70.63683201
141.8,-61.27557523,-70.6212997
141.81,-61.25421446,-70.6057648
141.82,-61.23281407,-70.59024266
141.83,-61.21137187,-70.57471384
141.84,-61.18989398,-70.55919679
141.85,-61.16836686,-70.54367217
141.86,-61.14679985,-70.52814787
141.87,-61.12518687,-70.51262964
141.88,-61.10352528,-70.49711238
141.89,-61.08182304,-70.48159361
141.9,-61.06007597,-70.46607654
141.91,-61.03828259,-70.45056065
141.92,-61.01644265,-70.43504569
141.93,-60.99455672,-70.41953118
141.94,-60.97262141,-70.4040139
141.95,-60.95063304,-70.38850226
141.96,-60.92859881,-70.3729857
141.97,-60.90651039,-70.35746599
141.98,-60.88436923,-70.34195206
141.99,-60.86217087,-70.32643628
142,-60.83992698,-70.31091778
142.01,-60.81762535,-70.29540444
142.02,-60.79526818,-70.27988631
142.03,-60.77286063,-70.26436775
142.04,-60.75039207,-70.24885247
142.05,-60.72786155,-70.23332316
142.06,-60.70527532,-70.21780302
142.07,-60.68262684,-70.20227844
142.08,-60.65992118,-70.18674667
142.09,-60.63715725,-70.17121979
142.1,-60.61432696,-70.15569421
142.11,-60.59142994,-70.14015953
142.12,-60.56846951,-70.12462315
142.13,-60.54544965,-70.1090858
142.14,-60.52236052,-70.09353665
142.15,-60.49920369,-70.07798792
142.16,-60.47597939,-70.06243382
142.17,-60.45268714,-70.04688096
142.18,-60.4293272,-70.0313205
142.19,-60.40589602,-70.01575729
142.2,-60.38238718,-70.00019195
142.21,-60.35880983,-69.98462265
142.22,-60.33515517,-69.96904277
142.23,-60.31142282,-69.953459
142.24,-60.2876114,-69.93786587
142.25,-60.2637285,-69.92226978
142.26,-60.23976132,-69.90667078
142.27,-60.21571952,-69.8910673
142.28,-60.19159519,-69.87545301
142.29,-60.16738538,-69.85983322
142.3,-60.14309417,-69.84420352
142.31,-60.1187169,-69.82856584
142.32,-60.09425041,-69.81292066
142.33,-60.06969577,-69.79726662
142.34,-60.04505263,-69.7816078
142.35,-60.02031741,-69.76593818
142.36,-59.99548234,-69.75026777
142.37,-59.9705543,-69.73458284
142.38,-59.94553075,-69.71888333
142.39,-59.92041116,-69.7031796
142.4,-59.89519443,-69.68746393
142.41,-59.86987535,-69.6717422
142.42,-59.84445245,-69.65600507
142.43,-59.81892979,-69.64026633
142.44,-59.79330162,-69.62450418
142.45,-59.76756639,-69.6087376
142.46,-59.74172691,-69.59295686
142.47,-59.71577788,-69.57716301
142.48,-59.68971482,-69.56135961
142.49,-59.66353753,-69.54553909
142.5,-59.63724284,-69.52970239
142.51,-59.6108311,-69.51386007
142.52,-59.58430493,-69.49799902
142.53,-59.55765735,-69.48212864
142.54,-59.53088593,-69.46624006
142.55,-59.5039866,-69.45033499
142.56,-59.47695942,-69.43441182
142.57,-59.44980699,-69.41847734
142.58,-59.42252011,-69.40252536
142.59,-59.39509719,-69.38655442
142.6,-59.36753988,-69.37056977
142.61,-59.33984972,-69.35456598
142.62,-59.31201421,-69.33854357
142.63,-59.28403657,-69.32250477
142.64,-59.25590931,-69.30644927
142.65,-59.22763932,-69.29037636
142.66,-59.19921707,-69.27428414
142.67,-59.17064402,-69.2581678
142.68,-59.14191871,-69.24203018
142.69,-59.11303033,-69.22587274
142.7,-59.08398141,-69.20969404
142.71,-59.05476539,-69.19348654
142.72,-59.02539141,-69.17726833
142.73,-58.99584333,-69.16102212
142.74,-58.96612449,-69.14474549
142.75,-58.9362282,-69.12845298
142.76,-58.9061543,-69.11212939
142.77,-58.87589813,-69.09578234
142.78,-58.84546042,-69.07941183
142.79,-58.81483496,-69.06301853
142.8,-58.78401363,-69.0465922
142.81,-58.75299899,-69.03013902
142.82,-58.72178586,-69.01365638
142.83,-58.69036704,-68.99714761
142.84,-58.65874429,-68.98060847
142.85,-58.62691603,-68.96404412
142.86,-58.59487315,-68.94743989
142.87,-58.56261083,-68.93080902
142.88,-58.53012805,-68.91414882
142.89,-58.49742108,-68.89745807
142.9,-58.46448252,-68.88072762
142.91,-58.43131516,-68.86396849
142.92,-58.39790958,-68.84717246
142.93,-58.36425255,-68.83034142
142.94,-58.33035007,-68.81347542
142.95,-58.29619775,-68.79656881
142.96,-58.26178895,-68.77962484
142.97,-58.22711828,-68.76264352
142.98,-58.19217998,-68.74562187
142.99,-58.15696854,-68.72855594
143,-58.12148207,-68.71145827
143.01,-58.08571276,-68.69431609
143.02,-58.04965439,-68.67712814
143.03,-58.01330088,-68.65990448
143.04,-57.97665157,-68.64262694
143.05,-57.93969401,-68.62530456
143.06,-57.90242352,-68.60793709
143.07,-57.86483655,-68.59052677
143.08,-57.82692536,-68.57306998
143.09,-57.78868765,-68.55556071
143.1,-57.75010888,-68.53800563
143.11,-57.71118536,-68.52039442
143.12,-57.67191016,-68.50273799
143.13,-57.63227567,-68.48502431
143.14,-57.59227153,-68.4672515
143.15,-57.55190091,-68.44942419
143.16,-57.51114051,-68.43154371
143.17,-57.46998912,-68.4136032
143.18,-57.42844631,-68.39560506
143.19,-57.38649227,-68.37754864
143.2,-57.34412239,-68.35942579
143.21,-57.30132664,-68.341242
143.22,-57.25810067,-68.32299155
143.23,-57.21442454,-68.30468011
143.24,-57.17029398,-68.28630179
143.25,-57.1257015,-68.26785837
143.26,-57.08064044,-68.24934128
143.27,-57.03509568,-68.23076014
143.28,-56.9890514,-68.21210353
143.29,-56.94250361,-68.19337515
143.3,-56.895437,-68.17457278
143.31,-56.8478389,-68.15569091
143.32,-56.79970143,-68.13672636
143.33,-56.75100702,-68.11768572
143.34,-56.70173905,-68.09856822
143.35,-56.65189468,-68.07936293
143.36,-56.6014552,-68.0600711
143.37,-56.55040307,-68.04069575
143.38,-56.49873012,-68.02123273
143.39,-56.44641353,-68.00167544
143.4,-56.39344768,-67.98202357
143.41,-56.33981138,-67.96228459
143.42,-56.28548798,-67.94244714
143.43,-56.23045922,-67.92250929
143.44,-56.17471175,-67.90246731
143.45,-56.11822105,-67.88232743
143.46,-56.06097519,-67.86207748
143.47,-56.0029483,-67.84172527
143.48,-55.94412855,-67.8212594
143.49,-55.884494,-67.80068004
143.5,-55.82402065,-67.77998532
143.51,-55.76268098,-67.75917493
143.52,-55.700461,-67.73824793
143.53,-55.63733786,-67.71719651
143.54,-55.57328244,-67.69601909
143.55,-55.50826574,-67.67471855
143.56,-55.44227583,-67.65328528
143.57,-55.37527588,-67.63171681
143.58,-55.30723499,-67.61001279
143.59,-55.23813281,-67.58816697
143.6,-55.16793961,-67.56618107
143.61,-55.09662084,-67.5440472
143.62,-55.02414965,-67.52177071
143.63,-54.95048723,-67.49933911
143.64,-54.87559735,-67.47674986
143.65,-54.79945348,-67.4540034
143.66,-54.72201327,-67.43108706
143.67,-54.64324303,-67.40800347
143.68,-54.56309919,-67.38474842
143.69,-54.48154164,-67.36132121
143.7,-54.39852632,-67.33771503
143.71,-54.31401391,-67.31391949
143.72,-54.22796155,-67.28993385
143.73,-54.1403163,-67.26576006
143.74,-54.05102381,-67.24138371
143.75,-53.96004297,-67.21680595
143.76,-53.86731786,-67.19202243
143.77,-53.77279501,-67.16703138
143.78,-53.67641372,-67.14181822
143.79,-53.57810875,-67.11637626
143.8,-53.4778254,-67.09070924
143.81,-53.37549626,-67.0648104
143.82,-53.27105474,-67.03866108
143.83,-53.16443066,-67.0122758
143.84,-53.05554818,-66.9856277
143.85,-52.94433171,-66.95872384
143.86,-52.83070581,-66.93155408
143.87,-52.71458826,-66.90411306
143.88,-52.59588799,-66.87638359
143.89,-52.47451118,-66.84837121
143.9,-52.35036487,-66.82006187
143.91,-52.2233575,-66.79144301
143.92,-52.09337881,-66.76251172
143.93,-51.96032289,-66.73326216
143.94,-51.82408289,-66.70368371
143.95,-51.68453088,-66.67376283
143.96,-51.54155373,-66.64349923
143.97,-51.39501644,-66.61287029
143.98,-51.2447938,-66.58187074
143.99,-51.09073633,-66.55048813
144,-50.93269176,-66.51872602
144.01,-50.77050901,-66.48655614
144.02,-50.60402974,-66.45397469
144.03,-50.43308647,-66.42096527
144.04,-50.2574972,-66.38751692
144.05,-50.07706985,-66.35361617
144.06,-49.89161364,-66.31925656
144.07,-49.70091996,-66.28441142
144.08,-49.50477588,-66.24907677
144.09,-49.30295337,-66.21322969
144.1,-49.09521371,-66.1768587
144.11,-48.88130755,-66.13994822
144.12,-48.66096879,-66.10247725
144.13,-48.43391992,-66.06441951
144.14,-48.19987681,-66.02576416
144.15,-47.95852949,-65.9865014
144.16,-47.70955743,-65.94660021
144.17,-47.45261622,-65.9060383
144.18,-47.18735635,-65.86479474
144.19,-46.91339864,-65.82284895
144.2,-46.6303531,-65.78017553
144.21,-46.33779923,-65.73675226
144.22,-46.03530937,-65.69255029
144.23,-45.72241961,-65.64753836
144.24,-45.39865051,-65.60169075
144.25,-45.06349087,-65.55498511
144.26,-44.71640944,-65.50737571
144.27,-44.35683871,-65.45883924
144.28,-43.98419677,-65.40933534
144.29,-43.59786261,-65.35882629
144.3,-43.19718619,-65.30728058
144.31,-42.78148252,-65.25466124
144.32,-42.35004669,-65.20091303
144.33,-41.90212678,-65.14600351
144.34,-41.4369427,-65.08988522
144.35,-40.95367652,-65.03250378
144.36,-40.45147982,-64.97380825
144.37,-39.9294602,-64.91374587
144.38,-39.38670477,-64.85226178
144.39,-38.8222619,-64.78929876
144.4,-38.23514224,-64.72479055
144.41,-37.62432885,-64.65867106
144.42,-36.98878631,-64.59086303
144.43,-36.32744743,-64.52130309
144.44,-35.63922709,-64.4499138
144.45,-34.92303217,-64.37660344
144.46,-34.17776698,-64.30128195
144.47,-33.4023321,-64.22386741
144.48,-32.59564945,-64.14425735
144.49,-31.75666789,-64.06234538
144.5,-30.88437876,-63.97802734
144.51,-29.97783354,-63.89117386
144.52,-29.03616556,-63.80167546
144.53,-28.05861541,-63.70940099
144.54,-27.04454897,-63.61420209
144.55,-25.99349559,-63.51593809
144.56,-24.90516881,-63.41444369
144.57,-23.7795114,-63.30955906
144.58,-22.6167265,-63.20110422
144.59,-21.41731286,-63.08889467
144.6,-20.18210865,-62.97271552
144.61,-18.91233237,-62.85236501
144.62,-17.60960665,-62.72761525
144.63,-16.2760048,-62.59821412
144.64,-14.91407185,-62.46390788
144.65,-13.52684486,-62.3244297
144.66,-12.11786206,-62.17947617
144.67,-10.69116286,-62.02873557
144.68,-9.251267896,-61.87188237
144.69,-7.803149884,-61.70855816
144.7,-6.352189129,-61.5383846
144.71,-4.904102955,-61.36095838
144.72,-3.464867936,-61.17585431
144.73,-2.040629014,-60.98260512
144.74,-0.6375952533,-60.78073296
144.75,0.7380693743,-60.56971996
144.76,2.080352699,-60.34901035
144.77,3.383518169,-60.11802132
144.78,4.642197849,-59.87613124
144.79,5.851487505,-59.62267164
144.8,7.007023164,-59.35693769
144.81,8.105041858,-59.0781819
144.82,9.142420959,-58.78560206
144.83,10.11669628,-58.47835409
144.84,11.02607213,-58.15553649
144.85,11.86938786,-57.81618386
144.86,12.64610662,-57.45928818
144.87,13.35626083,-57.0837575
144.88,14.00040129,-56.68844038
144.89,14.57952657,-56.27211875
144.9,15.09503745,-55.8334864
144.91,15.54865474,-55.37115908
144.92,15.94237009,-54.88365948
144.93,16.27838199,-54.36941958
144.94,16.55904242,-53.82675723
144.95,16.786803,-53.25389599
144.96,16.96418027,-52.64893076
144.97,17.09370369,-52.00982541
144.98,17.17789952,-51.33440725
144.99,17.21925734,-50.6203688
145,17.22021278,-49.86522884
145.01,17.18312834,-49.06634212
145.02,17.1102807,-48.22087737
145.03,17.00385962,-47.32581359
145.04,16.86595963,-46.37791549
145.05,16.69856558,-45.373744
145.06,16.50356996,-44.30961389
145.07,16.2827647,-43.18161125
145.08,16.03784268,-41.98558575
145.09,15.77040103,-40.7171379
145.1,15.48194177,-39.37163721
145.11,15.17388445,-37.94424141
145.12,14.84756636,-36.42992696
145.13,14.50423171,-34.82352129
145.14,14.14505834,-33.1198085
145.15,13.77115246,-31.31361123
145.16,13.38354928,-29.39994926
145.17,12.98322456,-27.37423361
145.18,12.57109345,-25.23252471
145.19,12.14801407,-22.97186593
145.2,11.71479476,-20.59067393
145.21,11.27219954,-18.08923944
145.22,10.8209366,-15.47026437
145.23,10.36167367,-12.73946399
145.24,9.895042154,-9.906165707
145.25,9.421635207,-6.98385274
145.26,8.942010806,-3.990562602
145.27,8.456691015,-0.9490399742
145.28,7.966169089,2.113443664
145.29,7.470907069,5.165699783
145.3,6.971341931,8.173684829
145.31,6.467888024,11.10199019
145.32,5.960929362,13.91565644
145.33,5.450828449,16.58213008
145.34,4.937929871,19.07313462
145.35,4.42255426,21.36621956
145.36,3.905010446,23.44581831
145.37,3.38557801,25.30368629
145.38,2.864529792,26.93870459
145.39,2.34211655,28.35614107
145.4,1.818579117,29.56651504
145.41,1.294146277,30.58425379
145.42,0.7690258275,31.42630339
145.43,0.2434191578,32.11085704
145.44,-0.2824894531,32.65626759
145.45,-0.8085164523,33.08022772
145.46,-1.334497364,33.39919085
145.47,-1.860283999,33.62801426
145.48,-2.385721732,33.77981894
145.49,-2.910675431,33.86596183
145.5,-3.435015509,33.89612061
145.51,-3.958617115,33.87843958
145.52,-4.481367986,33.8197139
145.53,-5.003162047,33.72556251
145.54,-5.523895779,33.60061715
145.55,-6.043478633,33.44866863
145.56,-6.561823744,33.272841
145.57,-7.078851967,33.07568952
145.58,-7.594488607,32.85932974
145.59,-8.108660673,32.62550454
145.6,-8.621302472,32.37566943
145.61,-9.13235961,32.11105169
145.62,-9.641770924,31.8326856
145.63,-10.14949294,31.54146383
145.64,-10.65547403,31.23815463
145.65,-11.15966887,30.92343815
145.66,-11.66204027,30.59790993
145.67,-12.16255952,30.26210957
145.68,-12.66119105,29.91651825
145.69,-13.15790353,29.56158756
145.7,-13.65267559,29.19772714
145.71,-14.14548206,28.82531698
145.72,-14.63630002,28.44471958
145.73,-15.12511255,28.05627417
145.74,-15.61191344,27.66030995
145.75,-16.09668112,27.25713368
145.76,-16.57940997,26.84703619
145.77,-17.06009009,26.43030891
145.78,-17.53871704,26.0072206
145.79,-18.01528856,25.57804362
145.8,-18.48980474,25.14303051
145.81,-18.96225867,24.70243641
145.82,-19.43265183,24.25649795
145.83,-19.90099385,23.80545869
145.84,-20.3672807,23.34954219
145.85,-20.83152047,22.88897496
145.86,-21.29372804,22.42398082
145.87,-21.75391479,21.95476803
145.88,-22.21209121,21.48154477
145.89,-22.66827208,21.00451695
145.9,-23.12247338,20.52387776
145.91,-23.57470243,20.03982289
145.92,-24.0249836,19.5525371
145.93,-24.47333709,19.06220432
145.94,-24.91977829,18.56900161
145.95,-25.3643351,18.07310174
145.96,-25.80702549,17.57467222
145.97,-26.24787366,17.07387656
145.98,-26.68690793,16.57087836
145.99,-27.12416571,16.06582394
146,-27.55966991,15.55886669
146.01,-27.99345732,15.05015247
146.02,-28.42555758,14.53981701
146.03,-28.85601064,14.0280051
146.04,-29.28484391,13.51484648
146.05,-29.7120973,13.00046783
146.06,-30.1378161,12.48499443
146.07,-30.5620438,11.96854341
146.08,-30.98481497,11.45122843
146.09,-31.40617909,10.93316538
146.1,-31.82618333,10.41446516
146.11,-32.24487774,9.895235273
146.12,-32.6623093,9.375564556
146.13,-33.07853883,8.855552895
146.14,-33.49361598,8.33529524
146.15,-33.90759913,7.81488292
146.16,-34.32054935,7.294401745
146.17,-34.73251683,6.773928871
146.18,-35.14357944,6.253547446
146.19,-35.55379258,5.733326376
146.2,-35.96322078,5.213348005
146.21,-36.37193287,4.693674176
146.22,-36.7800018,4.174376527
146.23,-37.1875003,3.65551221
146.24,-37.59450066,3.137145368
146.25,-38.00107709,2.619329419
146.26,-38.40730232,2.102122042
146.27,-38.81325998,1.585571688
146.28,-39.21902762,1.069732592
146.29,-39.62469023,0.5546468148
146.3,-40.03032817,0.04036250806
146.31,-40.43602072,-0.4730899506
146.32,-40.84185994,-0.9856637163
146.33,-41.24793252,-1.497322941
146.34,-41.65432721,-2.00803627
146.35,-42.0611289,-2.517767915
146.36,-42.46842463,-3.026492373
146.37,-42.87631423,-3.534172459
146.38,-43.28488281,-4.04079251
146.39,-43.69421344,-4.546328314
146.4,-44.10440067,-5.050760138
146.41,-44.51553063,-5.554061355
146.42,-44.92769317,-6.056221053
146.43,-45.34097393,-6.55721572
146.44,-45.755461,-7.057043331
146.45,-46.17122828,-7.555680773
146.46,-46.58836279,-8.053116634
146.47,-47.00693826,-8.549344799
146.48,-47.42703942,-9.044359198
146.49,-47.84872897,-9.538152683
146.5,-48.27207979,-10.03071978
146.51,-48.69714601,-10.52206375
146.52,-49.12398873,-11.01217624
146.53,-49.55265552,-11.50106283
146.54,-49.98320079,-11.98871689
146.55,-50.41564997,-12.47514623
146.56,-50.85003124,-12.96035626
146.57,-51.28636889,-13.44435026
146.58,-51.72467311,-13.92713241
146.59,-52.16493594,-14.40871576
146.6,-52.6071494,-14.88910992
146.61,-53.05129122,-15.36832546
146.62,-53.49732249,-15.84637449
146.63,-53.94519166,-16.32327592
146.64,-54.39483486,-16.79903926
146.65,-54.84616743,-17.27368363
146.66,-55.29908571,-17.74722998
146.67,-55.75348187,-18.21970035
146.68,-56.20922413,-18.69110721
146.69,-56.66615287,-19.1614737
146.7,-57.12409901,-19.63082349
146.71,-57.58286647,-20.09919367
146.72,-58.04224587,-20.56660726
146.73,-58.50200485,-21.03309771
146.74,-58.9618889,-21.49870063
146.75,-59.42162865,-21.96344812
146.76,-59.88092192,-22.42737145
146.77,-60.33945979,-22.89050882
146.78,-60.79691394,-23.35291
146.79,-61.25292687,-23.81461703
146.8,-61.70713775,-24.27567382
146.81,-62.15916805,-24.73612673
146.82,-62.60860867,-25.19602763
146.83,-63.05506047,-25.65543644
146.84,-63.49810723,-26.11440827
146.85,-63.93732119,-26.57301063
146.86,-64.37227157,-27.03130145
146.87,-64.80252625,-27.48935291
146.88,-65.22766201,-27.9472331
146.89,-65.64725424,-28.40501617
146.9,-66.06087773,-28.86278469
146.91,-66.46813468,-29.32062306
146.92,-66.86862882,-29.778619
146.93,-67.2619831,-30.23686731
146.94,-67.64785082,-30.69547455
146.95,-68.02589621,-31.15454181
146.96,-68.39579347,-31.61417234
146.97,-68.75727999,-32.07449204
146.98,-69.11010171,-32.53561543
146.99,-69.45402999,-32.99767286
147,-69.78888455,-33.46079366
147.01,-70.11451218,-33.92512378
147.02,-70.43077916,-34.39081577
147.03,-70.73759796,-34.85801959
147.04,-71.0349154,-35.32689787
147.05,-71.32269978,-35.79762593
147.06,-71.60096412,-36.27037584
147.07,-71.86973839,-36.74534368
147.08,-72.12909265,-37.22271693
147.09,-72.3791132,-37.70270004
147.1,-72.61990917,-38.1855071
147.11,-72.85162673,-38.67135697
147.12,-73.07442896,-39.16047757
147.13,-73.28847866,-39.65310668
147.14,-73.49397918,-40.14949742
147.15,-73.69112837,-40.64990377
147.16,-73.88014088,-41.15458442
147.17,-74.0612467,-41.66382666
147.18,-74.23466961,-42.17790517
147.19,-74.40065361,-42.69711214
147.2,-74.55943987,-43.22174324
147.21,-74.71126808,-43.75210665
147.22,-74.85638459,-44.28850695
147.23,-74.9950301,-44.831261
147.24,-75.12744148,-45.38068277
147.25,-75.25386274,-45.93709475
147.26,-75.3745181,-46.50081556
147.27,-75.4896485,-47.07216708
147.28,-75.59946789,-47.65146011
147.29,-75.70419899,-48.23900909
147.3,-75.80405049,-48.83510928
147.31,-75.89922518,-49.44004514
147.32,-75.98991919,-50.05408978
147.33,-76.07632507,-50.6774833
147.34,-76.15863603,-51.31044776
147.35,-76.23701986,-51.95316616
147.36,-76.31165076,-52.60579199
147.37,-76.38268171,-53.26842826
147.38,-76.45028309,-53.94112329
147.39,-76.5145917,-54.62386778
147.4,-76.57575898,-55.31658185
147.41,-76.63391762,-56.01910615
147.42,-76.68919542,-56.73119399
147.43,-76.74172632,-57.45250904
147.44,-76.7916211,-58.18259607
147.45,-76.83899632,-58.92089685
147.46,-76.88394922,-59.66672717
147.47,-76.92659312,-60.41925455
147.48,-76.96702913,-61.17752029
147.49,-77.00533621,-61.94043278
147.5,-77.04161031,-62.70672336
147.51,-77.0759358,-63.47501131
147.52,-77.10839013,-64.24373562
147.53,-77.13904971,-65.01121355
147.54,-77.16799825,-65.77564596
147.55,-77.19529205,-66.5351035
147.56,-77.22100576,-67.28755232
147.57,-77.24520046,-68.03091192
147.58,-77.26792118,-68.76304283
147.59,-77.2892474,-69.48179504
147.6,-77.30922622,-70.18505648
147.61,-77.32790057,-70.87074684
147.62,-77.34532192,-71.5369068
147.63,-77.36153831,-72.18170665
147.64,-77.37660446,-72.80347929
147.65,-77.39055029,-73.40075637
147.66,-77.40341703,-73.97230913
147.67,-77.41524928,-74.51714038
147.68,-77.4260801,-75.03452616
147.69,-77.43594439,-75.52398648
147.7,-77.44487245,-75.98532548
147.71,-77.45289786,-76.41858712
147.72,-77.4600427,-76.82406165
147.73,-77.46634299,-77.20224834
147.74,-77.4718353,-77.55384895
147.75,-77.47653093,-77.87973983
147.76,-77.48046071,-78.18091775
147.77,-77.48364354,-78.4584992
147.78,-77.48611699,-78.71368596
147.79,-77.48789449,-78.9477139
147.8,-77.48898446,-79.16186656
147.81,-77.48941587,-79.35743834
147.82,-77.48921685,-79.53569461
147.83,-77.48840103,-79.69789622
147.84,-77.48699071,-79.8452587
147.85,-77.48499885,-79.97893798
147.86,-77.48244431,-80.10004799
147.87,-77.47934433,-80.20963902
147.88,-77.4757154,-80.3086969
147.89,-77.47156608,-80.39813465
147.9,-77.46692934,-80.4788169
147.91,-77.46180209,-80.55152358
147.92,-77.45620236,-80.61699384
147.93,-77.45014947,-80.67590177
147.94,-77.44366197,-80.72885581
147.95,-77.43674722,-80.77642011
147.96,-77.42941438,-80.81909608
147.97,-77.42169146,-80.85735946
147.98,-77.4135869,-80.89162205
147.99,-77.40510575,-80.92227475
148,-77.39626029,-80.94966482
148.01,-77.38706831,-80.97410059
148.02,-77.37754547,-80.99587264
148.03,-77.36770495,-81.01523954
148.04,-77.35754891,-81.03241577
148.05,-77.34709325,-81.04762669
148.06,-77.33634839,-81.06105283
148.07,-77.32533212,-81.07286073
148.08,-77.3140374,-81.08320674
148.09,-77.30249194,-81.09223504
148.1,-77.2907034,-81.10006064
148.11,-77.27867093,-81.10679652
148.12,-77.26641094,-81.1125451
148.13,-77.25392324,-81.1173957
148.14,-77.24123088,-81.1214348
148.15,-77.22833856,-81.12473075
148.16,-77.21523977,-81.12735253
148.17,-77.2019504,-81.12935918
148.18,-77.18848441,-81.130806
148.19,-77.17484752,-81.13174094
148.2,-77.16104063,-81.13221432
148.21,-77.14707991,-81.13225919
148.22,-77.13295613,-81.13190904
148.23,-77.11868636,-81.13121051
148.24,-77.10427493,-81.13018712
148.25,-77.08973058,-81.12886431
148.26,-77.07504691,-81.12726485
148.27,-77.06024394,-81.1254063
148.28,-77.04532179,-81.12331221
148.29,-77.03028155,-81.12100773
148.3,-77.01511549,-81.11849889
148.31,-76.99985275,-81.11580661
148.32,-76.98447931,-81.11294626
148.33,-76.96900989,-81.1099334
148.34,-76.9534431,-81.10677176
148.35,-76.93778117,-81.10347293
148.36,-76.92202881,-81.10004577
148.37,-76.90618801,-81.09649935
148.38,-76.89026567,-81.09283878
148.39,-76.87426153,-81.08908387
148.4,-76.85818373,-81.08522516
148.41,-76.84203111,-81.08127767
148.42,-76.82580465,-81.07724665
148.43,-76.80950217,-81.07312723
148.44,-76.79313535,-81.06893357
148.45,-76.77669265,-81.06466721
148.46,-76.76018538,-81.06032582
148.47,-76.74362579,-81.05592369
148.48,-76.72700666,-81.05146761
148.49,-76.71032777,-81.04694857
148.5,-76.69358996,-81.04235958
148.51,-76.67679295,-81.03772289
148.52,-76.65994544,-81.03303608
148.53,-76.64303821,-81.02829694
148.54,-76.62608104,-81.02351133
148.55,-76.60907056,-81.01867789
148.56,-76.59201118,-81.01379704
148.57,-76.5749069,-81.00887169
148.58,-76.55775154,-81.00390669
148.59,-76.54055426,-80.99889067
148.6,-76.52331102,-80.99384104
148.61,-76.50602446,-80.98875251
148.62,-76.4886952,-80.98362603
148.63,-76.47131654,-80.9784613
148.64,-76.45389509,-80.97326011
148.65,-76.43643719,-80.96801773
148.66,-76.41893554,-80.96274419
148.67,-76.4013908,-80.9574331
148.68,-76.38381272,-80.95208413
148.69,-76.36619726,-80.94670699
148.7,-76.34853314,-80.94129712
148.71,-76.33084755,-80.93584761
148.72,-76.31311933,-80.93037517
148.73,-76.29535033,-80.92485443
148.74,-76.27755071,-80.91931224
148.75,-76.25971224,-80.91373411
148.76,-76.24183864,-80.90812483
148.77,-76.22392966,-80.90248348
148.78,-76.20598705,-80.89680981
148.79,-76.18801057,-80.89110052
148.8,-76.17000559,-80.88536255
148.81,-76.15196129,-80.87959956
148.82,-76.13388191,-80.87379852
148.83,-76.115777,-80.8679643
148.84,-76.09763727,-80.86210384
148.85,-76.0794642,-80.85622069
148.86,-76.06126539,-80.85030039
148.87,-76.04303188,-80.84434727
148.88,-76.02477237,-80.83836134
148.89,-76.0064727,-80.83235299
148.9,-75.98814682,-80.82631233
148.91,-75.96978977,-80.82024498
148.92,-75.95141144,-80.81414369
148.93,-75.93299451,-80.80800495
148.94,-75.91455166,-80.80184514
148.95,-75.89608217,-80.79565027
148.96,-75.87758302,-80.78943348
148.97,-75.85905748,-80.7831794
148.98,-75.84049244,-80.77689604
148.99,-75.82190849,-80.77058256
149,-75.80329272,-80.76423843
149.01,-75.78465966,-80.75786764
149.02,-75.76599373,-80.7514691
149.03,-75.74729648,-80.74503292
149.04,-75.72857583,-80.73856602
149.05,-75.70982345,-80.73206843
149.06,-75.69103995,-80.72554732
149.07,-75.67223174,-80.71899557
149.08,-75.65339826,-80.71240103
149.09,-75.63453438,-80.70578049
149.1,-75.61564756,-80.6991254
149.11,-75.59673532,-80.69244441
149.12,-75.57779177,-80.68573752
149.13,-75.55882649,-80.67898773
149.14,-75.53983635,-80.67221355
149.15,-75.52081437,-80.66540678
149.16,-75.50177138,-80.65857464
149.17,-75.48270427,-80.65171596
149.18,-75.46360626,-80.64481435
149.19,-75.44449297,-80.63788874
149.2,-75.42534839,-80.63093005
149.21,-75.40618149,-80.62393878
149.22,-75.38699346,-80.61691664
149.23,-75.36777331,-80.60986097
149.24,-75.34853045,-80.60277656
149.25,-75.329274,-80.59566393
149.26,-75.30998607,-80.58852067
149.27,-75.29066967,-80.58133522
149.28,-75.27133112,-80.5741249
149.29,-75.25196244,-80.56688365
149.3,-75.23257253,-80.55960831
149.31,-75.21316763,-80.55230752
149.32,-75.19373258,-80.54497047
149.33,-75.17427605,-80.53759741
149.34,-75.15479675,-80.53018716
149.35,-75.13529577,-80.5227583
149.36,-75.11577498,-80.51528771
149.37,-75.09623023,-80.50779048
149.38,-75.07665767,-80.50026475
149.39,-75.05705742,-80.49270665
149.4,-75.03744384,-80.48511261
149.41,-75.01779993,-80.47748248
149.42,-74.99814229,-80.46982283
149.43,-74.97845711,-80.46212881
149.44,-74.95874976,-80.45440566
149.45,-74.93902349,-80.44664486
149.46,-74.9192674,-80.43884927
149.47,-74.89949762,-80.43102331
149.48,-74.87970038,-80.42316927
149.49,-74.85989072,-80.41527555
149.5,-74.84005172,-80.40735456
149.51,-74.82020212,-80.3993963
149.52,-74.80032865,-80.39140603
149.53,-74.78042985,-80.38338402
149.54,-74.7605107,-80.37532262
149.55,-74.74057162,-80.36723277
149.56,-74.7206114,-80.35910689
149.57,-74.70063179,-80.35095167
149.58,-74.68063188,-80.34276225
149.59,-74.66061194,-80.33453757
149.6,-74.64057317,-80.32627952
149.61,-74.62051331,-80.31799365
149.62,-74.60043291,-80.30966581
149.63,-74.58033555,-80.30130792
149.64,-74.56021701,-80.29291795
149.65,-74.54007958,-80.28449421
149.66,-74.51992256,-80.27603466
149.67,-74.49974603,-80.26754454
149.68,-74.47955105,-80.25901177
149.69,-74.45932998,-80.25044536
149.7,-74.43908998,-80.24184363
149.71,-74.41884488,-80.23321518
149.72,-74.39857333,-80.22455313
149.73,-74.37827681,-80.2158559
149.74,-74.35796731,-80.20712931
149.75,-74.33763226,-80.19836903
149.76,-74.31728709,-80.18957542
149.77,-74.29692201,-80.18074247
149.78,-74.27653727,-80.17186888
149.79,-74.2561424,-80.16296336
149.8,-74.23572843,-80.15402691
149.81,-74.21529627,-80.14504931
149.82,-74.19483985,-80.13604549
149.83,-74.17437191,-80.12700443
149.84,-74.15388479,-80.11793318
149.85,-74.13338081,-80.10881793
149.86,-74.11285926,-80.09967979
149.87,-74.09232533,-80.09049589
149.88,-74.0717734,-80.08127857
149.89,-74.05119738,-80.07202635
149.9,-74.03060412,-80.06274069
149.91,-74.00999947,-80.05341963
149.92,-73.98937784,-80.04406452
149.93,-73.96873775,-80.0346752
149.94,-73.94808024,-80.02525004
149.95,-73.9274132,-80.01579109
149.96,-73.9067275,-80.00630112
149.97,-73.8860257,-79.99677443
149.98,-73.86531394,-79.98720778
149.99,-73.84458315,-79.97760971
150,-73.82383641,-79.96797244
150.01,-73.80307188,-79.95831102
150.02,-73.78229836,-79.94860949
150.03,-73.7615006,-79.93887191
150.04,-73.74069358,-79.92910082
150.05,-73.71986929,-79.91929498
150.06,-73.69902821,-79.9094543
150.07,-73.67817659,-79.89957302
150.08,-73.65730978,-79.88965572
150.09,-73.63643186,-79.87970682
150.1,-73.61554486,-79.8697282
150.11,-73.59463361,-79.85971325
150.12,-73.57371392,-79.849656
150.13,-73.55277816,-79.83956276
150.14,-73.53183276,-79.82943697
150.15,-73.5108715,-79.81928474
150.16,-73.48989323,-79.8090918
150.17,-73.46890614,-79.79886834
150.18,-73.44790327,-79.78860178
150.19,-73.42689049,-79.77830087
150.2,-73.40585637,-79.76796853
150.21,-73.38481235,-79.75760043
150.22,-73.36376576,-79.74719376
150.23,-73.3426956,-79.73675589
150.24,-73.32161145,-79.7262773
150.25,-73.3005188,-79.71577012
150.26,-73.27940973,-79.70522614
150.27,-73.25829247,-79.69464196
150.28,-73.2371736,-79.68402662
150.29,-73.21603141,-79.6733737
150.3,-73.1948811,-79.66268674
150.31,-73.17372226,-79.65196609
150.32,-73.15254761,-79.64120972
150.33,-73.13135863,-79.63041526
150.34,-73.11016207,-79.61958339
150.35,-73.08895637,-79.60872573
150.36,-73.06774145,-79.59782643
150.37,-73.04650465,-79.58689338
150.38,-73.02526803,-79.57592753
150.39,-73.00401615,-79.564923
150.4,-72.98274945,-79.55388927
150.41,-72.96147427,-79.54281578
150.42,-72.94018531,-79.53170577
150.43,-72.91889507,-79.52056465
150.44,-72.8975889,-79.50938649
150.45,-72.87627664,-79.49817679
150.46,-72.85495551,-79.48693622
150.47,-72.83362769,-79.47565426
150.48,-72.8122912,-79.46434023
150.49,-72.79093283,-79.45298834
150.5,-72.76957541,-79.4416082
150.51,-72.74820339,-79.43018625
150.52,-72.72683122,-79.41873315
150.53,-72.70544417,-79.40724599
150.54,-72.68404978,-79.39571875
150.55,-72.66264896,-79.38416342
150.56,-72.64124017,-79.37257341
150.57,-72.61981713,-79.36094199
150.58,-72.59839435,-79.34927914
150.59,-72.57695589,-79.33758365
150.6,-72.55551261,-79.32585094
150.61,-72.53405547,-79.31408169
150.62,-72.51259792,-79.30228171
150.63,-72.49112506,-79.29045255
150.64,-72.46965327,-79.27858723
150.65,-72.44816839,-79.26668782
150.66,-72.42667636,-79.2547574
150.67,-72.40517708,-79.24278513
150.68,-72.38366491,-79.23078269
150.69,-72.36215422,-79.21875258
150.7,-72.34063409,-79.20667658
150.71,-72.31910831,-79.19456687
150.72,-72.29757088,-79.18243428
150.73,-72.27603159,-79.17025663
150.74,-72.25448778,-79.158049
150.75,-72.23293713,-79.14580854
150.76,-72.21138622,-79.13354157
150.77,-72.18981556,-79.1212329
150.78,-72.16824628,-79.10888783
150.79,-72.1466696,-79.09651164
150.8,-72.12508712,-79.08410198
150.81,-72.10349816,-79.07165739
150.82,-72.0819036,-79.05918664
150.83,-72.06029651,-79.04667831
150.84,-72.03869065,-79.03414393
150.85,-72.01707754,-79.02157261
150.86,-71.99546517,-79.00896294
150.87,-71.97385549,-78.99632422
150.88,-71.95223251,-78.98364773
150.89,-71.93060294,-78.97094691
150.9,-71.9089671,-78.95821313
150.91,-71.88733348,-78.94544752
150.92,-71.8656938,-78.93264809
150.93,-71.84404938,-78.91980983
150.94,-71.82239847,-78.90694182
150.95,-71.80074369,-78.89404001
150.96,-71.77908907,-78.88110803
150.97,-71.75742893,-78.86814501
150.98,-71.73576308,-78.85515272
150.99,-71.71409788,-78.84211586
151,-71.69242207,-78.82905458
151.01,-71.67074746,-78.81596702
151.02,-71.6490742,-78.80284062
151.03,-71.62739617,-78.7896887
151.04,-71.60571247,-78.77650165
151.05,-71.58402427,-78.76328889
151.06,-71.56232962,-78.75003955
151.07,-71.54063716,-78.7367587
151.08,-71.51894754,-78.72344868
151.09,-71.49725189,-78.7101025
151.1,-71.47555068,-78.69672467
151.11,-71.45385222,-78.68331999
151.12,-71.43214805,-78.6698835
151.13,-71.41044665,-78.65641442
151.14,-71.38874053,-78.64291545
151.15,-71.36703667,-78.62938531
151.16,-71.34532767,-78.61582943
151.17,-71.32362141,-78.60224238
151.18,-71.30190336,-78.58861683
151.19,-71.28018668,-78.57497134
151.2,-71.25847269,-78.56128373
151.21,-71.23675372,-78.54756887
151.22,-71.21503805,-78.53382731
151.23,-71.19331698,-78.52005733
151.24,-71.17159911,-78.50626081
151.25,-71.1498765,-78.49243576
151.26,-71.12815553,-78.47857133
151.27,-71.10643069,-78.46468289
151.28,-71.08470832,-78.45076011
151.29,-71.06298826,-78.43681479
151.3,-71.0412628,-78.42283413
151.31,-71.01954196,-78.40882506
151.32,-70.99782378,-78.39478486
151.33,-70.97610021,-78.38072112
151.34,-70.95438048,-78.36662828
151.35,-70.9326623,-78.35250633
151.36,-70.91093973,-78.33835123
151.37,-70.88921412,-78.32417703
151.38,-70.86749099,-78.30996768
151.39,-70.84577043,-78.29573539
151.4,-70.82405321,-78.28147351
151.41,-70.80233979,-78.26718621
151.42,-70.78062074,-78.25287116
151.43,-70.75890617,-78.23852551
151.44,-70.73719305,-78.22414993
151.45,-70.71547686,-78.20974548
151.46,-70.69377083,-78.19531672
151.47,-70.67205437,-78.18085272
151.48,-70.6503475,-78.16636046
151.49,-70.62864442,-78.15184783
151.5,-70.60693614,-78.13730492
151.51,-70.5852332,-78.1227408
151.52,-70.56353971,-78.10814424
151.53,-70.54184201,-78.09353381
151.54,-70.52014834,-78.07888915
151.55,-70.49845703,-78.06421447
151.56,-70.47676332,-78.04951742
151.57,-70.45507948,-78.03479011
151.58,-70.43339891,-78.02003606
151.59,-70.41171397,-78.00525563
151.6,-70.39003448,-77.99045446
151.61,-70.3683575,-77.97563121
151.62,-70.34667702,-77.96077417
151.63,-70.3250002,-77.94589607
151.64,-70.30332697,-77.9309882
151.65,-70.28166468,-77.91605865
151.66,-70.25999858,-77.90109968
151.67,-70.23833665,-77.88612421
151.68,-70.21667846,-77.87111914
151.69,-70.19503066,-77.85609243
151.7,-70.1733869,-77.84103268
151.71,-70.15174621,-77.82595443
151.72,-70.1301102,-77.81085325
151.73,-70.10847717,-77.7957288
151.74,-70.08684827,-77.78057569
151.75,-70.06522352,-77.76539553
151.76,-70.04359626,-77.75019635
151.77,-70.02197317,-77.73497309
151.78,-70.00035315,-77.71972625
151.79,-69.97873735,-77.70445849
151.8,-69.95712569,-77.68917258
151.81,-69.93551784,-77.67385983
151.82,-69.9139212,-77.65852222
151.83,-69.89232765,-77.64315792
151.84,-69.87073224,-77.62777533
151.85,-69.84914911,-77.61237821
151.86,-69.82756785,-77.59695318
151.87,-69.80599816,-77.58150014
151.88,-69.78442715,-77.56602566
151.89,-69.7628669,-77.55053191
151.9,-69.74130961,-77.53501517
151.91,-69.71975734,-77.51947849
151.92,-69.69821048,-77.50391827
151.93,-69.67666622,-77.48834314
151.94,-69.65513526,-77.47273846
151.95,-69.63360741,-77.4571176
151.96,-69.61209099,-77.44147478
151.97,-69.59057898,-77.42580909
151.98,-69.56906453,-77.41012663
151.99,-69.54756122,-77.39442522
152,-69.52606169,-77.37869925
152.01,-69.50456842,-77.36294863
152.02,-69.48307954,-77.34718199
152.03,-69.46159431,-77.33139562
152.04,-69.44011413,-77.31558338
152.05,-69.41864458,-77.29975849
152.06,-69.39718035,-77.28391692
152.07,-69.37572799,-77.26805225
152.08,-69.35428025,-77.2521673
152.09,-69.33283719,-77.23626041
152.1,-69.31139788,-77.22033618
152.11,-69.28996415,-77.20439568
152.12,-69.26854265,-77.18843704
152.13,-69.2471181,-77.17246193
152.14,-69.22571304,-77.15646544
152.15,-69.20431221,-77.14044841
152.16,-69.18292268,-77.12441832
152.17,-69.16153131,-77.10836309
152.18,-69.14015291,-77.09229361
152.19,-69.11877872,-77.07620272
152.2,-69.09740942,-77.06009311
152.21,-69.07605155,-77.0439759
152.22,-69.0547002,-77.02783514
152.23,-69.03335997,-77.01168334
152.24,-69.01203098,-76.99550672
152.25,-68.99070046,-76.979315
152.26,-68.96937492,-76.96310959
152.27,-68.94806118,-76.94688559
152.28,-68.92675315,-76.930643
152.29,-68.90545638,-76.91438762
152.3,-68.88417135,-76.8981164
152.31,-68.862885,-76.88182561
152.32,-68.84161169,-76.86552127
152.33,-68.82034928,-76.84920347
152.34,-68.79909233,-76.83286698
152.35,-68.77784118,-76.8165177
152.36,-68.75660165,-76.80015241
152.37,-68.73537445,-76.78377311
152.38,-68.71415243,-76.76738175
152.39,-68.69292904,-76.75097064
152.4,-68.67171673,-76.73454701
152.41,-68.65052471,-76.7181091
152.42,-68.62933112,-76.70165242
152.43,-68.6081502,-76.68518912
152.44,-68.5869736,-76.66871057
152.45,-68.56580985,-76.65221303
152.46,-68.54465102,-76.6357014
152.47,-68.52350484,-76.6191731
152.48,-68.50236372,-76.60263825
152.49,-68.48123566,-76.5860893
152.5,-68.4601125,-76.56953069
152.51,-68.43899505,-76.55295905
152.52,-68.41788433,-76.53637148
152.53,-68.39679087,-76.51977969
152.54,-68.37570498,-76.50316462
152.55,-68.3546302,-76.48654142
152.56,-68.33356852,-76.4699019
152.57,-68.31250635,-76.45325422
152.58,-68.29145527,-76.43658902
152.59,-68.27041804,-76.41991469
152.6,-68.2493853,-76.4032317
152.61,-68.22836505,-76.38653799
152.62,-68.20735809,-76.36983615
152.63,-68.18636266,-76.35312
152.64,-68.16537412,-76.3363881
152.65,-68.14439027,-76.31965183
152.66,-68.12341203,-76.30290216
152.67,-68.10244786,-76.28613559
152.68,-68.08149551,-76.26936212
152.69,-68.06055552,-76.25257562
152.7,-68.03961465,-76.23577785
152.71,-68.01868696,-76.21897468
152.72,-67.99777206,-76.20216293
152.73,-67.97686266,-76.18533578
152.74,-67.95596662,-76.16850157
152.75,-67.93507663,-76.15166223
152.76,-67.91420481,-76.13481636
152.77,-67.89333332,-76.11795419
152.78,-67.87248093,-76.10108996
152.79,-67.85163429,-76.08421123
152.8,-67.83079415,-76.06732081
152.81,-67.80996655,-76.0504227
152.82,-67.78915152,-76.03351631
152.83,-67.76834363,-76.01660218
152.84,-67.74754126,-75.99968486
152.85,-67.72675256,-75.9827609
152.86,-67.70597526,-75.96582275
152.87,-67.68521116,-75.94887852
152.88,-67.6644535,-75.9319336
152.89,-67.64370932,-75.91497847
152.9,-67.62297136,-75.89800557
152.91,-67.60224548,-75.8810376
152.92,-67.58152591,-75.86405148
152.93,-67.56082538,-75.8470673
152.94,-67.54012502,-75.83006967
152.95,-67.51943728,-75.81307455
152.96,-67.49875608,-75.79607397
152.97,-67.47809555,-75.77905478
152.98,-67.45744685,-75.76203563
152.99,-67.43679847,-75.74500562
153,-67.41616254,-75.72796873
153.01,-67.39553369,-75.7109257
153.02,-67.37491782,-75.69388014
153.03,-67.3543149,-75.67682919
153.04,-67.33371738,-75.65977065
153.05,-67.31313284,-75.64271351
153.06,-67.29256277,-75.62564696
153.07,-67.27200488,-75.60858371
153.08,-67.25145371,-75.59150389
153.09,-67.23090995,-75.57442141
153.1,-67.21037773,-75.55733611
153.11,-67.18985283,-75.54024826
153.12,-67.16933485,-75.52314847
153.13,-67.14883522,-75.506049
153.14,-67.12834279,-75.48894632
153.15,-67.10786369,-75.47184755
153.16,-67.08739107,-75.45474197
153.17,-67.06693115,-75.43762608
153.18,-67.04648418,-75.4205146
153.19,-67.02604402,-75.40339011
153.2,-67.00561092,-75.38626657
153.21,-66.98519082,-75.36913758
153.22,-66.96477729,-75.3520053
153.23,-66.94437723,-75.33487461
153.24,-66.92398289,-75.31774165
153.25,-66.90360947,-75.30059987
153.26,-66.88323626,-75.28345767
153.27,-66.86287608,-75.26631817
153.28,-66.84252213,-75.24917459
153.29,-66.82218163,-75.23202301
153.3,-66.80185426,-75.2148739
153.31,-66.78154077,-75.19771784
153.32,-66.76123424,-75.18056617
153.33,-66.7409335,-75.16340808
153.34,-66.72064627,-75.14625202
153.35,-66.70037843,-75.12909565
153.36,-66.68011145,-75.11194346
153.37,-66.65985831,-75.09477943
153.38,-66.63961777,-75.07761871
153.39,-66.61938369,-75.06045152
153.4,-66.5991578,-75.04328531
153.41,-66.57894362,-75.02611905
153.42,-66.55873709,-75.00894872
153.43,-66.53853758,-74.99178419
153.44,-66.51835075,-74.97462114
153.45,-66.49817744,-74.95745286
153.46,-66.47801155,-74.94028858
153.47,-66.45785766,-74.92312348
153.48,-66.43771135,-74.90595528
153.49,-66.41757853,-74.88879139
153.5,-66.39745298,-74.87162317
153.51,-66.37733391,-74.85446262
153.52,-66.35722859,-74.83729514
153.53,-66.33712941,-74.82013178
153.54,-66.31704491,-74.8029715
153.55,-66.29697336,-74.78580716
153.56,-66.27690787,-74.7686433
153.57,-66.25684947,-74.75147879
153.58,-66.23680538,-74.73432314
153.59,-66.2167668,-74.71716611
153.6,-66.19673623,-74.70000723
153.61,-66.17671965,-74.68285248
153.62,-66.15670896,-74.66570423
153.63,-66.13671122,-74.6485523
153.64,-66.11672077,-74.63140138
153.65,-66.09673798,-74.61425211
153.66,-66.07676868,-74.59710477
153.67,-66.05681257,-74.57996448
153.68,-66.03686386,-74.56282166
153.69,-66.01692098,-74.54568589
153.7,-65.99698528,-74.5285545
153.71,-65.97705662,-74.51141191
153.72,-65.9571479,-74.49427528
153.73,-65.93724687,-74.47714602
153.74,-65.91734589,-74.46001871
153.75,-65.8974585,-74.44289738
153.76,-65.87757858,-74.42577847
153.77,-65.8577112,-74.40866056
153.78,-65.83785128,-74.39154207
153.79,-65.81800448,-74.37443022
153.8,-65.79815889,-74.35731825
153.81,-65.77831924,-74.34021553
153.82,-65.75849359,-74.32311402
153.83,-65.73868174,-74.30602453
153.84,-65.71887751,-74.28892817
153.85,-65.69907326,-74.2718365
153.86,-65.679276,-74.25474789
153.87,-65.65949165,-74.23766694
153.88,-65.63972136,-74.22058846
153.89,-65.61995822,-74.2035139
153.9,-65.60020164,-74.18644167
153.91,-65.58045893,-74.16937326
153.92,-65.56071678,-74.15230828
153.93,-65.54098162,-74.13524198
153.94,-65.52125992,-74.11818777
153.95,-65.50155118,-74.10114641
153.96,-65.48183647,-74.08410692
153.97,-65.46213553,-74.06706674
153.98,-65.44244146,-74.0500333
153.99,-65.42275405,-74.03300092
154,-65.40307481,-74.01597615
154.01,-65.38340846,-73.99896035
154.02,-65.36375554,-73.98195113
154.03,-65.34410352,-73.9649414
154.04,-65.32445804,-73.94793623
154.05,-65.30482071,-73.9309453
154.06,-65.28519523,-73.91395767
154.07,-65.2655717,-73.89696914
154.08,-65.24595435,-73.87998615
154.09,-65.22635132,-73.86301511
154.1,-65.20675499,-73.84604394
154.11,-65.18716618,-73.82908372
154.12,-65.16757726,-73.81212612
154.13,-65.14799477,-73.79517052
154.14,-65.12841951,-73.7782217
154.15,-65.10885141,-73.76127798
154.16,-65.08929004,-73.74433595
154.17,-65.06974242,-73.72740801
154.18,-65.05018848,-73.71048234
154.19,-65.03064871,-73.69357047
154.2,-65.01111622,-73.67666645
154.21,-64.99158259,-73.65976637
154.22,-64.97206363,-73.64287335
154.23,-64.95254548,-73.62598441
154.24,-64.93303392,-73.60910221
154.25,-64.91352868,-73.5922231
154.26,-64.89403139,-73.57535755
154.27,-64.87454057,-73.55849195
154.28,-64.85504983,-73.54164041
154.29,-64.83556676,-73.52479457
154.3,-64.81609011,-73.50795224
154.31,-64.79661367,-73.49111991
154.32,-64.77715182,-73.47429191
154.33,-64.75769672,-73.45747516
154.34,-64.73824809,-73.44065878
154.35,-64.71879922,-73.42384876
154.36,-64.69935205,-73.40705207
154.37,-64.67991807,-73.39026039
154.38,-64.6604833,-73.37347618
154.39,-64.64105695,-73.35669529
154.4,-64.62163038,-73.33993136
154.41,-64.60220415,-73.32316956
154.42,-64.58279191,-73.30641342
154.43,-64.56337942,-73.28966575
154.44,-64.54397424,-73.27293238
154.45,-64.52457674,-73.25620193
154.46,-64.50517853,-73.23947813
154.47,-64.48578723,-73.22276246
154.48,-64.46639711,-73.20606122
154.49,-64.44700684,-73.1893664
154.5,-64.42762251,-73.17267274
154.51,-64.40823993,-73.15599043
154.52,-64.38886354,-73.13931857
154.53,-64.36949435,-73.12264678
154.54,-64.35012501,-73.10598659
154.55,-64.3307625,-73.08932695
154.56,-64.3114006,-73.07268126
154.57,-64.29203974,-73.05604879
154.58,-64.2726851,-73.03942227
154.59,-64.25333119,-73.02280313
154.6,-64.23397634,-73.00619383
154.61,-64.21462859,-72.98959573
154.62,-64.19528143,-72.97300204
154.63,-64.1759347,-72.95642339
154.64,-64.15658796,-72.93984438
154.65,-64.13724114,-72.92327543
154.66,-64.11790233,-72.90671096
154.67,-64.0985627,-72.8901625
154.68,-64.07922311,-72.87362114
154.69,-64.05989072,-72.85709151
154.7,-64.04055185,-72.84056714
154.71,-64.02121268,-72.82404296
154.72,-64.00188074,-72.80753654
154.73,-63.98254958,-72.79103604
154.74,-63.96321859,-72.7745403
154.75,-63.94389395,-72.7580546
154.76,-63.92456258,-72.74158336
154.77,-63.90523817,-72.72511768
154.78,-63.8859074,-72.70865749
154.79,-63.86657026,-72.69220562
154.8,-63.84723967,-72.67576897
154.81,-63.82790932,-72.65933667
154.82,-63.80857885,-72.64291196
154.83,-63.78924182,-72.62650189
154.84,-63.76991145,-72.61009976
154.85,-63.75058151,-72.59370622
154.86,-63.73124444,-72.57731547
154.87,-63.71191426,-72.56093848
154.88,-63.69257801,-72.54456475
154.89,-63.67323558,-72.52820343
154.9,-63.65389207,-72.51185166
154.91,-63.63454905,-72.49550907
154.92,-63.61521319,-72.47917683
154.93,-63.59586326,-72.4628531
154.94,-63.57651413,-72.44653817
154.95,-63.55716337,-72.43023252
154.96,-63.53781407,-72.41393436
154.97,-63.51845768,-72.39764359
154.98,-63.49910153,-72.38136247
154.99,-63.47973856,-72.36508648
155,-63.4603689,-72.34881548
155.01,-63.4409997,-72.33256252
155.02,-63.42162985,-72.31631814
155.03,-63.40225326,-72.30008398
155.04,-63.38287044,-72.28385715
155.05,-63.36348783,-72.26763629
155.06,-63.34409752,-72.25142816
155.07,-63.32470737,-72.23522556
155.08,-63.30530388,-72.21903232
155.09,-63.28589983,-72.20284526
155.1,-63.26649559,-72.18667233
155.11,-63.24707805,-72.17050527
155.12,-63.22766066,-72.1543421
155.13,-63.20823598,-72.13820149
155.14,-63.18880502,-72.12205861
155.15,-63.1693729,-72.10592549
155.16,-63.14993546,-72.08979854
155.17,-63.13049064,-72.07368413
155.18,-63.11103127,-72.05757792
155.19,-63.09156629,-72.04147868
155.2,-63.0721005,-72.02539718
155.21,-63.0526211,-72.00931534
155.22,-63.03314076,-71.99324977
155.23,-63.01364715,-71.97718246
155.24,-62.9941462,-71.96112863
155.25,-62.97463965,-71.94508236
155.26,-62.95512502,-71.92904157
155.27,-62.93560364,-71.91301466
155.28,-62.91606956,-71.89699408
155.29,-62.89652731,-71.88098124
155.3,-62.87697074,-71.8649802
155.31,-62.85740185,-71.84898157
155.32,-62.83783201,-71.83299469
155.33,-62.81824895,-71.8170149
155.34,-62.79865857,-71.80104562
155.35,-62.77905343,-71.78507977
155.36,-62.75944168,-71.76912554
155.37,-62.73981552,-71.75317673
155.38,-62.72017003,-71.73723991
155.39,-62.70052293,-71.72130387
155.4,-62.68086211,-71.7053796
155.41,-62.66118711,-71.68946699
155.42,-62.64149842,-71.67356077
155.43,-62.62180355,-71.65766004
155.44,-62.60209368,-71.64176748
155.45,-62.58237025,-71.62588727
155.46,-62.56263331,-71.61000632
155.47,-62.54288906,-71.59414142
155.48,-62.52311694,-71.5782788
155.49,-62.50334477,-71.56242671
155.5,-62.48355093,-71.54658107
155.51,-62.46374292,-71.53074555
155.52,-62.4439154,-71.51491367
155.53,-62.42407954,-71.499089
155.54,-62.40422247,-71.48326937
155.55,-62.3843523,-71.4674616
155.56,-62.36446718,-71.45165603
155.57,-62.34456159,-71.43586277
155.58,-62.3246349,-71.42006916
155.59,-62.30469989,-71.40428886
155.6,-62.28474533,-71.38850827
155.61,-62.26477003,-71.37273641
155.62,-62.24477323,-71.35698379
155.63,-62.22475564,-71.34122968
155.64,-62.20472388,-71.32548817
155.65,-62.18467713,-71.30974797
155.66,-62.16460956,-71.29401522
155.67,-62.14451446,-71.27828995
155.68,-62.12440437,-71.26256977
155.69,-62.10427969,-71.24685594
155.7,-62.08412757,-71.23114855
155.71,-62.06395478,-71.21544894
155.72,-62.04376073,-71.19975784
155.73,-62.02353847,-71.18407444
155.74,-62.00330149,-71.16839287
155.75,-61.98303639,-71.15271411
155.76,-61.96275035,-71.13704569
155.77,-61.94243734,-71.1213808
155.78,-61.92210196,-71.10572618
155.79,-61.90173873,-71.09007164
155.8,-61.88135348,-71.07442262
155.81,-61.86094011,-71.05878796
155.82,-61.84050609,-71.04314484
155.83,-61.82004419,-71.0275121
155.84,-61.79955395,-71.01188373
155.85,-61.7790385,-70.99626688
155.86,-61.75849759,-70.98065211
155.87,-61.73792939,-70.96503776
155.88,-61.71732978,-70.94942862
155.89,-61.69670145,-70.93382436
155.9,-61.67603818,-70.91822045
155.91,-61.65534993,-70.90262381
155.92,-61.63463273,-70.88703532
155.93,-61.61388475,-70.87145347
155.94,-61.59310149,-70.8558683
155.95,-61.57228868,-70.84029189
155.96,-61.55144118,-70.82472138
155.97,-61.53056206,-70.80915208
155.98,-61.5096477,-70.79359285
155.99,-61.48870753,-70.77802831
156,-61.46772918,-70.76247064
156.01,-61.44671163,-70.74691709
156.02,-61.42566136,-70.73135883
156.03,-61.40457723,-70.71580716
156.04,-61.38345661,-70.70025802
156.05,-61.36229731,-70.6847122
156.06,-61.34109954,-70.669167
156.07,-61.31986347,-70.65363265
156.08,-61.298591,-70.63809847
156.09,-61.27727252,-70.62256738
156.1,-61.2559183,-70.6070436
156.11,-61.23452177,-70.59151344
156.12,-61.21308636,-70.57599059
156.13,-61.19160855,-70.56046259
156.14,-61.17008487,-70.54493841
156.15,-61.14852531,-70.5294137
156.16,-61.12691637,-70.51389601
156.17,-61.10526837,-70.49837926
156.18,-61.08357684,-70.48285971
156.19,-61.06183368,-70.46734059
156.2,-61.04004401,-70.4518292
156.21,-61.01820769,-70.43631415
156.22,-60.99632227,-70.42080076
156.23,-60.97438971,-70.40529116
156.24,-60.9524041,-70.38977739
156.25,-60.93036604,-70.37426898
156.26,-60.90828516,-70.3587509
156.27,-60.88614779,-70.34324015
156.28,-60.86395657,-70.32772563
156.29,-60.84171559,-70.31221466
156.3,-60.81941841,-70.29670257
156.31,-60.79706169,-70.28118553
156.32,-60.77465405,-70.26566353
156.33,-60.75218548,-70.25014488
156.34,-60.72966422,-70.23462144
156.35,-60.70707887,-70.21909304
156.36,-60.68443705,-70.20356701
156.37,-60.66173857,-70.18803595
156.38,-60.63897979,-70.17250447
156.39,-60.61615643,-70.15697132
156.4,-60.59326869,-70.14143384
156.41,-60.57032115,-70.12589778
156.42,-60.5473065,-70.11036207
156.43,-60.52422359,-70.0948234
156.44,-60.50107337,-70.07927579
156.45,-60.47785307,-70.06371844
156.46,-60.45456756,-70.04816236
156.47,-60.43120489,-70.03260399
156.48,-60.40777488,-70.01704303
156.49,-60.38427704,-70.00147275
156.5,-60.36070662,-69.98589896
156.51,-60.33705866,-69.97031517
156.52,-60.31333978,-69.95473195
156.53,-60.28953974,-69.93914096
156.54,-60.2656617,-69.92355125
156.55,-60.24170431,-69.90794973
156.56,-60.21766923,-69.89234577
156.57,-60.19354857,-69.87673105
156.58,-60.16934955,-69.86111247
156.59,-60.14506489,-69.84548364
156.6,-60.12069498,-69.82984705
156.61,-60.09623704,-69.81420284
156.62,-60.0716859,-69.79855508
156.63,-60.04704935,-69.78289524
156.64,-60.02232066,-69.76722879
156.65,-59.99749851,-69.75155442
156.66,-59.97258092,-69.73586408
156.67,-59.94756482,-69.72016965
156.68,-59.92245218,-69.70447417
156.69,-59.89724585,-69.68876403
156.7,-59.87193732,-69.67304211
156.71,-59.84652655,-69.65730469
156.72,-59.82101512,-69.6415623
156.73,-59.79540005,-69.62580006
156.74,-59.76967532,-69.6100328
156.75,-59.74384013,-69.59424661
156.76,-59.71790098,-69.57845844
156.77,-59.69184831,-69.56265787
156.78,-59.66568231,-69.54683696
156.79,-59.63939878,-69.53101093
156.8,-59.61299804,-69.51516781
156.81,-59.58647955,-69.4993151
156.82,-59.55984308,-69.4834437
156.83,-59.53308233,-69.46756071
156.84,-59.50619667,-69.45165349
156.85,-59.47918329,-69.43574048
156.86,-59.45204136,-69.41981034
156.87,-59.42476879,-69.40385766
156.88,-59.39735756,-69.38789695
156.89,-59.36981376,-69.37191604
156.9,-59.34213426,-69.35591115
156.91,-59.31431039,-69.33989276
156.92,-59.28634318,-69.32385454
156.93,-59.25823696,-69.30779777
156.94,-59.22998431,-69.2917188
156.95,-59.20157869,-69.27562327
156.96,-59.17301747,-69.25950822
156.97,-59.14430608,-69.2433745
156.98,-59.11543231,-69.22721826
156.99,-59.08639355,-69.21104145
157,-59.05719752,-69.19484452
157.01,-59.02783246,-69.17862204
157.02,-58.99829897,-69.16237246
157.03,-58.96859435,-69.14609808
157.04,-58.93871337,-69.12980354
157.05,-58.90865335,-69.11348417
157.06,-58.87841202,-69.09714632
157.07,-58.84798581,-69.08077452
157.08,-58.81737379,-69.06438214
157.09,-58.78657289,-69.04795926
157.1,-58.75557329,-69.03150601
157.11,-58.72437817,-69.01502945
157.12,-58.69297705,-68.99852321
157.13,-58.66137543,-68.98199144
157.14,-58.62956198,-68.96542935
157.15,-58.59753401,-68.94882842
157.16,-58.56529233,-68.93220423
157.17,-58.53283014,-68.91554223
157.18,-58.50014093,-68.8988577
157.19,-58.46722312,-68.88213464
157.2,-58.43407401,-68.86537534
157.21,-58.40068376,-68.84857548
157.22,-58.36705038,-68.83174042
157.23,-58.3331718,-68.81487164
157.24,-58.29904146,-68.79796995
157.25,-58.2646545,-68.78103234
157.26,-58.23000809,-68.76405227
157.27,-58.19509478,-68.74703897
157.28,-58.15991449,-68.72997989
157.29,-58.12445351,-68.71288531
157.3,-58.08870877,-68.6957435
157.31,-58.0526789,-68.67856198
157.32,-58.01635097,-68.6613351
157.33,-57.97972757,-68.64406325
157.34,-57.94280134,-68.62674628
157.35,-57.90555941,-68.60938585
157.36,-57.86800122,-68.59197764
157.37,-57.8301185,-68.57452229
157.38,-57.79190627,-68.55701986
157.39,-57.75335898,-68.53945636
157.4,-57.71446382,-68.52185099
157.41,-57.67521693,-68.50419452
157.42,-57.63561378,-68.48648113
157.43,-57.59564251,-68.46871963
157.44,-57.5553001,-68.45090064
157.45,-57.51457523,-68.4330207
157.46,-57.4734598,-68.4150875
157.47,-57.43194929,-68.39709617
157.48,-57.39003378,-68.3790469
157.49,-57.34770277,-68.36092794
157.5,-57.30494974,-68.34275012
157.51,-57.26175709,-68.32451885
157.52,-57.21812282,-68.30621205
157.53,-57.17403773,-68.28784129
157.54,-57.12948782,-68.26940474
157.55,-57.08446586,-68.25090206
157.56,-57.03896137,-68.23233109
157.57,-56.99296301,-68.21367889
157.58,-56.94645381,-68.19495451
157.59,-56.89943283,-68.17615732
157.6,-56.8518776,-68.15728183
157.61,-56.80378544,-68.13833121
157.62,-56.7551375,-68.11929593
157.63,-56.70592153,-68.10017951
157.64,-56.65612822,-68.08098139
157.65,-56.60573908,-68.06169508
157.66,-56.55474295,-68.04232442
157.67,-56.50312312,-68.02286829
157.68,-56.45086577,-68.00332544
157.69,-56.3979592,-67.98368553
157.7,-56.34438322,-67.96395824
157.71,-56.29012042,-67.94412208
157.72,-56.23515353,-67.92419878
157.73,-56.17946948,-67.90417175
157.74,-56.12304576,-67.88403596
157.75,-56.06586462,-67.86379841
157.76,-56.00791404,-67.84345068
157.77,-55.94916171,-67.82299467
157.78,-55.88960074,-67.80242451
157.79,-55.82919608,-67.7817421
157.8,-55.76793744,-67.76094326
157.81,-55.70579817,-67.74002672
157.82,-55.64275143,-67.71898131
157.83,-55.57877679,-67.69781773
157.84,-55.51384767,-67.67652697
157.85,-55.44793954,-67.65510864
157.86,-55.38102504,-67.63355504
157.87,-55.31308443,-67.61186297
157.88,-55.24407559,-67.59003747
157.89,-55.17398046,-67.56806126
157.9,-55.10276333,-67.54594781
157.91,-55.03038673,-67.5236813
157.92,-54.95682951,-67.50125896
157.93,-54.88205201,-67.47868445
157.94,-54.80601843,-67.45594804
157.95,-54.72869711,-67.4330483
157.96,-54.65004434,-67.40998659
157.97,-54.57002336,-67.38674585
157.98,-54.48858933,-67.36332806
157.99,-54.40570938,-67.33973661
158,-54.32133048,-67.31595782
158.01,-54.23541264,-67.29199361
158.02,-54.14790785,-67.267832
158.03,-54.05876406,-67.24347502
158.04,-53.96793361,-67.21891336
158.05,-53.87536256,-67.19415255
158.06,-53.78099653,-67.16917642
158.07,-53.68477418,-67.14398375
158.08,-53.58664305,-67.11856453
158.09,-53.48653596,-67.09291597
158.1,-53.38439175,-67.06703628
158.11,-53.28013924,-67.0409106
158.12,-53.173703,-67.01454699
158.13,-53.06501754,-66.98792094
158.14,-52.95400725,-66.96103915
158.15,-52.84059289,-66.9338927
158.16,-52.72469099,-66.90646987
158.17,-52.6062112,-66.87876192
158.18,-52.48506819,-66.85076588
158.19,-52.36116966,-66.82248111
158.2,-52.23441153,-66.79389848
158.21,-52.10469802,-66.76499902
158.22,-51.97191459,-66.73577726
158.23,-51.83595486,-66.70622505
158.24,-51.69669817,-66.67633434
158.25,-51.55402513,-66.64609701
158.26,-51.40780139,-66.61550403
158.27,-51.25790223,-66.58453963
158.28,-51.10417667,-66.55319451
158.29,-50.94648449,-66.5214564
158.3,-50.78467334,-66.48932205
158.31,-50.61857612,-66.45677862
158.32,-50.44802399,-66.4238064
158.33,-50.27283927,-66.39039279
158.34,-50.09284432,-66.35653587
158.35,-49.90783817,-66.32220939
158.36,-49.71760847,-66.28740647
158.37,-49.52194577,-66.25210939
158.38,-49.32062668,-66.21631021
158.39,-49.11341104,-66.17998798
158.4,-48.90005078,-66.14311987
158.41,-48.68027954,-66.10568884
158.42,-48.45382508,-66.0676838
158.43,-48.220399,-66.02908394
158.44,-47.97969308,-65.98987132
158.45,-47.73139021,-65.9500266
158.46,-47.47515336,-65.90952439
158.47,-47.21062869,-65.86834645
158.48,-46.93744521,-65.82646377
158.49,-46.65520539,-65.78385217
158.5,-46.36349555,-65.74049395
158.51,-46.06188515,-65.69636461
158.52,-45.74991548,-65.65142569
158.53,-45.42710791,-65.6056484
158.54,-45.09295471,-65.55901248
158.55,-44.74692752,-65.51148509
158.56,-44.38846404,-65.463027
158.57,-44.01698568,-65.41361173
158.58,-43.6318697,-65.36319075
158.59,-43.23246571,-65.31173381
158.6,-42.81809878,-65.2592099
158.61,-42.38805743,-65.20556632
158.62,-41.94160012,-65.15075651
158.63,-41.47795566,-65.09474661
158.64,-40.9963061,-65.03747553
158.65,-40.49579887,-64.97889514
158.66,-39.97555513,-64.91895997
158.67,-39.43465608,-64.8575997
158.68,-38.87214916,-64.794768
158.69,-38.28705347,-64.73039527
158.7,-37.67835951,-64.66441969
158.71,-37.0450239,-64.59675758
158.72,-36.38598971,-64.52735324
158.73,-35.70016954,-64.45611864
158.74,-34.98646938,-64.38297299
158.75,-34.24379421,-64.3078308
158.76,-33.47104234,-64.23060252
158.77,-32.66713758,-64.15118472
158.78,-31.83101902,-64.06947569
158.79,-30.96168189,-63.98536537
158.8,-30.05816562,-63.89873658
158.81,-29.11960135,-63.80947175
158.82,-28.14521491,-63.71743906
158.83,-27.13436311,-63.62250049
158.84,-26.08655805,-63.52450395
158.85,-25.00149532,-63.42330074
158.86,-23.87910151,-63.31871143
158.87,-22.71954877,-63.21057113
158.88,-21.52331438,-63.09868335
158.89,-20.29120626,-62.98285979
158.9,-19.02440097,-62.86287805
158.91,-17.72449037,-62.73851672
158.92,-16.39350672,-62.60952836
158.93,-15.03395355,-62.47566137
158.94,-13.64882341,-62.33664424
158.95,-12.24161091,-62.19217924
158.96,-10.81631034,-62.04195519
158.97,-9.377400403,-61.88564807
158.98,-7.929817301,-61.72289929
158.99,-6.478905232,-61.5533392
159,-5.030356389,-61.37656058
159.01,-3.590129322,-61.19213479
159.02,-2.164357889,-60.9996176
159.03,-0.7592485466,-60.79851524
159.04,0.6190223589,-60.58831958
159.05,1.964430516,-60.36847591
159.06,3.271204993,-60.13840737
159.07,4.533946215,-59.89749007
159.08,5.747708259,-59.64506572
159.09,6.908073701,-59.38043067
159.1,8.011225003,-59.10283714
159.11,9.053983485,-58.81149162
159.12,10.03383091,-58.50555341
159.13,10.94890888,-58.18412399
159.14,11.79800636,-57.84625092
159.15,12.58053481,-57.49092137
159.16,13.29647597,-57.11705705
159.17,13.9463314,-56.72351173
159.18,14.53107408,-56.30906822
159.19,15.05206423,-55.87243145
159.2,15.51100074,-55.41222813
159.21,15.90985221,-54.92698092
159.22,16.25080394,-54.41513237
159.23,16.53619556,-53.87502273
159.24,16.76846948,-53.30487244
159.25,16.95014023,-52.70278417
159.26,17.08373678,-52.06673842
159.27,17.17178401,-51.39458174
159.28,17.21678058,-50.68401045
159.29,17.22116825,-49.93255279
159.3,17.18731075,-49.13759086
159.31,17.11749638,-48.29629731
159.32,17.01392229,-47.40567262
159.33,16.87868856,-46.46250325
159.34,16.71379308,-45.46336143
159.35,16.52113702,-44.40459293
159.36,16.30251799,-43.28230205
159.37,16.05964178,-42.09235554
159.38,15.79410756,-40.83038063
159.39,15.50743027,-39.49176508
159.4,15.20103171,-38.07168565
159.41,14.87625818,-36.56512903
159.42,14.53436284,-34.96693475
159.43,14.17653058,-33.27188604
159.44,13.80386762,-31.47479799
159.45,13.41741931,-29.57066792
159.46,13.0181709,-27.55485757
159.47,12.60704126,-25.42336613
159.48,12.18489357,-23.17313116
159.49,11.75253655,-20.8024337
159.5,11.31073253,-18.31138089
159.51,10.86020155,-15.70244127
159.52,10.40161629,-12.98104431
159.53,9.935612962,-10.15618133
159.54,9.462783205,-7.240955569
159.55,8.983687871,-4.252998025
159.56,8.498849032,-1.214647332
159.57,8.008771893,1.84720229
159.58,7.513915752,4.901666808
159.59,7.014719343,7.914895744
159.6,6.511594369,10.85153175
159.61,6.004932207,13.67650162
159.62,5.495098019,16.3569626
159.63,4.982430591,18.86419692
159.64,4.467259527,21.17520139
159.65,3.949896909,23.27378538
159.66,3.43062004,25.15106679
159.67,2.909705348,26.80532938
159.68,2.387408513,28.241325
159.69,1.863968287,29.46916988
159.7,1.339607084,30.50300536
159.71,0.8145430502,31.35961277
159.72,0.2889784601,32.05712045
159.73,-0.2369033125,32.61390866
159.74,-0.762926326,33.04774971
159.75,-1.288920409,33.37522222
159.76,-1.814727493,33.61133487
159.77,-2.34019858,33.76935702
159.78,-2.865192978,33.8607983
159.79,-3.389584662,33.89547712
159.8,-3.913250253,33.88166707
159.81,-4.436077371,33.82627279
159.82,-4.957958578,33.73500669
159.83,-5.478790532,33.6125757
159.84,-5.998477124,33.46284073
159.85,-6.516932912,33.28898208
159.86,-7.034074069,33.09359525
159.87,-7.549825329,32.87882881
159.88,-8.064123866,32.6464543
159.89,-8.576896625,32.39796082
159.9,-9.088088598,32.13458387
159.91,-9.597636102,31.85738055
159.92,-10.10549819,31.56723959
159.93,-10.61162426,31.26495179
159.94,-11.11597093,30.95119994
159.95,-11.61850319,30.62658939
159.96,-12.1191794,30.2916638
159.97,-12.61796505,29.94690857
159.98,-13.11483679,29.59277263
159.99,-13.60977356,29.22967096
160,-14.10274853,28.85798962
160.01,-14.59373826,28.47808872
160.02,-15.08272872,28.09030816
160.03,-15.56970352,27.69498127
160.04,-16.05464556,27.29242043
160.05,-16.53755023,26.88291118
160.06,-17.01841024,26.46674416
160.07,-17.49721138,26.04419646
160.08,-17.97395591,25.61553831
160.09,-18.44864182,25.18101798
160.1,-18.92127177,24.74089577
160.11,-19.391841,24.29541145
160.12,-19.86035833,23.84480469
160.13,-20.32682485,23.38930275
160.14,-20.79124751,22.92913264
160.15,-21.25363798,22.46451444
160.16,-21.71400361,21.99566046
160.17,-22.17235716,21.52277784
160.18,-22.62871266,21.04607237
160.19,-23.08308256,20.56573625
160.2,-23.53548209,20.08196318
160.21,-23.98593041,19.59494939
160.22,-24.43444449,19.10487089
160.23,-24.88104775,18.61190668
160.24,-25.32576279,18.11622895
160.25,-25.76861441,17.61800667
160.26,-26.20962586,17.11740846
160.27,-26.64882456,16.61459452
160.28,-27.08624021,16.1097159
160.29,-27.52190046,15.60292161
160.3,-27.95583742,15.09435374
160.31,-28.38808397,14.58415774
160.32,-28.81868013,14.07247289
160.33,-29.24765375,13.55942735
160.34,-29.67504703,13.04515142
160.35,-30.10090243,12.52977371
160.36,-30.52525815,12.01340656
160.37,-30.94815407,11.49616953
160.38,-31.36963698,10.97817203
160.39,-31.78975692,10.45952481
160.4,-32.20856578,9.940335661
160.41,-32.62610941,9.420700327
160.42,-33.0424446,8.900714479
160.43,-33.45762751,8.380478604
160.44,-33.87170371,7.86007846
160.45,-34.28474287,7.339601802
160.46,-34.69680288,6.81912928
160.47,-35.1079482,6.298740183
160.48,-35.51823461,5.778507502
160.49,-35.92773317,5.258506665
160.5,-36.33650961,4.738806414
160.51,-36.74463814,4.219475976
160.52,-37.15217934,3.700577517
160.53,-37.55922011,3.182166093
160.54,-37.96583181,2.664304784
160.55,-38.37208701,2.14704389
160.56,-38.7780657,1.630433459
160.57,-39.18385066,1.114529067
160.58,-39.58952038,0.5993774573
160.59,-39.99515893,0.08501668022
160.6,-40.40085603,-0.4285085445
160.61,-40.80668814,-0.9411608957
160.62,-41.21274417,-1.45290529
160.63,-41.61911443,-1.963701399
160.64,-42.02588169,-2.473520119
160.65,-42.43314548,-2.982330996
160.66,-42.8409834,-3.490102121
160.67,-43.2494912,-3.996814817
160.68,-43.65875693,-4.502444235
160.69,-44.06887067,-5.006971747
160.7,-44.47992376,-5.510372759
160.71,-44.89199859,-6.012630125
160.72,-45.30518305,-6.513731243
160.73,-45.71956001,-7.013653967
160.74,-46.13521646,-7.512387481
160.75,-46.55223175,-8.009921659
160.76,-46.97068846,-8.50625238
160.77,-47.39065122,-9.00137025
160.78,-47.81220281,-9.495271227
160.79,-48.23540452,-9.98794584
160.8,-48.6603226,-10.47939178
160.81,-49.08701028,-10.96960844
160.82,-49.51552345,-11.45859444
160.83,-49.9459039,-11.94635019
160.84,-50.37818734,-12.43288194
160.85,-50.81240468,-12.91819581
160.86,-51.24857687,-13.40229213
160.87,-51.68671176,-13.88518241
160.88,-52.12680886,-14.36686783
160.89,-52.56886429,-14.84736272
160.9,-53.01284832,-15.32667764
160.91,-53.45872417,-15.80482839
160.92,-53.9064474,-16.2818292
160.93,-54.35594696,-16.75769219
160.94,-54.80713853,-17.23243865
160.95,-55.25992739,-17.70608333
160.96,-55.71420078,-18.17864454
160.97,-56.16983245,-18.65014002
160.98,-56.62666868,-19.12059776
160.99,-57.08453504,-19.59003811
161,-57.5432482,-20.05848991
161.01,-58.00259175,-20.52598399
161.02,-58.46232867,-20.99255234
161.03,-58.92221094,-21.45822985
161.04,-59.38198059,-21.92304671
161.05,-59.8413298,-22.38703874
161.06,-60.29995114,-22.85024555
161.07,-60.757516,-23.31270656
161.08,-61.21367379,-23.7744717
161.09,-61.66805596,-24.23558148
161.1,-62.12028686,-24.69608717
161.11,-62.56997333,-25.15603968
161.12,-63.01670105,-25.61549217
161.13,-63.46005235,-26.07449833
161.14,-63.89961261,-26.53312623
161.15,-64.33495106,-26.99144153
161.16,-64.76562883,-27.44950855
161.17,-65.19122373,-27.90739185
161.18,-65.61131149,-28.3651743
161.19,-66.02546671,-28.82293608
161.2,-66.4332856,-29.28076126
161.21,-66.83437932,-29.73874345
161.22,-67.22836807,-30.19697116
161.23,-67.61488796,-30.6555425
161.24,-67.99361646,-31.11456417
161.25,-68.36423372,-31.57414686
161.26,-68.72645037,-32.03440606
161.27,-69.08002503,-32.49545389
161.28,-69.42473037,-32.95742647
161.29,-69.76037196,-33.42045339
161.3,-70.08679599,-33.88467975
161.31,-70.40387024,-34.35024594
161.32,-70.7114989,-34.81731303
161.33,-71.00963026,-35.2860415
161.34,-71.29823805,-35.75660727
161.35,-71.57731956,-36.22918111
161.36,-71.84690113,-36.70394849
161.37,-72.10706529,-37.18110359
161.38,-72.35787965,-37.66084892
161.39,-72.5994712,-38.14340124
161.4,-72.8319712,-38.62897436
161.41,-73.05553144,-39.11779985
161.42,-73.27032777,-39.61011683
161.43,-73.47655635,-40.10617009
161.44,-73.67441546,-40.60622189
161.45,-73.86412567,-41.11052814
161.46,-74.04590134,-41.61936275
161.47,-74.2199813,-42.13300953
161.48,-74.3865902,-42.65175423
161.49,-74.54598285,-43.1758986
161.5,-74.69839872,-43.7057448
161.51,-74.84407997,-44.24160314
161.52,-74.98327233,-44.78378607
161.53,-75.11620661,-45.33261164
161.54,-75.24314215,-45.88839983
161.55,-75.36429117,-46.45146974
161.56,-75.47988759,-47.02213949
161.57,-75.5901554,-47.60072709
161.58,-75.69531348,-48.18754401
161.59,-75.79557856,-48.78288425
161.6,-75.89114584,-49.38703755
161.61,-75.98222006,-50.00027741
161.62,-76.06899862,-50.62284781
161.63,-76.15165443,-51.25497078
161.64,-76.23036865,-51.89683797
161.65,-76.30531876,-52.54859909
161.66,-76.37666,-53.21036201
161.67,-76.44455179,-53.88217826
161.68,-76.50914506,-54.56405115
161.69,-76.57058348,-55.25590082
161.7,-76.62900317,-55.9575799
161.71,-76.68453032,-56.66884867
161.72,-76.73728594,-57.38937275
161.73,-76.78740298,-58.1187149
161.74,-76.83498599,-58.85632492
161.75,-76.88014146,-59.60152416
161.76,-76.92298578,-60.35350352
161.77,-76.9635958,-61.1113154
161.78,-77.00208127,-61.87386528
161.79,-77.0385213,-62.63991944
161.8,-77.07300725,-63.40808899
161.81,-77.10562779,-64.1768412
161.82,-77.13644628,-64.94450624
161.83,-77.16553924,-65.70927432
161.84,-77.19297779,-66.46923905
161.85,-77.21882279,-67.22237801
161.86,-77.24314891,-67.96660688
161.87,-77.26600631,-68.69980427
161.88,-77.28745622,-69.41980682
161.89,-77.30754511,-70.12449635
161.9,-77.32633181,-70.81179387
161.91,-77.34386242,-71.47972502
161.92,-77.36018105,-72.1264523
161.93,-77.37534345,-72.75029797
161.94,-77.38938627,-73.34976789
161.95,-77.40234898,-73.92360482
161.96,-77.41427059,-74.47079192
161.97,-77.42518881,-74.99058145
161.98,-77.43512799,-75.48248487
161.99,-77.44413874,-75.94627523
162,-77.45223189,-76.38197684
162.01,-77.45945956,-76.78984555
162.02,-77.46584144,-77.17038011
162.03,-77.47139265,-77.52427217
162.04,-77.47615041,-77.85236617
162.05,-77.48014689,-78.15565649
162.06,-77.48339739,-78.43524463
162.07,-77.48593116,-78.69232588
162.08,-77.48776264,-78.92814513
162.09,-77.48891316,-79.14397518
162.1,-77.48941119,-79.3411147
162.11,-77.48926483,-79.52082807
162.12,-77.48850974,-79.68437907
162.13,-77.4871513,-79.83298442
162.14,-77.48520651,-79.96781272
162.15,-77.48269671,-80.08997343
162.16,-77.47964332,-80.20052854
162.17,-77.47605987,-80.30046633
162.18,-77.47195504,-80.39070766
162.19,-77.46735092,-80.47211609
162.2,-77.46226223,-80.54549166
162.21,-77.45670481,-80.61156521
162.22,-77.45069583,-80.67101228
162.23,-77.44424019,-80.72445357
162.24,-77.43735713,-80.77246152
162.25,-77.43006455,-80.81554588
162.26,-77.42237274,-80.85417347
162.27,-77.41429829,-80.88877568
162.28,-77.40584982,-80.91973619
162.29,-77.39704071,-80.94739661
162.3,-77.38788658,-80.97208222
162.31,-77.37839529,-80.99407916
162.32,-77.36857915,-81.01364098
162.33,-77.35845557,-81.03099932
162.34,-77.34802313,-81.04637302
162.35,-77.33730322,-81.05994727
162.36,-77.32630449,-81.07189277
162.37,-77.31503911,-81.08236125
162.38,-77.30351126,-81.09149672
162.39,-77.29174693,-81.09941881
162.4,-77.2797386,-81.10624796
162.41,-77.2674952,-81.11207398
162.42,-77.25503288,-81.11699811
162.43,-77.24235588,-81.12110094
162.44,-77.22947333,-81.12445823
162.45,-77.21639151,-81.12713718
162.46,-77.20312575,-81.12919733
162.47,-77.18967597,-81.13069711
162.48,-77.17605595,-81.13168473
162.49,-77.16226567,-81.13219098
162.5,-77.14830783,-81.13227452
162.51,-77.13420124,-81.13196627
162.52,-77.11994743,-81.13129988
162.53,-77.10554554,-81.13029854
162.54,-77.09101048,-81.12898763
162.55,-77.0763421,-81.12740777
162.56,-77.06155507,-81.12556787
162.57,-77.04664414,-81.12349646
162.58,-77.03161208,-81.121207
162.59,-77.01646214,-81.11872101
162.6,-77.00120916,-81.11604053
162.61,-76.98583873,-81.11319636
162.62,-76.97037223,-81.11019297
162.63,-76.95480796,-81.10704572
162.64,-76.93915576,-81.10375349
162.65,-76.923412,-81.10034142
162.66,-76.90758129,-81.09680785
162.67,-76.89166796,-81.09315866
162.68,-76.8756722,-81.08940558
162.69,-76.85959628,-81.08555503
162.7,-76.84344611,-81.08161755
162.71,-76.82722103,-81.07758596
162.72,-76.8109299,-81.07347626
162.73,-76.79456371,-81.06929205
162.74,-76.77813209,-81.0650287
162.75,-76.76163414,-81.06069614
162.76,-76.74507624,-81.05629905
162.77,-76.72845882,-81.05183907
162.78,-76.71178128,-81.04732634
162.79,-76.69504501,-81.04275073
162.8,-76.67825702,-81.03812041
162.81,-76.66140479,-81.03342997
162.82,-76.64450099,-81.02869839
162.83,-76.62755366,-81.02392354
162.84,-76.61055143,-81.01909579
162.85,-76.59350073,-81.01421547
162.86,-76.57639676,-81.00929355
162.87,-76.55925215,-81.00432689
162.88,-76.54206226,-80.99932596
162.89,-76.5248209,-80.99428356
162.9,-76.50753739,-80.98919819
162.91,-76.49020348,-80.98407278
162.92,-76.47282679,-80.978902
162.93,-76.45541368,-80.97370607
162.94,-76.43796318,-80.96847362
162.95,-76.42047087,-80.96320155
162.96,-76.40293495,-80.95789702
162.97,-76.38535704,-80.95255515
162.98,-76.36774468,-80.9471789
162.99,-76.35009046,-80.94176329
163,-76.33239991,-80.93631886
163.01,-76.31467316,-80.93083649
163.02,-76.29690483,-80.92532605
163.03,-76.27910305,-80.91978226
163.04,-76.2612725,-80.91420937
163.05,-76.24340635,-80.90860297
163.06,-76.2254996,-80.90296251
163.07,-76.20755891,-80.8972936
163.08,-76.18957708,-80.8915942
163.09,-76.17156861,-80.88586635
163.1,-76.15353239,-80.88010247
163.11,-76.13545577,-80.87430981
163.12,-76.11735787,-80.86849002
163.13,-76.09921908,-80.86263665
163.14,-76.08104797,-80.85674493
163.15,-76.0628506,-80.85082643
163.16,-76.04461817,-80.84487623
163.17,-76.02636002,-80.83890132
163.18,-76.00806924,-80.8328912
163.19,-75.98973868,-80.8268541
163.2,-75.97138956,-80.82078722
163.21,-75.95300818,-80.81468504
163.22,-75.93459917,-80.80855262
163.23,-75.91615866,-80.80239091
163.24,-75.89768493,-80.79620238
163.25,-75.87919357,-80.78998687
163.26,-75.86066173,-80.78372702
163.27,-75.84210413,-80.77744668
163.28,-75.8235155,-80.77113666
163.29,-75.80490228,-80.7647936
163.3,-75.78626251,-80.75842318
163.31,-75.76759261,-80.75202433
163.32,-75.74889821,-80.74559326
163.33,-75.73017819,-80.7391268
163.34,-75.71142688,-80.7326392
163.35,-75.69265771,-80.7261124
163.36,-75.67385715,-80.7195554
163.37,-75.65502667,-80.71296366
163.38,-75.63617013,-80.70635114
163.39,-75.61728523,-80.69970319
163.4,-75.59836822,-80.69302882
163.41,-75.57943415,-80.68631773
163.42,-75.56047018,-80.67957971
163.43,-75.54148124,-80.6728113
163.44,-75.52246965,-80.66600912
163.45,-75.50342711,-80.65917689
163.46,-75.4843612,-80.65231036
163.47,-75.46526578,-80.64541865
163.48,-75.44615986,-80.63849459
163.49,-75.42701791,-80.63154076
163.5,-75.40785191,-80.62454992
163.51,-75.38866457,-80.61752825
163.52,-75.36944647,-80.6104745
163.53,-75.35021271,-80.60339401
163.54,-75.33094992,-80.59627857
163.55,-75.31166337,-80.58912887
163.56,-75.2923487,-80.58195379
163.57,-75.27301111,-80.57474934
163.58,-75.25365741,-80.56751191
163.59,-75.23427509,-80.56023972
163.6,-75.21486309,-80.55293195
163.61,-75.19543051,-80.54559899
163.62,-75.175982,-80.53823088
163.63,-75.15650438,-80.53083261
163.64,-75.13700629,-80.52339555
163.65,-75.11747909,-80.51592985
163.66,-75.09793029,-80.50843325
163.67,-75.07836559,-80.50090594
163.68,-75.05878039,-80.49334959
163.69,-75.03915936,-80.48576148
163.7,-75.01951695,-80.47813649
163.71,-74.99986066,-80.47048168
163.72,-74.98018421,-80.46278964
163.73,-74.96048542,-80.45507116
163.74,-74.94076019,-80.44731842
163.75,-74.92101855,-80.43952644
163.76,-74.90125041,-80.43169888
163.77,-74.88146154,-80.42384966
163.78,-74.86165235,-80.41595789
163.79,-74.8418215,-80.40803465
163.8,-74.82196428,-80.40007691
163.81,-74.80208666,-80.39209075
163.82,-74.78218974,-80.38407033
163.83,-74.76227816,-80.37601492
163.84,-74.74234009,-80.36793172
163.85,-74.72238146,-80.3598106
163.86,-74.70240333,-80.35165503
163.87,-74.68240389,-80.34347063
163.88,-74.66238473,-80.33524722
163.89,-74.64234595,-80.32699184
163.9,-74.62228912,-80.31870413
163.91,-74.60221121,-80.31038568
163.92,-74.58211395,-80.30203101
163.93,-74.56199657,-80.29364095
163.94,-74.54186018,-80.28521184
163.95,-74.52170434,-80.27675443
163.96,-74.50152874,-80.26826613
163.97,-74.48133447,-80.25973795
163.98,-74.46111497,-80.25118311
163.99,-74.44088187,-80.24259047
164,-74.42062472,-80.23396243
164.01,-74.40035537,-80.22530614
164.02,-74.38007345,-80.21661013
164.03,-74.35975855,-80.20788105
164.04,-74.33943225,-80.19912069
164.05,-74.31908495,-80.19031819
164.06,-74.29872162,-80.18148426
164.07,-74.2783458,-80.17261943
164.08,-74.25794446,-80.16372296
164.09,-74.23753338,-80.15478813
164.1,-74.21710159,-80.1458191
164.11,-74.19664543,-80.13682015
164.12,-74.17617175,-80.12778112
164.13,-74.15568742,-80.11870419
164.14,-74.13518269,-80.10959609
164.15,-74.1146673,-80.10045039
164.16,-74.09412828,-80.09127446
164.17,-74.0735783,-80.08206434
164.18,-74.05300342,-80.07282145
164.19,-74.03241689,-80.06354326
164.2,-74.01181425,-80.05423144
164.21,-73.99119952,-80.04487807
164.22,-73.9705675,-80.0354888
164.23,-73.94991744,-80.02607041
164.24,-73.92924424,-80.01661157
164.25,-73.90856082,-80.00713007
164.26,-73.88785918,-79.99760414
164.27,-73.86714727,-79.98804541
164.28,-73.84641765,-79.97844842
164.29,-73.8256653,-79.96882125
164.3,-73.80490172,-79.95915555
164.31,-73.78412306,-79.94945235
164.32,-73.76333411,-79.93972317
164.33,-73.74252643,-79.92995853
164.34,-73.72170128,-79.92014954
164.35,-73.70086151,-79.9103036
164.36,-73.68001112,-79.90042677
164.37,-73.65915209,-79.89051689
164.38,-73.63826854,-79.88057197
164.39,-73.61737658,-79.87058738
164.4,-73.59647345,-79.8605762
164.41,-73.57554759,-79.85052648
164.42,-73.55461235,-79.84043816
164.43,-73.5336611,-79.83031692
164.44,-73.51270626,-79.82016301
164.45,-73.49172887,-79.80996899
164.46,-73.47074213,-79.7997422
164.47,-73.44974078,-79.7894775
164.48,-73.42872142,-79.77918269
164.49,-73.40769411,-79.76885172
164.5,-73.38665794,-79.75848423
164.51,-73.36560586,-79.74808216
164.52,-73.34454368,-79.73764026
164.53,-73.32345953,-79.72717103
164.54,-73.30236746,-79.71667339
164.55,-73.2812658,-79.70613231
164.56,-73.26014936,-79.69555406
164.57,-73.23902459,-79.68494342
164.58,-73.2178838,-79.6742982
164.59,-73.19673322,-79.66361501
164.6,-73.17556846,-79.65289954
164.61,-73.15440254,-79.64214331
164.62,-73.13321969,-79.63135556
164.63,-73.11202283,-79.62053619
164.64,-73.09081871,-79.60967185
164.65,-73.06960604,-79.59877645
164.66,-73.048378,-79.58785222
164.67,-73.02713451,-79.57688982
164.68,-73.00588284,-79.56588784
164.69,-72.98462308,-79.55485503
164.7,-72.96334322,-79.54378694
164.71,-72.94206076,-79.53268158
164.72,-72.92077022,-79.52153877
164.73,-72.89946691,-79.51036386
164.74,-72.87816133,-79.49915477
164.75,-72.85684054,-79.48791564
164.76,-72.83550623,-79.47663037
164.77,-72.81416446,-79.46532178
164.78,-72.79282075,-79.45397057
164.79,-72.77145605,-79.44259101
164.8,-72.75008641,-79.43117153
164.81,-72.72870675,-79.41971783
164.82,-72.70731989,-79.4082309
164.83,-72.68592577,-79.39671388
164.84,-72.66452559,-79.38516103
164.85,-72.64311668,-79.37357301
164.86,-72.6216942,-79.36194828
164.87,-72.60026509,-79.35029112
164.88,-72.57882848,-79.33860541
164.89,-72.55737891,-79.32687474
164.9,-72.53592888,-79.31511267
164.91,-72.51447138,-79.30331437
164.92,-72.49300009,-79.29149042
164.93,-72.47152918,-79.2796337
164.94,-72.45004327,-79.26773554
164.95,-72.42855286,-79.25580168
164.96,-72.40705346,-79.24384219
164.97,-72.38554878,-79.23183993
164.98,-72.36403016,-79.21980997
164.99,-72.34251289,-79.20773713
165,-72.32098695,-79.19563946
165.01,-72.29945581,-79.18350115
165.02,-72.27791931,-79.17133448
165.03,-72.25637451,-79.15912966
165.04,-72.23481716,-79.14689598
165.05,-72.21326026,-79.1346216
165.06,-72.19169715,-79.12231557
165.07,-72.17012794,-79.10997874
165.08,-72.14855319,-79.09760688
165.09,-72.1269716,-79.08520279
165.1,-72.10538318,-79.07276532
165.11,-72.08378901,-79.06030063
165.12,-72.06218213,-79.04779376
165.13,-72.04057656,-79.03525325
165.14,-72.01897148,-79.02268748
165.15,-71.99736053,-79.01008409
165.16,-71.97574349,-78.99744302
165.17,-71.95411938,-78.98477208
165.18,-71.93248431,-78.97207036
165.19,-71.91085741,-78.95933954
165.2,-71.88921619,-78.94657409
165.21,-71.8675782,-78.93377633
165.22,-71.84593247,-78.92094079
165.23,-71.82428277,-78.90807006
165.24,-71.802627,-78.89517725
165.25,-71.78096642,-78.88224111
165.26,-71.759306,-78.86927741
165.27,-71.73764848,-78.85627924
165.28,-71.71598439,-78.84325825
165.29,-71.69430888,-78.83020268
165.3,-71.67263398,-78.81711045
165.31,-71.65096155,-78.80398248
165.32,-71.62927625,-78.79082918
165.33,-71.60759354,-78.77764804
165.34,-71.58591178,-78.76443574
165.35,-71.56422554,-78.75119156
165.36,-71.54253379,-78.73790808
165.37,-71.52083648,-78.72459756
165.38,-71.49914246,-78.71125808
165.39,-71.47744203,-78.69788722
165.4,-71.455744,-78.68448792
165.41,-71.43404142,-78.6710532
165.42,-71.4123409,-78.65758977
165.43,-71.39063391,-78.6440967
165.44,-71.36892375,-78.63056462
165.45,-71.34721505,-78.61701008
165.46,-71.32550206,-78.60341648
165.47,-71.30379132,-78.58979591
165.48,-71.28208273,-78.57614921
165.49,-71.26036152,-78.56246859
165.5,-71.23864327,-78.54876007
165.51,-71.21692703,-78.53502124
165.52,-71.19520645,-78.52125088
165.53,-71.17348903,-78.50745609
165.54,-71.15176559,-78.49362364
165.55,-71.1300459,-78.47976768
165.56,-71.10832108,-78.46588099
165.57,-71.08659993,-78.45195944
165.58,-71.06487322,-78.43801401
165.59,-71.04314949,-78.42403744
165.6,-71.02142858,-78.41003069
165.61,-70.99970883,-78.39599881
165.62,-70.97798611,-78.38193963
165.63,-70.95626633,-78.36784812
165.64,-70.93454145,-78.35372685
165.65,-70.91282018,-78.33957597
165.66,-70.89110217,-78.32539688
165.67,-70.86938632,-78.31119643
165.68,-70.84766716,-78.29696262
165.69,-70.82595012,-78.28269805
165.7,-70.80423633,-78.26841451
165.71,-70.78252459,-78.25410022
165.72,-70.76081676,-78.2397552
165.73,-70.73909797,-78.22538444
165.74,-70.71738289,-78.21098085
165.75,-70.69567014,-78.19655397
165.76,-70.67396114,-78.182098
165.77,-70.65225443,-78.16761645
165.78,-70.63054412,-78.15310352
165.79,-70.60883737,-78.13856668
165.8,-70.58713348,-78.12400829
165.81,-70.56543333,-78.10941849
165.82,-70.54373709,-78.09480062
165.83,-70.52203596,-78.08015304
165.84,-70.50033904,-78.06548598
165.85,-70.47864481,-78.05078701
165.86,-70.45696102,-78.03605992
165.87,-70.43527277,-78.0213162
165.88,-70.4135897,-78.00654048
165.89,-70.39190918,-77.9917467
165.9,-70.37023299,-77.97692058
165.91,-70.34855901,-77.96207043
165.92,-70.32688904,-77.94719708
165.93,-70.30521626,-77.93229566
165.94,-70.28354763,-77.91737326
165.95,-70.26188278,-77.90241994
165.96,-70.24022114,-77.88743986
165.97,-70.21856294,-77.8724288
165.98,-70.19690899,-77.85739918
165.99,-70.17526447,-77.84234668
166,-70.1536243,-77.82726895
166.01,-70.13198114,-77.81216884
166.02,-70.11034183,-77.79704968
166.03,-70.08870591,-77.781902
166.04,-70.06708162,-77.7667307
166.05,-70.04546103,-77.75153476
166.06,-70.02384477,-77.7363152
166.07,-70.00222475,-77.72107824
166.08,-69.98061676,-77.70581134
166.09,-69.95900638,-77.69051696
166.1,-69.93740474,-77.67520511
166.11,-69.91581412,-77.65987391
166.12,-69.8942156,-77.64451754
166.13,-69.87262785,-77.62913412
166.14,-69.85103607,-77.61373196
166.15,-69.82945647,-77.59830549
166.16,-69.80788098,-77.58285292
166.17,-69.78631635,-77.56737971
166.18,-69.7647482,-77.55188308
166.19,-69.74319311,-77.5363748
166.2,-69.72164054,-77.52083416
166.21,-69.70008658,-77.5052792
166.22,-69.6785433,-77.48969781
166.23,-69.65701124,-77.47409849
166.24,-69.63548289,-77.45847593
166.25,-69.61395309,-77.44283488
166.26,-69.59244245,-77.42717087
166.27,-69.57093381,-77.41148589
166.28,-69.549432,-77.395789
166.29,-69.52792617,-77.38006472
166.3,-69.50642596,-77.36431542
166.31,-69.48493627,-77.3485488
166.32,-69.46345196,-77.33275918
166.33,-69.44197849,-77.31695255
166.34,-69.42050968,-77.30112417
166.35,-69.39904559,-77.28527991
166.36,-69.37758618,-77.2694142
166.37,-69.35613261,-77.25353113
166.38,-69.3346957,-77.23762654
166.39,-69.31325772,-77.22170683
166.4,-69.29183111,-77.20576915
166.41,-69.27040857,-77.18981712
166.42,-69.24899205,-77.17383844
166.43,-69.22758017,-77.15784035
166.44,-69.2061863,-77.14183149
166.45,-69.18479002,-77.12579436
166.46,-69.16339998,-77.10974698
166.47,-69.14202134,-77.09367727
166.48,-69.12064688,-77.07758899
166.49,-69.09927855,-77.061486
166.5,-69.07792134,-77.04537322
166.51,-69.05657583,-77.02923434
166.52,-69.0352279,-77.01308233
166.53,-69.01388597,-76.99690911
166.54,-68.99255577,-76.98072444
166.55,-68.97123036,-76.96451948
166.56,-68.94991656,-76.9482965
166.57,-68.928608,-76.9320611
166.58,-68.90730478,-76.91580221
166.59,-68.88601448,-76.89953175
166.6,-68.86472837,-76.88324514
166.61,-68.84345476,-76.86694006
166.62,-68.82218584,-76.85062191
166.63,-68.80092963,-76.83428669
166.64,-68.77967807,-76.81793241
166.65,-68.75843168,-76.80156553
166.66,-68.73719753,-76.78519049
166.67,-68.71596844,-76.76879688
166.68,-68.69475221,-76.75239083
166.69,-68.67354759,-76.73597286
166.7,-68.65234789,-76.71953851
166.71,-68.63115432,-76.70308188
166.72,-68.60997954,-76.68661286
166.73,-68.58880905,-76.67013402
166.74,-68.56763924,-76.6536359
166.75,-68.54648751,-76.63712514
166.76,-68.52534127,-76.62060728
166.77,-68.50420112,-76.60406847
166.78,-68.48306634,-76.58752063
166.79,-68.46195075,-76.57095974
166.8,-68.44083375,-76.55438515
166.81,-68.41972978,-76.53779637
166.82,-68.3986366,-76.52119716
166.83,-68.37755028,-76.50458807
166.84,-68.35646816,-76.4879625
166.85,-68.33539966,-76.47132666
166.86,-68.31434394,-76.45467925
166.87,-68.29329351,-76.43801461
166.88,-68.27225581,-76.4213451
166.89,-68.25122246,-76.40465651
166.9,-68.23020346,-76.38795663
166.91,-68.20919598,-76.37125466
166.92,-68.18819469,-76.35453571
166.93,-68.16719892,-76.33780859
166.94,-68.14622318,-76.32107143
166.95,-68.12524563,-76.30432166
166.96,-68.10428144,-76.2875586
166.97,-68.08332964,-76.27078687
166.98,-68.06238314,-76.25400558
166.99,-68.0414427,-76.23721551
167,-68.02051455,-76.22041697
167.01,-67.99959981,-76.20360309
167.02,-67.97869042,-76.18677627
167.03,-67.95778796,-76.1699455
167.04,-67.93689763,-76.15310546
167.05,-67.91601961,-76.13625305
167.06,-67.895154,-76.11938894
167.07,-67.87429482,-76.10251358
167.08,-67.85344846,-76.08563915
167.09,-67.83261508,-76.06875615
167.1,-67.81178039,-76.05185833
167.11,-67.79096017,-76.03495498
167.12,-67.77015097,-76.01804316
167.13,-67.74935574,-76.00112259
167.14,-67.72856586,-75.98419608
167.15,-67.70778934,-75.96726055
167.16,-67.68701857,-75.95032069
167.17,-67.6662617,-75.93337051
167.18,-67.64550975,-75.91640956
167.19,-67.62477715,-75.89944617
167.2,-67.60405175,-75.88247126
167.21,-67.58333253,-75.86549239
167.22,-67.56262599,-75.84850623
167.23,-67.54192552,-75.83151321
167.24,-67.52123884,-75.81451712
167.25,-67.50055754,-75.7975097
167.26,-67.47989035,-75.7804995
167.27,-67.45923512,-75.7634765
167.28,-67.43858608,-75.74645357
167.29,-67.41795026,-75.72942497
167.3,-67.39732132,-75.71238827
167.31,-67.37670494,-75.69534693
167.32,-67.35609442,-75.67829672
167.33,-67.33549683,-75.66124394
167.34,-67.31490672,-75.64418263
167.35,-67.29433662,-75.62711815
167.36,-67.27377932,-75.61004772
167.37,-67.25322088,-75.59297314
167.38,-67.23267538,-75.57589443
167.39,-67.21214407,-75.55881269
167.4,-67.19161945,-75.54171761
167.41,-67.17111448,-75.52462806
167.42,-67.15060919,-75.50753597
167.43,-67.13010988,-75.4904337
167.44,-67.10963092,-75.47332741
167.45,-67.08915841,-75.45622282
167.46,-67.06869911,-75.43911
167.47,-67.0482466,-75.42199441
167.48,-67.02780601,-75.40487901
167.49,-67.00737981,-75.3877621
167.5,-66.98695912,-75.370639
167.51,-66.96654632,-75.35350594
167.52,-66.94615233,-75.33636814
167.53,-66.92575921,-75.31922969
167.54,-66.90537875,-75.3020931
167.55,-66.88501114,-75.28495614
167.56,-66.86465094,-75.26781072
167.57,-66.84430411,-75.25066422
167.58,-66.8239702,-75.23351515
167.59,-66.80363559,-75.21636207
167.6,-66.78331621,-75.19920952
167.61,-66.76301502,-75.18206066
167.62,-66.74271488,-75.16490207
167.63,-66.72242781,-75.14774574
167.64,-66.70215374,-75.13059021
167.65,-66.68188634,-75.11343025
167.66,-66.66162646,-75.09627022
167.67,-66.64138661,-75.07911028
167.68,-66.62115218,-75.06195449
167.69,-66.60092563,-75.044788
167.7,-66.58071214,-75.0276219
167.71,-66.56050566,-75.01045361
167.72,-66.54031287,-74.9932891
167.73,-66.52013287,-74.97612418
167.74,-66.49995903,-74.95895453
167.75,-66.47979261,-74.94178929
167.76,-66.45963948,-74.9246225
167.77,-66.43949367,-74.90746149
167.78,-66.41935499,-74.89029432
167.79,-66.39922922,-74.87312846
167.8,-66.37910963,-74.85596617
167.81,-66.35899726,-74.83880675
167.82,-66.33889812,-74.82164501
167.83,-66.31881345,-74.80447832
167.84,-66.29873455,-74.78731895
167.85,-66.27866984,-74.77015804
167.86,-66.25861211,-74.75299444
167.87,-66.23856098,-74.73583569
167.88,-66.21852277,-74.71867716
167.89,-66.1984985,-74.7015191
167.9,-66.17848197,-74.68436557
167.91,-66.15847146,-74.66720983
167.92,-66.13847407,-74.65005754
167.93,-66.11849134,-74.63291287
167.94,-66.09850841,-74.61576898
167.95,-66.07853804,-74.59862151
167.96,-66.05857463,-74.58147733
167.97,-66.03861965,-74.56433313
167.98,-66.01866968,-74.54719139
167.99,-65.99874127,-74.53005564
168,-65.97881324,-74.51292295
168.01,-65.95889171,-74.4957908
168.02,-65.93899091,-74.47866138
168.03,-65.91909618,-74.46153232
168.04,-65.89920896,-74.44440998
168.05,-65.87932849,-74.42729097
168.06,-65.85946109,-74.41016964
168.07,-65.8396016,-74.39304922
168.08,-65.8197483,-74.375934
168.09,-65.79990167,-74.35882487
168.1,-65.78006231,-74.34171971
168.11,-65.7602432,-74.32461879
168.12,-65.74041805,-74.30751876
168.13,-65.72061364,-74.29042177
168.14,-65.7008093,-74.27333535
168.15,-65.68101186,-74.25624795
168.16,-65.6612273,-74.23916255
168.17,-65.64145623,-74.22208796
168.18,-65.62169299,-74.20501442
168.19,-65.60193598,-74.18793709
168.2,-65.58218671,-74.17087103
168.21,-65.56245148,-74.15380947
168.22,-65.54271581,-74.13675685
168.23,-65.52298745,-74.11970078
168.24,-65.50327214,-74.10265652
168.25,-65.48356424,-74.08561267
168.26,-65.46386328,-74.06857706
168.27,-65.44417001,-74.05153895
168.28,-65.42448348,-74.03451191
168.29,-65.40480972,-74.01748997
168.3,-65.38514412,-74.00047292
168.31,-65.36548474,-73.98345877
168.32,-65.34583226,-73.96645039
168.33,-65.32618089,-73.94943931
168.34,-65.30654828,-73.93243771
168.35,-65.28691703,-73.91544311
168.36,-65.26729235,-73.89845698
168.37,-65.24767543,-73.88147907
168.38,-65.22806651,-73.86450397
168.39,-65.20846368,-73.84753834
168.4,-65.1888676,-73.83057336
168.41,-65.16927744,-73.81361203
168.42,-65.14969537,-73.79666248
168.43,-65.1301203,-73.77971469
168.44,-65.11055175,-73.76277608
168.45,-65.09099066,-73.74583385
168.46,-65.07143658,-73.72890287
168.47,-65.05188276,-73.7119843
168.48,-65.03234257,-73.69506563
168.49,-65.01280964,-73.67815777
168.5,-64.99328344,-73.66125574
168.51,-64.97375762,-73.64435826
168.52,-64.95424553,-73.62746819
168.53,-64.93473378,-73.61058092
168.54,-64.91522891,-73.59370622
168.55,-64.89573836,-73.5768433
168.56,-64.87624762,-73.55998095
168.57,-64.85676351,-73.54312884
168.58,-64.8372737,-73.52628276
168.59,-64.81780341,-73.50944172
168.6,-64.798327,-73.49260304
168.61,-64.77886475,-73.47576944
168.62,-64.75940918,-73.45895563
168.63,-64.73995458,-73.44214053
168.64,-64.72050697,-73.42533547
168.65,-64.70105894,-73.40853547
168.66,-64.68161857,-73.39174595
168.67,-64.6621849,-73.37496253
168.68,-64.64275725,-73.35818773
168.69,-64.62333075,-73.34141476
168.7,-64.60391113,-73.32464813
168.71,-64.5844915,-73.30789678
168.72,-64.56507913,-73.29115014
168.73,-64.54566787,-73.27441562
168.74,-64.52626246,-73.25768603
168.75,-64.50686372,-73.24096228
168.76,-64.48747314,-73.22424577
168.77,-64.46808233,-73.20753492
168.78,-64.44869922,-73.19083512
168.79,-64.42931468,-73.17414324
168.8,-64.40993174,-73.15746031
168.81,-64.39056251,-73.14078262
168.82,-64.37118739,-73.12411123
168.83,-64.35181786,-73.10745149
168.84,-64.33244867,-73.09080107
168.85,-64.31308619,-73.07415377
168.86,-64.2937181,-73.05752157
168.87,-64.27435665,-73.04089264
168.88,-64.25500241,-73.02427426
168.89,-64.2356411,-73.00766242
168.9,-64.21628612,-72.99106089
168.91,-64.19693882,-72.97446464
168.92,-64.17759217,-72.95787823
168.93,-64.15825227,-72.94130736
168.94,-64.13891223,-72.92474395
168.95,-64.11957285,-72.90817815
168.96,-64.10022634,-72.89162659
168.97,-64.08088694,-72.87508336
168.98,-64.06155518,-72.85854688
168.99,-64.04221695,-72.84202622
169,-64.02288475,-72.82550595
169.01,-64.00355245,-72.80900066
169.02,-63.98421444,-72.79249988
169.03,-63.96488287,-72.7760042
169.04,-63.94555157,-72.7595201
169.05,-63.92622757,-72.7430417
169.06,-63.90690322,-72.72657815
169.07,-63.88757246,-72.71011943
169.08,-63.86824062,-72.69366761
169.09,-63.84891059,-72.67722949
169.1,-63.82958022,-72.66080265
169.11,-63.8102431,-72.64437724
169.12,-63.79091326,-72.62796671
169.13,-63.77157627,-72.61156005
169.14,-63.75224645,-72.59515997
169.15,-63.73291589,-72.57876883
169.16,-63.71357891,-72.5623918
169.17,-63.69424218,-72.54601854
169.18,-63.67489972,-72.52965788
169.19,-63.65556295,-72.51330514
169.2,-63.63622007,-72.49696182
169.21,-63.61687764,-72.4806308
169.22,-63.59753468,-72.46430759
169.23,-63.57819126,-72.44798851
169.24,-63.55883528,-72.43167214
169.25,-63.53947874,-72.41536706
169.26,-63.52011606,-72.39908067
169.27,-63.50076636,-72.38279881
169.28,-63.48140256,-72.36652777
169.29,-63.46204039,-72.35026565
169.3,-63.44267794,-72.33400282
169.31,-63.42330781,-72.31775673
169.32,-63.40393095,-72.30152098
169.33,-63.3845541,-72.28528688
169.34,-63.36517115,-72.26906684
169.35,-63.34577425,-72.25285654
169.36,-63.32638352,-72.23665592
169.37,-63.30698007,-72.22046178
169.38,-63.28757663,-72.20427603
169.39,-63.26817268,-72.1881006
169.4,-63.24875594,-72.17193744
169.41,-63.2293382,-72.15577065
169.42,-63.20991303,-72.13961738
169.43,-63.19048196,-72.12347475
169.44,-63.17105094,-72.10733815
169.45,-63.15161214,-72.09121132
169.46,-63.13216702,-72.07509384
169.47,-63.1127086,-72.05898277
169.48,-63.09324324,-72.04288355
169.49,-63.07377748,-72.02679538
169.5,-63.05429808,-72.01071356
169.51,-63.03481766,-71.99464267
169.52,-63.01532396,-71.97857597
169.53,-62.99583017,-71.96252188
169.54,-62.97631685,-71.94647561
169.55,-62.95679559,-71.93043432
169.56,-62.93726761,-71.91440249
169.57,-62.91773281,-71.89838692
169.58,-62.89819003,-71.88237946
169.59,-62.87863371,-71.86637029
169.6,-62.85906425,-71.85037725
169.61,-62.8394949,-71.83438549
169.62,-62.81991125,-71.81840437
169.63,-62.80032047,-71.80243547
169.64,-62.78071512,-71.78646887
169.65,-62.76110406,-71.77050864
169.66,-62.74147875,-71.75456288
169.67,-62.72184554,-71.73861799
169.68,-62.70219895,-71.7226801
169.69,-62.68253901,-71.70675671
169.7,-62.662871,-71.69084122
169.71,-62.64318293,-71.67493613
169.72,-62.62348771,-71.65903453
169.73,-62.60377829,-71.6431476
169.74,-62.58405423,-71.62726191
169.75,-62.56432427,-71.61137559
169.76,-62.54457236,-71.59550776
169.77,-62.52480704,-71.57964933
169.78,-62.5050336,-71.56379591
169.79,-62.48523978,-71.54795004
169.8,-62.46543243,-71.53210474
169.81,-62.44560434,-71.51627864
169.82,-62.42576218,-71.50045153
169.83,-62.40590583,-71.48463248
169.84,-62.38603569,-71.46882613
169.85,-62.36615126,-71.45302509
169.86,-62.34624584,-71.43723594
169.87,-62.3263254,-71.42145115
169.88,-62.30638403,-71.40567067
169.89,-62.28642881,-71.38989868
169.9,-62.26645964,-71.37412879
169.91,-62.24646962,-71.35836751
169.92,-62.22645858,-71.34262203
169.93,-62.20643389,-71.32688008
169.94,-62.18638715,-71.31114033
169.95,-62.16631966,-71.295402
169.96,-62.14622458,-71.27967369
169.97,-62.12611491,-71.26395526
169.98,-62.10598358,-71.2482419
169.99,-62.08583144,-71.23253501
170,-62.06565818,-71.21683663
170.01,-62.04546359,-71.20113851
170.02,-62.02524883,-71.1854525
170.03,-62.00501244,-71.16977327
170.04,-61.98474858,-71.15409451
170.05,-61.96446317,-71.13842675
170.06,-61.94415522,-71.12276288
170.07,-61.92382618,-71.10710302
170.08,-61.90347013,-71.09145005
170.09,-61.88308578,-71.07580341
170.1,-61.86267278,-71.06016136
170.11,-61.84223924,-71.04451926
170.12,-61.8217833,-71.02888679
170.13,-61.80129277,-71.01325807
170.14,-61.78077735,-70.99763541
170.15,-61.76023737,-70.98201996
170.16,-61.73966907,-70.96641034
170.17,-61.71907281,-70.95080036
170.18,-61.69844523,-70.93519099
170.19,-61.67779147,-70.91958773
170.2,-61.65711062,-70.90399742
170.21,-61.6364003,-70.88840899
170.22,-61.61565447,-70.87282818
170.23,-61.59487392,-70.85724912
170.24,-61.5740656,-70.84167031
170.25,-61.55321844,-70.8260994
170.26,-61.53233967,-70.81052955
170.27,-61.51143248,-70.79496543
170.28,-61.49049306,-70.77940029
170.29,-61.46951848,-70.76383566
170.3,-61.44850442,-70.74827685
170.31,-61.42745483,-70.73272352
170.32,-61.40637323,-70.71717736
170.33,-61.38525617,-70.70162915
170.34,-61.36409808,-70.68609094
170.35,-61.34290916,-70.67055611
170.36,-61.32167699,-70.6550102
170.37,-61.30040794,-70.63947511
170.38,-61.27909754,-70.62394226
170.39,-61.25774385,-70.6084092
170.4,-61.23635123,-70.59287424
170.41,-61.21491804,-70.57734395
170.42,-61.19344147,-70.56181901
170.43,-61.17192803,-70.54629668
170.44,-61.15036818,-70.53078071
170.45,-61.12876524,-70.51525622
170.46,-61.10711403,-70.49973184
170.47,-61.08542025,-70.48421787
170.48,-61.0636836,-70.46869757
170.49,-61.04190035,-70.45317948
170.5,-61.02006829,-70.43766542
170.51,-60.99818985,-70.42215151
170.52,-60.97626097,-70.40663578
170.53,-60.95427892,-70.39112045
170.54,-60.93224777,-70.37560289
170.55,-60.91016938,-70.36009302
170.56,-60.88803632,-70.34457989
170.57,-60.86585468,-70.32906346
170.58,-60.8436139,-70.31354455
170.59,-60.82132319,-70.29802623
170.6,-60.79897714,-70.2825068
170.61,-60.77657604,-70.26698813
170.62,-60.75411584,-70.25147103
170.63,-60.73159545,-70.23595118
170.64,-60.70902098,-70.22043219
170.65,-60.68638887,-70.20490852
170.66,-60.66368978,-70.18938526
170.67,-60.64093408,-70.17386248
170.68,-60.61811454,-70.15832363
170.69,-60.59523435,-70.1427939
170.7,-60.57228734,-70.12725477
170.71,-60.54927597,-70.11171928
170.72,-60.52620371,-70.09617183
170.73,-60.50306119,-70.08062097
170.74,-60.47985112,-70.06506943
170.75,-60.45656946,-70.04950999
170.76,-60.43321678,-70.03394857
170.77,-60.40979297,-70.01838407
170.78,-60.38629849,-70.00281848
170.79,-60.36273629,-69.98724693
170.8,-60.33909551,-69.97166912
170.81,-60.31538049,-69.95608226
170.82,-60.29158692,-69.9404969
170.83,-60.26771559,-69.92490747
170.84,-60.24376267,-69.90930546
170.85,-60.21973099,-69.89370233
170.86,-60.19562063,-69.87808831
170.87,-60.17142196,-69.86246863
170.88,-60.14714426,-69.84684499
170.89,-60.12277839,-69.83120737
170.9,-60.09832729,-69.81556339
170.91,-60.07378716,-69.79991071
170.92,-60.04915737,-69.78425171
170.93,-60.02443619,-69.76858675
170.94,-59.99962242,-69.75291668
170.95,-59.97471191,-69.73723619
170.96,-59.94970304,-69.72154219
170.97,-59.9245977,-69.70584142
170.98,-59.89939529,-69.69013184
170.99,-59.87409358,-69.67440431
171,-59.84869274,-69.65867281
171.01,-59.82318845,-69.64292958
171.02,-59.79758362,-69.62717235
171.03,-59.77187278,-69.61140675
171.04,-59.74605111,-69.59562654
171.05,-59.72011661,-69.57983806
171.06,-59.69407096,-69.56403851
171.07,-59.66791197,-69.54822189
171.08,-59.64163872,-69.53238755
171.09,-59.61524871,-69.51654153
171.1,-59.58873762,-69.50068804
171.11,-59.56210901,-69.48481657
171.12,-59.535355,-69.46893012
171.13,-59.50847714,-69.4530256
171.14,-59.4814775,-69.43710258
171.15,-59.45435002,-69.42116706
171.16,-59.42709036,-69.40521532
171.17,-59.39969572,-69.38925339
171.18,-59.37216261,-69.37327543
171.19,-59.34449123,-69.35727394
171.2,-59.3166806,-69.34126053
171.21,-59.28872503,-69.32522192
171.22,-59.26062861,-69.30917261
171.23,-59.23238777,-69.29309724
171.24,-59.2039931,-69.27700604
171.25,-59.17544257,-69.26088869
171.26,-59.14673853,-69.24475736
171.27,-59.1178784,-69.22860167
171.28,-59.08885689,-69.2124241
171.29,-59.05967268,-69.19622232
171.3,-59.03032103,-69.18000379
171.31,-59.00080217,-69.16376388
171.32,-58.97111228,-69.14748774
171.33,-58.94124447,-69.13119641
171.34,-58.91120159,-69.11488127
171.35,-58.88097441,-69.09853545
171.36,-58.85056223,-69.08217274
171.37,-58.81997151,-69.06577968
171.38,-58.7891854,-69.04936374
171.39,-58.75820739,-69.03292069
171.4,-58.72703013,-69.01644302
171.41,-58.6956497,-68.99993739
171.42,-58.66405998,-68.98340795
171.43,-58.63226588,-68.96683788
171.44,-58.6002562,-68.95024649
171.45,-58.56802929,-68.93361992
171.46,-58.53558499,-68.91696997
171.47,-58.50291645,-68.900277
171.48,-58.47002027,-68.883554
171.49,-58.43689217,-68.86679947
171.5,-58.40352363,-68.85000326
171.51,-58.3699091,-68.83317489
171.52,-58.33605216,-68.81631282
171.53,-58.30194555,-68.79941168
171.54,-58.26757733,-68.78247588
171.55,-58.23295272,-68.76550665
171.56,-58.19806329,-68.74849499
171.57,-58.16290139,-68.7314417
171.58,-58.12746122,-68.71435268
171.59,-58.09174106,-68.69721097
171.6,-58.05573232,-68.6800321
171.61,-58.01943242,-68.66280729
171.62,-57.98283367,-68.64554256
171.63,-57.94592907,-68.62823266
171.64,-57.90871199,-68.61087442
171.65,-57.87118156,-68.59347824
171.66,-57.83332501,-68.5760234
171.67,-57.79514383,-68.55852108
171.68,-57.7566251,-68.5409703
171.69,-57.71775849,-68.52336496
171.7,-57.67854649,-68.50570897
171.71,-57.63897035,-68.48800921
171.72,-57.59903054,-68.47024606
171.73,-57.55872074,-68.45243448
171.74,-57.51802466,-68.43456583
171.75,-57.47694365,-68.41663652
171.76,-57.43546888,-68.39864967
171.77,-57.39358199,-68.38059668
171.78,-57.35127954,-68.36248879
171.79,-57.30856133,-68.34432052
171.8,-57.26540707,-68.32608483
171.81,-57.2218114,-68.30778991
171.82,-57.1777618,-68.28942171
171.83,-57.13325449,-68.27099035
171.84,-57.08827216,-68.2524864
171.85,-57.04280651,-68.23391528
171.86,-56.99684749,-68.21526909
171.87,-56.95038163,-68.19654824
171.88,-56.9034029,-68.17775583
171.89,-56.85589387,-68.15888454
171.9,-56.8078454,-68.13994064
171.91,-56.75924592,-68.12091505
171.92,-56.71007632,-68.10180689
171.93,-56.66033193,-68.08261172
171.94,-56.60998929,-68.06333097
171.95,-56.55904295,-68.04397541
171.96,-56.50747305,-68.02452223
171.97,-56.45526833,-68.00498154
171.98,-56.40241499,-67.98534736
171.99,-56.34889565,-67.96562557
172,-56.2946859,-67.94580245
172.01,-56.23977781,-67.9258797
172.02,-56.18414813,-67.90585246
172.03,-56.12778483,-67.88572226
172.04,-56.07066969,-67.86549264
172.05,-56.01278344,-67.84515908
172.06,-55.95409862,-67.82470852
172.07,-55.89460199,-67.80414922
172.08,-55.83426729,-67.78347772
172.09,-55.77307952,-67.76268803
172.1,-55.71101174,-67.74178161
172.11,-55.64804212,-67.72074754
172.12,-55.58414804,-67.69959701
172.13,-55.51930382,-67.67831121
172.14,-55.45348403,-67.65690381
172.15,-55.38665474,-67.63535843
172.16,-55.31879282,-67.61367766
172.17,-55.24987424,-67.59185624
172.18,-55.17986498,-67.56989484
172.19,-55.1087372,-67.54779106
172.2,-55.03645785,-67.52553522
172.21,-54.96300281,-67.50313151
172.22,-54.88833044,-67.48057185
172.23,-54.81240315,-67.45784657
172.24,-54.7351882,-67.43495957
172.25,-54.65664732,-67.41190077
172.26,-54.57673876,-67.38867647
172.27,-54.49542455,-67.36527724
172.28,-54.41266208,-67.34169704
172.29,-54.32840768,-67.31794221
172.3,-54.24262251,-67.29399437
172.31,-54.15525125,-67.26985092
172.32,-54.06624746,-67.24551374
172.33,-53.97556081,-67.22097267
172.34,-53.88313501,-67.19622168
172.35,-53.78891923,-67.17126525
172.36,-53.69285093,-67.14609221
172.37,-53.59487882,-67.12068946
172.38,-53.49493619,-67.09505856
172.39,-53.39295796,-67.06919426
172.4,-53.28888103,-67.04309822
172.41,-53.18263479,-67.01675197
172.42,-53.07413949,-66.99015249
172.43,-52.96332564,-66.96329501
172.44,-52.85011498,-66.93617199
172.45,-52.73441967,-66.90877438
172.46,-52.61616251,-66.88109744
172.47,-52.49524468,-66.85313148
172.48,-52.3715798,-66.8248715
172.49,-52.24506359,-66.79631067
172.5,-52.11559786,-66.7674336
172.51,-51.98307003,-66.73823703
172.52,-51.84737239,-66.70871632
172.53,-51.7083941,-66.67885107
172.54,-51.56600681,-66.64864077
172.55,-51.42008588,-66.61807699
172.56,-51.27049107,-66.5871413
172.57,-51.11709099,-66.55582942
172.58,-50.95973359,-66.52412677
172.59,-50.79826588,-66.49202484
172.6,-50.63252959,-66.45951437
172.61,-50.46235393,-66.4265792
172.62,-50.28755979,-66.3932064
172.63,-50.10796878,-66.35938186
172.64,-49.92337922,-66.32509852
172.65,-49.73359031,-66.29033622
172.66,-49.53838768,-66.25508011
172.67,-49.33754558,-66.21932392
172.68,-49.1308296,-66.18304272
172.69,-48.91798948,-66.14622442
172.7,-48.69875871,-66.10883846
172.71,-48.47286801,-66.07087959
172.72,-48.24002703,-66.03232682
172.73,-47.9999356,-65.99316701
172.74,-47.75227613,-65.95337641
172.75,-47.49671055,-65.91292767
172.76,-47.23288674,-65.8718077
172.77,-46.96043105,-65.82998093
172.78,-46.67895202,-65.787434
172.79,-46.38804253,-65.74413847
172.8,-46.08727245,-65.70007103
172.81,-45.77617888,-65.65520118
172.82,-45.45428643,-65.60950164
172.83,-45.12109145,-65.56293815
172.84,-44.77606637,-65.51548738
172.85,-44.41865935,-65.46711103
172.86,-44.04827689,-65.41777149
172.87,-43.6643097,-65.36743955
172.88,-43.26611135,-65.31607002
172.89,-42.85300922,-65.26363691
172.9,-42.42429222,-65.21008674
172.91,-41.97921859,-65.15537523
172.92,-41.51702589,-65.09945866
172.93,-41.03689168,-65.04229289
172.94,-40.53797345,-64.98382715
172.95,-40.01938851,-64.92400655
172.96,-39.48022365,-64.86277278
172.97,-38.9195334,-64.80006186
172.98,-38.33633666,-64.73581511
172.99,-37.7296257,-64.66996743
173,-37.09836107,-64.6024486
173.01,-36.44147729,-64.53319291
173.02,-35.75790536,-64.46211926
173.03,-35.04654632,-64.38913243
173.04,-34.3062954,-64.31415836
173.05,-33.5360633,-64.23710232
173.06,-32.73476373,-64.15786892
173.07,-31.90133968,-64.07635663
173.08,-31.03477804,-63.9924545
173.09,-30.13411847,-63.90604436
173.1,-29.19847718,-63.81700794
173.11,-28.22707061,-63.72521312
173.12,-27.21924637,-63.63051518
173.13,-26.17450402,-63.53277468
173.14,-25.09252192,-63.43184162
173.15,-23.97320141,-63.3275427
173.16,-22.81669953,-63.21970651
173.17,-21.62345877,-63.10814006
173.18,-20.39426158,-62.99264778
173.19,-19.13025476,-62.87301628
173.2,-17.83299368,-62.74902582
173.21,-16.50447446,-62.62043357
173.22,-15.14715843,-62.48698105
173.23,-13.76399959,-62.3483987
173.24,-12.35844837,-62.204401
173.25,-10.93445943,-62.0546719
173.26,-9.496474511,-61.89887696
173.27,-8.049393327,-61.73667874
173.28,-6.598528006,-61.5676967
173.29,-5.14954155,-61.39152753
173.3,-3.708380119,-61.20775099
173.31,-2.281164833,-61.01591739
173.32,-0.8741012208,-60.81554354
173.33,0.5066283156,-60.60611583
173.34,1.85498429,-60.38709097
173.35,3.165173199,-60.1578929
173.36,4.43175726,-59.91789856
173.37,5.649750416,-59.66644684
173.38,6.814689295,-59.40285097
173.39,7.92270749,-59.1263559
173.4,8.97056757,-58.83617782
173.41,9.955696127,-58.53147772
173.42,10.87618148,-58.21136504
173.43,11.73076092,-57.87488538
173.44,12.51879459,-57.52103576
173.45,13.24021904,-57.14874222
173.46,13.89549793,-56.75687287
173.47,14.48556394,-56.34420553
173.48,15.01175153,-55.90945719
173.49,15.47573404,-55.45125103
173.5,15.87946104,-54.96813151
173.51,16.22510057,-54.45853942
173.52,16.51498244,-53.9208241
173.53,16.75154526,-53.35321474
173.54,16.93729715,-52.75383473
173.55,17.07476706,-52.12067271
173.56,17.16648346,-51.45157884
173.57,17.2149413,-50.7442583
173.58,17.22258664,-49.9962703
173.59,17.1917953,-49.20499456
173.6,17.12486147,-48.36762755
173.61,17.023987,-47.48118442
173.62,16.89128537,-46.54247393
173.63,16.72876096,-45.54807928
173.64,16.53832343,-44.4943684
173.65,16.32177776,-43.37746647
173.66,16.08083761,-42.19325832
173.67,15.81711347,-40.9373914
173.68,15.5321266,-39.60527291
173.69,15.22730586,-38.1920967
173.7,14.90399497,-36.6928625
173.71,14.56346479,-35.10242273
173.72,14.20690056,-33.41555704
173.73,13.83541768,-31.62707129
173.74,13.45006538,-29.73194347
173.75,13.05183352,-27.72550446
173.76,12.64164883,-25.60367961
173.77,12.22037781,-23.36331963
173.78,11.78883242,-21.00258139
173.79,11.34778543,-18.521397
173.8,10.89795177,-15.92201873
173.81,10.44000827,-13.20960907
173.82,9.974591359,-10.39284266
173.83,9.502302177,-7.484465853
173.84,9.02370366,-4.501723129
173.85,8.539318646,-1.466568597
173.86,8.049649687,1.594465054
173.87,7.55516426,4.650790189
173.88,7.056300783,7.668752077
173.89,6.553477862,10.61305469
173.9,6.047086329,13.44852454
173.91,5.537492326,16.14206534
173.92,5.025042982,18.66454872
173.93,4.510066129,20.99245183
173.94,3.992867486,23.10899558
173.95,3.473732557,25.00469498
173.96,2.952932533,26.67725933
173.97,2.430728083,28.13094321
173.98,1.907365642,29.37546715
173.99,1.383065546,30.42469793
174,0.8580449597,31.29524852
174.01,0.3325052754,32.00518372
174.02,-0.1933668014,32.57289474
174.03,-0.7193852041,33.01623261
174.04,-1.245385757,33.35188599
174.05,-1.771212974,33.59501079
174.06,-2.296715499,33.75901658
174.07,-2.821755518,33.85555777
174.08,-3.346199372,33.89458627
174.09,-3.869927236,33.88449987
174.1,-4.39282766,33.83230306
174.11,-4.914784528,33.74380481
174.12,-5.435701924,33.62379106
174.13,-5.955486842,33.4761841
174.14,-6.474045841,33.30420965
174.15,-6.991301615,33.11051389
174.16,-7.507180198,32.89727912
174.17,-8.021606221,32.66629923
174.18,-8.534511644,32.41908593
174.19,-9.045840239,32.15689578
174.2,-9.555532062,31.8807959
174.21,-10.06354049,31.59169549
174.22,-10.56981797,31.29038679
174.23,-11.07432283,30.97756139
174.24,-11.57701119,30.65382572
174.25,-12.07784623,30.31972813
174.26,-12.57679785,29.97576661
174.27,-13.07383849,29.62238922
174.28,-13.56893985,29.2600119
174.29,-14.06207715,28.88902344
174.3,-14.55323458,28.5097894
174.31,-15.0423917,28.1226547
174.32,-15.52953497,27.72794232
174.33,-16.01465114,27.32596538
174.34,-16.4977292,26.91701961
174.35,-16.97875901,26.50139143
174.36,-17.45773322,26.07936412
174.37,-17.93465216,25.65119824
174.38,-18.40950672,25.21715684
174.39,-18.88230314,24.77749061
174.4,-19.35304029,24.3324434
174.41,-19.8217238,23.88225064
174.42,-20.28835705,23.42714675
174.43,-20.75294507,22.9673577
174.44,-21.21549943,22.50309701
174.45,-21.67602815,22.03458224
174.46,-22.13454303,21.56202571
174.47,-22.59105624,21.08562896
174.48,-23.04558987,20.60559081
174.49,-23.49815288,20.12209656
174.5,-23.94876087,19.6353414
174.51,-24.39743698,19.14550939
174.52,-24.84419835,18.65277393
174.53,-25.28906686,18.15731836
174.54,-25.73207017,17.6593061
174.55,-26.17323184,17.1588964
174.56,-26.6125832,16.65625542
174.57,-27.05014658,16.15153561
174.58,-27.48595339,15.64489001
174.59,-27.9200377,15.13646475
174.6,-28.35242305,14.62639966
174.61,-28.78315191,14.11483192
174.62,-29.21226085,13.6018974
174.63,-29.63978941,13.08772031
174.64,-30.06576871,12.57242619
174.65,-30.49024741,12.0561317
174.66,-30.91326653,11.53895322
174.67,-31.33487229,11.02101076
174.68,-31.75511172,10.5024118
174.69,-32.17403431,9.983257057
174.7,-32.5916913,9.463651207
174.71,-33.00813031,8.943692103
174.72,-33.42340791,8.423469963
174.73,-33.8375792,7.903075373
174.74,-34.2506976,7.382594422
174.75,-34.66283086,6.862114536
174.76,-35.07404328,6.341716686
174.77,-35.48439549,5.82147425
174.78,-35.89395132,5.301455529
174.79,-36.30278428,4.781730255
174.8,-36.7109592,4.262367686
174.81,-37.11854933,3.743431719
174.82,-37.52562918,3.224980176
174.83,-37.93227056,2.707071445
174.84,-38.33855186,2.189760882
174.85,-38.74455063,1.673100946
174.86,-39.15034914,1.15713675
174.87,-39.55602861,0.6419197164
174.88,-39.96167185,0.1274963042
174.89,-40.3673558,-0.386100207
174.9,-40.77317731,-0.8988200382
174.91,-41.17921227,-1.410636429
174.92,-41.58555284,-1.921509585
174.93,-41.99228787,-2.431410123
174.94,-42.39950992,-2.940306161
174.95,-42.80730292,-3.448170078
174.96,-43.21575533,-3.954972219
174.97,-43.62495554,-4.460695158
174.98,-44.03499204,-4.965314322
174.99,-44.44595942,-5.468806896
175,-44.85793789,-5.971155905
175.01,-45.27102488,-6.472349843
175.02,-45.68530173,-6.972368875
175.03,-46.10084626,-7.471202739
175.04,-46.51774653,-7.968838123
175.05,-46.93607772,-8.465266664
175.06,-47.35591308,-8.960486626
175.07,-47.77732738,-9.454487156
175.08,-48.20038946,-9.947264322
175.09,-48.62516356,-10.43881562
175.1,-49.05170063,-10.92913759
175.11,-49.48005767,-11.41822964
175.12,-49.91027828,-11.90609362
175.13,-50.34239799,-12.39273262
175.14,-50.77644893,-12.87814917
175.15,-51.21245135,-13.36234763
175.16,-51.65041737,-13.84534109
175.17,-52.09035098,-14.32713204
175.18,-52.53223633,-14.80772992
175.19,-52.97606023,-15.28714698
175.2,-53.42177932,-15.76539508
175.21,-53.86934275,-16.24248869
175.22,-54.31869421,-16.71844313
175.23,-54.76974592,-17.19327297
175.24,-55.22241482,-17.66699827
175.25,-55.67657476,-18.13963834
175.26,-56.13209926,-18.61121236
175.27,-56.58883987,-19.08174673
175.28,-57.04662975,-19.55126514
175.29,-57.50527312,-20.01979412
175.3,-57.96456112,-20.48736123
175.31,-58.42427311,-20.95400129
175.32,-58.88415578,-21.4197445
175.33,-59.34393475,-21.88462911
175.34,-59.80332516,-22.34868739
175.35,-60.26202088,-22.81196201
175.36,-60.71968648,-23.27448227
175.37,-61.17597841,-23.73629822
175.38,-61.63052258,-24.19745553
175.39,-62.08294359,-24.65800524
175.4,-62.53284837,-25.11799873
175.41,-62.97983586,-25.57748565
175.42,-63.42348127,-26.0365266
175.43,-63.86337,-26.4951803
175.44,-64.29906642,-26.95351258
175.45,-64.73014415,-27.41159515
175.46,-65.1561753,-27.86949496
175.47,-65.57672858,-28.32728871
175.48,-65.99139118,-28.78505295
175.49,-66.39974823,-29.24287283
175.5,-66.80140962,-29.70084221
175.51,-67.19599077,-30.15904207
175.52,-67.58314436,-30.61758199
175.53,-67.96252404,-31.07656358
175.54,-68.33382827,-31.53609666
175.55,-68.69675469,-31.99629021
175.56,-69.05105766,-32.4572711
175.57,-69.3965001,-32.91916306
175.58,-69.73290256,-33.38210235
175.59,-70.06009152,-33.84622208
175.6,-70.37794102,-34.31167327
175.61,-70.68635462,-34.7786132
175.62,-70.98527891,-35.24720259
175.63,-71.27467572,-35.71760713
175.64,-71.55454354,-36.19000132
175.65,-71.82491353,-36.6645808
175.66,-72.08584911,-37.14153059
175.67,-72.33744204,-37.62105677
175.68,-72.57978766,-38.10337202
175.69,-72.81303705,-38.58868774
175.7,-73.03732886,-39.07723924
175.71,-73.25284406,-39.56926225
175.72,-73.45977308,-40.06499901
175.73,-73.65831452,-40.56470214
175.74,-73.84868673,-41.06864025
175.75,-74.03111383,-41.57708925
175.76,-74.20582547,-42.0903252
175.77,-74.3730525,-42.60864026
175.78,-74.53303707,-43.13232997
175.79,-74.68602536,-43.66169701
175.8,-74.83226763,-44.19704491
175.81,-74.97198526,-44.73868967
175.82,-75.10543794,-45.28695363
175.83,-75.23285387,-45.84215044
175.84,-75.35447666,-46.40460222
175.85,-75.47052791,-46.97463538
175.86,-75.58122806,-47.55255748
175.87,-75.68680557,-48.13867847
175.88,-75.78747033,-48.73330441
175.89,-75.88341756,-49.33672168
175.9,-75.97486323,-49.94919902
175.91,-76.0619859,-50.5709901
175.92,-76.14498123,-51.20231767
175.93,-76.22401454,-51.84337421
175.94,-76.29926759,-52.4943163
175.95,-76.37089864,-53.15525375
175.96,-76.43906733,-53.8262435
175.97,-76.50392864,-54.50728832
175.98,-76.56561644,-55.19832237
175.99,-76.62427872,-55.89919783
176,-76.68003525,-56.60968786
176.01,-76.73301828,-57.32946507
176.02,-76.78334297,-58.0581025
176.03,-76.8311342,-58.7950569
176.04,-76.8764822,-59.53965956
176.05,-76.91950669,-60.29111089
176.06,-76.96030405,-61.0484802
176.07,-76.9989642,-61.8106831
176.08,-77.03557721,-62.57650164
176.09,-77.07022713,-63.34455424
176.1,-77.10299895,-64.11331483
176.11,-77.13396199,-64.8811309
176.12,-77.16319208,-65.64620867
176.13,-77.19076182,-66.40664739
176.14,-77.21673757,-67.16042786
176.15,-77.24117974,-67.90548014
176.16,-77.26415607,-68.63966406
176.17,-77.28570808,-69.36084294
176.18,-77.30590807,-70.06687869
176.19,-77.32479649,-70.75568843
176.2,-77.34243745,-71.42530029
176.21,-77.35885829,-72.07384728
176.22,-77.37411837,-72.69963946
176.23,-77.38824823,-73.30116586
176.24,-77.40129893,-73.87715959
176.25,-77.41329413,-74.42659384
176.26,-77.42428766,-74.94867511
176.27,-77.43431059,-75.44289743
176.28,-77.44338859,-75.90901089
176.29,-77.45156279,-76.34702559
176.3,-77.45886452,-76.75718186
176.31,-77.46531243,-77.13996046
176.32,-77.47093251,-77.49602014
176.33,-77.47577071,-77.82620439
176.34,-77.47982541,-78.13150209
176.35,-77.4831371,-78.41300812
176.36,-77.48572496,-78.67190648
176.37,-77.48761658,-78.90943697
176.38,-77.48882643,-79.12687468
176.39,-77.48937147,-79.32550506
176.4,-77.48928611,-79.50661121
176.41,-77.48857529,-79.67145341
176.42,-77.48726994,-79.82124835
176.43,-77.48537239,-79.95717301
176.44,-77.48291451,-80.08034327
176.45,-77.47989935,-80.19181423
176.46,-77.47635559,-80.29259357
176.47,-77.47229642,-80.38360242
176.48,-77.46773128,-80.46570678
176.49,-77.46268879,-80.53971328
176.5,-77.45716743,-80.60636493
176.51,-77.45119157,-80.66633863
176.52,-77.44478102,-80.72026142
176.53,-77.43793584,-80.76870095
176.54,-77.43067854,-80.81217664
176.55,-77.42302644,-80.85115363
176.56,-77.41498383,-80.88606427
176.57,-77.40656665,-80.9173099
176.58,-77.39778886,-80.94522712
176.59,-77.38865872,-80.97014316
176.6,-77.37919054,-80.99236097
176.61,-77.3693995,-81.01211709
176.62,-77.35929941,-81.02964704
176.63,-77.34889819,-81.0451723
176.64,-77.33819481,-81.0588875
176.65,-77.32721902,-81.07096436
176.66,-77.31597871,-81.08155227
176.67,-77.30447433,-81.09079632
176.68,-77.29271962,-81.09881071
176.69,-77.2807227,-81.10572421
176.7,-77.26849656,-81.11163297
176.71,-77.25604869,-81.11663235
176.72,-77.24339,-81.12080722
176.73,-77.23052391,-81.12422139
176.74,-77.21745982,-81.1269548
176.75,-77.20420964,-81.12906361
176.76,-77.19077479,-81.13060636
176.77,-77.17715856,-81.13162617
176.78,-77.16338638,-81.132176
176.79,-77.14944399,-81.13229212
176.8,-77.13534575,-81.13201236
176.81,-77.12110064,-81.13136952
176.82,-77.10671612,-81.13039318
176.83,-77.09218223,-81.12911337
176.84,-77.07752292,-81.12755235
176.85,-77.06273863,-81.12574235
176.86,-77.04783442,-81.1236906
176.87,-77.03280721,-81.1214135
176.88,-77.01766774,-81.11894409
176.89,-77.0024159,-81.11628781
176.9,-76.98706874,-81.11345271
176.91,-76.97161023,-81.11045936
176.92,-76.95606911,-81.10732175
176.93,-76.94042434,-81.10404252
176.94,-76.92469003,-81.10063764
176.95,-76.90886825,-81.09711299
176.96,-76.89296468,-81.09347231
176.97,-76.87697879,-81.08972952
176.98,-76.86090453,-81.08588632
176.99,-76.84476299,-81.08194986
177,-76.82854069,-81.07793266
177.01,-76.81225188,-81.07382923
177.02,-76.79589417,-81.06964738
177.03,-76.77946508,-81.06539093
177.04,-76.76297553,-81.06106798
177.05,-76.74642608,-81.05666815
177.06,-76.729817,-81.05221694
177.07,-76.71314915,-81.04770218
177.08,-76.6964141,-81.04312635
177.09,-76.67962293,-81.03849852
177.1,-76.6627794,-81.03382156
177.11,-76.64588351,-81.02908916
177.12,-76.6289363,-81.02430901
177.13,-76.61193699,-81.01948387
177.14,-76.59488056,-81.01460928
177.15,-76.5777803,-81.009697
177.16,-76.56063552,-81.00473065
177.17,-76.54344801,-80.99972867
177.18,-76.52621616,-80.99469087
177.19,-76.50893352,-80.98960561
177.2,-76.491609,-80.9844795
177.21,-76.47424159,-80.97932316
177.22,-76.45682921,-80.97412796
177.23,-76.43937476,-80.96889058
177.24,-76.42187752,-80.96362407
177.25,-76.40434486,-80.95832234
177.26,-76.38677567,-80.95298497
177.27,-76.36916473,-80.94761473
177.28,-76.35151794,-80.94220292
177.29,-76.33382878,-80.93675756
177.3,-76.31610388,-80.93128253
177.31,-76.29833865,-80.92577322
177.32,-76.28054342,-80.9202256
177.33,-76.26270904,-80.914656
177.34,-76.24485133,-80.90904627
177.35,-76.22695282,-80.90340792
177.36,-76.20901335,-80.89774354
177.37,-76.19104788,-80.89204445
177.38,-76.17304007,-80.88631448
177.39,-76.15499932,-80.88055567
177.4,-76.13693121,-80.8747633
177.41,-76.11882849,-80.8689412
177.42,-76.10069994,-80.86309271
177.43,-76.08253514,-80.8572104
177.44,-76.06433999,-80.85129494
177.45,-76.04611617,-80.84534972
177.46,-76.02785973,-80.83937111
177.47,-76.00956931,-80.83337254
177.48,-75.99125518,-80.82733582
177.49,-75.97290658,-80.82126887
177.5,-75.95452581,-80.81517272
177.51,-75.93611885,-80.80904836
177.52,-75.91768018,-80.80289203
177.53,-75.89922193,-80.7967042
177.54,-75.8807252,-80.7904827
177.55,-75.86220232,-80.78423598
177.56,-75.84364706,-80.77796242
177.57,-75.82505861,-80.77165736
177.58,-75.80644722,-80.76531254
177.59,-75.78780952,-80.75894499
177.6,-75.7691462,-80.75254266
177.61,-75.75045273,-80.74611322
177.62,-75.73173505,-80.73965333
177.63,-75.71298556,-80.73316234
177.64,-75.69421156,-80.72663946
177.65,-75.67540518,-80.72008521
177.66,-75.65658247,-80.7134999
177.67,-75.63772814,-80.70688814
177.68,-75.61884399,-80.70024459
177.69,-75.59993544,-80.69356935
177.7,-75.58100897,-80.6868685
177.71,-75.56205209,-80.68013603
177.72,-75.54305815,-80.6733725
177.73,-75.52404708,-80.66657408
177.74,-75.50500583,-80.65974464
177.75,-75.48594274,-80.6528833
177.76,-75.46685489,-80.64599254
177.77,-75.44774402,-80.63906689
177.78,-75.42860218,-80.63210906
177.79,-75.40944691,-80.62512309
177.8,-75.3902599,-80.61810335
177.81,-75.37104464,-80.61105998
177.82,-75.35180534,-80.60398174
177.83,-75.33254268,-80.59686891
177.84,-75.31326505,-80.589728
177.85,-75.29395028,-80.58255791
177.86,-75.27462083,-80.57534941
177.87,-75.25526897,-80.56811292
177.88,-75.23588733,-80.5608471
177.89,-75.21648408,-80.55355147
177.9,-75.19705202,-80.54622155
177.91,-75.17759851,-80.53886081
177.92,-75.15812193,-80.53146542
177.93,-75.13862367,-80.52403135
177.94,-75.11909763,-80.51657464
177.95,-75.09955666,-80.50908416
177.96,-75.07998697,-80.50155674
177.97,-75.06039741,-80.49400298
177.98,-75.04078415,-80.48641392
177.99,-75.02115019,-80.47878981
178,-75.0014885,-80.47113703
178.01,-74.9818134,-80.4634496
178.02,-74.96211441,-80.45572674
178.03,-74.94239633,-80.44797669
178.04,-74.92264339,-80.44018963
178.05,-74.90287711,-80.43236699
178.06,-74.88308874,-80.42451429
178.07,-74.86328151,-80.41662532
178.08,-74.84345203,-80.40871392
178.09,-74.82359575,-80.40076136
178.1,-74.8037261,-80.39277569
178.11,-74.78383615,-80.38475376
178.12,-74.76392484,-80.3767003
178.13,-74.74398871,-80.36861845
178.14,-74.72403044,-80.36049891
178.15,-74.70405201,-80.35234909
178.16,-74.68405598,-80.34416353
178.17,-74.66403094,-80.33594789
178.18,-74.64400079,-80.32769138
178.19,-74.62394376,-80.31940337
178.2,-74.60385874,-80.31108309
178.21,-74.58376305,-80.30272568
178.22,-74.56364767,-80.2943423
178.23,-74.54350455,-80.28591954
178.24,-74.52334971,-80.27746698
178.25,-74.5031826,-80.2689814
178.26,-74.48298989,-80.26045995
178.27,-74.46277738,-80.25190515
178.28,-74.44254528,-80.24330973
178.29,-74.42228882,-80.23468415
178.3,-74.40201956,-80.22603153
178.31,-74.38173223,-80.21734321
178.32,-74.36142543,-80.20861912
178.33,-74.34109945,-80.19986136
178.34,-74.32075624,-80.19106156
178.35,-74.30039882,-80.18223273
178.36,-74.28002348,-80.17336734
178.37,-74.25962307,-80.16447227
178.38,-74.2392117,-80.1555391
178.39,-74.21877496,-80.14657021
178.4,-74.19832002,-80.13756633
178.41,-74.17785395,-80.12852728
178.42,-74.15737035,-80.11945856
178.43,-74.1368741,-80.11035634
178.44,-74.11635305,-80.10121909
178.45,-74.0958135,-80.09204559
178.46,-74.07525796,-80.08283565
178.47,-74.05469189,-80.07358862
178.48,-74.03410715,-80.06431537
178.49,-74.0135104,-80.05500602
178.5,-73.99289013,-80.04565712
178.51,-73.97225915,-80.03627072
178.52,-73.95161016,-80.02685202
178.53,-73.93094331,-80.01739973
178.54,-73.91025975,-80.00791362
178.55,-73.88956077,-79.99839013
178.56,-73.86884959,-79.98883384
178.57,-73.84812113,-79.9792464
178.58,-73.82736884,-79.96962099
178.59,-73.80660686,-79.95996148
178.6,-73.78583498,-79.95025973
178.61,-73.7650465,-79.94052991
178.62,-73.7442401,-79.93076337
178.63,-73.72341717,-79.92096356
178.64,-73.70258458,-79.91112498
178.65,-73.68173589,-79.90125772
178.66,-73.66087725,-79.89134891
178.67,-73.64000047,-79.88141153
178.68,-73.61910817,-79.87143924
178.69,-73.598201,-79.8614233
178.7,-73.57727578,-79.85136945
178.71,-73.55634825,-79.84128147
178.72,-73.53539701,-79.83116334
178.73,-73.51443746,-79.82101001
178.74,-73.49346065,-79.81082578
178.75,-73.47247516,-79.80059734
178.76,-73.45148022,-79.79034203
178.77,-73.43046889,-79.78004977
178.78,-73.40944183,-79.76972331
178.79,-73.38839976,-79.75935953
178.8,-73.36734092,-79.74896245
178.81,-73.34628025,-79.73852959
178.82,-73.32519704,-79.72805624
178.83,-73.304099,-79.7175509
178.84,-73.28300468,-79.70701085
178.85,-73.26188887,-79.69643485
178.86,-73.2407644,-79.68582193
178.87,-73.21962319,-79.67517568
178.88,-73.19846752,-79.66449377
178.89,-73.17730416,-79.65377496
178.9,-73.15613203,-79.6430259
178.91,-73.13495159,-79.63223878
178.92,-73.11375528,-79.62142308
178.93,-73.09254369,-79.6105758
178.94,-73.07132481,-79.59968396
178.95,-73.05009631,-79.58875863
178.96,-73.02886063,-79.5777899
178.97,-73.00761584,-79.56679139
178.98,-72.98635842,-79.55576263
178.99,-72.9650843,-79.5446999
179,-72.94380281,-79.53359702
179.01,-72.9225141,-79.52246163
179.02,-72.90121066,-79.5112882
179.03,-72.87990572,-79.50008473
179.04,-72.8585796,-79.48884747
179.05,-72.83725257,-79.47757873
179.06,-72.81591769,-79.46626351
179.07,-72.79456836,-79.45492089
179.08,-72.77321132,-79.44354055
179.09,-72.75184016,-79.43212509
179.1,-72.73046901,-79.42067118
179.11,-72.70908269,-79.40918662
179.12,-72.6876889,-79.39767065
179.13,-72.6662826,-79.3861189
179.14,-72.64486696,-79.37453405
179.15,-72.62344615,-79.36291268
179.16,-72.60201721,-79.35125644
179.17,-72.58058135,-79.33956082
179.18,-72.55913951,-79.32784009
179.19,-72.53768201,-79.31607882
179.2,-72.51621814,-79.30428757
179.21,-72.49474795,-79.2924637
179.22,-72.47327033,-79.28060218
179.23,-72.45179332,-79.26870691
179.24,-72.43030236,-79.25677489
179.25,-72.40880423,-79.24480688
179.26,-72.38730005,-79.23281181
179.27,-72.36578967,-79.22078138
179.28,-72.34427206,-79.20871656
179.29,-72.32274692,-79.19661582
179.3,-72.30121665,-79.18448427
179.31,-72.2796726,-79.17231871
179.32,-72.25812945,-79.16011925
179.33,-72.23657955,-79.14788613
179.34,-72.21502262,-79.13562064
179.35,-72.19346083,-79.12331914
179.36,-72.17188459,-79.11098591
179.37,-72.15030288,-79.09861866
179.38,-72.12872086,-79.08621397
179.39,-72.10713277,-79.07377973
179.4,-72.08554698,-79.06131489
179.41,-72.06394718,-79.04881798
179.42,-72.04234233,-79.03628448
179.43,-72.02073673,-79.02372263
179.44,-71.99912632,-79.01112192
179.45,-71.97751048,-78.99848347
179.46,-71.95588701,-78.98581763
179.47,-71.93426676,-78.97312014
179.48,-71.91263252,-78.96039377
179.49,-71.8909926,-78.94762827
179.5,-71.8693544,-78.934831
179.51,-71.84770284,-78.92200347
179.52,-71.82604731,-78.90914397
179.53,-71.80439863,-78.89624873
179.54,-71.78274512,-78.88331647
179.55,-71.76108611,-78.87036093
179.56,-71.73942153,-78.85737144
179.57,-71.71775133,-78.8443449
179.58,-71.6960823,-78.83129039
179.59,-71.67440777,-78.81820789
179.6,-71.65272938,-78.80508562
179.61,-71.63105112,-78.79193629
179.62,-71.60936982,-78.77875944
179.63,-71.5876822,-78.76554729
179.64,-71.56599522,-78.75230112
179.65,-71.54430422,-78.73902247
179.66,-71.52260872,-78.72571531
179.67,-71.500915,-78.71237468
179.68,-71.47921473,-78.69900523
179.69,-71.45751602,-78.68560169
179.7,-71.43580636,-78.67217192
179.71,-71.41410545,-78.65870899
179.72,-71.39240002,-78.64521054
179.73,-71.3706886,-78.63168042
179.74,-71.34898076,-78.61812416
179.75,-71.32726812,-78.60454055
179.76,-71.30555712,-78.59092653
179.77,-71.28384822,-78.57728104
179.78,-71.26212862,-78.56360301
179.79,-71.24041822,-78.54989879
179.8,-71.21870271,-78.53616607
179.81,-71.19698348,-78.5223983
179.82,-71.17525843,-78.50860622
179.83,-71.15352932,-78.4947796
179.84,-71.13181019,-78.48092483
179.85,-71.11009324,-78.46703556
179.86,-71.08836999,-78.45311847
179.87,-71.06665139,-78.4391755
179.88,-71.04492068,-78.42519964
179.89,-71.02319981,-78.41120109
179.9,-71.00148119,-78.39717339
179.91,-70.97975213,-78.3831107
179.92,-70.95803186,-78.36901976
179.93,-70.93631599,-78.35490559
179.94,-70.91459506,-78.34075838
179.95,-70.89287591,-78.32658552
179.96,-70.87116004,-78.31238306
179.97,-70.84944109,-78.29814828
179.98,-70.82771875,-78.28389005
179.99,-70.80599862,-78.26960423
180,-70.78428162,-78.25528515
180.01,-70.76256683,-78.24094679
180.02,-70.74085414,-78.22657195
180.03,-70.71914551,-78.21217479
180.04,-70.69743307,-78.19774378
180.05,-70.67572391,-78.18328813
180.06,-70.65401188,-78.16880314
180.07,-70.63230121,-78.15429498
180.08,-70.61059496,-78.13975749
180.09,-70.58889119,-78.1251991
180.1,-70.56719861,-78.1106036
180.11,-70.54550072,-78.09598704
180.12,-70.52380739,-78.08134193
180.13,-70.50211018,-78.06667538
180.14,-70.48041761,-78.05197727
180.15,-70.45872698,-78.0372605
180.16,-70.43703989,-78.0225132
180.17,-70.41534897,-78.00773421
180.18,-70.39366258,-77.99293761
180.19,-70.37197992,-77.97811286
180.2,-70.35030062,-77.96325924
180.21,-70.32863811,-77.94838808
180.22,-70.30697211,-77.93349173
180.23,-70.28531023,-77.9185639
180.24,-70.26364435,-77.90361347
180.25,-70.24198327,-77.88863968
180.26,-70.22032489,-77.87363513
180.27,-70.19867192,-77.85860533
180.28,-70.17702055,-77.8435544
180.29,-70.15537439,-77.82848514
180.3,-70.13373863,-77.81338538
180.31,-70.11209991,-77.79826973
180.32,-70.09046499,-77.78312356
180.33,-70.06884009,-77.76795225
180.34,-70.04721918,-77.7527604
180.35,-70.02560202,-77.73753754
180.36,-70.0039899,-77.72229967
180.37,-69.98236831,-77.7070299
180.38,-69.96075674,-77.69174087
180.39,-69.93915651,-77.67642813
180.4,-69.91756009,-77.66109634
180.41,-69.89596818,-77.64574094
180.42,-69.87437969,-77.63036725
180.43,-69.85279673,-77.61496584
180.44,-69.83122291,-77.59954024
180.45,-69.80964735,-77.58409094
180.46,-69.78807616,-77.56861974
180.47,-69.76651658,-77.55312925
180.48,-69.74495334,-77.53762253
180.49,-69.72340174,-77.52208718
180.5,-69.70185446,-77.50653224
180.51,-69.68031116,-77.49095113
180.52,-69.65877265,-77.47534936
180.53,-69.63723831,-77.45972737
180.54,-69.6157081,-77.44409174
180.55,-69.59419045,-77.4284278
180.56,-69.57267635,-77.41274969
180.57,-69.55116587,-77.39704685
180.58,-69.52966087,-77.38132912
180.59,-69.50816751,-77.36558508
180.6,-69.48667164,-77.3498186
180.61,-69.46518691,-77.33403359
180.62,-69.44370644,-77.31822983
180.63,-69.4222386,-77.30240501
180.64,-69.40077528,-77.28656271
180.65,-69.37931567,-77.27070143
180.66,-69.35786772,-77.25482066
180.67,-69.33641743,-77.23892209
180.68,-69.3149805,-77.22300416
180.69,-69.29355381,-77.20706758
180.7,-69.27212505,-77.19110932
180.71,-69.25070864,-77.17513287
180.72,-69.22929616,-77.15913422
180.73,-69.20789519,-77.14312344
180.74,-69.18649316,-77.12709628
180.75,-69.1651015,-77.11105047
180.76,-69.14372244,-77.09498406
180.77,-69.12234226,-77.07890281
180.78,-69.10097327,-77.06279718
180.79,-69.07961577,-77.04668092
180.8,-69.0582638,-77.0305431
180.81,-69.03691666,-77.01438506
180.82,-69.01557524,-76.99821818
180.83,-68.9942512,-76.98203307
180.84,-68.9729258,-76.96582891
180.85,-68.95160584,-76.94960685
180.86,-68.93030425,-76.93337018
180.87,-68.90900768,-76.91711714
180.88,-68.88771698,-76.90084495
180.89,-68.86643058,-76.88456678
180.9,-68.84514907,-76.86826833
180.91,-68.82387439,-76.85194537
180.92,-68.80261817,-76.83560786
180.93,-68.78136721,-76.81925987
180.94,-68.76012771,-76.80289869
180.95,-68.73889329,-76.78652836
180.96,-68.71766514,-76.77013219
180.97,-68.69644819,-76.75372864
180.98,-68.67524373,-76.73730474
180.99,-68.65404515,-76.72086425
181,-68.63285843,-76.70441338
181.01,-68.61166983,-76.68794903
181.02,-68.59049439,-76.67146806
181.03,-68.56932334,-76.65497326
181.04,-68.54817111,-76.63846717
181.05,-68.52702513,-76.62194823
181.06,-68.50588484,-76.60541522
181.07,-68.48475002,-76.5888676
181.08,-68.46362813,-76.57230793
181.09,-68.44251849,-76.55573587
181.1,-68.42141423,-76.53915484
181.11,-68.40032228,-76.52255479
181.12,-68.37923613,-76.50594108
181.13,-68.35815519,-76.48932239
181.14,-68.33708732,-76.47268941
181.15,-68.31603047,-76.45603904
181.16,-68.29498015,-76.43937845
181.17,-68.27394198,-76.42270586
181.18,-68.25290935,-76.40602602
181.19,-68.23188255,-76.38932614
181.2,-68.21086242,-76.37262827
181.21,-68.18986104,-76.35591054
181.22,-68.16886527,-76.33918389
181.23,-68.14788246,-76.32244592
181.24,-68.12691144,-76.30569549
181.25,-68.10594047,-76.28893571
181.26,-68.08498851,-76.27216127
181.27,-68.06403572,-76.25537538
181.28,-68.04310169,-76.23858373
181.29,-68.02218059,-76.22178039
181.3,-68.00126549,-76.20496851
181.31,-67.98035601,-76.18814802
181.32,-67.95945349,-76.1713145
181.33,-67.93856296,-76.15447937
181.34,-67.91768618,-76.13762866
181.35,-67.89682179,-76.12077264
181.36,-67.87596264,-76.10390321
181.37,-67.85510986,-76.08702727
181.38,-67.83427604,-76.07014048
181.39,-67.81344253,-76.05324308
181.4,-67.79262057,-76.03633785
181.41,-67.77181193,-76.01943785
181.42,-67.7510162,-76.0025176
181.43,-67.7302207,-75.98559614
181.44,-67.70943731,-75.96865634
181.45,-67.68867377,-75.9517096
181.46,-67.6679164,-75.9347628
181.47,-67.64717148,-75.91780616
181.48,-67.62643218,-75.90084023
181.49,-67.60570764,-75.88386541
181.5,-67.58498183,-75.86688612
181.51,-67.56428132,-75.84990118
181.52,-67.54358059,-75.83290775
181.53,-67.52289351,-75.81591003
181.54,-67.50221281,-75.79890044
181.55,-67.48154464,-75.78189013
181.56,-67.46088323,-75.76487526
181.57,-67.44023495,-75.74785202
181.58,-67.41959868,-75.7308212
181.59,-67.39896974,-75.71378176
181.6,-67.37835383,-75.6967398
181.61,-67.35775051,-75.67969558
181.62,-67.33715359,-75.66264848
181.63,-67.3165697,-75.64558717
181.64,-67.29599239,-75.62852543
181.65,-67.27542916,-75.6114589
181.66,-67.25487809,-75.59438136
181.67,-67.23433241,-75.57730696
181.68,-67.21379433,-75.56021959
181.69,-67.19326857,-75.54313015
181.7,-67.17275587,-75.52603448
181.71,-67.15225051,-75.50893989
181.72,-67.13175154,-75.49183707
181.73,-67.11126611,-75.4747347
181.74,-67.09080022,-75.45762066
181.75,-67.0703399,-75.44051104
181.76,-67.04989467,-75.42340127
181.77,-67.02945467,-75.40628193
181.78,-67.0090221,-75.38915759
181.79,-66.98860165,-75.37202775
181.8,-66.9681888,-75.35489756
181.81,-66.9477891,-75.3377621
181.82,-66.92739489,-75.32063146
181.83,-66.90702151,-75.30349715
181.84,-66.88664707,-75.28635598
181.85,-66.8662874,-75.26921647
181.86,-66.84594069,-75.25206659
181.87,-66.8255992,-75.23492117
181.88,-66.80527207,-75.21777443
181.89,-66.78495818,-75.20062158
181.9,-66.76464435,-75.18347199
181.91,-66.74434367,-75.16632397
181.92,-66.72405657,-75.14916689
181.93,-66.7037772,-75.13200599
181.94,-66.68350335,-75.11484568
181.95,-66.66325003,-75.09768619
181.96,-66.64300218,-75.08052158
181.97,-66.62276222,-75.06336083
181.98,-66.60254158,-75.04619849
181.99,-66.582328,-75.02903269
182,-66.56212198,-75.01186404
182.01,-66.54192922,-74.9946994
182.02,-66.52174193,-74.97753146
182.03,-66.5015619,-74.96036895
182.04,-66.48140246,-74.94320579
182.05,-66.46124988,-74.92604014
182.06,-66.4411033,-74.90887598
182.07,-66.42096482,-74.89170811
182.08,-66.40083884,-74.87454188
182.09,-66.38072706,-74.85737671
182.1,-66.36061486,-74.8402127
182.11,-66.34051603,-74.8230476
182.12,-66.32043069,-74.80587975
182.13,-66.30035882,-74.78871433
182.14,-66.28029279,-74.77155161
182.15,-66.26023563,-74.75439534
182.16,-66.24018364,-74.7372346
182.17,-66.22014659,-74.72007766
182.18,-66.20012213,-74.70292505
182.19,-66.18010448,-74.68577122
182.2,-66.16008734,-74.6686218
182.21,-66.14009082,-74.65146785
182.22,-66.12009999,-74.63431216
182.23,-66.1001235,-74.61716236
182.24,-66.08014764,-74.60001505
182.25,-66.06018479,-74.58287812
182.26,-66.04022945,-74.56573163
182.27,-66.02028666,-74.54859086
182.28,-66.00035147,-74.53145197
182.29,-65.9804235,-74.51431404
182.3,-65.9605087,-74.49718197
182.31,-65.94060071,-74.48005259
182.32,-65.92070624,-74.46292384
182.33,-65.90081218,-74.44579649
182.34,-65.88093211,-74.42867742
182.35,-65.86106494,-74.41155745
182.36,-65.8412114,-74.39444209
182.37,-65.82135829,-74.37733307
182.38,-65.80151171,-74.36022133
182.39,-65.78167306,-74.34311784
182.4,-65.76184673,-74.32601732
182.41,-65.74202798,-74.3089173
182.42,-65.72222321,-74.29182674
182.43,-65.70241875,-74.27473612
182.44,-65.68262133,-74.25764964
182.45,-65.66283711,-74.24056741
182.46,-65.64305962,-74.22348886
182.47,-65.62328935,-74.20641355
182.48,-65.60353378,-74.18934371
182.49,-65.5837776,-74.17227785
182.5,-65.56404186,-74.15521882
182.51,-65.54431283,-74.13815841
182.52,-65.52458396,-74.12110283
182.53,-65.50486956,-74.10405175
182.54,-65.48516162,-74.08701063
182.55,-65.46546778,-74.06996895
182.56,-65.44577393,-74.05293398
182.57,-65.42608653,-74.0359057
182.58,-65.40641339,-74.01887906
182.59,-65.38674031,-74.00186235
182.6,-65.36708082,-73.9848507
182.61,-65.34742863,-73.96783971
182.62,-65.32777681,-73.95083521
182.63,-65.30813868,-73.93383277
182.64,-65.28850757,-73.91683863
182.65,-65.26887686,-73.89985094
182.66,-65.2492592,-73.88286865
182.67,-65.22964266,-73.86589728
182.68,-65.21003259,-73.84892578
182.69,-65.19043682,-73.83196074
182.7,-65.17084669,-73.81499967
182.71,-65.15127095,-73.79804913
182.72,-65.13170275,-73.78109965
182.73,-65.11213442,-73.76416705
182.74,-65.09257321,-73.74723738
182.75,-65.07301256,-73.73031117
182.76,-65.05346448,-73.71338543
182.77,-65.0339182,-73.69647046
182.78,-65.01438458,-73.67956026
182.79,-64.99485957,-73.6626547
182.8,-64.97534067,-73.64575962
182.81,-64.95582791,-73.62887007
182.82,-64.93631619,-73.6119837
182.83,-64.91681205,-73.5951018
182.84,-64.89731368,-73.57823078
182.85,-64.87781624,-73.56136602
182.86,-64.85832616,-73.54450556
182.87,-64.8388419,-73.52765682
182.88,-64.81936578,-73.51081501
182.89,-64.79989627,-73.49398823
182.9,-64.78043366,-73.47716679
182.91,-64.76097861,-73.46034177
182.92,-64.74151673,-73.44352794
182.93,-64.72206768,-73.42671992
182.94,-64.70262718,-73.40991996
182.95,-64.68319342,-73.39313143
182.96,-64.66375253,-73.37634111
182.97,-64.64432618,-73.35956237
182.98,-64.62490638,-73.34279558
182.99,-64.60548672,-73.32603118
183,-64.586067,-73.3092736
183.01,-64.56665515,-73.29252611
183.02,-64.5472498,-73.2757911
183.03,-64.52784451,-73.25906075
183.04,-64.50844602,-73.24233725
183.05,-64.48904898,-73.22561622
183.06,-64.46965757,-73.2089078
183.07,-64.45026693,-73.19220471
183.08,-64.43088346,-73.17551478
183.09,-64.41150727,-73.15882848
183.1,-64.39212463,-73.14215549
183.11,-64.37275514,-73.12548387
183.12,-64.35338539,-73.10882168
183.13,-64.33401585,-73.09216943
183.14,-64.3146537,-73.07552866
183.15,-64.29529224,-73.05888768
183.16,-64.27593061,-73.04226189
183.17,-64.25656921,-73.02564285
183.18,-64.23722168,-73.00903197
183.19,-64.21787479,-72.99242467
183.2,-64.19852149,-72.97582379
183.21,-64.179181,-72.95923429
183.22,-64.15983474,-72.94266122
183.23,-64.14049473,-72.92609318
183.24,-64.12114796,-72.90953227
183.25,-64.10180906,-72.89297902
183.26,-64.08246998,-72.87643582
183.27,-64.06313096,-72.85990025
183.28,-64.04379816,-72.84336892
183.29,-64.02445968,-72.82684324
183.3,-64.00513462,-72.81033494
183.31,-63.98580277,-72.79383653
183.32,-63.96647182,-72.77734794
183.33,-63.94714086,-72.760863
183.34,-63.92780961,-72.74438959
183.35,-63.90847785,-72.72792413
183.36,-63.88915328,-72.71147242
183.37,-63.86982268,-72.69502563
183.38,-63.85048508,-72.67858409
183.39,-63.83115458,-72.66214614
183.4,-63.81183076,-72.64571998
183.41,-63.79250138,-72.62930305
183.42,-63.77317206,-72.61289581
183.43,-63.75383431,-72.59649518
183.44,-63.73450439,-72.58010816
183.45,-63.71516796,-72.56372937
183.46,-63.69583181,-72.54735767
183.47,-63.67649562,-72.5309973
183.48,-63.6571587,-72.51464461
183.49,-63.63781596,-72.49829751
183.5,-63.6184662,-72.48196603
183.51,-63.59911681,-72.46563882
183.52,-63.57976703,-72.44931803
183.53,-63.56041772,-72.43301236
183.54,-63.54106762,-72.41671056
183.55,-63.5217175,-72.40041905
183.56,-63.50236121,-72.38413776
183.57,-63.48300555,-72.36786552
183.58,-63.4636422,-72.35159967
183.59,-63.44427289,-72.33534097
183.6,-63.4249027,-72.31909312
183.61,-63.40552732,-72.30286012
183.62,-63.38615119,-72.28663242
183.63,-63.36676095,-72.27041659
183.64,-63.34737107,-72.2542025
183.65,-63.32797419,-72.23799914
183.66,-63.30857743,-72.22179914
183.67,-63.2891734,-72.20561213
183.68,-63.26976909,-72.18943382
183.69,-63.25035786,-72.17326724
183.7,-63.2309337,-72.15710743
183.71,-63.21150936,-72.14095439
183.72,-63.1920783,-72.12481276
183.73,-63.17264046,-72.108677
183.74,-63.15319524,-72.09254923
183.75,-63.13374313,-72.076431
183.76,-63.11429071,-72.06032655
183.77,-63.0948313,-72.04422443
183.78,-63.07536596,-72.02813617
183.79,-63.05588577,-72.01205699
183.8,-63.03640646,-71.99598689
183.81,-63.0169136,-71.97992046
183.82,-62.99741313,-71.96386181
183.83,-62.97790603,-71.94781619
183.84,-62.95838515,-71.93177452
183.85,-62.9388571,-71.91573817
183.86,-62.91932174,-71.89971601
183.87,-62.89977923,-71.88370683
183.88,-62.88022343,-71.86770561
183.89,-62.86066696,-71.8517048
183.9,-62.84109096,-71.83571855
183.91,-62.82150686,-71.81974075
183.92,-62.80191602,-71.8037644
183.93,-62.78231071,-71.7877995
183.94,-62.76269301,-71.77183903
183.95,-62.74307431,-71.75589162
183.96,-62.723441,-71.73995212
183.97,-62.70379454,-71.72402051
183.98,-62.68413439,-71.70809416
183.99,-62.664467,-71.69217292
184,-62.6447786,-71.6762721
184.01,-62.62508269,-71.66037407
184.02,-62.60537341,-71.64448027
184.03,-62.58565051,-71.62859278
184.04,-62.56591969,-71.61271166
184.05,-62.54617495,-71.59683323
184.06,-62.52640318,-71.5809704
184.07,-62.50663042,-71.56512011
184.08,-62.48683743,-71.54927236
184.09,-62.46702967,-71.53343339
184.1,-62.44720823,-71.51760002
184.11,-62.42737261,-71.50177728
184.12,-62.40752302,-71.48595954
184.13,-62.38765244,-71.47015154
184.14,-62.36776748,-71.45435123
184.15,-62.34786804,-71.43856278
184.16,-62.32794917,-71.42277422
184.17,-62.30800879,-71.40698954
184.18,-62.28805386,-71.39121492
184.19,-62.26808391,-71.37544315
184.2,-62.24809437,-71.35968294
184.21,-62.22808398,-71.34393508
184.22,-62.20805817,-71.3281878
184.23,-62.18801192,-71.3124464
184.24,-62.16794464,-71.29671272
184.25,-62.14786186,-71.28098803
184.26,-62.12775257,-71.26526145
184.27,-62.10762179,-71.24954054
184.28,-62.0874772,-71.23382702
184.29,-62.06730358,-71.21812136
184.3,-62.04711589,-71.20242354
184.31,-62.02690007,-71.18673336
184.32,-62.00666409,-71.17105572
184.33,-61.98639972,-71.15537552
184.34,-61.96611456,-71.13970017
184.35,-61.94580726,-71.12403385
184.36,-61.92547853,-71.10837261
184.37,-61.90512226,-71.09271857
184.38,-61.88474525,-71.07707235
184.39,-61.86434562,-71.0614287
184.4,-61.84391881,-71.04579182
184.41,-61.82346312,-71.0301599
184.42,-61.80297976,-71.01453768
184.43,-61.78246841,-70.99891542
184.44,-61.76193162,-70.9833013
184.45,-61.74136651,-70.96768363
184.46,-61.72076994,-70.9520701
184.47,-61.70014206,-70.9364709
184.48,-61.67948869,-70.92086738
184.49,-61.65880716,-70.90527036
184.5,-61.63809435,-70.88967571
184.51,-61.61734987,-70.87409365
184.52,-61.59657686,-70.85850908
184.53,-61.57576783,-70.84293112
184.54,-61.55492796,-70.82735431
184.55,-61.5340564,-70.81178266
184.56,-61.51315158,-70.79621933
184.57,-61.49221155,-70.78065839
184.58,-61.47123988,-70.76509716
184.59,-61.45023013,-70.74954311
184.6,-61.42918784,-70.73398658
184.61,-61.40810742,-70.71843604
184.62,-61.38699007,-70.70289208
184.63,-61.36583435,-70.68735115
184.64,-61.34464599,-70.6718094
184.65,-61.32341386,-70.65627399
184.66,-61.30214842,-70.64073924
184.67,-61.28084027,-70.62520667
184.68,-61.25949362,-70.60967796
184.69,-61.23810491,-70.5941514
184.7,-61.21667561,-70.5786282
184.71,-61.19520213,-70.56310496
184.72,-61.17369214,-70.54758342
184.73,-61.15213256,-70.53206065
184.74,-61.13053322,-70.51653567
184.75,-61.10889173,-70.50101416
184.76,-61.08720157,-70.48549647
184.77,-61.06546174,-70.46997816
184.78,-61.04368259,-70.45446631
184.79,-61.02185369,-70.43894916
184.8,-60.99997482,-70.42344183
184.81,-60.978046,-70.40792735
184.82,-60.95606829,-70.39241744
184.83,-60.93403793,-70.37690208
184.84,-60.91195997,-70.36138847
184.85,-60.88982948,-70.34587301
184.86,-60.86764912,-70.33035275
184.87,-60.84540907,-70.31483551
184.88,-60.82311823,-70.29931785
184.89,-60.80077393,-70.28380411
184.9,-60.7783711,-70.26828784
184.91,-60.75591657,-70.25276735
184.92,-60.73339964,-70.23725076
184.93,-60.71082892,-70.22172534
184.94,-60.68820015,-70.20619932
184.95,-60.66550865,-70.19067137
184.96,-60.64275305,-70.17514175
184.97,-60.61993385,-70.15961064
184.98,-60.59706026,-70.14408073
184.99,-60.57411985,-70.12853849
185,-60.55111159,-70.11299561
185.01,-60.52803664,-70.09745644
185.02,-60.50489417,-70.08190716
185.03,-60.48169058,-70.06635138
185.04,-60.45841581,-70.05079756
185.05,-60.43506675,-70.03524026
185.06,-60.41165053,-70.01967629
185.07,-60.3881632,-70.00410759
185.08,-60.36460375,-69.98853693
185.09,-60.34096331,-69.97295963
185.1,-60.31725177,-69.95737942
185.11,-60.29346174,-69.94179507
185.12,-60.26960014,-69.92620059
185.13,-60.24565669,-69.9106032
185.14,-60.22163184,-69.89499037
185.15,-60.1975263,-69.87937686
185.16,-60.17333556,-69.86375759
185.17,-60.14906492,-69.84812877
185.18,-60.1247094,-69.83249305
185.19,-60.10026587,-69.81685235
185.2,-60.07573598,-69.80120146
185.21,-60.05111407,-69.78554098
185.22,-60.02640237,-69.76987598
185.23,-60.00159844,-69.75420038
185.24,-59.97669569,-69.73851513
185.25,-59.95169608,-69.72282093
185.26,-59.92659856,-69.70711788
185.27,-59.90140386,-69.69140319
185.28,-59.87611266,-69.6756783
185.29,-59.85071902,-69.65994471
185.3,-59.82522183,-69.64420156
185.31,-59.79962077,-69.6284476
185.32,-59.77391036,-69.61267659
185.33,-59.74809364,-69.59689157
185.34,-59.72217188,-69.58110165
185.35,-59.69613422,-69.5653005
185.36,-59.669989,-69.54949101
185.37,-59.64372684,-69.53366314
185.38,-59.6173463,-69.51781978
185.39,-59.59084606,-69.50196586
185.4,-59.56422378,-69.48609265
185.41,-59.53748404,-69.47020642
185.42,-59.51061966,-69.45430639
185.43,-59.48362109,-69.43838869
185.44,-59.45649693,-69.42246093
185.45,-59.42924477,-69.4065162
185.46,-59.40185799,-69.39055044
185.47,-59.37433547,-69.37456793
185.48,-59.34667145,-69.35857005
185.49,-59.31886789,-69.34255826
185.5,-59.29092556,-69.32652491
185.51,-59.26283783,-69.31047036
185.52,-59.2346,-69.29439378
185.53,-59.20621853,-69.2782965
185.54,-59.17767863,-69.26218181
185.55,-59.14898648,-69.24605026
185.56,-59.12013653,-69.22989747
185.57,-59.09112954,-69.21372665
185.58,-59.06195568,-69.19752772
185.59,-59.03261864,-69.18131128
185.6,-59.00311328,-69.16506903
185.61,-58.97343726,-69.14880611
185.62,-58.94358742,-69.13251724
185.63,-58.91355553,-69.11619935
185.64,-58.88334561,-69.09985972
185.65,-58.85295089,-69.08349703
185.66,-58.82236454,-69.06710276
185.67,-58.79159296,-69.0506849
185.68,-58.76062573,-69.0342397
185.69,-58.72946249,-69.01776426
185.7,-58.69809651,-69.00126737
185.71,-58.66652688,-68.98473023
185.72,-58.63474516,-68.96816878
185.73,-58.60275625,-68.95157858
185.74,-58.57055007,-68.93495321
185.75,-58.53811991,-68.91830126
185.76,-58.50546871,-68.90161612
185.77,-58.47258748,-68.88489426
185.78,-58.43947425,-68.86813618
185.79,-58.40612293,-68.8513524
185.8,-58.37252966,-68.83452797
185.81,-58.33869389,-68.81767023
185.82,-58.3046055,-68.80077182
185.83,-58.27026114,-68.78383663
185.84,-58.23565782,-68.76686169
185.85,-58.20078402,-68.7498513
185.86,-58.1656431,-68.73280611
185.87,-58.13022825,-68.71571367
185.88,-58.09452565,-68.69858602
185.89,-58.05853855,-68.68141255
185.9,-58.02226263,-68.66419496
185.91,-57.98568595,-68.64693111
185.92,-57.94880586,-68.62962334
185.93,-57.91161651,-68.61227209
185.94,-57.87411072,-68.59487491
185.95,-57.83627887,-68.57742767
185.96,-57.7981228,-68.55993492
185.97,-57.75962572,-68.5423891
185.98,-57.72078774,-68.52479057
185.99,-57.68159853,-68.5071405
186,-57.64204924,-68.48944137
186.01,-57.60214146,-68.47167767
186.02,-57.56185713,-68.45387353
186.03,-57.52119501,-68.43600381
186.04,-57.48014318,-68.41807997
186.05,-57.43869378,-68.40009637
186.06,-57.39683878,-68.3820545
186.07,-57.35457559,-68.36394977
186.08,-57.31188878,-68.3457822
186.09,-57.26876618,-68.32755377
186.1,-57.22520328,-68.3092653
186.11,-57.18119269,-68.29090413
186.12,-57.13672108,-68.27247315
186.13,-57.0917742,-68.25397879
186.14,-57.04634087,-68.23541309
186.15,-57.00041974,-68.21677241
186.16,-56.95399573,-68.19805511
186.17,-56.90705724,-68.17926313
186.18,-56.85959012,-68.1604024
186.19,-56.81158121,-68.14145632
186.2,-56.76302418,-68.12243118
186.21,-56.71390109,-68.10332994
186.22,-56.66419925,-68.08414622
186.23,-56.61390259,-68.0648756
186.24,-56.56300497,-68.04552383
186.25,-56.51148516,-68.02608103
186.26,-56.45932686,-68.00654796
186.27,-56.40652579,-67.98692018
186.28,-56.35305625,-67.96720261
186.29,-56.29890328,-67.94739056
186.3,-56.24405265,-67.92747432
186.31,-56.18848284,-67.90745883
186.32,-56.13217621,-67.88734608
186.33,-56.07512179,-67.86712191
186.34,-56.01729591,-67.84679695
186.35,-55.95867342,-67.82635555
186.36,-55.89923783,-67.80580627
186.37,-55.83897022,-67.78514336
186.38,-55.77784633,-67.76436995
186.39,-55.71584836,-67.74347192
186.4,-55.65294842,-67.72245027
186.41,-55.58912603,-67.70130221
186.42,-55.5243527,-67.68003142
186.43,-55.45860495,-67.65863485
186.44,-55.39185909,-67.6370991
186.45,-55.32408569,-67.61543698
186.46,-55.25525278,-67.59362858
186.47,-55.18533473,-67.57167694
186.48,-55.11429787,-67.54958516
186.49,-55.04211399,-67.5273391
186.5,-54.96874752,-67.50494676
186.51,-54.89416746,-67.48240067
186.52,-54.81833833,-67.45968745
186.53,-54.74122509,-67.43681762
186.54,-54.66279034,-67.41377909
186.55,-54.58298843,-67.39056686
186.56,-54.50178363,-67.36717737
186.57,-54.41913686,-67.34360593
186.58,-54.33500395,-67.31986058
186.59,-54.2493366,-67.29592484
186.6,-54.16208548,-67.27179718
186.61,-54.07320802,-67.24747456
186.62,-53.98265244,-67.22295026
186.63,-53.89036295,-67.19821837
186.64,-53.79628476,-67.1732702
186.65,-53.70036386,-67.14811215
186.66,-53.60254024,-67.12272358
186.67,-53.50275151,-67.09710751
186.68,-53.40093441,-67.07126395
186.69,-53.29702278,-67.04518691
186.7,-53.19094293,-67.01886209
186.71,-53.08262775,-66.99227957
186.72,-52.97199926,-66.96544439
186.73,-52.85897914,-66.93834376
186.74,-52.74347936,-66.91096526
186.75,-52.62542524,-66.88330887
186.76,-52.50472034,-66.85536515
186.77,-52.38127022,-66.82712078
186.78,-52.25498053,-66.79858065
186.79,-52.12575177,-66.76973145
186.8,-51.99347114,-66.74056416
186.81,-51.85802547,-66.7110685
186.82,-51.71930612,-66.68122688
186.83,-51.5771906,-66.65104763
186.84,-51.4315452,-66.62050421
186.85,-51.2822392,-66.5896011
186.86,-51.12914118,-66.55832136
186.87,-50.97209317,-66.52665027
186.88,-50.8109496,-66.49458522
186.89,-50.64554977,-66.46210642
186.9,-50.47571961,-66.429206
186.91,-50.30129466,-66.39586874
186.92,-50.12207711,-66.36208146
186.93,-49.9378841,-66.32783612
186.94,-49.74850949,-66.29310485
186.95,-49.55373255,-66.25788639
186.96,-49.35333586,-66.22216305
186.97,-49.14707959,-66.18591848
186.98,-48.93472096,-66.14913901
186.99,-48.71599693,-66.11179856
187,-48.49063614,-66.07388843
187.01,-48.25835036,-66.03538437
187.02,-48.01883582,-65.99627029
187.03,-47.77177684,-65.95652398
187.04,-47.51683539,-65.91613116
187.05,-47.25366461,-65.87506364
187.06,-46.98188884,-65.83329425
187.07,-46.70112774,-65.79080395
187.08,-46.41096427,-65.74757206
187.09,-46.11097334,-65.70356283
187.1,-45.80069753,-65.65875498
187.11,-45.47965965,-65.61312028
187.12,-45.14735784,-65.56662385
187.13,-44.80326995,-65.51924377
187.14,-44.44683821,-65.47094181
187.15,-44.0774833,-65.42167977
187.16,-43.69459083,-65.37142345
187.17,-43.29751803,-65.32014011
187.18,-42.88559571,-65.26778478
187.19,-42.45811493,-65.2143214
187.2,-42.01433966,-65.15970392
187.21,-41.55349092,-65.10388346
187.22,-41.07476542,-65.04681383
187.23,-40.57732435,-64.98844764
187.24,-40.06029016,-64.92873212
187.25,-39.52274689,-64.86760864
187.26,-38.96375494,-64.80501799
187.27,-38.38233113,-64.74089452
187.28,-37.77747215,-64.6751754
187.29,-37.14813904,-64.60779304
187.3,-36.49327571,-64.53867148
187.31,-35.81180334,-64.4677364
187.32,-35.10262571,-64.39490554
187.33,-34.36464379,-64.32009245
187.34,-33.59676584,-64.24320467
187.35,-32.79790659,-64.16414752
187.36,-31.96700065,-64.08281283
187.37,-31.10302978,-63.99910307
187.38,-30.2050318,-63.91289146
187.39,-29.27211864,-63.82405824
187.4,-28.30349725,-63.7324791
187.41,-27.29850406,-63.63801936
187.42,-26.25662368,-63.54052011
187.43,-25.17752091,-63.43983678
187.44,-24.06107996,-63.33580536
187.45,-22.90743503,-63.22824807
187.46,-21.7170072,-63.11697643
187.47,-20.49054879,-63.00179404
187.48,-19.22918258,-62.8824959
187.49,-17.93442794,-62.75885488
187.5,-16.60824199,-62.63062814
187.51,-15.25305247,-62.49756546
187.52,-13.87177134,-62.35939006
187.53,-12.46781178,-62.21581837
187.54,-11.04509192,-62.06654295
187.55,-9.608015314,-61.91123535
187.56,-8.161450438,-61.74954366
187.57,-6.71067891,-61.58109712
187.58,-5.261338779,-61.40549702
187.59,-3.819351855,-61.22232605
187.6,-2.390833706,-61.03113225
187.61,-0.9819879758,-60.83143555
187.62,0.4009989981,-60.62272946
187.63,1.752071429,-60.4044676
187.64,3.065413792,-60.17607638
187.65,4.33555703,-59.9369408
187.66,5.557472924,-59.68640033
187.67,6.726659173,-59.42376681
187.68,7.839198876,-59.1483003
187.69,8.891808681,-58.8592173
187.7,9.881866334,-58.55567352
187.71,10.80740316,-58.23678504
187.72,11.66711122,-57.90161046
187.73,12.46030248,-57.54914154
187.74,13.18687058,-57.17831574
187.75,13.84724257,-56.78800025
187.76,14.44231323,-56.37698532
187.77,14.97338763,-55.94398991
187.78,15.44211609,-55.48764908
187.79,15.8504297,-55.00650893
187.8,16.2004853,-54.49902461
187.81,16.49459406,-53.96354813
187.82,16.73519288,-53.39832141
187.83,16.9247808,-52.80147174
187.84,17.06588727,-52.17099965
187.85,17.16104218,-51.50476836
187.86,17.21274611,-50.80050134
187.87,17.22345477,-50.05575919
187.88,17.1955462,-49.26794169
187.89,17.13131954,-48.43425936
187.9,17.0329859,-47.55174015
187.91,16.90266405,-46.61720616
187.92,16.74236609,-45.62726323
187.93,16.55401291,-44.57829085
187.94,16.33942098,-43.46643947
187.95,16.10030524,-42.28760932
187.96,15.83828573,-41.0374717
187.97,15.55489031,-39.7114458
187.98,15.2515509,-38.30473902
187.99,14.92962361,-36.81236658
188,14.59038041,-35.22919137
188.01,14.23501637,-33.54999908
188.02,13.86465063,-31.76958776
188.03,13.48033811,-29.88291393
188.04,13.08306835,-27.88527097
188.05,12.67377355,-25.77253315
188.06,12.25332838,-23.54146084
188.07,11.82254804,-21.19009456
188.08,11.38220689,-18.71821073
188.09,10.93302109,-16.12786136
188.1,10.47567779,-13.42396124
188.11,10.01081647,-10.61489249
188.12,9.539037048,-7.713066799
188.13,9.060906614,-4.7353718
188.14,8.576956109,-1.703390402
188.15,8.087682753,1.356683603
188.16,7.593557274,4.414548145
188.17,7.095022003,7.436740914
188.18,6.592495662,10.38803201
188.19,6.086369678,13.23317139
188.2,5.577019632,15.93883029
188.21,5.064784944,18.47551058
188.22,4.550000064,20.81920751
188.23,4.032971057,22.9525897
188.24,3.513982967,24.86559761
188.25,2.993311687,26.55540253
188.26,2.471212894,28.02578579
188.27,1.947930519,29.2860901
188.28,1.423693491,30.34990508
188.29,0.8987196647,31.23368419
188.3,0.3732111382,31.95542104
188.31,-0.1526429116,32.53351519
188.32,-0.6786643467,32.98588762
188.33,-1.204681049,33.32933489
188.34,-1.730534973,33.57913549
188.35,-2.256081372,33.74884302
188.36,-2.781171633,33.85024021
188.37,-3.305680388,33.89341205
188.38,-3.829474839,33.88686765
188.39,-4.352447232,33.83771914
188.4,-4.874490054,33.75185584
188.41,-5.3954962,33.63413313
188.42,-5.915373922,33.48854377
188.43,-6.434033845,33.31835626
188.44,-6.951396727,33.12625989
188.45,-7.467386187,32.91447312
188.46,-7.981926531,32.68481845
188.47,-8.494952612,32.43881722
188.48,-9.006405208,32.17775145
188.49,-9.516224863,31.90269605
188.5,-10.024363,31.6145752
188.51,-10.5307743,31.31418749
188.52,-11.03541583,31.00223244
188.53,-11.53824452,30.67932914
188.54,-12.03922483,30.34602245
188.55,-12.53832092,30.00280791
188.56,-13.03551146,29.65014669
188.57,-13.53076619,29.28845197
188.58,-14.02405728,28.91811609
188.59,-14.51536866,28.5395047
188.6,-15.00467995,28.15296782
188.61,-15.49197821,27.75883515
188.62,-15.97725102,27.35741477
188.63,-16.46048578,26.94899911
188.64,-16.94167506,26.53388355
188.65,-17.4208103,26.11234038
188.66,-17.89788539,25.6846446
188.67,-18.37290152,25.25104771
188.68,-18.8458526,24.81181
188.69,-19.31675511,24.36716709
188.7,-19.78560232,23.91736906
188.71,-20.25239597,23.46263592
188.72,-20.71714222,23.00320056
188.73,-21.17985442,22.53928268
188.74,-21.64054212,22.07109499
188.75,-22.09922079,21.5988486
188.76,-22.55589644,21.12274562
188.77,-23.01058358,20.64298429
188.78,-23.46329749,20.15975602
188.79,-23.91405812,19.67325268
188.8,-24.36288572,19.1836551
188.81,-24.80979755,18.69114148
188.82,-25.25481542,18.19588831
188.83,-25.69796487,17.69806371
188.84,-26.13926803,17.19783249
188.85,-26.57875169,16.69535755
188.86,-27.01644961,16.19079
188.87,-27.45239119,15.68428207
188.88,-27.88659546,15.17598392
188.89,-28.31911222,14.66603142
188.9,-28.74996326,14.154566
188.91,-29.17919104,13.64172668
188.92,-29.60683627,13.12763743
188.93,-30.03293765,12.6124211
188.94,-30.45753303,12.09619967
188.95,-30.88066809,11.57908707
188.96,-31.30237801,11.06120078
188.97,-31.72272103,10.54264857
188.98,-32.14174488,10.02353393
188.99,-32.55949683,9.503962241
189,-32.97602371,8.984026843
189.01,-33.39138348,8.463822525
189.02,-33.80563306,7.943444747
189.03,-34.21883541,7.422971505
189.04,-34.63104355,6.902493917
189.05,-35.04232675,6.382085381
189.06,-35.45274741,5.861826568
189.07,-35.86236405,5.34178659
189.08,-36.27125204,4.822034912
189.09,-36.67947614,4.302641227
189.1,-37.08710891,3.783666654
189.11,-37.49422483,3.265174743
189.12,-37.90089557,2.747224022
189.13,-38.30719805,2.229866492
189.14,-38.71321185,1.713148838
189.15,-39.11902248,1.197127982
189.16,-39.52470435,0.6818513305
189.17,-39.93033914,0.1673616064
189.18,-40.33601207,-0.3462995603
189.19,-40.74181581,-0.8590928951
189.2,-41.1478352,-1.370982724
189.21,-41.55415104,-1.88193418
189.22,-41.96085194,-2.391912629
189.23,-42.36802901,-2.90088799
189.24,-42.77577069,-3.408834706
189.25,-43.1841688,-3.915723342
189.26,-43.59330899,-4.421532475
189.27,-44.0032832,-4.926237163
189.28,-44.41417724,-5.429819076
189.29,-44.82608156,-5.932256402
189.3,-45.23908334,-6.433533091
189.31,-45.65326055,-6.933643781
189.32,-46.06870456,-7.432574794
189.33,-46.48549243,-7.930303483
189.34,-46.90370417,-8.426831237
189.35,-47.32342006,-8.922146062
189.36,-47.74471217,-9.416239558
189.37,-48.16764744,-9.909110651
189.38,-48.59228288,-10.40075121
189.39,-49.01868302,-10.89116315
189.4,-49.44689574,-11.3803457
189.41,-49.87696875,-11.86829885
189.42,-50.3089431,-12.35503179
189.43,-50.74284404,-12.84054207
189.44,-51.17869458,-13.32483474
189.45,-51.61650256,-13.80791314
189.46,-52.05627789,-14.28979023
189.47,-52.49800936,-14.7704761
189.48,-52.94167904,-15.24997976
189.49,-53.38724718,-15.72831849
189.5,-53.83466931,-16.2054997
189.51,-54.28388224,-16.68153854
189.52,-54.7348078,-17.15645252
189.53,-55.18735259,-17.63026249
189.54,-55.64139805,-18.10298785
189.55,-56.09682453,-18.57464707
189.56,-56.55347485,-19.04527085
189.57,-57.01118667,-19.51486942
189.58,-57.46977159,-19.98347537
189.59,-57.92901846,-20.4511185
189.6,-58.38870871,-20.91783231
189.61,-58.8485847,-21.38364597
189.62,-59.30838894,-21.84859921
189.63,-59.76782482,-22.31272067
189.64,-60.22658564,-22.77605048
189.65,-60.68434419,-23.23862832
189.66,-61.14074889,-23.70049727
189.67,-61.59544087,-24.16170577
189.68,-62.04804176,-24.62230451
189.69,-62.49815555,-25.08233899
189.7,-62.94538002,-25.54186318
189.71,-63.38930333,-26.00093835
189.72,-63.82949833,-26.45962265
189.73,-64.26553662,-26.91798111
189.74,-64.69698535,-27.37608094
189.75,-65.12341577,-27.83399005
189.76,-65.54441048,-28.29179229
189.77,-65.95954431,-28.74955788
189.78,-66.36840316,-29.20737606
189.79,-66.77059482,-29.66533165
189.8,-67.16574752,-30.12351846
189.81,-67.55349024,-30.58203273
189.82,-67.93348264,-31.04097679
189.83,-68.30541615,-31.50046684
189.84,-68.66899646,-31.96060357
189.85,-69.02397414,-32.42151454
189.86,-69.37010904,-32.88332975
189.87,-69.7072141,-33.34617891
189.88,-70.03512057,-33.81020229
189.89,-70.35369804,-34.27554368
189.9,-70.66285428,-34.74236267
189.91,-70.96251269,-35.21081707
189.92,-71.25264554,-35.681073
189.93,-71.53325212,-36.15330516
189.94,-71.80435693,-36.62770575
189.95,-72.06602835,-37.10446553
189.96,-72.31833926,-37.58378645
189.97,-72.56139979,-38.06587738
189.98,-72.79533774,-38.550954
189.99,-73.02031983,-39.03924514
190,-73.23650716,-39.53099077
190.01,-73.44410241,-40.02642785
190.02,-73.64328964,-40.52581373
190.03,-73.83428468,-41.02941577
190.04,-74.01731476,-41.53750256
190.05,-74.19261564,-42.05035711
190.06,-74.36040654,-42.56826634
190.07,-74.52094098,-43.09152854
190.08,-74.67446028,-43.62044121
190.09,-74.82120676,-44.15531249
190.1,-74.9614168,-44.69645586
190.11,-75.09534363,-45.2441961
190.12,-75.22321675,-45.79883879
190.13,-75.34527725,-46.36072052
190.14,-75.46174604,-46.93015055
190.15,-75.57285047,-47.50744413
190.16,-75.67881334,-48.09291712
190.17,-75.77984157,-48.68687274
190.18,-75.876154,-49.28959244
190.19,-75.9679359,-49.90135387
190.2,-76.05538872,-50.52241007
190.21,-76.13869467,-51.15298636
190.22,-76.21803699,-51.79327548
190.23,-76.29357923,-52.44344396
190.24,-76.36548618,-53.10359836
190.25,-76.43391613,-53.77380883
190.26,-76.4990278,-54.4540739
190.27,-76.56095655,-55.144337
190.28,-76.61984087,-55.844454
190.29,-76.67581972,-56.55420754
190.3,-76.7290164,-57.27327551
190.31,-76.77954748,-58.00124345
190.32,-76.82752431,-58.73756164
190.33,-76.87306564,-59.48159223
190.34,-76.91626906,-60.23254546
190.35,-76.9572389,-60.98948906
190.36,-76.99606311,-61.75135909
190.37,-77.03282787,-62.51694548
190.38,-77.06762289,-63.28487307
190.39,-77.10053293,-64.05363845
190.4,-77.13162731,-64.82159141
190.41,-77.16099605,-65.58695142
190.42,-77.18869522,-66.34781756
190.43,-77.21479618,-67.10219168
190.44,-77.23936104,-67.84799848
190.45,-77.26244578,-68.58310835
190.46,-77.2841077,-69.30536772
190.47,-77.30440444,-70.01265076
190.48,-77.32340195,-70.70288018
190.49,-77.34113211,-71.37404905
190.5,-77.35764703,-72.02429334
190.51,-77.37299454,-72.6519015
190.52,-77.3872144,-73.25536906
190.53,-77.40033985,-73.83338864
190.54,-77.41242501,-74.38491058
190.55,-77.4234928,-74.90913547
190.56,-77.43358886,-75.40553447
190.57,-77.44274159,-75.87383385
190.58,-77.45098968,-76.31401722
190.59,-77.45834964,-76.72632137
190.6,-77.46486007,-77.11120484
190.61,-77.47055389,-77.4693118
190.62,-77.47543771,-77.80147395
190.63,-77.47954772,-78.10866582
190.64,-77.48291247,-78.39197861
190.65,-77.48555216,-78.65257979
190.66,-77.48749822,-78.89172028
190.67,-77.48876153,-79.11066681
190.68,-77.48936485,-79.31071174
190.69,-77.48931695,-79.49313485
190.7,-77.48865367,-79.65920197
190.71,-77.48738683,-79.81012361
190.72,-77.48553424,-79.9470807
190.73,-77.48310987,-80.07120425
190.74,-77.48014184,-80.18354809
190.75,-77.47664113,-80.28512125
190.76,-77.47262214,-80.37685839
190.77,-77.46809516,-80.45962788
190.78,-77.46308983,-80.53423749
190.79,-77.45761398,-80.60143401
190.8,-77.45167578,-80.66190339
190.81,-77.44529615,-80.71627255
190.82,-77.43849032,-80.76511429
190.83,-77.43126544,-80.80894832
190.84,-77.42364227,-80.84825841
190.85,-77.41562304,-80.88347615
190.86,-77.40723074,-80.91499072
190.87,-77.39847792,-80.94316135
190.88,-77.38937286,-80.96830655
190.89,-77.37993658,-80.99071619
190.9,-77.37017548,-81.01065173
190.91,-77.36009167,-81.02835236
190.92,-77.3497131,-81.04402828
190.93,-77.33904116,-81.05787373
190.94,-77.3280882,-81.07007488
190.95,-77.31686398,-81.08076964
190.96,-77.30538221,-81.09011606
190.97,-77.29364397,-81.09822645
190.98,-77.28166372,-81.10522307
190.99,-77.26945505,-81.11121049
191,-77.25702371,-81.11626844
191.01,-77.24438193,-81.12050253
191.02,-77.23152512,-81.12397541
191.03,-77.21847726,-81.12675803
191.04,-77.20524382,-81.12891447
191.05,-77.19181842,-81.13050011
191.06,-77.17821756,-81.13155861
191.07,-77.16445434,-81.13213377
191.08,-77.15052841,-81.13228432
191.09,-77.13644767,-81.13203296
191.1,-77.12221826,-81.13141754
191.11,-77.10784244,-81.13046942
191.12,-77.09331877,-81.12921119
191.13,-77.07866893,-81.12767383
191.14,-77.06389443,-81.12587789
191.15,-77.04899926,-81.12384508
191.16,-77.03398554,-81.12158601
191.17,-77.01885381,-81.11912983
191.18,-77.00361981,-81.11649058
191.19,-76.98827453,-81.11367806
191.2,-76.97282474,-81.11070405
191.21,-76.95728577,-81.10757486
191.22,-76.9416434,-81.10430652
191.23,-76.92592027,-81.10091013
191.24,-76.91010583,-81.09739201
191.25,-76.89420246,-81.09376898
191.26,-76.87821959,-81.0900286
191.27,-76.8621612,-81.08618924
191.28,-76.84602854,-81.08226248
191.29,-76.82981483,-81.07825064
191.3,-76.81352617,-81.07415902
191.31,-76.79717924,-81.06997485
191.32,-76.78075753,-81.06572612
191.33,-76.76427697,-81.06141081
191.34,-76.74772863,-81.05702053
191.35,-76.73112378,-81.05256934
191.36,-76.71445059,-81.04806139
191.37,-76.69771967,-81.04349511
191.38,-76.68093542,-81.03887547
191.39,-76.6641002,-81.03419771
191.4,-76.64719942,-81.02947308
191.41,-76.63025395,-81.02469804
191.42,-76.61325842,-81.01987598
191.43,-76.59620368,-81.01500685
191.44,-76.57911203,-81.01008501
191.45,-76.56197044,-81.00513255
191.46,-76.54478348,-81.0001329
191.47,-76.52755277,-80.99509552
191.48,-76.51027279,-80.99001433
191.49,-76.49294871,-80.9848953
191.5,-76.47558257,-80.97973946
191.51,-76.4581726,-80.97454234
191.52,-76.44071994,-80.96930866
191.53,-76.42323817,-80.96403826
191.54,-76.40570576,-80.95873274
191.55,-76.38813946,-80.95339151
191.56,-76.37053598,-80.94802389
191.57,-76.35288995,-80.94261698
191.58,-76.33520328,-80.93717941
191.59,-76.31748734,-80.93170812
191.6,-76.2997296,-80.92619581
191.61,-76.28193094,-80.92065772
191.62,-76.26409739,-80.91508921
191.63,-76.2462366,-80.90948788
191.64,-76.22833855,-80.90385498
191.65,-76.21040832,-80.89819871
191.66,-76.19244268,-80.89250326
191.67,-76.17445126,-80.88677893
191.68,-76.15641782,-80.88102428
191.69,-76.13835094,-80.87523578
191.7,-76.1202495,-80.86941165
191.71,-76.10212194,-80.86356114
191.72,-76.08396045,-80.85767332
191.73,-76.06576697,-80.85176074
191.74,-76.04753744,-80.84582088
191.75,-76.02928234,-80.83984836
191.76,-76.01099529,-80.83384725
191.77,-75.99267461,-80.82781217
191.78,-75.97432817,-80.82174794
191.79,-75.95595502,-80.81565645
191.8,-75.9375488,-80.80953387
191.81,-75.91911099,-80.80337222
191.82,-75.90064836,-80.79718321
191.83,-75.88216001,-80.79096618
191.84,-75.86363052,-80.78472066
191.85,-75.84507787,-80.77844614
191.86,-75.8264978,-80.77213684
191.87,-75.80788692,-80.76580233
191.88,-75.78925219,-80.75943263
191.89,-75.77059109,-80.75303822
191.9,-75.75190513,-80.74660976
191.91,-75.73318818,-80.74015493
191.92,-75.71444068,-80.73366196
191.93,-75.69566715,-80.72714666
191.94,-75.67686214,-80.72059033
191.95,-75.65802772,-80.71401179
191.96,-75.63917526,-80.7073985
191.97,-75.62029835,-80.70075973
191.98,-75.60139701,-80.69408955
191.99,-75.58246563,-80.68738929
192,-75.5635107,-80.68065337
192.01,-75.5445321,-80.67388732
192.02,-75.5255217,-80.66709422
192.03,-75.5064888,-80.66027065
192.04,-75.48741914,-80.65341609
192.05,-75.46833268,-80.64652509
192.06,-75.44921617,-80.63960026
192.07,-75.43007733,-80.63264914
192.08,-75.41091444,-80.62566425
192.09,-75.39172818,-80.61865371
192.1,-75.37252023,-80.61160952
192.11,-75.35328205,-80.60453422
192.12,-75.3340212,-80.59742123
192.13,-75.31473941,-80.59028645
192.14,-75.29543329,-80.58311661
192.15,-75.2760975,-80.57591856
192.16,-75.2567481,-80.56868263
192.17,-75.23736738,-80.56141772
192.18,-75.21796564,-80.55411749
192.19,-75.19853493,-80.54678935
192.2,-75.17908981,-80.53942214
192.21,-75.15962095,-80.53202594
192.22,-75.14013108,-80.52460561
192.23,-75.12061261,-80.51714797
192.24,-75.1010727,-80.50965617
192.25,-75.08150271,-80.50212895
192.26,-75.06191296,-80.494574
192.27,-75.04229513,-80.48698574
192.28,-75.02266266,-80.47936543
192.29,-75.00300213,-80.47171358
192.3,-74.98332744,-80.46403116
192.31,-74.96363097,-80.45631399
192.32,-74.94390686,-80.44856501
192.33,-74.92416175,-80.44078258
192.34,-74.90439555,-80.4329595
192.35,-74.88460995,-80.42511501
192.36,-74.86480254,-80.41723346
192.37,-74.8449808,-80.40931451
192.38,-74.82513137,-80.40136536
192.39,-74.80526246,-80.39337934
192.4,-74.78536654,-80.38536719
192.41,-74.76545058,-80.37731533
192.42,-74.74551411,-80.36923321
192.43,-74.72556491,-80.36111829
192.44,-74.70559476,-80.35297251
192.45,-74.68559154,-80.34479285
192.46,-74.66557532,-80.33658415
192.47,-74.64553825,-80.32834011
192.48,-74.62549062,-80.32005046
192.49,-74.60542211,-80.3117374
192.5,-74.58532555,-80.30338523
192.51,-74.56521024,-80.29499984
192.52,-74.54507559,-80.28658032
192.53,-74.5249221,-80.27812552
192.54,-74.50474989,-80.26964183
192.55,-74.48455725,-80.26111734
192.56,-74.46434725,-80.252563
192.57,-74.44412222,-80.24397461
192.58,-74.42387248,-80.23535314
192.59,-74.40360429,-80.22669674
192.6,-74.38331659,-80.21801199
192.61,-74.36301101,-80.20928512
192.62,-74.3426856,-80.20052543
192.63,-74.3223355,-80.19173335
192.64,-74.30197428,-80.1829125
192.65,-74.28160062,-80.17405475
192.66,-74.26120665,-80.16515963
192.67,-74.24078911,-80.15622838
192.68,-74.22036131,-80.14726774
192.69,-74.19991361,-80.13826525
192.7,-74.17944888,-80.12923411
192.71,-74.15896552,-80.1201643
192.72,-74.13846379,-80.11105965
192.73,-74.11795082,-80.10192632
192.74,-74.0974119,-80.09275737
192.75,-74.07685832,-80.08354984
192.76,-74.05629883,-80.07430881
192.77,-74.03571501,-80.06502653
192.78,-74.0151132,-80.05572333
192.79,-73.9944942,-80.04637669
192.8,-73.97385567,-80.03699786
192.81,-73.95320844,-80.02757975
192.82,-73.93254938,-80.01813245
192.83,-73.91186661,-80.00865256
192.84,-73.89116746,-79.9991358
192.85,-73.87045078,-79.98958381
192.86,-73.84972416,-79.9799929
192.87,-73.82897228,-79.97036778
192.88,-73.80821168,-79.96070314
192.89,-73.78743316,-79.9510112
192.9,-73.76665164,-79.94128188
192.91,-73.74584646,-79.93152103
192.92,-73.72502351,-79.92171716
192.93,-73.70418416,-79.911881
192.94,-73.68333603,-79.90201449
192.95,-73.66247131,-79.89211384
192.96,-73.64159616,-79.88217436
192.97,-73.62070477,-79.87219694
192.98,-73.59979724,-79.86219078
192.99,-73.57887909,-79.8521493
193,-73.55794626,-79.84207421
193.01,-73.53699631,-79.83195186
193.02,-73.51604288,-79.8217965
193.03,-73.49507395,-79.81161599
193.04,-73.47408894,-79.80140367
193.05,-73.45308794,-79.79114556
193.06,-73.43207803,-79.78084928
193.07,-73.41105213,-79.77052347
193.08,-73.3900172,-79.76016003
193.09,-73.36895889,-79.74976132
193.1,-73.34789218,-79.73932829
193.11,-73.32680992,-79.72886203
193.12,-73.3057197,-79.7183608
193.13,-73.2846204,-79.70782346
193.14,-73.26350459,-79.6972543
193.15,-73.24238052,-79.68664998
193.16,-73.22124761,-79.67600396
193.17,-73.20009878,-79.66532743
193.18,-73.17894207,-79.65461285
193.19,-73.1577631,-79.64386546
193.2,-73.13658279,-79.63308168
193.21,-73.11539518,-79.6222592
193.22,-73.0941909,-79.61140725
193.23,-73.07297229,-79.60051704
193.24,-73.05174641,-79.5895932
193.25,-73.03051153,-79.57863575
193.26,-73.0092605,-79.56764602
193.27,-72.98800096,-79.55661894
193.28,-72.96673516,-79.54555824
193.29,-72.94545481,-79.53445758
193.3,-72.92416585,-79.52331912
193.31,-72.9028628,-79.51215273
193.32,-72.88155114,-79.50094873
193.33,-72.86023268,-79.4897136
193.34,-72.83890582,-79.4784435
193.35,-72.81756568,-79.46713634
193.36,-72.79621839,-79.45579535
193.37,-72.77486171,-79.44442033
193.38,-72.75349727,-79.43300678
193.39,-72.73211968,-79.42156401
193.4,-72.71073368,-79.41008441
193.41,-72.68933454,-79.39856863
193.42,-72.66793635,-79.38701585
193.43,-72.64652926,-79.37542964
193.44,-72.6251073,-79.36381489
193.45,-72.60367976,-79.35216557
193.46,-72.58224399,-79.34047744
193.47,-72.56080286,-79.32875244
193.48,-72.5393529,-79.31699538
193.49,-72.51788988,-79.30520372
193.5,-72.49641976,-79.29337844
193.51,-72.47494908,-79.28151879
193.52,-72.45346562,-79.26962587
193.53,-72.43197499,-79.25770233
193.54,-72.41047804,-79.24574273
193.55,-72.38897407,-79.2337557
193.56,-72.36746282,-79.22172188
193.57,-72.34593828,-79.20966647
193.58,-72.32440809,-79.19756719
193.59,-72.30288494,-79.18543877
193.6,-72.28134898,-79.17327443
193.61,-72.25979899,-79.16107741
193.62,-72.23824281,-79.14884474
193.63,-72.21668681,-79.1365773
193.64,-72.19513133,-79.12427706
193.65,-72.17356268,-79.11194689
193.66,-72.1519943,-79.09957719
193.67,-72.13041384,-79.08718047
193.68,-72.10882022,-79.07474571
193.69,-72.08722865,-79.06227796
193.7,-72.0656362,-79.04977683
193.71,-72.04403787,-79.03724172
193.72,-72.02242673,-79.02467218
193.73,-72.0008167,-79.01207432
193.74,-71.97920089,-78.99944194
193.75,-71.95757866,-78.98678206
193.76,-71.93595073,-78.97408529
193.77,-71.91431826,-78.96135869
193.78,-71.8926791,-78.9485997
193.79,-71.871042,-78.93580815
193.8,-71.84940448,-78.92298329
193.81,-71.82776087,-78.91012626
193.82,-71.80610525,-78.8972339
193.83,-71.78444611,-78.88430588
193.84,-71.76277999,-78.87134705
193.85,-71.74110911,-78.85835792
193.86,-71.71944728,-78.84534527
193.87,-71.6977785,-78.83228604
193.88,-71.67610469,-78.8192053
193.89,-71.65442692,-78.80609469
193.9,-71.63274205,-78.79294781
193.91,-71.6110586,-78.77976047
193.92,-71.58937034,-78.76654668
193.93,-71.56768541,-78.75330377
193.94,-71.54599473,-78.74003567
193.95,-71.52429911,-78.72672719
193.96,-71.50260517,-78.71339012
193.97,-71.48090625,-78.70002328
193.98,-71.45920819,-78.6866264
193.99,-71.43750492,-78.67319171
194,-71.41579901,-78.65973656
194.01,-71.39408788,-78.64624388
194.02,-71.37237678,-78.63272018
194.03,-71.35066259,-78.61916579
194.04,-71.32894965,-78.60558788
194.05,-71.30724593,-78.59197198
194.06,-71.28553846,-78.5783244
194.07,-71.26381798,-78.56464741
194.08,-71.24210134,-78.55094164
194.09,-71.22037984,-78.53720877
194.1,-71.19865943,-78.52344613
194.11,-71.1769352,-78.50965817
194.12,-71.15522111,-78.49582707
194.13,-71.13350137,-78.4819675
194.14,-71.11177807,-78.46808089
194.15,-71.09005584,-78.45417049
194.16,-71.06833746,-78.44023146
194.17,-71.04661413,-78.42626025
194.18,-71.02489345,-78.41225862
194.19,-71.00317436,-78.39822943
194.2,-70.98145297,-78.38417068
194.21,-70.95972713,-78.37008459
194.22,-70.93799625,-78.35597076
194.23,-70.91627571,-78.3418221
194.24,-70.89455783,-78.32765268
194.25,-70.8728352,-78.31345498
194.26,-70.85111642,-78.29922323
194.27,-70.82939996,-78.28496774
194.28,-70.80767975,-78.27068444
194.29,-70.7859613,-78.25637087
194.3,-70.76424817,-78.2420292
194.31,-70.7425373,-78.2276583
194.32,-70.72082821,-78.21326835
194.33,-70.69911673,-78.19883988
194.34,-70.67740808,-78.18439166
194.35,-70.6556953,-78.16991261
194.36,-70.63398566,-78.15540574
194.37,-70.61228637,-78.14087822
194.38,-70.59058993,-78.12631877
194.39,-70.56889033,-78.11173367
194.4,-70.54718666,-78.09711951
194.41,-70.52549384,-78.08247918
194.42,-70.50380321,-78.06781984
194.43,-70.48210292,-78.05312891
194.44,-70.46041306,-78.03841093
194.45,-70.43873356,-78.0236626
194.46,-70.41705795,-78.00889328
194.47,-70.39538511,-77.99409522
194.48,-70.37370834,-77.97927536
194.49,-70.35202903,-77.96442418
194.5,-70.33034741,-77.94954785
194.51,-70.30867497,-77.93465016
194.52,-70.2870135,-77.91972572
194.53,-70.26534735,-77.90478315
194.54,-70.24367977,-77.88981162
194.55,-70.22202248,-77.87481698
194.56,-70.20036811,-77.85979459
194.57,-70.17871767,-77.8447457
194.58,-70.15707155,-77.82967046
194.59,-70.13543531,-77.8145766
194.6,-70.11379614,-77.79945534
194.61,-70.09216182,-77.78430913
194.62,-70.0705304,-77.76914287
194.63,-70.04889725,-77.75395579
194.64,-70.02728086,-77.73873904
194.65,-70.00566203,-77.72349854
194.66,-69.98404612,-77.70823807
194.67,-69.96244252,-77.69295074
194.68,-69.94083568,-77.67763704
194.69,-69.9192388,-77.66230601
194.7,-69.89764093,-77.64694622
194.71,-69.87605973,-77.6315727
194.72,-69.8544755,-77.61617311
194.73,-69.83289689,-77.60075267
194.74,-69.8113289,-77.58531242
194.75,-69.78975699,-77.56984092
194.76,-69.76819722,-77.55434952
194.77,-69.74663465,-77.53883778
194.78,-69.72508258,-77.52330502
194.79,-69.70352885,-77.5077523
194.8,-69.68198571,-77.49217101
194.81,-69.66044735,-77.47657023
194.82,-69.63891304,-77.46095021
194.83,-69.61738415,-77.44531429
194.84,-69.59586534,-77.42964967
194.85,-69.57435068,-77.41397097
194.86,-69.55284223,-77.3982623
194.87,-69.53133723,-77.38253953
194.88,-69.50983643,-77.36680578
194.89,-69.48834778,-77.351041
194.9,-69.46686364,-77.33525611
194.91,-69.44539036,-77.31945215
194.92,-69.42392206,-77.30362809
194.93,-69.40245855,-77.2877847
194.94,-69.38099182,-77.27192403
194.95,-69.35953865,-77.25604737
194.96,-69.33809528,-77.2401481
194.97,-69.31665708,-77.22423003
194.98,-69.29522456,-77.20830002
194.99,-69.27380329,-77.19234466
195,-69.25238681,-77.17636676
195.01,-69.23097485,-77.16037841
195.02,-69.20956777,-77.14437434
195.03,-69.18817193,-77.12834698
195.04,-69.16678089,-77.11229918
195.05,-69.14540209,-77.09623779
195.06,-69.1240288,-77.08015121
195.07,-69.10265992,-77.0640574
195.08,-69.08129512,-77.04794391
195.09,-69.05993684,-77.03181135
195.1,-69.03858989,-77.01565832
195.11,-69.01725466,-76.99948902
195.12,-68.99592456,-76.98330567
195.13,-68.9746073,-76.96709665
195.14,-68.95329291,-76.95088037
195.15,-68.93197897,-76.93463778
195.16,-68.91068331,-76.91838397
195.17,-68.88939255,-76.9021169
195.18,-68.86811296,-76.88583203
195.19,-68.84683845,-76.86953211
195.2,-68.8255701,-76.85322145
195.21,-68.80431381,-76.83689299
195.22,-68.78306211,-76.82055163
195.23,-68.76181607,-76.80419054
195.24,-68.7405826,-76.78781786
195.25,-68.71935431,-76.77142042
195.26,-68.6981376,-76.75501872
195.27,-68.67692722,-76.73859817
195.28,-68.65572896,-76.72216142
195.29,-68.63454232,-76.70571193
195.3,-68.61335391,-76.68924772
195.31,-68.5921786,-76.67277305
195.32,-68.5710085,-76.65627736
195.33,-68.54985029,-76.63976597
195.34,-68.52870474,-76.6232494
195.35,-68.50756452,-76.60672179
195.36,-68.48643635,-76.59018075
195.37,-68.46531445,-76.57362598
195.38,-68.44419747,-76.55705235
195.39,-68.42309332,-76.5404673
195.4,-68.40199371,-76.52387565
195.41,-68.38090748,-76.50726712
195.42,-68.35983386,-76.49064468
195.43,-68.33876523,-76.4740184
195.44,-68.31770227,-76.45736739
195.45,-68.29665133,-76.4407104
195.46,-68.2756077,-76.42404116
195.47,-68.25458204,-76.4073567
195.48,-68.23356194,-76.39066506
195.49,-68.21254807,-76.37396089
195.5,-68.19154017,-76.35724825
195.51,-68.17054452,-76.34052201
195.52,-68.14956161,-76.32378373
195.53,-68.12858389,-76.30703342
195.54,-68.10761952,-76.29027598
195.55,-68.08666778,-76.27350486
195.56,-68.06572226,-76.25672385
195.57,-68.04478858,-76.23992743
195.58,-68.02386142,-76.2231285
195.59,-68.00294693,-76.20631658
195.6,-67.98203784,-76.18949069
195.61,-67.96114146,-76.17266343
195.62,-67.94025127,-76.1558226
195.63,-67.91936617,-76.13897243
195.64,-67.89849445,-76.12211083
195.65,-67.87763613,-76.10524453
195.66,-67.85679019,-76.08836268
195.67,-67.83594951,-76.07147498
195.68,-67.81511527,-76.05458623
195.69,-67.79430089,-76.03767716
195.7,-67.77349248,-76.02076625
195.71,-67.75269019,-76.00385142
195.72,-67.73190089,-75.98692137
195.73,-67.71112438,-75.9699828
195.74,-67.69034724,-75.95303804
195.75,-67.66958995,-75.93608682
195.76,-67.64884633,-75.9191336
195.77,-67.62810113,-75.9021735
195.78,-67.60736843,-75.88519473
195.79,-67.58664182,-75.86821567
195.8,-67.5659426,-75.85123355
195.81,-67.54524261,-75.83423795
195.82,-67.52455441,-75.81724289
195.83,-67.50388023,-75.80023604
195.84,-67.48321312,-75.78322138
195.85,-67.4625585,-75.76620805
195.86,-67.44190948,-75.74918451
195.87,-67.42126737,-75.73215
195.88,-67.40063744,-75.71511338
195.89,-67.3800141,-75.69806849
195.9,-67.35940451,-75.68102627
195.91,-67.33880781,-75.66397082
195.92,-67.31822404,-75.64691429
195.93,-67.29764612,-75.6298527
195.94,-67.27707607,-75.61278429
195.95,-67.25651791,-75.59570997
195.96,-67.23597252,-75.57863176
195.97,-67.21543453,-75.56154877
195.98,-67.19491043,-75.54446123
195.99,-67.1743983,-75.52737462
196,-67.15389846,-75.51027897
196.01,-67.13340579,-75.49317417
196.02,-67.11292021,-75.47606404
196.03,-67.09245367,-75.45896038
196.04,-67.07199483,-75.44184601
196.05,-67.05154188,-75.42472909
196.06,-67.03110239,-75.40761235
196.07,-67.01066868,-75.39048854
196.08,-66.9902492,-75.3733663
196.09,-66.96983603,-75.35623951
196.1,-66.94943606,-75.33910571
196.11,-66.92904302,-75.32197326
196.12,-66.90865651,-75.30483742
196.13,-66.88828938,-75.28768934
196.14,-66.86792832,-75.27054946
196.15,-66.8475757,-75.25340986
196.16,-66.82723446,-75.23626472
196.17,-66.80690761,-75.21911748
196.18,-66.78658681,-75.20196948
196.19,-66.76627982,-75.18481678
196.2,-66.74597924,-75.16765555
196.21,-66.72569091,-75.15050319
196.22,-66.70541098,-75.13334473
196.23,-66.68515113,-75.11618972
196.24,-66.66488995,-75.09902837
196.25,-66.64464331,-75.08186892
196.26,-66.62440986,-75.06470712
196.27,-66.60418357,-75.04753598
196.28,-66.58396453,-75.03037432
196.29,-66.56375743,-75.0132075
196.3,-66.5435571,-74.99604384
196.31,-66.52337069,-74.97888257
196.32,-66.50319082,-74.96171446
196.33,-66.48302485,-74.94454932
196.34,-66.46287149,-74.92738397
196.35,-66.44272484,-74.91021457
196.36,-66.42259174,-74.89304755
196.37,-66.4024587,-74.87588121
196.38,-66.38233975,-74.85871545
196.39,-66.36223386,-74.84155274
196.4,-66.34212879,-74.82438626
196.41,-66.32203765,-74.80721909
196.42,-66.30196019,-74.79005847
196.43,-66.28188781,-74.77290137
196.44,-66.26182936,-74.75574018
196.45,-66.24177763,-74.73857936
196.46,-66.22174011,-74.72141787
196.47,-66.20170964,-74.7042637
196.48,-66.18168506,-74.68711236
196.49,-66.16167359,-74.66996358
196.5,-66.14167685,-74.6528127
196.51,-66.12169307,-74.63566056
196.52,-66.10170319,-74.6185063
196.53,-66.081727,-74.6013588
196.54,-66.06175719,-74.58421285
196.55,-66.04180814,-74.56707234
196.56,-66.02185913,-74.54993361
196.57,-66.00192397,-74.532796
196.58,-65.98200247,-74.51565997
196.59,-65.96208704,-74.49852769
196.6,-65.9421795,-74.48139447
196.61,-65.92228421,-74.46426401
196.62,-65.90239709,-74.44713634
196.63,-65.88251671,-74.43000775
196.64,-65.86264296,-74.41289256
196.65,-65.84277647,-74.39577044
196.66,-65.82292367,-74.37865604
196.67,-65.80307794,-74.36154516
196.68,-65.78324635,-74.34444658
196.69,-65.76341984,-74.32734393
196.7,-65.74360144,-74.31024501
196.71,-65.72379711,-74.29314881
196.72,-65.70399888,-74.27606459
196.73,-65.68420183,-74.25898146
196.74,-65.66441031,-74.24190086
196.75,-65.64463273,-74.22481807
196.76,-65.62486276,-74.20774011
196.77,-65.6050989,-74.19066706
196.78,-65.58534912,-74.17359848
196.79,-65.56561354,-74.15653341
196.8,-65.54588444,-74.1394761
196.81,-65.52615626,-74.12242751
196.82,-65.50644143,-74.10538148
196.83,-65.48673342,-74.08833576
196.84,-65.46703305,-74.07129869
196.85,-65.44733903,-74.05425869
196.86,-65.42765163,-74.03722618
196.87,-65.40797845,-74.02020689
196.88,-65.38829823,-74.00318929
196.89,-65.36864026,-73.98617528
196.9,-65.348981,-73.96915689
196.91,-65.329336,-73.95215183
196.92,-65.30969023,-73.93515545
196.93,-65.29005231,-73.9181534
196.94,-65.27042731,-73.90116671
196.95,-65.25080276,-73.88418521
196.96,-65.23118689,-73.86720282
196.97,-65.2115828,-73.85022993
196.98,-65.19197959,-73.83326319
196.99,-65.1723901,-73.81630557
197,-65.15280146,-73.79935122
197.01,-65.13323224,-73.78240396
197.02,-65.11366481,-73.76547189
197.03,-65.09410317,-73.74854036
197.04,-65.07454959,-73.73161664
197.05,-65.05499521,-73.71469316
197.06,-65.03546161,-73.69777997
197.07,-65.01592838,-73.6808721
197.08,-64.99639582,-73.66396549
197.09,-64.97687656,-73.6470658
197.1,-64.95735758,-73.63017551
197.11,-64.93784607,-73.61328485
197.12,-64.91834207,-73.59640943
197.13,-64.89884382,-73.57953948
197.14,-64.87934654,-73.56268005
197.15,-64.85985618,-73.54582122
197.16,-64.8403787,-73.52897436
197.17,-64.82090255,-73.51213262
197.18,-64.80142638,-73.49529531
197.19,-64.78195679,-73.4784723
197.2,-64.76249471,-73.46164834
197.21,-64.74304626,-73.44483415
197.22,-64.7235976,-73.42802674
197.23,-64.7041501,-73.4112268
197.24,-64.6847092,-73.39443454
197.25,-64.66527595,-73.37764989
197.26,-64.64584181,-73.36087361
197.27,-64.62641532,-73.34410568
197.28,-64.60699571,-73.32734128
197.29,-64.5875762,-73.31058814
197.3,-64.56817034,-73.29384496
197.31,-64.54876497,-73.27709823
197.32,-64.52935957,-73.26036368
197.33,-64.50996127,-73.24364045
197.34,-64.49056381,-73.22692243
197.35,-64.47117342,-73.21020983
197.36,-64.45178259,-73.19350606
197.37,-64.43239948,-73.17681432
197.38,-64.41301578,-73.16012827
197.39,-64.3936391,-73.14345237
197.4,-64.37426314,-73.12678191
197.41,-64.35488807,-73.11012178
197.42,-64.33551906,-73.09346907
197.43,-64.31615708,-73.07681789
197.44,-64.29679436,-73.06017899
197.45,-64.27743958,-73.04355148
197.46,-64.25808577,-73.02693053
197.47,-64.23873085,-73.01031825
197.48,-64.21938265,-72.99371526
197.49,-64.20002884,-72.97712513
197.5,-64.18068214,-72.96053869
197.51,-64.16133461,-72.94395582
197.52,-64.14198743,-72.92738002
197.53,-64.12264867,-72.91081823
197.54,-64.10330959,-72.89426517
197.55,-64.08397794,-72.87772703
197.56,-64.06464514,-72.86119306
197.57,-64.04530621,-72.84466302
197.58,-64.02596777,-72.82813802
197.59,-64.00663636,-72.81162759
197.6,-63.98730357,-72.79512343
197.61,-63.9679796,-72.77862904
197.62,-63.9486483,-72.76214284
197.63,-63.92931046,-72.74566481
197.64,-63.9099786,-72.72920116
197.65,-63.89064768,-72.71274245
197.66,-63.87131702,-72.69629001
197.67,-63.85198704,-72.67984677
197.68,-63.83265685,-72.66341587
197.69,-63.8133261,-72.64699593
197.7,-63.79399625,-72.63058365
197.71,-63.77466666,-72.61417661
197.72,-63.75533668,-72.59777706
197.73,-63.73599958,-72.58138849
197.74,-63.71666227,-72.565011
197.75,-63.6973254,-72.54863828
197.76,-63.67798941,-72.53227223
197.77,-63.6586526,-72.51591403
197.78,-63.63930981,-72.49956981
197.79,-63.61997433,-72.48324167
197.8,-63.60063147,-72.46690968
197.81,-63.58128113,-72.45059169
197.82,-63.56193207,-72.43428399
197.83,-63.54257682,-72.41798018
197.84,-63.52322062,-72.40168688
197.85,-63.50386433,-72.38540178
197.86,-63.48450108,-72.36912162
197.87,-63.46513748,-72.35285326
197.88,-63.44577427,-72.33659835
197.89,-63.42640485,-72.32035187
197.9,-63.40703504,-72.30410489
197.91,-63.38765153,-72.28787291
197.92,-63.36827488,-72.27164607
197.93,-63.34888512,-72.25543467
197.94,-63.32949539,-72.23923413
197.95,-63.31009769,-72.22303794
197.96,-63.29069432,-72.20685333
197.97,-63.27128393,-72.19067699
197.98,-63.25187353,-72.1745067
197.99,-63.23245612,-72.15835041
198,-63.21303158,-72.14220037
198.01,-63.19360048,-72.12605558
198.02,-63.17416199,-72.10991988
198.03,-63.15471679,-72.09379726
198.04,-63.13527135,-72.07767865
198.05,-63.11581932,-72.06157115
198.06,-63.09635325,-72.04546593
198.07,-63.07688802,-72.02937991
198.08,-63.05741382,-72.01329857
198.09,-63.0379346,-71.99722285
198.1,-63.01844153,-71.98115831
198.11,-62.99894128,-71.96510589
198.12,-62.97943458,-71.94905576
198.13,-62.95991969,-71.9330145
198.14,-62.94039847,-71.91698139
198.15,-62.9208638,-71.90095853
198.16,-62.90131562,-71.8849386
198.17,-62.88176689,-71.86892802
198.18,-62.86221028,-71.85292731
198.19,-62.84264028,-71.83694219
198.2,-62.82305587,-71.82095843
198.21,-62.80346508,-71.80498855
198.22,-62.78386084,-71.78902277
198.23,-62.76424924,-71.77307179
198.24,-62.74462377,-71.75711881
198.25,-62.72499177,-71.74117518
198.26,-62.70534515,-71.72524812
198.27,-62.68568456,-71.70931989
198.28,-62.66601682,-71.69339962
198.29,-62.64632901,-71.67749074
198.3,-62.62663328,-71.6615923
198.31,-62.60692403,-71.64569144
198.32,-62.5872005,-71.62980126
198.33,-62.56747041,-71.61392441
198.34,-62.54772511,-71.598058
198.35,-62.52796669,-71.58220108
198.36,-62.50819373,-71.56634249
198.37,-62.48840676,-71.55049539
198.38,-62.46859942,-71.53465643
198.39,-62.44877872,-71.51882308
198.4,-62.42893696,-71.50300232
198.41,-62.40908109,-71.48718789
198.42,-62.38921684,-71.47137519
198.43,-62.36933828,-71.45556849
198.44,-62.34943901,-71.43977055
198.45,-62.3295194,-71.42398284
198.46,-62.30957876,-71.40820514
198.47,-62.28962424,-71.39243328
198.48,-62.26965546,-71.37666639
198.49,-62.24966543,-71.36090495
198.5,-62.2296614,-71.34515737
198.51,-62.209636,-71.32940984
198.52,-62.18959587,-71.31366425
198.53,-62.16953494,-71.29793136
198.54,-62.14944711,-71.2822031
198.55,-62.12933749,-71.26647849
198.56,-62.10920663,-71.25076425
198.57,-62.08905492,-71.23505736
198.58,-62.06888786,-71.21935722
198.59,-62.04870113,-71.20365937
198.6,-62.02848602,-71.18796601
198.61,-62.00824939,-71.17228259
198.62,-61.98799101,-71.15660274
198.63,-61.96771248,-71.14093512
198.64,-61.94740618,-71.12526762
198.65,-61.92707139,-71.10960631
198.66,-61.90672187,-71.09394897
198.67,-61.88634355,-71.07829419
198.68,-61.86593833,-71.06264819
198.69,-61.84550414,-71.04700908
198.7,-61.82504178,-71.03137764
198.71,-61.80455818,-71.0157511
198.72,-61.78404606,-71.00012891
198.73,-61.76350945,-70.98450767
198.74,-61.7429413,-70.96889
198.75,-61.72235158,-70.95328291
198.76,-61.70173061,-70.93767347
198.77,-61.6810774,-70.92207002
198.78,-61.6603965,-70.90647349
198.79,-61.63968708,-70.89088449
198.8,-61.61894535,-70.875298
198.81,-61.59817535,-70.85971532
198.82,-61.57736629,-70.84414285
198.83,-61.55652649,-70.82856405
198.84,-61.53565447,-70.81299929
198.85,-61.51474634,-70.797435
198.86,-61.49380948,-70.78187053
198.87,-61.47283809,-70.76631302
198.88,-61.4518318,-70.75075648
198.89,-61.43078963,-70.73520964
198.9,-61.40971255,-70.71966054
198.91,-61.38859554,-70.70411516
198.92,-61.36744464,-70.68857276
198.93,-61.34625593,-70.67303042
198.94,-61.32503015,-70.6574929
198.95,-61.30376166,-70.64195165
198.96,-61.28245727,-70.62641631
198.97,-61.2611106,-70.61089065
198.98,-61.23972413,-70.59536293
198.99,-61.21829632,-70.57983773
199,-61.19683162,-70.56430946
199.01,-61.17531838,-70.54878755
199.02,-61.15376635,-70.53326783
199.03,-61.13216767,-70.51774962
199.04,-61.11052305,-70.5022237
199.05,-61.0888352,-70.48670458
199.06,-61.06709834,-70.47118666
199.07,-61.04531608,-70.45567165
199.08,-61.02348764,-70.44016015
199.09,-61.00161579,-70.42464591
199.1,-60.97969403,-70.40913004
199.11,-60.95771955,-70.39361623
199.12,-60.93569909,-70.37809823
199.13,-60.91362598,-70.36258308
199.14,-60.89150556,-70.34706702
199.15,-60.869325,-70.33155886
199.16,-60.84709486,-70.31604171
199.17,-60.82480853,-70.30052802
199.18,-60.80246802,-70.28500714
199.19,-60.78007425,-70.26948644
199.2,-60.75761787,-70.25396806
199.21,-60.73510663,-70.2384433
199.22,-60.71253917,-70.22292092
199.23,-60.68990849,-70.20739516
199.24,-60.66722028,-70.19187106
199.25,-60.64447596,-70.17634223
199.26,-60.62166372,-70.1608121
199.27,-60.5987906,-70.14527857
199.28,-60.57585654,-70.12974208
199.29,-60.55285586,-70.11420443
199.3,-60.52979142,-70.09865607
199.31,-60.50665562,-70.08311307
199.32,-60.48345288,-70.06755896
199.33,-60.46018478,-70.05200716
199.34,-60.43684572,-70.0364463
199.35,-60.4134331,-70.02088374
199.36,-60.38994888,-70.00531289
199.37,-60.36639301,-69.98974378
199.38,-60.34276374,-69.97416644
199.39,-60.31905585,-69.95858459
199.4,-60.29527682,-69.94299149
199.41,-60.27141551,-69.92739202
199.42,-60.24747671,-69.91179577
199.43,-60.22345646,-69.89618488
199.44,-60.19935655,-69.88057238
199.45,-60.17517496,-69.86495752
199.46,-60.15090938,-69.84933375
199.47,-60.1265609,-69.83370325
199.48,-60.10212334,-69.8180585
199.49,-60.0775998,-69.80240723
199.5,-60.05298851,-69.78675272
199.51,-60.0282815,-69.77108463
199.52,-60.00348181,-69.75540782
199.53,-59.97858616,-69.73972215
199.54,-59.95359672,-69.72402796
199.55,-59.92850498,-69.70833193
199.56,-59.90331753,-69.69262355
199.57,-59.87803033,-69.67690755
199.58,-59.85264397,-69.66118026
199.59,-59.8271577,-69.64543623
199.6,-59.80156414,-69.62968172
199.61,-59.77586377,-69.61392232
199.62,-59.7500539,-69.59814033
199.63,-59.72414038,-69.58234481
199.64,-59.69811262,-69.5665416
199.65,-59.67197452,-69.55072105
199.66,-59.6457195,-69.53489151
199.67,-59.61934694,-69.51904758
199.68,-59.59285953,-69.50319491
199.69,-59.56624793,-69.48732141
199.7,-59.539513,-69.4714334
199.71,-59.51264922,-69.45553923
199.72,-59.48566453,-69.43962739
199.73,-59.45855126,-69.42369655
199.74,-59.43130991,-69.40775105
199.75,-59.40393699,-69.39179079
199.76,-59.37642496,-69.37581168
199.77,-59.34877802,-69.35981262
199.78,-59.32098852,-69.34379662
199.79,-59.29305745,-69.32776571
199.8,-59.26498346,-69.31171175
199.81,-59.23675983,-69.29563798
199.82,-59.20838915,-69.27954846
199.83,-59.17985998,-69.26343951
199.84,-59.15117807,-69.24730555
199.85,-59.12234154,-69.23115566
199.86,-59.0933455,-69.21498562
199.87,-59.06418564,-69.19878632
199.88,-59.03486238,-69.18257006
199.89,-59.00536862,-69.16633137
199.9,-58.9757041,-69.15006642
199.91,-58.94586484,-69.13377681
199.92,-58.91585086,-69.11746572
199.93,-58.88565245,-69.10112685
199.94,-58.85526897,-69.08475918
199.95,-58.82470256,-69.06837182
199.96,-58.7939417,-69.05195602
199.97,-58.76299496,-69.03551541
199.98,-58.73184631,-69.01904608
199.99,-58.70049441,-69.00255067
200,-58.66893902,-68.98602631
