t_ms,vm_soma_mV,vm_far_mV
0.01,-69.64511793,-69.99995773
0.02,-69.31999594,-69.99991539
0.03,-69.01714321,-69.99987292
0.04,-68.73193179,-69.99982946
0.05,-68.46127119,-69.99978319
0.06,-68.20296399,-69.99973075
0.07,-67.95536883,-69.99966663
0.08,-67.71721162,-69.99958261
0.09,-67.48747294,-69.99946722
0.1,-67.26531716,-69.99930549
0.11,-67.05004565,-69.99907873
0.12,-66.84106469,-69.99876464
0.13,-66.63786274,-69.99833753
0.14,-66.43999379,-69.99776866
0.15,-66.24706501,-69.99702679
0.16,-66.05872726,-69.9960787
0.17,-65.87466773,-69.99488978
0.18,-65.69460419,-69.99342463
0.19,-65.51828035,-69.99164761
0.2,-65.34546206,-69.98952337
0.21,-65.17593432,-69.98701732
0.22,-65.00949866,-69.98409599
0.23,-64.84597111,-69.98072737
0.24,-64.68518034,-69.9768812
0.25,-64.52696621,-69.97252915
0.26,-64.37117844,-69.96764494
0.27,-64.21767555,-69.96220448
0.28,-64.06632386,-69.95618587
0.29,-63.91699667,-69.94956945
0.3,-63.76957358,-69.94233773
0.31,-63.62393979,-69.93447539
0.32,-63.47998555,-69.92596916
0.33,-63.33760571,-69.91680779
0.34,-63.19669921,-69.90698191
0.35,-63.05716872,-69.89648391
0.36,-62.91892027,-69.8853079
0.37,-62.78186293,-69.8734495
0.38,-62.64590852,-69.86090579
0.39,-62.51097132,-69.8476752
0.4,-62.37696785,-69.83375732
0.41,-62.24381663,-69.8191529
0.42,-62.11143796,-69.80386363
0.43,-61.97975377,-69.78789214
0.44,-61.84868737,-69.77124182
0.45,-61.71816335,-69.7539168
0.46,-61.58810735,-69.73592179
0.47,-61.45844596,-69.71726206
0.48,-61.32910655,-69.69794332
0.49,-61.20001713,-69.67797168
0.5,-61.07110623,-69.65735355
0.51,-60.94230273,-69.63609563
0.52,-60.81353579,-69.61420477
0.53,-60.68473467,-69.59168801
0.54,-60.55582861,-69.56855245
0.55,-60.42674676,-69.54480526
0.56,-60.29741798,-69.52045361
0.57,-60.16777079,-69.49550463
0.58,-60.03773318,-69.46996538
0.59,-59.90723211,-69.44384283
0.6,-59.77619465,-69.41714382
0.61,-59.64454652,-69.389875
0.62,-59.51221243,-69.36204286
0.63,-59.37911593,-69.33365368
0.64,-59.24517925,-69.30471349
0.65,-59.11032321,-69.27522808
0.66,-58.974467,-69.24520297
0.67,-58.83752804,-69.21464337
0.68,-58.69942185,-69.18355421
0.69,-58.56006182,-69.15194009
0.7,-58.41935908,-69.11980528
0.71,-58.27722224,-69.08715368
0.72,-58.13355718,-69.05398887
0.73,-57.98826699,-69.02031403
0.74,-57.84125164,-68.98613195
0.75,-57.69240771,-68.95144504
0.76,-57.54162817,-68.91625532
0.77,-57.3888021,-68.88056436
0.78,-57.23381441,-68.84437333
0.79,-57.07654553,-68.80768295
0.8,-56.9168711,-68.77049349
0.81,-56.75466162,-68.73280479
0.82,-56.58978208,-68.69461618
0.83,-56.42209156,-68.65592654
0.84,-56.25144278,-68.61673426
0.85,-56.07768172,-68.5770372
0.86,-55.90064708,-68.53683275
0.87,-55.72016978,-68.49611772
0.88,-55.5360724,-68.45488842
0.89,-55.34816857,-68.41314058
0.9,-55.15626231,-68.37086938
0.91,-54.96014736,-68.32806938
0.92,-54.75960644,-68.28473455
0.93,-54.55441039,-68.24085826
0.94,-54.34431733,-68.19643319
0.95,-54.12907174,-68.15145138
0.96,-53.90840338,-68.1059042
0.97,-53.68202625,-68.05978226
0.98,-53.44963733,-68.01307547
0.99,-53.21091535,-67.96577296
1,-52.96551936,-67.91786306
1.01,-52.7130872,-67.86933327
1.02,-52.45323387,-67.82017024
1.03,-52.18554973,-67.77035969
1.04,-51.90959856,-67.71988643
1.05,-51.62491545,-67.66873425
1.06,-51.3310045,-67.61688595
1.07,-51.02733635,-67.56432321
1.08,-50.71334545,-67.51102659
1.09,-50.38842711,-67.45697545
1.1,-50.05193434,-67.4021479
1.11,-49.70317432,-67.34652074
1.12,-49.34140465,-67.29006933
1.13,-48.96582926,-67.23276758
1.14,-48.57559393,-67.17458786
1.15,-48.16978149,-67.11550084
1.16,-47.74740662,-67.05547547
1.17,-47.30741017,-66.99447884
1.18,-46.84865311,-66.93247605
1.19,-46.36990998,-66.8694301
1.2,-45.86986187,-66.80530175
1.21,-45.34708895,-66.74004939
1.22,-44.80006253,-66.67362884
1.23,-44.22713659,-66.60599322
1.24,-43.62653904,-66.53709271
1.25,-42.99636254,-66.46687439
1.26,-42.33455515,-66.395282
1.27,-41.63891084,-66.32225569
1.28,-40.90706023,-66.24773174
1.29,-40.13646167,-66.1716423
1.3,-39.32439316,-66.09391507
1.31,-38.46794566,-66.01447291
1.32,-37.5640183,-65.93323352
1.33,-36.60931649,-65.850109
1.34,-35.60035454,-65.76500538
1.35,-34.53346188,-65.67782216
1.36,-33.40479798,-65.58845174
1.37,-32.21037601,-65.49677887
1.38,-30.94609811,-65.40267995
1.39,-29.60780539,-65.30602235
1.4,-28.19134631,-65.20666365
1.41,-26.69266723,-65.10445076
1.42,-25.10792964,-64.99921901
1.43,-23.43365826,-64.89079116
1.44,-21.66692371,-64.77897629
1.45,-19.80556252,-64.66356858
1.46,-17.84843461,-64.54434606
1.47,-15.79571497,-64.42106916
1.48,-13.64921107,-64.29347923
1.49,-11.41269126,-64.16129691
1.5,-9.092201197,-64.02422036
1.51,-6.696338176,-63.88192343
1.52,-4.23644595,-63.73405372
1.53,-1.726689409,-63.58023047
1.54,0.8160301398,-63.42004246
1.55,3.372349972,-63.25304577
1.56,5.920926097,-63.07876153
1.57,8.439110786,-62.89667363
1.58,10.90379309,-62.70622646
1.59,13.29234206,-62.50682261
1.6,15.58357247,-62.29782076
1.61,17.75864384,-62.0785335
1.62,19.80180804,-61.8482254
1.63,21.70093884,-61.60611114
1.64,23.44780492,-61.35135371
1.65,25.03807994,-61.08306282
1.66,26.4711146,-60.80029327
1.67,27.74951864,-60.5020435
1.68,28.87861465,-60.18725373
1.69,29.86582831,-59.85480476
1.7,30.7200737,-59.50351569
1.71,31.45118003,-59.13214178
1.72,32.06939163,-58.73937186
1.73,32.58495839,-58.32382514
1.74,33.00782122,-57.88404747
1.75,33.34738791,-57.41850682
1.76,33.61238879,-56.92558804
1.77,33.81079832,-56.40358671
1.78,33.94980827,-55.85070205
1.79,34.03583879,-55.26502885
1.8,34.07457541,-54.64454823
1.81,34.07102232,-53.98711737
1.82,34.0295643,-53.29045804
1.83,33.95403169,-52.55214394
1.84,33.84776457,-51.76958683
1.85,33.71367367,-50.94002153
1.86,33.55429641,-50.06048966
1.87,33.37184753,-49.12782255
1.88,33.1682639,-48.13862915
1.89,32.94524389,-47.08926451
1.9,32.70428151,-45.9758176
1.91,32.44669581,-44.79409484
1.92,32.17365611,-43.53960449
1.93,31.88620354,-42.20754429
1.94,31.58526937,-40.79279512
1.95,31.27169061,-39.28992375
1.96,30.94622318,-37.69319893
1.97,30.60955322,-35.9966266
1.98,30.26230655,-34.19401166
1.99,29.90505683,-32.27905596
2,29.53833234,-30.24550445
2.01,29.16262196,-28.08735399
2.02,28.77838002,-25.79914104
2.03,28.38603064,-23.37632561
2.04,27.98597132,-20.8157868
2.05,27.57857606,-18.11643957
2.06,27.16419796,-15.27997029
2.07,26.74317157,-12.31166871
2.08,26.31581478,-9.221305151
2.09,25.88243052,-6.023965683
2.1,25.44330817,-2.740719889
2.11,24.99872486,0.6010356303
2.12,24.54894646,3.967725246
2.13,24.09422858,7.320376944
2.14,23.6348173,10.61611394
2.15,23.17094989,13.81031785
2.16,22.70285543,16.85928923
2.17,22.23075528,19.72310308
2.18,21.75486358,22.3682773
2.19,21.27538766,24.76987299
2.2,20.79252834,26.91273435
2.21,20.30648028,28.79173258
2.22,19.81743225,30.41105798
2.23,19.32556739,31.78275891
2.24,18.83106338,32.92481905
2.25,18.33409268,33.85908316
2.26,17.83482271,34.60929812
2.27,17.33341594,35.19945451
2.28,16.83003008,35.65252354
2.29,16.32481819,35.98960477
2.3,15.81792876,36.22944416
2.31,15.30950582,36.38825122
2.32,14.79968904,36.47973423
2.33,14.28861376,36.51527761
2.34,13.7764111,36.50419822
2.35,13.263208,36.45403329
2.36,12.74912733,36.37082742
2.37,12.23428788,36.2593989
2.38,11.71880449,36.12357501
2.39,11.20278809,35.9663926
2.4,10.68634575,35.79026458
2.41,10.16958077,35.59711523
2.42,9.652592764,35.38848839
2.43,9.13547769,35.16563289
2.44,8.618327951,34.92956933
2.45,8.101232462,34.68114191
2.46,7.584276731,34.4210584
2.47,7.067542919,34.14992097
2.48,6.55110993,33.86824973
2.49,6.035053486,33.5765009
2.5,5.519446183,33.27508067
2.51,5.004357588,32.9643559
2.52,4.489854306,32.64466233
2.53,3.976000043,32.31631093
2.54,3.462855685,31.97959278
2.55,2.950479376,31.63478292
2.56,2.43892658,31.28214331
2.57,1.928250144,30.92192511
2.58,1.418500375,30.55437054
2.59,0.9097251111,30.17971424
2.6,0.4019697815,29.79818445
2.61,-0.1047225254,29.41000379
2.62,-0.6103110068,29.01539001
2.63,-1.114757075,28.61455648
2.64,-1.618024295,28.2077126
2.65,-2.12007832,27.7950641
2.66,-2.620886838,27.37681331
2.67,-3.120419507,26.95315925
2.68,-3.618647899,26.52429787
2.69,-4.115545445,26.090422
2.7,-4.611087376,25.65172154
2.71,-5.105250672,25.20838336
2.72,-5.598014002,24.76059141
2.73,-6.089357683,24.30852668
2.74,-6.579263628,23.85236716
2.75,-7.067715289,23.39228786
2.76,-7.554697606,22.92846078
2.77,-8.04019696,22.46105483
2.78,-8.524201147,21.99023589
2.79,-9.006699324,21.51616666
2.8,-9.487681951,21.03900674
2.81,-9.967140777,20.55891254
2.82,-10.44506879,20.07603726
2.83,-10.92146017,19.59053085
2.84,-11.39631027,19.10254005
2.85,-11.86961559,18.6122083
2.86,-12.34137372,18.11967576
2.87,-12.81158334,17.62507928
2.88,-13.28024417,17.12855244
2.89,-13.74735696,16.63022546
2.9,-14.21292344,16.13022531
2.91,-14.67694638,15.6286756
2.92,-15.13942948,15.12569667
2.93,-15.60037739,14.62140558
2.94,-16.0597957,14.11591609
2.95,-16.51769095,13.60933873
2.96,-16.9740706,13.10178079
2.97,-17.42894302,12.59334633
2.98,-17.8823175,12.08413624
2.99,-18.33420426,11.57424825
3,-18.78461442,11.06377697
3.01,-19.23356005,10.5528139
3.02,-19.68105415,10.04144751
3.03,-20.12711069,9.529763233
3.04,-20.5717446,9.017843527
3.05,-21.01497178,8.505767913
3.06,-21.45680917,7.99361302
3.07,-21.8972747,7.481452623
3.08,-22.3363874,6.969357687
3.09,-22.7741674,6.457396421
3.1,-23.21063594,5.945634326
3.11,-23.64581542,5.434134235
3.12,-24.07972942,4.92295636
3.13,-24.51240281,4.412158352
3.14,-24.94386171,3.901795345
3.15,-25.37413359,3.391920012
3.16,-25.80324732,2.882582599
3.17,-26.23123317,2.373830988
3.18,-26.65812293,1.865710748
3.19,-27.08394993,1.358265183
3.2,-27.50874911,0.8515353861
3.21,-27.93255706,0.3455602831
3.22,-28.35541212,-0.1596233202
3.23,-28.77735438,-0.6639806839
3.24,-29.19842585,-1.167479085
3.25,-29.61867038,-1.670087769
3.26,-30.03813387,-2.171777905
3.27,-30.45686423,-2.672522539
3.28,-30.8749115,-3.172296545
3.29,-31.29232792,-3.671076584
3.3,-31.70916793,-4.168841059
3.31,-32.1254883,-4.665570073
3.32,-32.54134821,-5.161245386
3.33,-32.95680921,-5.655850376
3.34,-33.37193539,-6.14937
3.35,-33.78679337,-6.641790755
3.36,-34.20145238,-7.133100652
3.37,-34.61598427,-7.623289171
3.38,-35.03046366,-8.112347225
3.39,-35.44496786,-8.600267138
3.4,-35.85957695,-9.087042605
3.41,-36.27437383,-9.572668696
3.42,-36.68944426,-10.0571418
3.43,-37.10487681,-10.54045959
3.44,-37.52076288,-11.02262107
3.45,-37.93719681,-11.50362647
3.46,-38.35427571,-11.98347729
3.47,-38.7720995,-12.46217627
3.48,-39.19077096,-12.9397274
3.49,-39.61039554,-13.41613586
3.5,-40.03108138,-13.89140809
3.51,-40.45293922,-14.36555173
3.52,-40.87608223,-14.83857565
3.53,-41.30062605,-15.31048996
3.54,-41.72668841,-15.781306
3.55,-42.15438924,-16.25103641
3.56,-42.58385019,-16.71969505
3.57,-43.01519464,-17.18729713
3.58,-43.44854728,-17.65385917
3.59,-43.88403383,-18.11939906
3.6,-44.32178083,-18.58393609
3.61,-44.76191514,-19.04749099
3.62,-45.2045635,-19.51008596
3.63,-45.64985209,-19.97174479
3.64,-46.097906,-20.43249284
3.65,-46.54884868,-20.89235714
3.66,-47.00280119,-21.35136645
3.67,-47.45988154,-21.80955133
3.68,-47.92020387,-22.26694427
3.69,-48.38387755,-22.72357972
3.7,-48.85100619,-23.17949422
3.71,-49.32168658,-23.63472647
3.72,-49.79600772,-24.08931746
3.73,-50.27404935,-24.54331059
3.74,-50.75588081,-24.99675177
3.75,-51.24155948,-25.44968959
3.76,-51.73112931,-25.90217539
3.77,-52.22461935,-26.35426351
3.78,-52.72204179,-26.80601132
3.79,-53.22339022,-27.25747948
3.8,-53.72863773,-27.70873203
3.81,-54.23773502,-28.15983662
3.82,-54.75060837,-28.61086464
3.83,-55.26715757,-29.06189146
3.84,-55.78725409,-29.51299661
3.85,-56.31073877,-29.96426394
3.86,-56.83741994,-30.41578191
3.87,-57.36707152,-30.86764373
3.88,-57.89943123,-31.31994764
3.89,-58.43419888,-31.77279711
3.9,-58.9710352,-32.2263011
3.91,-59.50956051,-32.68057426
3.92,-60.04935402,-33.13573723
3.93,-60.58995334,-33.59191683
3.94,-61.13085498,-34.04924637
3.95,-61.67151452,-34.50786585
3.96,-62.21134795,-34.96792229
3.97,-62.74973346,-35.42956996
3.98,-63.28601398,-35.89297057
3.99,-63.81950046,-36.35829355
4,-64.34947565,-36.82571635
4.01,-64.87519879,-37.29542463
4.02,-65.39591103,-37.76761243
4.03,-65.91084131,-38.24248246
4.04,-66.41921302,-38.7202462
4.05,-66.92025103,-39.20112421
4.06,-67.41318913,-39.68534604
4.07,-67.89727772,-40.17315043
4.08,-68.37179154,-40.66478524
4.09,-68.83603742,-41.16050743
4.1,-69.28936165,-41.66058298
4.11,-69.73115692,-42.1652868
4.12,-70.16086879,-42.67490239
4.13,-70.57800117,-43.18972148
4.14,-70.98212119,-43.71004349
4.15,-71.37286275,-44.2361749
4.16,-71.74992926,-44.76842847
4.17,-72.11309505,-45.30712215
4.18,-72.46220581,-45.85257783
4.19,-72.79717777,-46.4051199
4.2,-73.11799593,-46.96507358
4.21,-73.42471132,-47.53276273
4.22,-73.71743732,-48.10850744
4.23,-73.99634543,-48.69262127
4.24,-74.26166029,-49.28540804
4.25,-74.51365441,-49.88715817
4.26,-74.75264254,-50.49814445
4.27,-74.97897592,-51.1186173
4.28,-75.19303655,-51.74879971
4.29,-75.3952315,-52.38888106
4.3,-75.58598751,-53.03901089
4.31,-75.76574579,-53.69929165
4.32,-75.93495723,-54.36977097
4.33,-76.09407801,-55.0504335
4.34,-76.24356558,-55.74119175
4.35,-76.38387516,-56.44187708
4.36,-76.5154566,-57.15222979
4.37,-76.63875177,-57.87188933
4.38,-76.75419231,-58.60038452
4.39,-76.86219775,-59.33712373
4.4,-76.9631741,-60.0813861
4.41,-77.05751269,-60.83231323
4.42,-77.1455893,-61.58890249
4.43,-77.22776364,-62.35000207
4.44,-77.30437903,-63.11430837
4.45,-77.37576222,-63.88036641
4.46,-77.44222349,-64.64657321
4.47,-77.50405681,-65.41118533
4.48,-77.56154017,-66.17233084
4.49,-77.61493599,-66.92802546
4.5,-77.66449158,-67.67619372
4.51,-77.71043971,-68.41469463
4.52,-77.75299916,-69.1413517
4.53,-77.79237537,-69.85398664
4.54,-77.82876102,-70.55045587
4.55,-77.86233672,-71.22868878
4.56,-77.89327159,-71.88672631
4.57,-77.9217239,-72.52275814
4.58,-77.94784171,-73.13515741
4.59,-77.97176344,-73.72251101
4.6,-77.99361847,-74.28364431
4.61,-78.01352767,-74.8176392
4.62,-78.03160396,-75.32384478
4.63,-78.04795282,-75.80188034
4.64,-78.06267275,-76.25163077
4.65,-78.07585578,-76.67323511
4.66,-78.08758786,-77.06706883
4.67,-78.09794931,-77.43372112
4.68,-78.10701519,-77.77396863
4.69,-78.11485569,-78.08874676
4.7,-78.12153647,-78.37912002
4.71,-78.12711898,-78.64625246
4.72,-78.13166076,-78.89137938
4.73,-78.13521574,-79.11578096
4.74,-78.13783452,-79.32075846
4.75,-78.13956458,-79.50761339
4.76,-78.14045053,-79.67762972
4.77,-78.14053435,-79.83205924
4.78,-78.13985554,-79.97210991
4.79,-78.13845133,-80.09893702
4.8,-78.13635686,-80.21363676
4.81,-78.13360531,-80.3172421
4.82,-78.13022806,-80.41072051
4.83,-78.12625479,-80.49497319
4.84,-78.12171363,-80.57083562
4.85,-78.11663127,-80.6390791
4.86,-78.11103304,-80.70041305
4.87,-78.10494298,-80.75548779
4.88,-78.09838397,-80.80489777
4.89,-78.09137776,-80.84918501
4.9,-78.08394508,-80.88884262
4.91,-78.07610563,-80.92431834
4.92,-78.06787823,-80.95601804
4.93,-78.05928078,-80.98430912
4.94,-78.05033035,-81.00952376
4.95,-78.04104323,-81.03196193
4.96,-78.03143495,-81.05189434
4.97,-78.0215203,-81.06956509
4.98,-78.01131341,-81.08519416
4.99,-78.00082773,-81.09897969
5,-77.99007609,-81.11110011
5.01,-77.97907072,-81.12171607
5.02,-77.96782326,-81.13097213
5.03,-77.9563448,-81.13899843
5.04,-77.94464591,-81.1459121
5.05,-77.93273664,-81.15181853
5.06,-77.92062655,-81.15681263
5.07,-77.90832474,-81.16097982
5.08,-77.89583986,-81.16439703
5.09,-77.88318011,-81.16713355
5.1,-77.8703533,-81.16925181
5.11,-77.85736684,-81.17080808
5.12,-77.84422776,-81.17185306
5.13,-77.83094271,-81.1724325
5.14,-77.81751803,-81.17258767
5.15,-77.8039597,-81.17235581
5.16,-77.79027339,-81.17177056
5.17,-77.77646448,-81.17086228
5.18,-77.76253806,-81.16965842
5.19,-77.74849892,-81.16818379
5.2,-77.73435163,-81.16646085
5.21,-77.72010048,-81.16450988
5.22,-77.70574954,-81.16234928
5.23,-77.69130266,-81.15999569
5.24,-77.67676346,-81.1574642
5.25,-77.66213537,-81.15476846
5.26,-77.64742163,-81.15192088
5.27,-77.63262528,-81.14893271
5.28,-77.61774921,-81.14581415
5.29,-77.60279613,-81.14257447
5.3,-77.58776862,-81.13922209
5.31,-77.57266909,-81.13576465
5.32,-77.55749981,-81.13220911
5.33,-77.54226294,-81.1285618
5.34,-77.5269605,-81.12482846
5.35,-77.51159441,-81.12101434
5.36,-77.49616646,-81.1171242
5.37,-77.48067835,-81.11316239
5.38,-77.46513168,-81.10913285
5.39,-77.44952795,-81.1050392
5.4,-77.43386859,-81.10088471
5.41,-77.41815494,-81.09667239
5.42,-77.40238826,-81.09240497
5.43,-77.38656973,-81.08808493
5.44,-77.37070048,-81.08371456
5.45,-77.35478156,-81.07929593
5.46,-77.33881398,-81.07483092
5.47,-77.32279868,-81.07032128
5.48,-77.30673654,-81.06576858
5.49,-77.29062839,-81.06117426
5.5,-77.27447504,-81.05653963
5.51,-77.25827723,-81.05186589
5.52,-77.24203566,-81.04715414
5.53,-77.22575099,-81.04240539
5.54,-77.20942387,-81.03762053
5.55,-77.19305488,-81.03280041
5.56,-77.17664458,-81.02794578
5.57,-77.16019351,-81.02305733
5.58,-77.14370218,-81.0181357
5.59,-77.12717107,-81.01318145
5.6,-77.11060061,-81.00819511
5.61,-77.09399126,-81.00317715
5.62,-77.0773434,-80.99812801
5.63,-77.06065744,-80.99304807
5.64,-77.04393374,-80.98793769
5.65,-77.02717265,-80.98279719
5.66,-77.0103745,-80.97762685
5.67,-76.99353961,-80.97242695
5.68,-76.97666828,-80.9671977
5.69,-76.95976081,-80.96193933
5.7,-76.94281746,-80.95665201
5.71,-76.9258385,-80.95133593
5.72,-76.90882419,-80.94599122
5.73,-76.89177476,-80.94061803
5.74,-76.87469045,-80.93521645
5.75,-76.85757147,-80.9297866
5.76,-76.84041805,-80.92432856
5.77,-76.82323038,-80.91884241
5.78,-76.80600866,-80.9133282
5.79,-76.78875309,-80.90778599
5.8,-76.77146385,-80.90221583
5.81,-76.75414111,-80.89661774
5.82,-76.73678505,-80.89099176
5.83,-76.71939584,-80.88533789
5.84,-76.70197363,-80.87965614
5.85,-76.68451857,-80.87394653
5.86,-76.66703083,-80.86820904
5.87,-76.64951055,-80.86244368
5.88,-76.63195788,-80.85665041
5.89,-76.61437295,-80.85082923
5.9,-76.5967559,-80.84498011
5.91,-76.57910686,-80.83910303
5.92,-76.56142597,-80.83319795
5.93,-76.54371336,-80.82726483
5.94,-76.52596914,-80.82130365
5.95,-76.50819345,-80.81531435
5.96,-76.4903864,-80.8092969
5.97,-76.47254812,-80.80325124
5.98,-76.45467872,-80.79717734
5.99,-76.43677832,-80.79107513
6,-76.41884702,-80.78494457
6.01,-76.40088496,-80.7787856
6.02,-76.38289222,-80.77259816
6.03,-76.36486893,-80.7663822
6.04,-76.3468152,-80.76013765
6.05,-76.32873113,-80.75386445
6.06,-76.31061683,-80.74756255
6.07,-76.29247241,-80.74123188
6.08,-76.27429796,-80.73487238
6.09,-76.2560936,-80.72848397
6.1,-76.23785944,-80.7220666
6.11,-76.21959556,-80.7156202
6.12,-76.20130209,-80.70914469
6.13,-76.18297911,-80.70264002
6.14,-76.16462673,-80.69610612
6.15,-76.14624505,-80.68954291
6.16,-76.12783418,-80.68295032
6.17,-76.10939422,-80.67632829
6.18,-76.09092526,-80.66967675
6.19,-76.07242741,-80.66299563
6.2,-76.05390077,-80.65628485
6.21,-76.03534543,-80.64954435
6.22,-76.01676151,-80.64277405
6.23,-75.99814909,-80.63597389
6.24,-75.97950829,-80.62914379
6.25,-75.96083919,-80.62228369
6.26,-75.94214191,-80.6153935
6.27,-75.92341654,-80.60847317
6.28,-75.90466318,-80.60152263
6.29,-75.88588193,-80.59454179
6.3,-75.86707289,-80.58753059
6.31,-75.84823617,-80.58048896
6.32,-75.82937187,-80.57341684
6.33,-75.81048008,-80.56631414
6.34,-75.79156091,-80.55918081
6.35,-75.77261446,-80.55201677
6.36,-75.75364083,-80.54482195
6.37,-75.73464012,-80.53759629
6.38,-75.71561245,-80.53033972
6.39,-75.6965579,-80.52305216
6.4,-75.67747658,-80.51573355
6.41,-75.65836859,-80.50838383
6.42,-75.63923405,-80.50100292
6.43,-75.62007304,-80.49359076
6.44,-75.60088568,-80.48614729
6.45,-75.58167207,-80.47867244
6.46,-75.56243231,-80.47116613
6.47,-75.54316651,-80.46362832
6.48,-75.52387478,-80.45605893
6.49,-75.50455721,-80.4484579
6.5,-75.48521392,-80.44082516
6.51,-75.46584501,-80.43316066
6.52,-75.44645058,-80.42546433
6.53,-75.42703075,-80.41773611
6.54,-75.40758562,-80.40997593
6.55,-75.38811529,-80.40218375
6.56,-75.36861989,-80.39435949
6.57,-75.3490995,-80.38650309
6.58,-75.32955424,-80.3786145
6.59,-75.30998423,-80.37069367
6.6,-75.29038956,-80.36274052
6.61,-75.27077035,-80.354755
6.62,-75.25112671,-80.34673707
6.63,-75.23145874,-80.33868665
6.64,-75.21176656,-80.3306037
6.65,-75.19205028,-80.32248816
6.66,-75.17231001,-80.31433997
6.67,-75.15254586,-80.30615908
6.68,-75.13275794,-80.29794545
6.69,-75.11294636,-80.28969901
6.7,-75.09311124,-80.28141971
6.71,-75.07325268,-80.27310751
6.72,-75.0533708,-80.26476235
6.73,-75.03346572,-80.25638418
6.74,-75.01353755,-80.24797296
6.75,-74.99358639,-80.23952864
6.76,-74.97361237,-80.23105116
6.77,-74.9536156,-80.22254048
6.78,-74.9335962,-80.21399656
6.79,-74.91355427,-80.20541935
6.8,-74.89348994,-80.19680881
6.81,-74.87340331,-80.18816488
6.82,-74.85329452,-80.17948753
6.83,-74.83316366,-80.17077672
6.84,-74.81301086,-80.1620324
6.85,-74.79283624,-80.15325454
6.86,-74.77263991,-80.14444308
6.87,-74.75242199,-80.135598
6.88,-74.7321826,-80.12671925
6.89,-74.71192185,-80.1178068
6.9,-74.69163987,-80.10886061
6.91,-74.67133677,-80.09988064
6.92,-74.65101267,-80.09086686
6.93,-74.63066769,-80.08181923
6.94,-74.61030195,-80.07273772
6.95,-74.58991557,-80.06362229
6.96,-74.56950867,-80.05447292
6.97,-74.54908136,-80.04528956
6.98,-74.52863378,-80.0360722
6.99,-74.50816604,-80.0268208
7,-74.48767826,-80.01753533
7.01,-74.46717056,-80.00821577
7.02,-74.44664307,-79.99886208
7.03,-74.4260959,-79.98947424
7.04,-74.40552917,-79.98005222
7.05,-74.38494302,-79.97059601
7.06,-74.36433756,-79.96110557
7.07,-74.34371292,-79.95158088
7.08,-74.32306921,-79.94202193
7.09,-74.30240656,-79.93242868
7.1,-74.28172509,-79.92280112
7.11,-74.26102494,-79.91313923
7.12,-74.24030621,-79.90344299
7.13,-74.21956904,-79.89371238
7.14,-74.19881354,-79.88394739
7.15,-74.17803985,-79.874148
7.16,-74.15724809,-79.86431419
7.17,-74.13643838,-79.85444596
7.18,-74.11561084,-79.84454328
7.19,-74.09476561,-79.83460614
7.2,-74.0739028,-79.82463454
7.21,-74.05302255,-79.81462846
7.22,-74.03212498,-79.80458789
7.23,-74.0112102,-79.79451283
7.24,-73.99027836,-79.78440326
7.25,-73.96932958,-79.77425919
7.26,-73.94836397,-79.76408059
7.27,-73.92738168,-79.75386748
7.28,-73.90638281,-79.74361984
7.29,-73.88536751,-79.73333767
7.3,-73.8643359,-79.72302096
7.31,-73.84328811,-79.71266973
7.32,-73.82222425,-79.70228396
7.33,-73.80114447,-79.69186367
7.34,-73.78004888,-79.68140884
7.35,-73.75893761,-79.67091948
7.36,-73.7378108,-79.6603956
7.37,-73.71666857,-79.64983719
7.38,-73.69551104,-79.63924427
7.39,-73.67433835,-79.62861685
7.4,-73.65315062,-79.61795492
7.41,-73.63194798,-79.6072585
7.42,-73.61073056,-79.59652759
7.43,-73.58949849,-79.58576221
7.44,-73.56825189,-79.57496236
7.45,-73.5469909,-79.56412807
7.46,-73.52571563,-79.55325934
7.47,-73.50442623,-79.54235618
7.48,-73.48312282,-79.53141861
7.49,-73.46180553,-79.52044665
7.5,-73.44047449,-79.50944032
7.51,-73.41912982,-79.49839962
7.52,-73.39777165,-79.48732459
7.53,-73.37640012,-79.47621523
7.54,-73.35501535,-79.46507158
7.55,-73.33361747,-79.45389365
7.56,-73.31220661,-79.44268146
7.57,-73.2907829,-79.43143505
7.58,-73.26934647,-79.42015443
7.59,-73.24789745,-79.40883962
7.6,-73.22643596,-79.39749066
7.61,-73.20496214,-79.38610758
7.62,-73.18347611,-79.3746904
7.63,-73.16197801,-79.36323915
7.64,-73.14046795,-79.35175386
7.65,-73.11894608,-79.34023456
7.66,-73.09741253,-79.32868129
7.67,-73.07586741,-79.31709408
7.68,-73.05431086,-79.30547297
7.69,-73.032743,-79.29381798
7.7,-73.01116398,-79.28212916
7.71,-72.98957391,-79.27040654
7.72,-72.96797292,-79.25865017
7.73,-72.94636115,-79.24686007
7.74,-72.92473872,-79.23503629
7.75,-72.90310577,-79.22317888
7.76,-72.88146241,-79.21128787
7.77,-72.85980878,-79.19936331
7.78,-72.83814501,-79.18740524
7.79,-72.81647123,-79.1754137
7.8,-72.79478755,-79.16338875
7.81,-72.77309413,-79.15133043
7.82,-72.75139107,-79.13923879
7.83,-72.72967851,-79.12711387
7.84,-72.70795658,-79.11495572
7.85,-72.68622541,-79.10276441
7.86,-72.66448512,-79.09053997
7.87,-72.64273584,-79.07828247
7.88,-72.6209777,-79.06599195
7.89,-72.59921083,-79.05366847
7.9,-72.57743535,-79.04131209
7.91,-72.5556514,-79.02892286
7.92,-72.53385909,-79.01650084
7.93,-72.51205856,-79.00404609
7.94,-72.49024994,-78.99155866
7.95,-72.46843334,-78.97903863
7.96,-72.4466089,-78.96648604
7.97,-72.42477675,-78.95390096
7.98,-72.40293701,-78.94128346
7.99,-72.3810898,-78.9286336
8,-72.35923526,-78.91595144
8.01,-72.3373735,-78.90323705
8.02,-72.31550466,-78.89049049
8.03,-72.29362887,-78.87771184
8.04,-72.27174624,-78.86490117
8.05,-72.2498569,-78.85205853
8.06,-72.22796098,-78.83918401
8.07,-72.2060586,-78.82627767
8.08,-72.18414988,-78.81333959
8.09,-72.16223496,-78.80036983
8.1,-72.14031396,-78.78736848
8.11,-72.11838699,-78.77433561
8.12,-72.09645419,-78.7612713
8.13,-72.07451568,-78.74817561
8.14,-72.05257158,-78.73504863
8.15,-72.03062202,-78.72189044
8.16,-72.00866711,-78.70870112
8.17,-71.98670699,-78.69548074
8.18,-71.96474177,-78.6822294
8.19,-71.94277157,-78.66894716
8.2,-71.92079653,-78.65563411
8.21,-71.89881675,-78.64229034
8.22,-71.87683237,-78.62891593
8.23,-71.85484351,-78.61551097
8.24,-71.83285028,-78.60207554
8.25,-71.8108528,-78.58860973
8.26,-71.78885121,-78.57511363
8.27,-71.76684561,-78.56158732
8.28,-71.74483613,-78.5480309
8.29,-71.72282289,-78.53444446
8.3,-71.700806,-78.52082808
8.31,-71.6787856,-78.50718186
8.32,-71.65676179,-78.4935059
8.33,-71.6347347,-78.47980028
8.34,-71.61270444,-78.4660651
8.35,-71.59067113,-78.45230045
8.36,-71.56863489,-78.43850644
8.37,-71.54659584,-78.42468316
8.38,-71.5245541,-78.4108307
8.39,-71.50250978,-78.39694917
8.4,-71.48046299,-78.38303865
8.41,-71.45841386,-78.36909927
8.42,-71.43636251,-78.3551311
8.43,-71.41430904,-78.34113427
8.44,-71.39225357,-78.32710886
8.45,-71.37019623,-78.31305497
8.46,-71.34813711,-78.29897273
8.47,-71.32607634,-78.28486222
8.48,-71.30401403,-78.27072356
8.49,-71.2819503,-78.25655684
8.5,-71.25988525,-78.24236218
8.51,-71.23781901,-78.22813968
8.52,-71.21575168,-78.21388946
8.53,-71.19368338,-78.19961161
8.54,-71.17161421,-78.18530625
8.55,-71.14954429,-78.17097349
8.56,-71.12747374,-78.15661344
8.57,-71.10540265,-78.14222622
8.58,-71.08333115,-78.12781192
8.59,-71.06125934,-78.11337067
8.6,-71.03918733,-78.09890258
8.61,-71.01711523,-78.08440776
8.62,-70.99504315,-78.06988634
8.63,-70.9729712,-78.05533841
8.64,-70.95089948,-78.0407641
8.65,-70.92882811,-78.02616353
8.66,-70.90675719,-78.01153682
8.67,-70.88468682,-77.99688407
8.68,-70.86261713,-77.98220541
8.69,-70.8405482,-77.96750096
8.7,-70.81848014,-77.95277084
8.71,-70.79641307,-77.93801517
8.72,-70.77434708,-77.92323406
8.73,-70.75228228,-77.90842765
8.74,-70.73021878,-77.89359605
8.75,-70.70815667,-77.87873939
8.76,-70.68609606,-77.86385778
8.77,-70.66403706,-77.84895135
8.78,-70.64197975,-77.83402023
8.79,-70.61992426,-77.81906454
8.8,-70.59787067,-77.80408441
8.81,-70.57581909,-77.78907996
8.82,-70.55376961,-77.77405132
8.83,-70.53172234,-77.75899861
8.84,-70.50967738,-77.74392196
8.85,-70.48763483,-77.72882151
8.86,-70.46559478,-77.71369737
8.87,-70.44355733,-77.69854968
8.88,-70.42152257,-77.68337857
8.89,-70.39949062,-77.66818416
8.9,-70.37746155,-77.65296659
8.91,-70.35543548,-77.63772599
8.92,-70.33341248,-77.62246249
8.93,-70.31139267,-77.60717622
8.94,-70.28937612,-77.59186731
8.95,-70.26736294,-77.57653589
8.96,-70.24535323,-77.5611821
8.97,-70.22334706,-77.54580607
8.98,-70.20134454,-77.53040794
8.99,-70.17934575,-77.51498784
9,-70.15735079,-77.49954589
9.01,-70.13535975,-77.48408225
9.02,-70.11337272,-77.46859704
9.03,-70.09138979,-77.4530904
9.04,-70.06941104,-77.43756247
9.05,-70.04743657,-77.42201337
9.06,-70.02546647,-77.40644326
9.07,-70.00350081,-77.39085226
9.08,-69.98153969,-77.37524051
9.09,-69.9595832,-77.35960816
9.1,-69.93763142,-77.34395533
9.11,-69.91568444,-77.32828217
9.12,-69.89374233,-77.31258882
9.13,-69.87180519,-77.29687541
9.14,-69.8498731,-77.28114209
9.15,-69.82794615,-77.26538899
9.16,-69.8060244,-77.24961625
9.17,-69.78410795,-77.23382402
9.18,-69.76219688,-77.21801243
9.19,-69.74029127,-77.20218163
9.2,-69.7183912,-77.18633175
9.21,-69.69649675,-77.17046294
9.22,-69.67460799,-77.15457534
9.23,-69.65272501,-77.13866909
9.24,-69.63084788,-77.12274433
9.25,-69.60897669,-77.10680121
9.26,-69.5871115,-77.09083986
9.27,-69.5652524,-77.07486043
9.28,-69.54339946,-77.05886307
9.29,-69.52155275,-77.0428479
9.3,-69.49971235,-77.02681509
9.31,-69.47787833,-77.01076477
9.32,-69.45605077,-76.99469708
9.33,-69.43422974,-76.97861217
9.34,-69.41241531,-76.96251019
9.35,-69.39060755,-76.94639126
9.36,-69.36880653,-76.93025555
9.37,-69.34701233,-76.91410319
9.38,-69.32522501,-76.89793433
9.39,-69.30344464,-76.88174912
9.4,-69.28167128,-76.86554769
9.41,-69.25990502,-76.84933019
9.42,-69.23814591,-76.83309676
9.43,-69.21639401,-76.81684756
9.44,-69.19464941,-76.80058273
9.45,-69.17291215,-76.7843024
9.46,-69.15118231,-76.76800673
9.47,-69.12945995,-76.75169586
9.48,-69.10774513,-76.73536994
9.49,-69.08603791,-76.71902911
9.5,-69.06433837,-76.70267351
9.51,-69.04264655,-76.6863033
9.52,-69.02096251,-76.66991861
9.53,-68.99928633,-76.65351959
9.54,-68.97761805,-76.63710639
9.55,-68.95595774,-76.62067916
9.56,-68.93430546,-76.60423803
9.57,-68.91266126,-76.58778315
9.58,-68.89102519,-76.57131467
9.59,-68.86939732,-76.55483273
9.6,-68.8477777,-76.53833749
9.61,-68.82616638,-76.52182907
9.62,-68.80456342,-76.50530763
9.63,-68.78296887,-76.48877332
9.64,-68.76138279,-76.47222627
9.65,-68.73980522,-76.45566664
9.66,-68.71823622,-76.43909456
9.67,-68.69667584,-76.42251019
9.68,-68.67512413,-76.40591367
9.69,-68.65358113,-76.38930513
9.7,-68.6320469,-76.37268473
9.71,-68.61052149,-76.35605261
9.72,-68.58900493,-76.33940892
9.73,-68.56749729,-76.32275379
9.74,-68.5459986,-76.30608738
9.75,-68.5245089,-76.28940982
9.76,-68.50302826,-76.27272126
9.77,-68.48155669,-76.25602185
9.78,-68.46009426,-76.23931172
9.79,-68.43864101,-76.22259102
9.8,-68.41719696,-76.20585989
9.81,-68.39576218,-76.18911848
9.82,-68.37433669,-76.17236693
9.83,-68.35292053,-76.15560538
9.84,-68.33151375,-76.13883397
9.85,-68.31011639,-76.12205284
9.86,-68.28872847,-76.10526215
9.87,-68.26735004,-76.08846202
9.88,-68.24598114,-76.07165259
9.89,-68.22462179,-76.05483402
9.9,-68.20327204,-76.03800645
9.91,-68.18193192,-76.02117
9.92,-68.16060146,-76.00432483
9.93,-68.13928069,-75.98747107
9.94,-68.11796965,-75.97060886
9.95,-68.09666836,-75.95373835
9.96,-68.07537687,-75.93685966
9.97,-68.05409519,-75.91997295
9.98,-68.03282335,-75.90307835
9.99,-68.01156139,-75.886176
10,-67.99030934,-75.86926603
10.01,-67.96906721,-75.85234859
10.02,-67.94783504,-75.83542381
10.03,-67.92661285,-75.81849183
10.04,-67.90540066,-75.80155279
10.05,-67.88419851,-75.78460682
10.06,-67.8630064,-75.76765406
10.07,-67.84182438,-75.75069465
10.08,-67.82065244,-75.73372872
10.09,-67.79949063,-75.7167564
10.1,-67.77833896,-75.69977784
10.11,-67.75719744,-75.68279316
10.12,-67.7360661,-75.6658025
10.13,-67.71494496,-75.648806
10.14,-67.69383403,-75.63180378
10.15,-67.67273333,-75.61479599
10.16,-67.65164287,-75.59778275
10.17,-67.63056268,-75.5807642
10.18,-67.60949276,-75.56374046
10.19,-67.58843313,-75.54671167
10.2,-67.5673838,-75.52967797
10.21,-67.54634478,-75.51263947
10.22,-67.52531609,-75.49559632
10.23,-67.50429774,-75.47854864
10.24,-67.48328973,-75.46149656
10.25,-67.46229208,-75.44444021
10.26,-67.44130479,-75.42737972
10.27,-67.42032788,-75.41031522
10.28,-67.39936134,-75.39324683
10.29,-67.37840519,-75.37617468
10.3,-67.35745943,-75.35909891
10.31,-67.33652406,-75.34201962
10.32,-67.3155991,-75.32493696
10.33,-67.29468453,-75.30785104
10.34,-67.27378038,-75.290762
10.35,-67.25288663,-75.27366995
10.36,-67.23200329,-75.25657502
10.37,-67.21113035,-75.23947733
10.38,-67.19026783,-75.222377
10.39,-67.16941571,-75.20527417
10.4,-67.148574,-75.18816895
10.41,-67.12774268,-75.17106145
10.42,-67.10692177,-75.15395181
10.43,-67.08611125,-75.13684015
10.44,-67.06531112,-75.11972657
10.45,-67.04452138,-75.10261121
10.46,-67.02374201,-75.08549418
10.47,-67.00297301,-75.0683756
10.48,-66.98221437,-75.05125558
10.49,-66.96146608,-75.03413425
10.5,-66.94072814,-75.01701172
10.51,-66.92000052,-74.9998881
10.52,-66.89928323,-74.98276352
10.53,-66.87857625,-74.96563809
10.54,-66.85787956,-74.94851191
10.55,-66.83719316,-74.93138512
10.56,-66.81651703,-74.91425781
10.57,-66.79585114,-74.8971301
10.58,-66.7751955,-74.88000211
10.59,-66.75455008,-74.86287394
10.6,-66.73391486,-74.84574571
10.61,-66.71328982,-74.82861752
10.62,-66.69267496,-74.81148949
10.63,-66.67207023,-74.79436173
10.64,-66.65147564,-74.77723434
10.65,-66.63089115,-74.76010743
10.66,-66.61031674,-74.74298111
10.67,-66.58975239,-74.72585549
10.68,-66.56919807,-74.70873066
10.69,-66.54865377,-74.69160675
10.7,-66.52811946,-74.67448385
10.71,-66.5075951,-74.65736206
10.72,-66.48708068,-74.6402415
10.73,-66.46657616,-74.62312226
10.74,-66.44608152,-74.60600444
10.75,-66.42559672,-74.58888815
10.76,-66.40512175,-74.57177349
10.77,-66.38465656,-74.55466056
10.78,-66.36420113,-74.53754945
10.79,-66.34375541,-74.52044028
10.8,-66.32331939,-74.50333313
10.81,-66.30289302,-74.4862281
10.82,-66.28247627,-74.4691253
10.83,-66.26206911,-74.45202481
10.84,-66.2416715,-74.43492673
10.85,-66.22128339,-74.41783117
10.86,-66.20090476,-74.4007382
10.87,-66.18053556,-74.38364794
10.88,-66.16017575,-74.36656046
10.89,-66.1398253,-74.34947587
10.9,-66.11948416,-74.33239424
10.91,-66.09915228,-74.31531569
10.92,-66.07882964,-74.29824029
10.93,-66.05851617,-74.28116813
10.94,-66.03821184,-74.26409931
10.95,-66.0179166,-74.24703392
10.96,-65.99763041,-74.22997203
10.97,-65.97735322,-74.21291374
10.98,-65.95708497,-74.19585913
10.99,-65.93682563,-74.17880829
11,-65.91657513,-74.1617613
11.01,-65.89633344,-74.14471826
11.02,-65.8761005,-74.12767923
11.03,-65.85587625,-74.11064431
11.04,-65.83566064,-74.09361357
11.05,-65.81545362,-74.0765871
11.06,-65.79525514,-74.05956497
11.07,-65.77506513,-74.04254728
11.08,-65.75488355,-74.02553409
11.09,-65.73471033,-74.00852548
11.1,-65.71454541,-73.99152153
11.11,-65.69438874,-73.97452233
11.12,-65.67424025,-73.95752794
11.13,-65.65409989,-73.94053844
11.14,-65.63396759,-73.92355391
11.15,-65.6138433,-73.90657441
11.16,-65.59372693,-73.88960003
11.17,-65.57361844,-73.87263083
11.18,-65.55351776,-73.85566689
11.19,-65.53342481,-73.83870827
11.2,-65.51333954,-73.82175506
11.21,-65.49326187,-73.80480731
11.22,-65.47319173,-73.78786509
11.23,-65.45312906,-73.77092848
11.24,-65.43307378,-73.75399754
11.25,-65.41302583,-73.73707234
11.26,-65.39298512,-73.72015294
11.27,-65.37295159,-73.70323941
11.28,-65.35292516,-73.68633181
11.29,-65.33290575,-73.66943021
11.3,-65.31289329,-73.65253466
11.31,-65.2928877,-73.63564524
11.32,-65.2728889,-73.61876199
11.33,-65.25289682,-73.60188499
11.34,-65.23291137,-73.58501429
11.35,-65.21293247,-73.56814994
11.36,-65.19296003,-73.55129202
11.37,-65.17299398,-73.53444057
11.38,-65.15303424,-73.51759565
11.39,-65.13308071,-73.50075732
11.4,-65.1131333,-73.48392564
11.41,-65.09319194,-73.46710064
11.42,-65.07325654,-73.4502824
11.43,-65.05332699,-73.43347096
11.44,-65.03340323,-73.41666637
11.45,-65.01348514,-73.39986869
11.46,-64.99357265,-73.38307797
11.47,-64.97366565,-73.36629425
11.48,-64.95376405,-73.34951758
11.49,-64.93386777,-73.33274801
11.5,-64.91397669,-73.31598559
11.51,-64.89409073,-73.29923037
11.52,-64.87420978,-73.28248238
11.53,-64.85433374,-73.26574168
11.54,-64.83446253,-73.24900831
11.55,-64.81459602,-73.23228231
11.56,-64.79473412,-73.21556372
11.57,-64.77487673,-73.19885259
11.58,-64.75502374,-73.18214895
11.59,-64.73517505,-73.16545285
11.6,-64.71533054,-73.14876432
11.61,-64.69549011,-73.13208341
11.62,-64.67565364,-73.11541015
11.63,-64.65582104,-73.09874457
11.64,-64.63599219,-73.08208672
11.65,-64.61616696,-73.06543662
11.66,-64.59634526,-73.04879432
11.67,-64.57652696,-73.03215984
11.68,-64.55671195,-73.01553322
11.69,-64.5369001,-72.99891449
11.7,-64.51709131,-72.98230368
11.71,-64.49728545,-72.96570082
11.72,-64.4774824,-72.94910594
11.73,-64.45768204,-72.93251907
11.74,-64.43788423,-72.91594023
11.75,-64.41808887,-72.89936946
11.76,-64.39829582,-72.88280678
11.77,-64.37850495,-72.86625221
11.78,-64.35871614,-72.84970578
11.79,-64.33892925,-72.83316751
11.8,-64.31914415,-72.81663742
11.81,-64.29936072,-72.80011554
11.82,-64.27957881,-72.78360189
11.83,-64.2597983,-72.76709649
11.84,-64.24001904,-72.75059935
11.85,-64.22024089,-72.7341105
11.86,-64.20046373,-72.71762995
11.87,-64.1806874,-72.70115772
11.88,-64.16091176,-72.68469383
11.89,-64.14113667,-72.66823829
11.9,-64.12136199,-72.65179111
11.91,-64.10158757,-72.63535232
11.92,-64.08181326,-72.61892191
11.93,-64.06203891,-72.60249991
11.94,-64.04226437,-72.58608632
11.95,-64.02248949,-72.56968115
11.96,-64.00271411,-72.55328442
11.97,-63.98293808,-72.53689613
11.98,-63.96316125,-72.52051629
11.99,-63.94338344,-72.5041449
12,-63.92360452,-72.48778198
12.01,-63.9038243,-72.47142752
12.02,-63.88404263,-72.45508153
12.03,-63.86425935,-72.43874401
12.04,-63.84447428,-72.42241497
12.05,-63.82468727,-72.40609441
12.06,-63.80489813,-72.38978232
12.07,-63.78510671,-72.37347872
12.08,-63.76531282,-72.35718358
12.09,-63.74551628,-72.34089692
12.1,-63.72571694,-72.32461874
12.11,-63.7059146,-72.30834901
12.12,-63.68610908,-72.29208775
12.13,-63.66630021,-72.27583495
12.14,-63.6464878,-72.2595906
12.15,-63.62667167,-72.24335469
12.16,-63.60685162,-72.22712721
12.17,-63.58702747,-72.21090816
12.18,-63.56719903,-72.19469752
12.19,-63.5473661,-72.17849528
12.2,-63.52752849,-72.16230144
12.21,-63.50768601,-72.14611598
12.22,-63.48783845,-72.12993888
12.23,-63.46798561,-72.11377013
12.24,-63.44812729,-72.09760972
12.25,-63.42826329,-72.08145762
12.26,-63.40839339,-72.06531382
12.27,-63.38851739,-72.04917831
12.28,-63.36863508,-72.03305106
12.29,-63.34874625,-72.01693205
12.3,-63.32885067,-72.00082126
12.31,-63.30894813,-71.98471867
12.32,-63.28903842,-71.96862426
12.33,-63.2691213,-71.952538
12.34,-63.24919656,-71.93645987
12.35,-63.22926396,-71.92038984
12.36,-63.20932328,-71.90432788
12.37,-63.18937429,-71.88827396
12.38,-63.16941675,-71.87222807
12.39,-63.14945042,-71.85619016
12.4,-63.12947508,-71.84016021
12.41,-63.10949046,-71.82413818
12.42,-63.08949634,-71.80812405
12.43,-63.06949246,-71.79211777
12.44,-63.04947858,-71.77611932
12.45,-63.02945444,-71.76012865
12.46,-63.00941979,-71.74414574
12.47,-62.98937437,-71.72817053
12.48,-62.96931792,-71.71220301
12.49,-62.94925019,-71.69624311
12.5,-62.92917089,-71.68029081
12.51,-62.90907977,-71.66434606
12.52,-62.88897656,-71.64840882
12.53,-62.86886098,-71.63247905
12.54,-62.84873274,-71.61655669
12.55,-62.82859158,-71.60064171
12.56,-62.80843721,-71.58473405
12.57,-62.78826934,-71.56883368
12.58,-62.76808769,-71.55294053
12.59,-62.74789195,-71.53705456
12.6,-62.72768184,-71.52117572
12.61,-62.70745705,-71.50530395
12.62,-62.68721728,-71.4894392
12.63,-62.66696223,-71.47358142
12.64,-62.64669159,-71.45773055
12.65,-62.62640504,-71.44188653
12.66,-62.60610227,-71.42604931
12.67,-62.58578295,-71.41021882
12.68,-62.56544677,-71.39439501
12.69,-62.54509339,-71.37857781
12.7,-62.52472249,-71.36276717
12.71,-62.50433373,-71.34696301
12.72,-62.48392676,-71.33116527
12.73,-62.46350126,-71.31537389
12.74,-62.44305687,-71.2995888
12.75,-62.42259323,-71.28380993
12.76,-62.40211,-71.26803721
12.77,-62.38160682,-71.25227057
12.78,-62.36108332,-71.23650993
12.79,-62.34053914,-71.22075523
12.8,-62.3199739,-71.20500639
12.81,-62.29938723,-71.18926333
12.82,-62.27877874,-71.17352597
12.83,-62.25814805,-71.15779425
12.84,-62.23749477,-71.14206806
12.85,-62.21681851,-71.12634735
12.86,-62.19611887,-71.11063201
12.87,-62.17539543,-71.09492198
12.88,-62.1546478,-71.07921716
12.89,-62.13387555,-71.06351747
12.9,-62.11307827,-71.04782281
12.91,-62.09225554,-71.03213311
12.92,-62.07140691,-71.01644826
12.93,-62.05053197,-71.00076819
12.94,-62.02963025,-70.98509278
12.95,-62.00870133,-70.96942196
12.96,-61.98774475,-70.95375562
12.97,-61.96676004,-70.93809366
12.98,-61.94574675,-70.92243599
12.99,-61.92470441,-70.9067825
13,-61.90363253,-70.8911331
13.01,-61.88253065,-70.87548767
13.02,-61.86139826,-70.85984612
13.03,-61.84023489,-70.84420833
13.04,-61.81904001,-70.82857421
13.05,-61.79781314,-70.81294363
13.06,-61.77655375,-70.79731648
13.07,-61.75526132,-70.78169266
13.08,-61.73393532,-70.76607205
13.09,-61.71257523,-70.75045453
13.1,-61.6911805,-70.73483998
13.11,-61.66975058,-70.71922828
13.12,-61.64828491,-70.70361932
13.13,-61.62678292,-70.68801296
13.14,-61.60524406,-70.67240909
13.15,-61.58366773,-70.65680758
13.16,-61.56205336,-70.64120829
13.17,-61.54040034,-70.6256111
13.18,-61.51870807,-70.61001588
13.19,-61.49697594,-70.59442249
13.2,-61.47520333,-70.57883079
13.21,-61.4533896,-70.56324064
13.22,-61.43153413,-70.54765192
13.23,-61.40963626,-70.53206447
13.24,-61.38769534,-70.51647815
13.25,-61.3657107,-70.50089282
13.26,-61.34368166,-70.48530832
13.27,-61.32160755,-70.46972451
13.28,-61.29948767,-70.45414124
13.29,-61.27732131,-70.43855835
13.3,-61.25510775,-70.42297569
13.31,-61.23284628,-70.40739309
13.32,-61.21053615,-70.3918104
13.33,-61.18817662,-70.37622745
13.34,-61.16576693,-70.36064408
13.35,-61.14330632,-70.34506012
13.36,-61.120794,-70.32947541
13.37,-61.09822917,-70.31388976
13.38,-61.07561104,-70.29830301
13.39,-61.05293879,-70.28271497
13.4,-61.03021159,-70.26712548
13.41,-61.0074286,-70.25153434
13.42,-60.98458897,-70.23594137
13.43,-60.96169182,-70.22034639
13.44,-60.93873628,-70.20474921
13.45,-60.91572145,-70.18914963
13.46,-60.89264643,-70.17354745
13.47,-60.86951029,-70.1579425
13.48,-60.84631209,-70.14233455
13.49,-60.82305089,-70.12672341
13.5,-60.79972572,-70.11110887
13.51,-60.77633559,-70.09549073
13.52,-60.75287951,-70.07986877
13.53,-60.72935646,-70.06424277
13.54,-60.70576542,-70.04861253
13.55,-60.68210533,-70.03297781
13.56,-60.65837514,-70.0173384
13.57,-60.63457376,-70.00169406
13.58,-60.6107001,-69.98604457
13.59,-60.58675303,-69.97038969
13.6,-60.56273142,-69.95472919
13.61,-60.53863413,-69.93906283
13.62,-60.51445996,-69.92339036
13.63,-60.49020774,-69.90771153
13.64,-60.46587625,-69.8920261
13.65,-60.44146425,-69.8763338
13.66,-60.41697049,-69.86063439
13.67,-60.39239369,-69.84492759
13.68,-60.36773256,-69.82921315
13.69,-60.34298578,-69.81349079
13.7,-60.318152,-69.79776024
13.71,-60.29322985,-69.78202122
13.72,-60.26821795,-69.76627345
13.73,-60.24311488,-69.75051665
13.74,-60.2179192,-69.73475053
13.75,-60.19262945,-69.71897478
13.76,-60.16724413,-69.70318912
13.77,-60.14176173,-69.68739323
13.78,-60.11618071,-69.67158681
13.79,-60.09049948,-69.65576956
13.8,-60.06471645,-69.63994114
13.81,-60.03882999,-69.62410125
13.82,-60.01283773,-69.60824955
13.83,-59.9867364,-69.5923857
13.84,-59.9605245,-69.57650939
13.85,-59.93420209,-69.56062026
13.86,-59.90776801,-69.54471796
13.87,-59.88122037,-69.52880215
13.88,-59.85455726,-69.51287246
13.89,-59.82777675,-69.49692853
13.9,-59.80087688,-69.48097
13.91,-59.77385567,-69.46499648
13.92,-59.7467111,-69.4490076
13.93,-59.71944112,-69.43300298
13.94,-59.69204363,-69.4169822
13.95,-59.66451651,-69.40094489
13.96,-59.63685758,-69.38489063
13.97,-59.60906464,-69.368819
13.98,-59.58113543,-69.3527296
13.99,-59.55306766,-69.33662199
14,-59.52485898,-69.32049574
14.01,-59.49650702,-69.30435041
14.02,-59.46800932,-69.28818556
14.03,-59.43936342,-69.27200073
14.04,-59.41056678,-69.25579546
14.05,-59.38161681,-69.23956928
14.06,-59.35251088,-69.22332171
14.07,-59.32324629,-69.20705228
14.08,-59.29382031,-69.19076047
14.09,-59.26423012,-69.17444581
14.1,-59.23447288,-69.15810776
14.11,-59.20454564,-69.14174583
14.12,-59.17444545,-69.12535947
14.13,-59.14416924,-69.10894817
14.14,-59.11371391,-69.09251136
14.15,-59.08307628,-69.07604849
14.16,-59.05225311,-69.05955901
14.17,-59.02124109,-69.04304233
14.18,-58.99003681,-69.02649788
14.19,-58.95863683,-69.00992507
14.2,-58.92703761,-68.99332327
14.21,-58.89523553,-68.97669189
14.22,-58.86322689,-68.9600303
14.23,-58.83100792,-68.94333785
14.24,-58.79857476,-68.92661391
14.25,-58.76592345,-68.90985781
14.26,-58.73304996,-68.89306887
14.27,-58.69995015,-68.87624642
14.28,-58.6666198,-68.85938976
14.29,-58.63305459,-68.84249818
14.3,-58.59925008,-68.82557096
14.31,-58.56520177,-68.80860735
14.32,-58.530905,-68.79160662
14.33,-58.49635505,-68.77456799
14.34,-58.46154706,-68.75749069
14.35,-58.42647605,-68.74037393
14.36,-58.39113682,-68.7232169
14.37,-58.35552404,-68.70601878
14.38,-58.31963248,-68.68877873
14.39,-58.28345675,-68.67149588
14.4,-58.24699129,-68.65416938
14.41,-58.21023037,-68.63679833
14.42,-58.17316811,-68.61938183
14.43,-58.13579851,-68.60191895
14.44,-58.09811537,-68.58440875
14.45,-58.06011238,-68.56685027
14.46,-58.02178303,-68.54924253
14.47,-57.98312066,-68.53158453
14.48,-57.94411846,-68.51387525
14.49,-57.9047694,-68.49611365
14.5,-57.86506632,-68.47829867
14.51,-57.82500182,-68.46042923
14.52,-57.78456836,-68.44250421
14.53,-57.74375815,-68.4245225
14.54,-57.70256322,-68.40648293
14.55,-57.6609754,-68.38838434
14.56,-57.61898628,-68.37022551
14.57,-57.57658722,-68.35200523
14.58,-57.53376936,-68.33372225
14.59,-57.4905236,-68.31537527
14.6,-57.44684057,-68.29696301
14.61,-57.40271066,-68.27848411
14.62,-57.35812398,-68.25993722
14.63,-57.31307038,-68.24132095
14.64,-57.26753941,-68.22263386
14.65,-57.22152032,-68.2038745
14.66,-57.17500206,-68.18504139
14.67,-57.12797328,-68.16613301
14.68,-57.08042227,-68.14714778
14.69,-57.032337,-68.12808414
14.7,-56.98370508,-68.10894044
14.71,-56.93451377,-68.08971502
14.72,-56.88474994,-68.07040619
14.73,-56.83440006,-68.05101219
14.74,-56.78345021,-68.03153125
14.75,-56.73188599,-68.01196154
14.76,-56.67969259,-67.99230119
14.77,-56.62685481,-67.97254829
14.78,-56.57335695,-67.95270088
14.79,-56.51918284,-67.93275696
14.8,-56.4643158,-67.91271447
14.81,-56.4087386,-67.89257132
14.82,-56.35243349,-67.87232534
14.83,-56.29538214,-67.85197434
14.84,-56.23756563,-67.83151603
14.85,-56.17896444,-67.81094812
14.86,-56.1195584,-67.79026822
14.87,-56.05932669,-67.7694739
14.88,-55.99824779,-67.74856265
14.89,-55.93629949,-67.72753192
14.9,-55.87345881,-67.70637907
14.91,-55.80970201,-67.68510142
14.92,-55.74500455,-67.66369618
14.93,-55.67934105,-67.64216054
14.94,-55.61268525,-67.62049157
14.95,-55.54500997,-67.59868627
14.96,-55.47628712,-67.57674159
14.97,-55.40648758,-67.55465436
14.98,-55.33558124,-67.53242136
14.99,-55.26353687,-67.51003924
15,-55.19032216,-67.48750459
15.01,-55.11590362,-67.4648139
15.02,-55.04024651,-67.44196356
15.03,-54.96331486,-67.41894985
15.04,-54.88507131,-67.39576896
15.05,-54.80547716,-67.37241696
15.06,-54.72449224,-67.34888981
15.07,-54.64207487,-67.32518337
15.08,-54.55818178,-67.30129334
15.09,-54.47276804,-67.27721534
15.1,-54.38578697,-67.25294483
15.11,-54.29719008,-67.22847715
15.12,-54.20692696,-67.20380749
15.13,-54.11494523,-67.17893091
15.14,-54.02119039,-67.15384231
15.15,-53.92560576,-67.12853642
15.16,-53.82813238,-67.10300784
15.17,-53.72870884,-67.07725098
15.18,-53.62727123,-67.05126008
15.19,-53.523753,-67.02502919
15.2,-53.4180848,-66.9985522
15.21,-53.31019434,-66.97182276
15.22,-53.2000063,-66.94483436
15.23,-53.08744211,-66.91758025
15.24,-52.97241982,-66.89005347
15.25,-52.8548539,-66.86224681
15.26,-52.73465508,-66.83415286
15.27,-52.61173017,-66.80576392
15.28,-52.48598179,-66.77707206
15.29,-52.35730825,-66.74806905
15.3,-52.22560322,-66.7187464
15.31,-52.09075554,-66.68909533
15.32,-51.95264896,-66.65910672
15.33,-51.81116184,-66.62877115
15.34,-51.66616688,-66.59807888
15.35,-51.5175308,-66.56701979
15.36,-51.36511401,-66.5355834
15.37,-51.20877028,-66.50375887
15.38,-51.04834635,-66.47153493
15.39,-50.88368156,-66.43889992
15.4,-50.71460742,-66.4058417
15.41,-50.54094718,-66.37234773
15.42,-50.36251537,-66.33840493
15.43,-50.17911729,-66.30399976
15.44,-49.99054851,-66.26911812
15.45,-49.79659431,-66.23374539
15.46,-49.59702909,-66.19786635
15.47,-49.39161576,-66.16146516
15.48,-49.18010506,-66.12452536
15.49,-48.96223493,-66.08702982
15.5,-48.7377297,-66.04896068
15.51,-48.50629938,-66.01029937
15.52,-48.26763881,-65.97102651
15.53,-48.02142682,-65.93112192
15.54,-47.76732534,-65.89056455
15.55,-47.50497842,-65.84933244
15.56,-47.23401127,-65.80740266
15.57,-46.95402923,-65.76475128
15.58,-46.66461665,-65.72135331
15.59,-46.36533582,-65.67718261
15.6,-46.05572576,-65.63221188
15.61,-45.73530104,-65.58641255
15.62,-45.40355056,-65.53975473
15.63,-45.05993625,-65.49220712
15.64,-44.70389181,-65.44373694
15.65,-44.33482146,-65.39430986
15.66,-43.95209858,-65.34388985
15.67,-43.5550645,-65.29243916
15.68,-43.1430273,-65.23991815
15.69,-42.71526058,-65.1862852
15.7,-42.27100249,-65.13149661
15.71,-41.80945471,-65.07550642
15.72,-41.32978179,-65.01826635
15.73,-40.83111054,-64.95972555
15.74,-40.31252983,-64.89983053
15.75,-39.77309064,-64.83852494
15.76,-39.21180666,-64.77574943
15.77,-38.62765528,-64.71144138
15.78,-38.01957933,-64.64553476
15.79,-37.38649003,-64.57795989
15.8,-36.72726923,-64.50864317
15.81,-36.04077427,-64.43750684
15.82,-35.32584373,-64.36446869
15.83,-34.58130448,-64.28944178
15.84,-33.80598032,-64.21233408
15.85,-32.99870254,-64.13304817
15.86,-32.15832254,-64.05148082
15.87,-31.28372676,-63.96752263
15.88,-30.37385433,-63.88105755
15.89,-29.42771746,-63.79196249
15.9,-28.44442492,-63.70010675
15.91,-27.42320874,-63.60535153
15.92,-26.36345418,-63.50754933
15.93,-25.26473308,-63.40654339
15.94,-24.12684027,-63.30216697
15.95,-22.94983281,-63.19424268
15.96,-21.73407153,-63.08258174
15.97,-20.48026381,-62.96698313
15.98,-19.18950672,-62.8472328
15.99,-17.86332886,-62.72310271
16,-16.50372903,-62.59434987
16.01,-15.11320968,-62.46071528
16.02,-13.69480263,-62.3219229
16.03,-12.25208463,-62.17767839
16.04,-10.78918002,-62.02766795
16.05,-9.310748357,-61.87155698
16.06,-7.821955013,-61.70898869
16.07,-6.328423533,-61.53958269
16.08,-4.836169421,-61.36293342
16.09,-3.351516119,-61.17860854
16.1,-1.880995066,-60.98614728
16.11,-0.4312329283,-60.78505858
16.12,0.9911699079,-60.57481931
16.13,2.379764642,-60.35487225
16.14,3.728377776,-60.1246238
16.15,5.031227785,-59.88344243
16.16,6.283029625,-59.63065585
16.17,7.4790827,-59.36554869
16.18,8.615338984,-59.08735994
16.19,9.688449245,-58.79528014
16.2,10.69578669,-58.48844855
16.21,11.63544865,-58.1659499
16.22,12.50623804,-57.82681105
16.23,13.30762734,-57.46999734
16.24,14.0397083,-57.09440858
16.25,14.70313104,-56.69887482
16.26,15.29903621,-56.2821516
16.27,15.82898352,-55.84291511
16.28,16.29487986,-55.37975651
16.29,16.6989095,-54.89117573
16.3,17.04346829,-54.37557482
16.31,17.33110349,-53.8312508
16.32,17.56445994,-53.25638788
16.33,17.74623321,-52.64904897
16.34,17.87912973,-52.00716663
16.35,17.96583364,-51.32853313
16.36,18.00898007,-50.61079209
16.37,18.01113419,-49.85142376
16.38,17.97477528,-49.04773378
16.39,17.90228541,-48.19684154
16.4,17.79594176,-47.2956681
16.41,17.65791217,-46.34092396
16.42,17.49025318,-45.32912203
16.43,17.29491014,-44.25650061
16.44,17.07371886,-43.11906854
16.45,16.82840849,-41.91259289
16.46,16.56060527,-40.63259688
16.47,16.27183677,-39.27436704
16.48,15.96353666,-37.83297152
16.49,15.63704956,-36.30329321
16.5,15.29363603,-34.68008237
16.51,14.93447749,-32.95803517
16.52,14.56068106,-31.13190562
16.53,14.17328425,-29.19666
16.54,13.77325937,-27.14768373
16.55,13.36151786,-24.98105144
16.56,12.93891423,-22.69386964
16.57,12.5062499,-20.28469893
16.58,12.06427667,-17.75405562
16.59,11.6137001,-15.10498298
16.6,11.15518251,-12.34366616
16.61,10.6893459,-9.480045536
16.62,10.2167746,-6.528360287
16.63,9.738017688,-3.50753299
16.64,9.253591359,-0.4412922301
16.65,8.763980986,2.642068405
16.66,8.26964311,5.710373289
16.67,7.771007266,8.728719427
16.68,7.268477677,11.66106199
16.69,6.762434829,14.47210897
16.7,6.253236933,17.12933056
16.71,5.741221293,19.60484565
16.72,5.226705567,21.87694866
16.73,4.70998896,23.93109029
16.74,4.191353333,25.7602131
16.75,3.671064232,27.36444721
16.76,3.149371851,28.75026589
16.77,2.626511948,29.92926575
16.78,2.102706662,30.91676155
16.79,1.578165326,31.73037381
16.8,1.053085171,32.38874886
16.81,0.5276520223,32.91050026
16.82,0.002040911195,33.31341086
16.83,-0.5235833235,33.61389345
16.84,-1.04906552,33.82668076
16.85,-1.574259667,33.96470076
16.86,-2.099028468,34.03908922
16.87,-2.623242879,34.05929465
16.88,-3.146781739,34.03323797
16.89,-3.669531356,33.96749768
16.9,-4.191385183,33.86750003
16.91,-4.712243456,33.73770042
16.92,-5.232012889,33.5817484
16.93,-5.750606361,33.40263253
16.94,-6.267942618,33.20280426
16.95,-6.783946015,32.98428165
16.96,-7.298546221,32.74873498
16.97,-7.811677964,32.49755644
16.98,-8.323280801,32.23191631
16.99,-8.833298862,31.95280796
17,-9.34168062,31.66108364
17.01,-9.848378676,31.35748285
17.02,-10.35334955,31.0426548
17.03,-10.85655349,30.7171761
17.04,-11.35795427,30.38156473
17.05,-11.85751902,30.03629106
17.06,-12.35521804,29.68178658
17.07,-12.85102468,29.31845073
17.08,-13.34491511,28.94665642
17.09,-13.83686829,28.56675434
17.1,-14.32686574,28.17907638
17.11,-14.81489146,27.78393843
17.12,-15.30093181,27.38164256
17.13,-15.78497539,26.97247878
17.14,-16.26701298,26.55672646
17.15,-16.74703741,26.13465551
17.16,-17.22504348,25.70652723
17.17,-17.7010279,25.27259511
17.18,-18.17498921,24.83310544
17.19,-18.64692774,24.38829773
17.2,-19.1168455,23.9384052
17.21,-19.5847462,23.48365502
17.22,-20.05063516,23.02426862
17.23,-20.51451926,22.5604619
17.24,-20.97640696,22.09244538
17.25,-21.43630824,21.62042439
17.26,-21.89423455,21.14459914
17.27,-22.35019885,20.66516486
17.28,-22.80421556,20.18231189
17.29,-23.25630057,19.69622571
17.3,-23.70647122,19.20708705
17.31,-24.15474632,18.71507194
17.32,-24.60114613,18.22035176
17.33,-25.04569238,17.72309326
17.34,-25.48840827,17.22345868
17.35,-25.92931853,16.72160573
17.36,-26.36844937,16.21768767
17.37,-26.80582853,15.71185334
17.38,-27.24148528,15.20424724
17.39,-27.67545048,14.69500953
17.4,-28.1077566,14.18427613
17.41,-28.53843771,13.67217872
17.42,-28.96752954,13.15884485
17.43,-29.39506949,12.64439794
17.44,-29.82109665,12.12895738
17.45,-30.24565189,11.61263855
17.46,-30.66877778,11.0955529
17.47,-31.09051872,10.57780803
17.48,-31.51092089,10.0595077
17.49,-31.93003233,9.540751918
17.5,-32.34790293,9.021637034
17.51,-32.76458445,8.502255759
17.52,-33.18013057,7.982697259
17.53,-33.59459688,7.463047203
17.54,-34.00804088,6.943387846
17.55,-34.42052201,6.423798094
17.56,-34.83210168,5.904353559
17.57,-35.2428432,5.385126651
17.58,-35.65281183,4.866186619
17.59,-36.06207473,4.34759964
17.6,-36.47070104,3.829428888
17.61,-36.87876175,3.311734583
17.62,-37.2863297,2.794574079
17.63,-37.69347957,2.278001927
17.64,-38.10028779,1.762069933
17.65,-38.50683254,1.246827236
17.66,-38.91319369,0.7323203762
17.67,-39.31945272,0.2185933374
17.68,-39.7256926,-0.2943123613
17.69,-40.13199774,-0.8063576093
17.7,-40.53845384,-1.317505652
17.71,-40.94514783,-1.827722027
17.72,-41.35216769,-2.336974498
17.73,-41.75960232,-2.845232992
17.74,-42.16754147,-3.352469548
17.75,-42.57607543,-3.858658265
17.76,-42.98529486,-4.363775248
17.77,-43.3952906,-4.867798549
17.78,-43.80615341,-5.370708118
17.79,-44.21797375,-5.872485751
17.8,-44.63084152,-6.373115045
17.81,-45.04484564,-6.872581353
17.82,-45.4600789,-7.370871737
17.83,-45.87662117,-7.867974934
17.84,-46.29455682,-8.363881309
17.85,-46.71396768,-8.858582826
17.86,-47.13493268,-9.352073007
17.87,-47.55752733,-9.844346904
17.88,-47.98182321,-10.33540107
17.89,-48.40788748,-10.82523355
17.9,-48.83578216,-11.3138438
17.91,-49.26556366,-11.80123274
17.92,-49.69728199,-12.28740269
17.93,-50.13098007,-12.77235739
17.94,-50.5666931,-13.25610194
17.95,-51.00444766,-13.73864284
17.96,-51.44426088,-14.21998798
17.97,-51.88613974,-14.70014664
17.98,-52.33008011,-15.17912945
17.99,-52.77606586,-15.65694848
18,-53.22406797,-16.1336172
18.01,-53.67404358,-16.6091505
18.02,-54.12593514,-17.08356476
18.03,-54.57966944,-17.55687781
18.04,-55.03515671,-18.02910901
18.05,-55.49228982,-18.50027929
18.06,-55.95094339,-18.97041116
18.07,-56.41097305,-19.43952882
18.08,-56.87221482,-19.90765815
18.09,-57.33448446,-20.37482682
18.1,-57.79757693,-20.84106434
18.11,-58.26126606,-21.30640213
18.12,-58.7253044,-21.77087361
18.13,-59.18942317,-22.23451431
18.14,-59.65333232,-22.69736192
18.15,-60.11672098,-23.15945641
18.16,-60.57925809,-23.62084018
18.17,-61.04059314,-24.08155812
18.18,-61.50035726,-24.54165778
18.19,-61.95816457,-25.00118944
18.2,-62.41361389,-25.46020629
18.21,-62.86629053,-25.91876464
18.22,-63.31576845,-26.37692396
18.23,-63.76161268,-26.83474711
18.24,-64.20338195,-27.29230046
18.25,-64.64063153,-27.74965412
18.26,-65.0729163,-28.2068821
18.27,-65.49979386,-28.66406253
18.28,-65.92082778,-29.12127782
18.29,-66.33559102,-29.57861487
18.3,-66.74366914,-30.03616532
18.31,-67.14466362,-30.49402569
18.32,-67.53819498,-30.95229768
18.33,-67.92390584,-31.41108838
18.34,-68.30146358,-31.87051053
18.35,-68.6705629,-32.33068273
18.36,-69.030928,-32.79172966
18.37,-69.38231439,-33.25378235
18.38,-69.72451037,-33.71697844
18.39,-70.05733804,-34.18146246
18.4,-70.38065397,-34.64738599
18.41,-70.69434943,-35.11490793
18.42,-70.99835019,-35.58419483
18.43,-71.29261595,-36.05542099
18.44,-71.57713948,-36.52876875
18.45,-71.85194525,-37.00442873
18.46,-72.11708797,-37.48259993
18.47,-72.37265074,-37.96349008
18.48,-72.61874308,-38.44731566
18.49,-72.85549869,-38.93430193
18.5,-73.08307327,-39.42468309
18.51,-73.30164209,-39.91870226
18.52,-73.51139763,-40.41661149
18.53,-73.71254723,-40.91867171
18.54,-73.90531075,-41.42515256
18.55,-74.08991834,-41.93633217
18.56,-74.26660824,-42.45249674
18.57,-74.43562482,-42.97394015
18.58,-74.59721666,-43.50096344
18.59,-74.75163479,-44.03387385
18.6,-74.89913111,-44.57298415
18.61,-75.03995698,-45.11861134
18.62,-75.17436191,-45.67107537
18.63,-75.30259248,-46.23069758
18.64,-75.42489134,-46.79779886
18.65,-75.54149637,-47.37269732
18.66,-75.65264003,-47.9557061
18.67,-75.75854876,-48.5471301
18.68,-75.85944252,-49.14726291
18.69,-75.95553446,-49.75638294
18.7,-76.04703066,-50.37474922
18.71,-76.13412995,-51.0025966
18.72,-76.21702379,-51.64013027
18.73,-76.29589631,-52.28752015
18.74,-76.37092422,-52.94489416
18.75,-76.44227697,-53.61233116
18.76,-76.51011684,-54.28985343
18.77,-76.57459903,-54.97741825
18.78,-76.63587188,-55.67490931
18.79,-76.69407706,-56.38212752
18.8,-76.74934974,-57.09878162
18.81,-76.80181882,-57.82447861
18.82,-76.85160716,-58.55871441
18.83,-76.89883183,-59.30086449
18.84,-76.94360429,-60.05017509
18.85,-76.98603068,-60.80575689
18.86,-77.02621199,-61.56657796
18.87,-77.06424434,-62.33145961
18.88,-77.10021917,-63.09907462
18.89,-77.13422347,-63.86794825
18.9,-77.16633997,-64.63646287
18.91,-77.19664736,-65.4028659
18.92,-77.22522046,-66.16528239
18.93,-77.25213045,-66.92173201
18.94,-77.27744498,-67.6701504
18.95,-77.30122842,-68.40841507
18.96,-77.32354194,-69.13437544
18.97,-77.34444374,-69.84588632
18.98,-77.36398914,-70.54084379
18.99,-77.38223075,-71.2172228
19,-77.3992186,-71.87311454
19.01,-77.41500025,-72.50676254
19.02,-77.42962094,-73.1165959
19.03,-77.44312371,-73.70125812
19.04,-77.45554948,-74.25963028
19.05,-77.46693717,-74.7908477
19.06,-77.47732382,-75.29430921
19.07,-77.48674469,-75.76967908
19.08,-77.49523335,-76.21688158
19.09,-77.50282176,-76.63608883
19.1,-77.5095404,-77.02770279
19.11,-77.51541833,-77.39233262
19.12,-77.52048328,-77.7307685
19.13,-77.52476175,-78.0439534
19.14,-77.52827907,-78.33295395
19.15,-77.53105951,-78.59893162
19.16,-77.53312633,-78.84311509
19.17,-77.53450185,-79.0667747
19.18,-77.53520755,-79.27119935
19.19,-77.5352641,-79.4576764
19.2,-77.53469144,-79.62747447
19.21,-77.53350886,-79.78182939
19.22,-77.53173499,-79.92193299
19.23,-77.52938792,-80.04892466
19.24,-77.5264852,-80.1638852
19.25,-77.52304389,-80.26783297
19.26,-77.51908062,-80.36172171
19.27,-77.51461157,-80.44643993
19.28,-77.50965255,-80.52281153
19.29,-77.50421899,-80.59159731
19.3,-77.49832598,-80.65349726
19.31,-77.49198825,-80.70915337
19.32,-77.48522025,-80.75915277
19.33,-77.47803607,-80.80403111
19.34,-77.47044954,-80.84427598
19.35,-77.46247415,-80.88033047
19.36,-77.45412312,-80.91259649
19.37,-77.44540936,-80.94143818
19.38,-77.43634549,-80.96718503
19.39,-77.42694384,-80.99013486
19.4,-77.41721642,-81.01055671
19.41,-77.40717496,-81.02869338
19.42,-77.39683089,-81.04476395
19.43,-77.38619533,-81.05896595
19.44,-77.37527908,-81.07147745
19.45,-77.36409267,-81.08245897
19.46,-77.35264629,-81.09205514
19.47,-77.34094982,-81.10039633
19.48,-77.32901287,-81.10759999
19.49,-77.31684469,-81.11377199
19.5,-77.30445426,-81.11900778
19.51,-77.29185025,-81.12339339
19.52,-77.279041,-81.1270064
19.53,-77.26603459,-81.1299168
19.54,-77.25283877,-81.13218775
19.55,-77.23946103,-81.13387625
19.56,-77.22590853,-81.13503376
19.57,-77.2121882,-81.13570677
19.58,-77.19830666,-81.1359373
19.59,-77.18427026,-81.13576332
19.6,-77.17008509,-81.13521918
19.61,-77.155757,-81.13433596
19.62,-77.14129157,-81.1331418
19.63,-77.12669415,-81.13166217
19.64,-77.11196983,-81.12992015
19.65,-77.09712351,-81.12793668
19.66,-77.08215983,-81.12573073
19.67,-77.06708325,-81.12331952
19.68,-77.05189801,-81.12071867
19.69,-77.03660814,-81.11794238
19.7,-77.0212175,-81.11500355
19.71,-77.00572976,-81.11191389
19.72,-76.99014841,-81.10868407
19.73,-76.97447676,-81.10532379
19.74,-76.958718,-81.10184188
19.75,-76.94287511,-81.09824636
19.76,-76.92695097,-81.09454457
19.77,-76.91094828,-81.09074318
19.78,-76.89486963,-81.08684827
19.79,-76.87871748,-81.08286539
19.8,-76.86249414,-81.07879961
19.81,-76.84620185,-81.07465554
19.82,-76.82984269,-81.0704374
19.83,-76.81341866,-81.06614906
19.84,-76.79693166,-81.06179403
19.85,-76.78038348,-81.05737552
19.86,-76.76377583,-81.05289648
19.87,-76.74711033,-81.04835961
19.88,-76.73038852,-81.04376736
19.89,-76.71361185,-81.03912197
19.9,-76.69678172,-81.03442553
19.91,-76.67989943,-81.0296799
19.92,-76.66296624,-81.02488681
19.93,-76.64598332,-81.02004784
19.94,-76.6289518,-81.01516445
19.95,-76.61187276,-81.01023794
19.96,-76.5947472,-81.00526954
19.97,-76.5775761,-81.00026036
19.98,-76.56036036,-80.9952114
19.99,-76.54310085,-80.9901236
20,-76.52579841,-80.98499781
20.01,-76.50845382,-80.9798348
20.02,-76.49106783,-80.9746353
20.03,-76.47364115,-80.96939994
20.04,-76.45617447,-80.96412933
20.05,-76.43866841,-80.958824
20.06,-76.42112361,-80.95348445
20.07,-76.40354064,-80.94811114
20.08,-76.38592007,-80.94270447
20.09,-76.36826242,-80.93726482
20.1,-76.35056822,-80.93179252
20.11,-76.33283793,-80.9262879
20.12,-76.31507203,-80.92075122
20.13,-76.29727097,-80.91518274
20.14,-76.27943515,-80.9095827
20.15,-76.261565,-80.90395129
20.16,-76.2436609,-80.89828871
20.17,-76.22572321,-80.89259511
20.18,-76.20775231,-80.88687065
20.19,-76.18974854,-80.88111546
20.2,-76.17171221,-80.87532965
20.21,-76.15364365,-80.86951333
20.22,-76.13554317,-80.86366659
20.23,-76.11741106,-80.8577895
20.24,-76.09924759,-80.85188213
20.25,-76.08105305,-80.84594453
20.26,-76.06282769,-80.83997676
20.27,-76.04457177,-80.83397884
20.28,-76.02628553,-80.82795082
20.29,-76.00796921,-80.82189271
20.3,-75.98962305,-80.81580452
20.31,-75.97124725,-80.80968627
20.32,-75.95284205,-80.80353795
20.33,-75.93440765,-80.79735956
20.34,-75.91594425,-80.79115111
20.35,-75.89745205,-80.78491256
20.36,-75.87893125,-80.77864391
20.37,-75.86038203,-80.77234513
20.38,-75.84180458,-80.7660162
20.39,-75.82319907,-80.75965709
20.4,-75.80456569,-80.75326776
20.41,-75.78590459,-80.74684819
20.42,-75.76721596,-80.74039834
20.43,-75.74849995,-80.73391815
20.44,-75.72975672,-80.72740761
20.45,-75.71098643,-80.72086665
20.46,-75.69218925,-80.71429523
20.47,-75.67336531,-80.7076933
20.48,-75.65451477,-80.70106082
20.49,-75.63563778,-80.69439773
20.5,-75.61673447,-80.68770398
20.51,-75.59780501,-80.68097951
20.52,-75.57884952,-80.67422427
20.53,-75.55986815,-80.66743821
20.54,-75.54086103,-80.66062127
20.55,-75.5218283,-80.65377338
20.56,-75.50277009,-80.64689449
20.57,-75.48368654,-80.63998454
20.58,-75.46457778,-80.63304347
20.59,-75.44544395,-80.62607122
20.6,-75.42628516,-80.61906773
20.61,-75.40710155,-80.61203294
20.62,-75.38789324,-80.60496678
20.63,-75.36866037,-80.59786919
20.64,-75.34940306,-80.59074012
20.65,-75.33012143,-80.58357949
20.66,-75.31081561,-80.57638725
20.67,-75.29148571,-80.56916333
20.68,-75.27213188,-80.56190767
20.69,-75.25275421,-80.55462021
20.7,-75.23335285,-80.54730089
20.71,-75.2139279,-80.53994964
20.72,-75.1944795,-80.5325664
20.73,-75.17500776,-80.52515111
20.74,-75.15551279,-80.5177037
20.75,-75.13599473,-80.51022412
20.76,-75.11645368,-80.5027123
20.77,-75.09688977,-80.49516819
20.78,-75.07730312,-80.48759171
20.79,-75.05769385,-80.47998281
20.8,-75.03806207,-80.47234143
20.81,-75.0184079,-80.46466752
20.82,-74.99873146,-80.456961
20.83,-74.97903287,-80.44922182
20.84,-74.95931224,-80.44144992
20.85,-74.9395697,-80.43364525
20.86,-74.91980536,-80.42580774
20.87,-74.90001934,-80.41793734
20.88,-74.88021175,-80.41003399
20.89,-74.86038271,-80.40209764
20.9,-74.84053234,-80.39412822
20.91,-74.82066076,-80.38612569
20.92,-74.80076809,-80.37808998
20.93,-74.78085443,-80.37002105
20.94,-74.76091991,-80.36191884
20.95,-74.74096465,-80.3537833
20.96,-74.72098877,-80.34561437
20.97,-74.70099237,-80.337412
20.98,-74.68097558,-80.32917615
20.99,-74.66093852,-80.32090675
21,-74.6408813,-80.31260377
21.01,-74.62080404,-80.30426715
21.02,-74.60070685,-80.29589684
21.03,-74.58058986,-80.2874928
21.04,-74.56045319,-80.27905497
21.05,-74.54029695,-80.27058332
21.06,-74.52012125,-80.26207779
21.07,-74.49992623,-80.25353834
21.08,-74.47971198,-80.24496492
21.09,-74.45947865,-80.2363575
21.1,-74.43922633,-80.22771603
21.11,-74.41895515,-80.21904046
21.12,-74.39866523,-80.21033076
21.13,-74.37835669,-80.20158688
21.14,-74.35802965,-80.19280879
21.15,-74.33768422,-80.18399644
21.16,-74.31732052,-80.1751498
21.17,-74.29693867,-80.16626883
21.18,-74.2765388,-80.15735349
21.19,-74.25612102,-80.14840375
21.2,-74.23568544,-80.13941957
21.21,-74.2152322,-80.13040092
21.22,-74.19476141,-80.12134776
21.23,-74.17427318,-80.11226006
21.24,-74.15376764,-80.10313779
21.25,-74.13324492,-80.09398092
21.26,-74.11270512,-80.08478941
21.27,-74.09214837,-80.07556324
21.28,-74.07157478,-80.06630239
21.29,-74.05098449,-80.05700681
21.3,-74.0303776,-80.04767649
21.31,-74.00975425,-80.0383114
21.32,-73.98911454,-80.02891152
21.33,-73.96845861,-80.01947681
21.34,-73.94778657,-80.01000726
21.35,-73.92709854,-80.00050285
21.36,-73.90639464,-79.99096355
21.37,-73.885675,-79.98138934
21.38,-73.86493973,-79.97178021
21.39,-73.84418896,-79.96213613
21.4,-73.8234228,-79.95245708
21.41,-73.80264139,-79.94274306
21.42,-73.78184484,-79.93299404
21.43,-73.76103326,-79.92321
21.44,-73.7402068,-79.91339094
21.45,-73.71936555,-79.90353684
21.46,-73.69850966,-79.8936477
21.47,-73.67763923,-79.88372348
21.48,-73.65675439,-79.8737642
21.49,-73.63585526,-79.86376983
21.5,-73.61494197,-79.85374037
21.51,-73.59401464,-79.84367581
21.52,-73.57307338,-79.83357614
21.53,-73.55211832,-79.82344137
21.54,-73.53114958,-79.81327148
21.55,-73.51016729,-79.80306647
21.56,-73.48917156,-79.79282633
21.57,-73.46816252,-79.78255107
21.58,-73.44714029,-79.77224069
21.59,-73.426105,-79.76189518
21.6,-73.40505676,-79.75151455
21.61,-73.38399569,-79.7410988
21.62,-73.36292193,-79.73064792
21.63,-73.34183559,-79.72016193
21.64,-73.32073679,-79.70964083
21.65,-73.29962565,-79.69908463
21.66,-73.27850231,-79.68849333
21.67,-73.25736688,-79.67786694
21.68,-73.23621947,-79.66720547
21.69,-73.21506023,-79.65650893
21.7,-73.19388926,-79.64577733
21.71,-73.17270669,-79.63501068
21.72,-73.15151265,-79.624209
21.73,-73.13030725,-79.6133723
21.74,-73.10909061,-79.60250059
21.75,-73.08786287,-79.59159389
21.76,-73.06662413,-79.58065222
21.77,-73.04537453,-79.56967559
21.78,-73.02411418,-79.55866403
21.79,-73.00284321,-79.54761755
21.8,-72.98156174,-79.53653617
21.81,-72.96026988,-79.52541992
21.82,-72.93896778,-79.51426882
21.83,-72.91765553,-79.50308289
21.84,-72.89633327,-79.49186216
21.85,-72.87500112,-79.48060665
21.86,-72.8536592,-79.46931639
21.87,-72.83230763,-79.45799141
21.88,-72.81094653,-79.44663174
21.89,-72.78957603,-79.43523741
21.9,-72.76819624,-79.42380844
21.91,-72.74680729,-79.41234487
21.92,-72.72540929,-79.40084674
21.93,-72.70400238,-79.38931407
21.94,-72.68258666,-79.3777469
21.95,-72.66116226,-79.36614528
21.96,-72.6397293,-79.35450922
21.97,-72.61828791,-79.34283878
21.98,-72.5968382,-79.33113399
21.99,-72.57538029,-79.31939489
22,-72.5539143,-79.30762152
22.01,-72.53244035,-79.29581393
22.02,-72.51095857,-79.28397215
22.03,-72.48946907,-79.27209624
22.04,-72.46797198,-79.26018623
22.05,-72.44646741,-79.24824217
22.06,-72.42495547,-79.2362641
22.07,-72.4034363,-79.22425209
22.08,-72.38191001,-79.21220617
22.09,-72.36037672,-79.20012639
22.1,-72.33883655,-79.18801282
22.11,-72.31728962,-79.17586548
22.12,-72.29573604,-79.16368445
22.13,-72.27417593,-79.15146977
22.14,-72.25260942,-79.1392215
22.15,-72.23103662,-79.1269397
22.16,-72.20945764,-79.11462441
22.17,-72.18787262,-79.10227571
22.18,-72.16628165,-79.08989364
22.19,-72.14468487,-79.07747827
22.2,-72.12308239,-79.06502965
22.21,-72.10147432,-79.05254786
22.22,-72.07986078,-79.04003294
22.23,-72.05824189,-79.02748498
22.24,-72.03661777,-79.01490402
22.25,-72.01498853,-79.00229013
22.26,-71.99335429,-78.98964339
22.27,-71.97171516,-78.97696385
22.28,-71.95007126,-78.96425159
22.29,-71.9284227,-78.95150667
22.3,-71.9067696,-78.93872917
22.31,-71.88511208,-78.92591916
22.32,-71.86345024,-78.9130767
22.33,-71.84178421,-78.90020188
22.34,-71.82011409,-78.88729476
22.35,-71.79844001,-78.87435542
22.36,-71.77676207,-78.86138393
22.37,-71.75508039,-78.84838038
22.38,-71.73339508,-78.83534484
22.39,-71.71170626,-78.82227738
22.4,-71.69001403,-78.80917809
22.41,-71.66831851,-78.79604704
22.42,-71.64661982,-78.78288433
22.43,-71.62491806,-78.76969002
22.44,-71.60321334,-78.7564642
22.45,-71.58150579,-78.74320696
22.46,-71.55979549,-78.72991839
22.47,-71.53808258,-78.71659855
22.48,-71.51636716,-78.70324755
22.49,-71.49464934,-78.68986547
22.5,-71.47292922,-78.6764524
22.51,-71.45120693,-78.66300842
22.52,-71.42948256,-78.64953363
22.53,-71.40775624,-78.63602812
22.54,-71.38602805,-78.62249197
22.55,-71.36429813,-78.60892529
22.56,-71.34256656,-78.59532816
22.57,-71.32083347,-78.58170067
22.58,-71.29909895,-78.56804293
22.59,-71.27736312,-78.55435503
22.6,-71.25562608,-78.54063706
22.61,-71.23388794,-78.52688912
22.62,-71.21214881,-78.51311131
22.63,-71.19040879,-78.49930373
22.64,-71.16866798,-78.48546647
22.65,-71.14692649,-78.47159965
22.66,-71.12518443,-78.45770335
22.67,-71.10344191,-78.44377769
22.68,-71.08169901,-78.42982276
22.69,-71.05995586,-78.41583867
22.7,-71.03821255,-78.40182552
22.71,-71.01646918,-78.38778341
22.72,-70.99472586,-78.37371246
22.73,-70.97298269,-78.35961277
22.74,-70.95123978,-78.34548444
22.75,-70.92949722,-78.33132759
22.76,-70.90775511,-78.31714232
22.77,-70.88601356,-78.30292875
22.78,-70.86427267,-78.28868697
22.79,-70.84253254,-78.27441711
22.8,-70.82079326,-78.26011928
22.81,-70.79905494,-78.24579358
22.82,-70.77731767,-78.23144014
22.83,-70.75558156,-78.21705905
22.84,-70.7338467,-78.20265045
22.85,-70.71211319,-78.18821444
22.86,-70.69038112,-78.17375114
22.87,-70.6686506,-78.15926066
22.88,-70.64692172,-78.14474313
22.89,-70.62519458,-78.13019866
22.9,-70.60346927,-78.11562736
22.91,-70.58174589,-78.10102937
22.92,-70.56002453,-78.08640479
22.93,-70.53830529,-78.07175374
22.94,-70.51658826,-78.05707636
22.95,-70.49487353,-78.04237276
22.96,-70.4731612,-78.02764305
22.97,-70.45145137,-78.01288737
22.98,-70.42974411,-77.99810584
22.99,-70.40803954,-77.98329858
23,-70.38633773,-77.96846572
23.01,-70.36463877,-77.95360738
23.02,-70.34294277,-77.93872368
23.03,-70.3212498,-77.92381476
23.04,-70.29955996,-77.90888073
23.05,-70.27787334,-77.89392173
23.06,-70.25619003,-77.87893789
23.07,-70.23451011,-77.86392933
23.08,-70.21283367,-77.84889618
23.09,-70.1911608,-77.83383857
23.1,-70.16949159,-77.81875663
23.11,-70.14782613,-77.80365049
23.12,-70.12616449,-77.78852028
23.13,-70.10450676,-77.77336613
23.14,-70.08285304,-77.75818818
23.15,-70.0612034,-77.74298656
23.16,-70.03955792,-77.7277614
23.17,-70.0179167,-77.71251283
23.18,-69.99627982,-77.69724098
23.19,-69.97464735,-77.681946
23.2,-69.95301938,-77.66662802
23.21,-69.93139599,-77.65128716
23.22,-69.90977727,-77.63592357
23.23,-69.88816329,-77.62053738
23.24,-69.86655413,-77.60512873
23.25,-69.84494987,-77.58969775
23.26,-69.8233506,-77.57424459
23.27,-69.80175639,-77.55876938
23.28,-69.78016731,-77.54327225
23.29,-69.75858345,-77.52775335
23.3,-69.73700489,-77.51221281
23.31,-69.71543169,-77.49665077
23.32,-69.69386394,-77.48106738
23.33,-69.67230172,-77.46546277
23.34,-69.65074509,-77.44983708
23.35,-69.62919413,-77.43419046
23.36,-69.60764891,-77.41852303
23.37,-69.58610951,-77.40283496
23.38,-69.56457601,-77.38712636
23.39,-69.54304846,-77.3713974
23.4,-69.52152696,-77.3556482
23.41,-69.50001156,-77.33987891
23.42,-69.47850233,-77.32408968
23.43,-69.45699936,-77.30828064
23.44,-69.4355027,-77.29245194
23.45,-69.41401243,-77.27660373
23.46,-69.39252861,-77.26073614
23.47,-69.37105132,-77.24484932
23.48,-69.34958061,-77.22894342
23.49,-69.32811657,-77.21301857
23.5,-69.30665924,-77.19707493
23.51,-69.28520871,-77.18111263
23.52,-69.26376503,-77.16513182
23.53,-69.24232827,-77.14913266
23.54,-69.2208985,-77.13311527
23.55,-69.19947577,-77.11707981
23.56,-69.17806015,-77.10102643
23.57,-69.15665171,-77.08495527
23.58,-69.13525049,-77.06886647
23.59,-69.11385658,-77.05276018
23.6,-69.09247002,-77.03663655
23.61,-69.07109088,-77.02049573
23.62,-69.04971921,-77.00433785
23.63,-69.02835508,-76.98816308
23.64,-69.00699854,-76.97197154
23.65,-68.98564965,-76.9557634
23.66,-68.96430847,-76.9395388
23.67,-68.94297506,-76.92329788
23.68,-68.92164946,-76.9070408
23.69,-68.90033175,-76.89076769
23.7,-68.87902196,-76.87447871
23.71,-68.85772016,-76.85817401
23.72,-68.8364264,-76.84185372
23.73,-68.81514073,-76.82551801
23.74,-68.79386321,-76.80916702
23.75,-68.77259388,-76.79280089
23.76,-68.75133281,-76.77641977
23.77,-68.73008003,-76.76002381
23.78,-68.7088356,-76.74361316
23.79,-68.68759956,-76.72718797
23.8,-68.66637198,-76.71074838
23.81,-68.64515289,-76.69429453
23.82,-68.62394235,-76.67782659
23.83,-68.60274039,-76.6613447
23.84,-68.58154707,-76.644849
23.85,-68.56036244,-76.62833964
23.86,-68.53918653,-76.61181677
23.87,-68.51801939,-76.59528053
23.88,-68.49686107,-76.57873108
23.89,-68.47571162,-76.56216856
23.9,-68.45457106,-76.54559313
23.91,-68.43343945,-76.52900491
23.92,-68.41231682,-76.51240407
23.93,-68.39120322,-76.49579075
23.94,-68.37009869,-76.4791651
23.95,-68.34900327,-76.46252727
23.96,-68.32791699,-76.44587739
23.97,-68.3068399,-76.42921562
23.98,-68.28577203,-76.41254211
23.99,-68.26471342,-76.395857
24,-68.2436641,-76.37916043
24.01,-68.22262412,-76.36245256
24.02,-68.2015935,-76.34573353
24.03,-68.18057228,-76.32900348
24.04,-68.1595605,-76.31226256
24.05,-68.13855819,-76.29551092
24.06,-68.11756538,-76.2787487
24.07,-68.09658211,-76.26197605
24.08,-68.0756084,-76.24519311
24.09,-68.05464428,-76.22840003
24.1,-68.03368979,-76.21159695
24.11,-68.01274496,-76.19478401
24.12,-67.99180981,-76.17796136
24.13,-67.97088437,-76.16112915
24.14,-67.94996868,-76.14428751
24.15,-67.92906274,-76.1274366
24.16,-67.90816661,-76.11057655
24.17,-67.88728029,-76.0937075
24.18,-67.86640381,-76.07682961
24.19,-67.84553721,-76.05994301
24.2,-67.82468049,-76.04304784
24.21,-67.80383369,-76.02614424
24.22,-67.78299683,-76.00923237
24.23,-67.76216992,-75.99231236
24.24,-67.74135299,-75.97538434
24.25,-67.72054607,-75.95844847
24.26,-67.69974916,-75.94150488
24.27,-67.67896229,-75.92455371
24.28,-67.65818548,-75.9075951
24.29,-67.63741875,-75.89062919
24.3,-67.6166621,-75.87365612
24.31,-67.59591557,-75.85667603
24.32,-67.57517916,-75.83968906
24.33,-67.55445289,-75.82269535
24.34,-67.53373677,-75.80569503
24.35,-67.51303081,-75.78868824
24.36,-67.49233504,-75.77167512
24.37,-67.47164947,-75.7546558
24.38,-67.45097409,-75.73763043
24.39,-67.43030893,-75.72059913
24.4,-67.409654,-75.70356205
24.41,-67.3890093,-75.68651932
24.42,-67.36837485,-75.66947107
24.43,-67.34775065,-75.65241743
24.44,-67.32713671,-75.63535855
24.45,-67.30653304,-75.61829456
24.46,-67.28593965,-75.60122558
24.47,-67.26535653,-75.58415176
24.48,-67.2447837,-75.56707322
24.49,-67.22422116,-75.54999009
24.5,-67.20366891,-75.53290251
24.51,-67.18312696,-75.51581062
24.52,-67.1625953,-75.49871453
24.53,-67.14207395,-75.48161438
24.54,-67.12156289,-75.4645103
24.55,-67.10106214,-75.44740242
24.56,-67.08057168,-75.43029086
24.57,-67.06009153,-75.41317577
24.58,-67.03962167,-75.39605725
24.59,-67.01916211,-75.37893545
24.6,-66.99871284,-75.36181048
24.61,-66.97827386,-75.34468248
24.62,-66.95784516,-75.32755157
24.63,-66.93742674,-75.31041788
24.64,-66.91701859,-75.29328152
24.65,-66.89662071,-75.27614264
24.66,-66.87623308,-75.25900134
24.67,-66.85585571,-75.24185775
24.68,-66.83548857,-75.224712
24.69,-66.81513167,-75.20756421
24.7,-66.79478499,-75.1904145
24.71,-66.77444852,-75.17326298
24.72,-66.75412226,-75.15610979
24.73,-66.73380617,-75.13895505
24.74,-66.71350027,-75.12179886
24.75,-66.69320452,-75.10464135
24.76,-66.67291892,-75.08748265
24.77,-66.65264345,-75.07032286
24.78,-66.6323781,-75.05316211
24.79,-66.61212285,-75.03600051
24.8,-66.59187767,-75.01883817
24.81,-66.57164257,-75.00167523
24.82,-66.55141751,-74.98451178
24.83,-66.53120247,-74.96734794
24.84,-66.51099744,-74.95018383
24.85,-66.4908024,-74.93301957
24.86,-66.47061732,-74.91585526
24.87,-66.45044219,-74.89869101
24.88,-66.43027697,-74.88152694
24.89,-66.41012165,-74.86436317
24.9,-66.3899762,-74.84719979
24.91,-66.3698406,-74.83003692
24.92,-66.34971482,-74.81287467
24.93,-66.32959883,-74.79571314
24.94,-66.30949262,-74.77855246
24.95,-66.28939614,-74.76139271
24.96,-66.26930937,-74.74423402
24.97,-66.24923228,-74.72707648
24.98,-66.22916485,-74.7099202
24.99,-66.20910703,-74.69276529
25,-66.18905881,-74.67561184
25.01,-66.16902014,-74.65845997
25.02,-66.148991,-74.64130978
25.03,-66.12897135,-74.62416137
25.04,-66.10896115,-74.60701483
25.05,-66.08896038,-74.58987028
25.06,-66.06896898,-74.57272781
25.07,-66.04898694,-74.55558753
25.08,-66.02901421,-74.53844952
25.09,-66.00905075,-74.52131389
25.1,-65.98909652,-74.50418074
25.11,-65.96915149,-74.48705016
25.12,-65.94921562,-74.46992225
25.13,-65.92928885,-74.4527971
25.14,-65.90937116,-74.43567482
25.15,-65.88946249,-74.41855549
25.16,-65.86956281,-74.40143921
25.17,-65.84967207,-74.38432607
25.18,-65.82979022,-74.36721616
25.19,-65.80991722,-74.35010958
25.2,-65.79005303,-74.33300641
25.21,-65.77019759,-74.31590675
25.22,-65.75035086,-74.29881069
25.23,-65.73051279,-74.28171831
25.24,-65.71068333,-74.2646297
25.25,-65.69086243,-74.24754495
25.26,-65.67105004,-74.23046415
25.27,-65.6512461,-74.21338738
25.28,-65.63145057,-74.19631472
25.29,-65.61166339,-74.17924627
25.3,-65.5918845,-74.1621821
25.31,-65.57211386,-74.14512231
25.32,-65.5523514,-74.12806696
25.33,-65.53259707,-74.11101614
25.34,-65.5128508,-74.09396994
25.35,-65.49311256,-74.07692843
25.36,-65.47338226,-74.0598917
25.37,-65.45365986,-74.04285981
25.38,-65.4339453,-74.02583286
25.39,-65.4142385,-74.00881091
25.4,-65.39453941,-73.99179405
25.41,-65.37484798,-73.97478234
25.42,-65.35516412,-73.95777587
25.43,-65.33548778,-73.94077471
25.44,-65.31581889,-73.92377893
25.45,-65.29615739,-73.90678861
25.46,-65.27650321,-73.88980381
25.47,-65.25685628,-73.87282461
25.48,-65.23721653,-73.85585107
25.49,-65.21758389,-73.83888328
25.5,-65.19795829,-73.8219213
25.51,-65.17833966,-73.80496519
25.52,-65.15872793,-73.78801502
25.53,-65.13912302,-73.77107086
25.54,-65.11952486,-73.75413278
25.55,-65.09993338,-73.73720085
25.56,-65.0803485,-73.72027511
25.57,-65.06077013,-73.70335565
25.58,-65.04119822,-73.68644252
25.59,-65.02163267,-73.66953579
25.6,-65.0020734,-73.65263551
25.61,-64.98252035,-73.63574175
25.62,-64.96297342,-73.61885456
25.63,-64.94343253,-73.60197401
25.64,-64.9238976,-73.58510016
25.65,-64.90436855,-73.56823306
25.66,-64.88484529,-73.55137276
25.67,-64.86532774,-73.53451934
25.68,-64.8458158,-73.51767283
25.69,-64.8263094,-73.5008333
25.7,-64.80680844,-73.48400079
25.71,-64.78731284,-73.46717537
25.72,-64.76782249,-73.45035708
25.73,-64.74833732,-73.43354597
25.74,-64.72885723,-73.4167421
25.75,-64.70938213,-73.39994552
25.76,-64.68991191,-73.38315627
25.77,-64.67044649,-73.3663744
25.78,-64.65098578,-73.34959996
25.79,-64.63152966,-73.332833
25.8,-64.61207805,-73.31607356
25.81,-64.59263085,-73.29932169
25.82,-64.57318795,-73.28257743
25.83,-64.55374925,-73.26584083
25.84,-64.53431465,-73.24911192
25.85,-64.51488406,-73.23239075
25.86,-64.49545735,-73.21567737
25.87,-64.47603443,-73.1989718
25.88,-64.4566152,-73.1822741
25.89,-64.43719953,-73.16558429
25.9,-64.41778733,-73.14890242
25.91,-64.39837849,-73.13222853
25.92,-64.37897289,-73.11556264
25.93,-64.35957042,-73.0989048
25.94,-64.34017097,-73.08225505
25.95,-64.32077443,-73.0656134
25.96,-64.30138068,-73.0489799
25.97,-64.28198959,-73.03235459
25.98,-64.26260107,-73.01573748
25.99,-64.24321498,-72.99912862
26,-64.22383121,-72.98252802
26.01,-64.20444963,-72.96593573
26.02,-64.18507012,-72.94935176
26.03,-64.16569257,-72.93277616
26.04,-64.14631684,-72.91620893
26.05,-64.12694281,-72.89965011
26.06,-64.10757035,-72.88309972
26.07,-64.08819934,-72.8665578
26.08,-64.06882964,-72.85002435
26.09,-64.04946112,-72.8334994
26.1,-64.03009365,-72.81698298
26.11,-64.01072711,-72.8004751
26.12,-63.99136134,-72.78397579
26.13,-63.97199623,-72.76748506
26.14,-63.95263162,-72.75100293
26.15,-63.93326739,-72.73452943
26.16,-63.91390338,-72.71806456
26.17,-63.89453947,-72.70160834
26.18,-63.8751755,-72.68516079
26.19,-63.85581134,-72.66872192
26.2,-63.83644684,-72.65229174
26.21,-63.81708185,-72.63587027
26.22,-63.79771622,-72.61945752
26.23,-63.7783498,-72.6030535
26.24,-63.75898245,-72.58665822
26.25,-63.73961401,-72.57027168
26.26,-63.72024433,-72.5538939
26.27,-63.70087324,-72.53752489
26.28,-63.6815006,-72.52116464
26.29,-63.66212624,-72.50481317
26.3,-63.64275001,-72.48847048
26.31,-63.62337174,-72.47213658
26.32,-63.60399128,-72.45581146
26.33,-63.58460844,-72.43949513
26.34,-63.56522308,-72.4231876
26.35,-63.54583502,-72.40688885
26.36,-63.52644409,-72.3905989
26.37,-63.50705012,-72.37431773
26.38,-63.48765294,-72.35804536
26.39,-63.46825237,-72.34178176
26.4,-63.44884824,-72.32552695
26.41,-63.42944036,-72.30928092
26.42,-63.41002857,-72.29304365
26.43,-63.39061267,-72.27681515
26.44,-63.37119248,-72.26059541
26.45,-63.35176783,-72.24438441
26.46,-63.33233851,-72.22818216
26.47,-63.31290435,-72.21198863
26.48,-63.29346515,-72.19580382
26.49,-63.27402072,-72.17962772
26.5,-63.25457087,-72.16346031
26.51,-63.23511539,-72.14730158
26.52,-63.21565409,-72.13115152
26.53,-63.19618677,-72.1150101
26.54,-63.17671323,-72.09887732
26.55,-63.15723327,-72.08275316
26.56,-63.13774666,-72.06663759
26.57,-63.11825322,-72.05053061
26.58,-63.09875272,-72.03443218
26.59,-63.07924496,-72.01834229
26.6,-63.05972971,-72.00226092
26.61,-63.04020677,-71.98618804
26.62,-63.02067591,-71.97012363
26.63,-63.00113691,-71.95406766
26.64,-62.98158954,-71.93802012
26.65,-62.96203359,-71.92198096
26.66,-62.94246881,-71.90595018
26.67,-62.92289499,-71.88992772
26.68,-62.90331189,-71.87391358
26.69,-62.88371926,-71.85790771
26.7,-62.86411688,-71.84191009
26.71,-62.8445045,-71.82592068
26.72,-62.82488188,-71.80993945
26.73,-62.80524877,-71.79396637
26.74,-62.78560493,-71.7780014
26.75,-62.7659501,-71.7620445
26.76,-62.74628403,-71.74609564
26.77,-62.72660647,-71.73015477
26.78,-62.70691714,-71.71422187
26.79,-62.6872158,-71.69829688
26.8,-62.66750218,-71.68237977
26.81,-62.647776,-71.6664705
26.82,-62.62803701,-71.65056902
26.83,-62.60828492,-71.63467529
26.84,-62.58851945,-71.61878926
26.85,-62.56874034,-71.60291088
26.86,-62.54894729,-71.58704011
26.87,-62.52914003,-71.57117691
26.88,-62.50931825,-71.55532121
26.89,-62.48948168,-71.53947297
26.9,-62.46963001,-71.52363214
26.91,-62.44976294,-71.50779866
26.92,-62.42988018,-71.49197249
26.93,-62.40998142,-71.47615356
26.94,-62.39006634,-71.46034182
26.95,-62.37013465,-71.44453722
26.96,-62.35018602,-71.42873968
26.97,-62.33022012,-71.41294917
26.98,-62.31023665,-71.3971656
26.99,-62.29023527,-71.38138893
27,-62.27021565,-71.36561909
27.01,-62.25017746,-71.34985602
27.02,-62.23012036,-71.33409964
27.03,-62.210044,-71.3183499
27.04,-62.18994805,-71.30260672
27.05,-62.16983214,-71.28687005
27.06,-62.14969593,-71.2711398
27.07,-62.12953906,-71.2554159
27.08,-62.10936116,-71.23969829
27.09,-62.08916187,-71.2239869
27.1,-62.06894082,-71.20828163
27.11,-62.04869762,-71.19258243
27.12,-62.02843191,-71.17688921
27.13,-62.00814329,-71.1612019
27.14,-61.98783137,-71.1455204
27.15,-61.96749577,-71.12984465
27.16,-61.94713607,-71.11417456
27.17,-61.92675189,-71.09851005
27.18,-61.9063428,-71.08285103
27.19,-61.88590839,-71.06719741
27.2,-61.86544824,-71.05154911
27.21,-61.84496194,-71.03590604
27.22,-61.82444904,-71.02026811
27.23,-61.80390912,-71.00463522
27.24,-61.78334173,-70.98900728
27.25,-61.76274643,-70.9733842
27.26,-61.74212276,-70.95776588
27.27,-61.72147027,-70.94215223
27.28,-61.70078849,-70.92654314
27.29,-61.68007695,-70.91093851
27.3,-61.65933518,-70.89533825
27.31,-61.6385627,-70.87974224
27.32,-61.61775901,-70.86415039
27.33,-61.59692363,-70.84856258
27.34,-61.57605605,-70.83297872
27.35,-61.55515576,-70.81739868
27.36,-61.53422225,-70.80182236
27.37,-61.513255,-70.78624964
27.38,-61.49225348,-70.77068041
27.39,-61.47121716,-70.75511456
27.4,-61.45014548,-70.73955196
27.41,-61.42903792,-70.72399251
27.42,-61.40789389,-70.70843606
27.43,-61.38671285,-70.69288251
27.44,-61.36549422,-70.67733173
27.45,-61.34423741,-70.66178358
27.46,-61.32294184,-70.64623795
27.47,-61.30160692,-70.63069471
27.48,-61.28023204,-70.61515372
27.49,-61.25881658,-70.59961484
27.5,-61.23735992,-70.58407795
27.51,-61.21586144,-70.5685429
27.52,-61.19432049,-70.55300955
27.53,-61.17273643,-70.53747777
27.54,-61.15110859,-70.52194742
27.55,-61.12943632,-70.50641834
27.56,-61.10771892,-70.49089038
27.57,-61.08595573,-70.47536341
27.58,-61.06414603,-70.45983726
27.59,-61.04228913,-70.44431179
27.6,-61.02038431,-70.42878684
27.61,-60.99843083,-70.41326225
27.62,-60.97642797,-70.39773787
27.63,-60.95437497,-70.38221352
27.64,-60.93227108,-70.36668905
27.65,-60.91011551,-70.35116428
27.66,-60.88790749,-70.33563906
27.67,-60.86564623,-70.3201132
27.68,-60.84333091,-70.30458654
27.69,-60.82096072,-70.2890589
27.7,-60.79853483,-70.2735301
27.71,-60.77605238,-70.25799996
27.72,-60.75351253,-70.24246829
27.73,-60.73091441,-70.22693491
27.74,-60.70825712,-70.21139964
27.75,-60.68553978,-70.19586228
27.76,-60.66276147,-70.18032263
27.77,-60.63992126,-70.1647805
27.78,-60.61701822,-70.14923569
27.79,-60.59405138,-70.133688
27.8,-60.57101979,-70.11813723
27.81,-60.54792244,-70.10258316
27.82,-60.52475834,-70.08702558
27.83,-60.50152647,-70.07146429
27.84,-60.4782258,-70.05589906
27.85,-60.45485528,-70.04032968
27.86,-60.43141383,-70.02475591
27.87,-60.40790037,-70.00917755
27.88,-60.38431379,-69.99359435
27.89,-60.36065298,-69.97800608
27.9,-60.33691679,-69.96241251
27.91,-60.31310407,-69.9468134
27.92,-60.28921362,-69.93120851
27.93,-60.26524426,-69.91559759
27.94,-60.24119477,-69.89998038
27.95,-60.21706389,-69.88435665
27.96,-60.19285038,-69.86872612
27.97,-60.16855295,-69.85308855
27.98,-60.14417029,-69.83744366
27.99,-60.11970108,-69.82179118
28,-60.09514396,-69.80613085
28.01,-60.07049756,-69.79046239
28.02,-60.04576049,-69.77478552
28.03,-60.02093105,-69.75909995
28.04,-59.99600625,-69.74340539
28.05,-59.97098373,-69.72770156
28.06,-59.94586376,-69.71198815
28.07,-59.92064617,-69.69626487
28.08,-59.89532931,-69.6805314
28.09,-59.86991154,-69.66478744
28.1,-59.8443912,-69.64903266
28.11,-59.81876662,-69.63326676
28.12,-59.79303609,-69.6174894
28.13,-59.7671979,-69.60170026
28.14,-59.74125029,-69.585899
28.15,-59.71519148,-69.57008527
28.16,-59.68901966,-69.55425874
28.17,-59.66273299,-69.53841904
28.18,-59.63632958,-69.52256583
28.19,-59.60980754,-69.50669875
28.2,-59.5831649,-69.49081741
28.21,-59.5563997,-69.47492146
28.22,-59.5295099,-69.45901051
28.23,-59.50249346,-69.44308418
28.24,-59.47534827,-69.42714206
28.25,-59.44807219,-69.41118378
28.26,-59.42066306,-69.39520891
28.27,-59.39311864,-69.37921705
28.28,-59.36543667,-69.36320779
28.29,-59.33761485,-69.3471807
28.3,-59.30965081,-69.33113535
28.31,-59.28154216,-69.31507129
28.32,-59.25328644,-69.2989881
28.33,-59.22488116,-69.28288531
28.34,-59.19632377,-69.26676246
28.35,-59.16761165,-69.25061909
28.36,-59.13874216,-69.23445473
28.37,-59.1097126,-69.21826888
28.38,-59.08052018,-69.20206106
28.39,-59.05116209,-69.18583078
28.4,-59.02163544,-69.16957752
28.41,-58.9919373,-69.15330077
28.42,-58.96206465,-69.13699999
28.43,-58.93201443,-69.12067467
28.44,-58.90178351,-69.10432426
28.45,-58.87136867,-69.0879482
28.46,-58.84076665,-69.07154593
28.47,-58.80997411,-69.05511689
28.48,-58.77898764,-69.03866048
28.49,-58.74780374,-69.02217613
28.5,-58.71641884,-69.00566322
28.51,-58.68482931,-68.98912114
28.52,-58.65303142,-68.97254928
28.53,-58.62102136,-68.95594699
28.54,-58.58879523,-68.93931363
28.55,-58.55634904,-68.92264854
28.56,-58.52367874,-68.90595105
28.57,-58.49078015,-68.88922049
28.58,-58.457649,-68.87245615
28.59,-58.42428094,-68.85565732
28.6,-58.39067142,-68.8388233
28.61,-58.35681569,-68.82195334
28.62,-58.32270918,-68.8050467
28.63,-58.2883472,-68.78810261
28.64,-58.2537249,-68.7711203
28.65,-58.21883729,-68.75409898
28.66,-58.18367925,-68.73703785
28.67,-58.14824553,-68.71993608
28.68,-58.11253074,-68.70279284
28.69,-58.07652937,-68.68560727
28.7,-58.04023578,-68.6683785
28.71,-58.00364418,-68.65110566
28.72,-57.96674862,-68.63378782
28.73,-57.92954304,-68.61642408
28.74,-57.8920212,-68.5990135
28.75,-57.85417671,-68.5815551
28.76,-57.81600302,-68.56404792
28.77,-57.77749342,-68.54649097
28.78,-57.738641,-68.52888321
28.79,-57.69943872,-68.51122361
28.8,-57.65987931,-68.49351112
28.81,-57.61995533,-68.47574466
28.82,-57.57965916,-68.45792311
28.83,-57.53898296,-68.44004535
28.84,-57.49791869,-68.42211024
28.85,-57.45645809,-68.40411659
28.86,-57.41459268,-68.38606322
28.87,-57.37231375,-68.36794889
28.88,-57.32961237,-68.34977236
28.89,-57.28647934,-68.33153235
28.9,-57.24290523,-68.31322755
28.91,-57.19888033,-68.29485663
28.92,-57.15439468,-68.27641823
28.93,-57.10943802,-68.25791096
28.94,-57.06399982,-68.2393334
28.95,-57.01806925,-68.22068408
28.96,-56.97163515,-68.20196154
28.97,-56.92468606,-68.18316424
28.98,-56.8772102,-68.16429063
28.99,-56.82919541,-68.14533912
29,-56.78062922,-68.12630809
29.01,-56.73149871,-68.10719588
29.02,-56.68179061,-68.08800078
29.03,-56.63149131,-68.06872105
29.04,-56.58058679,-68.04935492
29.05,-56.52906258,-68.02990056
29.06,-56.4769038,-68.0103561
29.07,-56.42409509,-67.99071964
29.08,-56.37062062,-67.97098922
29.09,-56.31646408,-67.95116283
29.1,-56.26160863,-67.93123842
29.11,-56.20603691,-67.9112139
29.12,-56.14973103,-67.8910871
29.13,-56.09267249,-67.87085583
29.14,-56.03484224,-67.85051783
29.15,-55.97622059,-67.83007077
29.16,-55.91678722,-67.80951228
29.17,-55.85652113,-67.78883993
29.18,-55.79540067,-67.76805122
29.19,-55.73340343,-67.74714359
29.2,-55.67050626,-67.72611441
29.21,-55.60668526,-67.70496099
29.22,-55.54191569,-67.68368056
29.23,-55.47617199,-67.66227029
29.24,-55.40942771,-67.64072727
29.25,-55.34165549,-67.6190485
29.26,-55.27282702,-67.59723091
29.27,-55.20291299,-67.57527135
29.28,-55.13188307,-67.55316659
29.29,-55.05970584,-67.5309133
29.3,-54.98634875,-67.50850806
29.31,-54.91177809,-67.48594736
29.32,-54.83595889,-67.46322758
29.33,-54.75885494,-67.44034502
29.34,-54.6804287,-67.41729586
29.35,-54.60064121,-67.39407617
29.36,-54.51945207,-67.37068192
29.37,-54.43681936,-67.34710895
29.38,-54.35269956,-67.323353
29.39,-54.26704749,-67.29940964
29.4,-54.17981622,-67.27527437
29.41,-54.090957,-67.25094251
29.42,-54.00041917,-67.22640926
29.43,-53.90815008,-67.20166967
29.44,-53.81409498,-67.17671864
29.45,-53.71819692,-67.15155092
29.46,-53.62039667,-67.12616109
29.47,-53.52063259,-67.10054356
29.48,-53.41884049,-67.07469258
29.49,-53.31495357,-67.04860221
29.5,-53.20890221,-67.02226631
29.51,-53.10061391,-66.99567856
29.52,-52.99001307,-66.96883242
29.53,-52.8770209,-66.94172117
29.54,-52.76155522,-66.91433782
29.55,-52.64353028,-66.88667519
29.56,-52.52285664,-66.85872585
29.57,-52.3994409,-66.8304821
29.58,-52.27318553,-66.80193602
29.59,-52.14398868,-66.77307937
29.6,-52.0117439,-66.74390368
29.61,-51.87633996,-66.71440013
29.62,-51.73766051,-66.68455965
29.63,-51.59558391,-66.65437279
29.64,-51.44998287,-66.62382982
29.65,-51.30072415,-66.59292061
29.66,-51.14766831,-66.5616347
29.67,-50.99066927,-66.52996124
29.68,-50.82957402,-66.49788897
29.69,-50.66422222,-66.46540622
29.7,-50.49444579,-66.43250087
29.71,-50.32006848,-66.39916036
29.72,-50.14090543,-66.36537164
29.73,-49.95676268,-66.33112116
29.74,-49.76743666,-66.29639484
29.75,-49.57271367,-66.26117805
29.76,-49.37236931,-66.22545558
29.77,-49.16616787,-66.18921162
29.78,-48.9538617,-66.1524297
29.79,-48.73519055,-66.11509271
29.8,-48.50988086,-66.0771828
29.81,-48.27764504,-66.03868142
29.82,-48.03818064,-65.99956922
29.83,-47.79116959,-65.95982602
29.84,-47.53627731,-65.9194308
29.85,-47.27315181,-65.87836163
29.86,-47.00142277,-65.83659562
29.87,-46.72070053,-65.79410886
29.88,-46.4305751,-65.7508764
29.89,-46.13061511,-65.70687215
29.9,-45.82036668,-65.66206886
29.91,-45.49935237,-65.61643801
29.92,-45.16706997,-65.56994977
29.93,-44.82299138,-65.52257292
29.94,-44.46656143,-65.47427475
29.95,-44.09719671,-65.425021
29.96,-43.71428445,-65.37477577
29.97,-43.31718135,-65.3235014
29.98,-42.90521257,-65.27115837
29.99,-42.47767071,-65.21770519
30,-42.03381495,-65.16309832
30.01,-41.57287032,-65.10729198
30.02,-41.09402715,-65.05023805
30.03,-40.59644075,-64.99188591
30.04,-40.07923139,-64.9321823
30.05,-39.54148467,-64.87107114
30.06,-38.98225226,-64.80849334
30.07,-38.40055321,-64.74438664
30.08,-37.79537592,-64.67868538
30.09,-37.16568078,-64.61132025
30.1,-36.51040371,-64.54221813
30.11,-35.82846079,-64.47130176
30.12,-35.11875398,-64.3984895
30.13,-34.38017825,-64.32369503
30.14,-33.61163024,-64.24682703
30.15,-32.81201871,-64.16778886
30.16,-31.98027695,-64.08647816
30.17,-31.11537732,-64.00278651
30.18,-30.21634832,-63.91659897
30.19,-29.28229412,-63.82779362
30.2,-28.312417,-63.73624115
30.21,-27.30604253,-63.64180424
30.22,-26.26264787,-63.54433711
30.23,-25.1818928,-63.44368485
30.24,-24.06365358,-63.33968282
30.25,-22.90805912,-63.23215596
30.26,-21.71552892,-63.12091807
30.27,-20.48681206,-63.00577105
30.28,-19.22302606,-62.88650404
30.29,-17.92569428,-62.76289257
30.3,-16.59678019,-62.63469762
30.31,-15.23871659,-62.5016646
30.32,-13.85442762,-62.36352232
30.33,-12.4473414,-62.21998186
30.34,-11.02139094,-62.07073539
30.35,-9.581001568,-61.9154549
30.36,-8.131063034,-61.75379092
30.37,-6.676885395,-61.58537107
30.38,-5.224138447,-61.40979862
30.39,-3.778775371,-61.22665093
30.4,-2.346942278,-61.03547787
30.41,-0.9348763462,-60.83579992
30.42,0.4512038689,-60.62710667
30.43,1.805211709,-60.4088548
30.44,3.121304559,-60.1804658
30.45,4.393990128,-59.94132455
30.46,5.61822237,-59.69077659
30.47,6.789483139,-59.42812581
30.48,7.903846611,-59.15263198
30.49,8.958024506,-58.86350813
30.5,9.949391336,-58.55991769
30.51,10.87599003,-58.24097143
30.52,11.73651926,-57.90572424
30.53,12.53030472,-57.55317153
30.54,13.25725695,-57.18224545
30.55,13.91781903,-56.79181066
30.56,14.51290706,-56.38065988
30.57,15.04384665,-55.94750892
30.58,15.51230815,-55.49099135
30.59,15.9202429,-55.00965267
30.6,16.2698225,-54.50194394
30.61,16.56338249,-53.96621487
30.62,16.80337141,-53.40070691
30.63,16.99230577,-52.80354438
30.64,17.13273118,-52.17272547
30.65,17.22718952,-51.50611281
30.66,17.27819196,-50.80142337
30.67,17.2881972,-50.05621779
30.68,17.25959463,-49.26788892
30.69,17.19469169,-48.43365008
30.7,17.09570484,-47.55052283
30.71,16.96475368,-46.61532492
30.72,16.80385761,-45.62465854
30.73,16.61493454,-44.57489966
30.74,16.39980129,-43.46218927
30.75,16.16017521,-42.28242762
30.76,15.89767689,-41.03127299
30.77,15.61383338,-39.70414718
30.78,15.3100821,-38.29625039
30.79,14.98777488,-36.80258894
30.8,14.64818231,-35.2180205
30.81,14.29249805,-33.53732248
30.82,13.92184315,-31.75529046
30.83,13.53727027,-29.86687516
30.84,13.13976784,-27.86736729
30.85,12.73026393,-25.75264051
30.86,12.30963002,-23.51946239
30.87,11.87868458,-21.16588091
30.88,11.43819642,-18.6916892
30.89,10.98888782,-16.09896264
30.9,10.53143752,-13.39264899
30.91,10.06648348,-10.5811744
30.92,9.594625449,-7.677007301
30.93,9.116427418,-4.697100176
30.94,8.632419826,-1.663112963
30.95,8.143101677,1.398682891
30.96,7.648942489,4.45790659
30.97,7.150384105,7.481025202
30.98,6.647842389,10.43275358
30.99,6.141708802,13.27780858
31,5.632351878,15.9828537
31.01,5.120118598,18.5184156
31.02,4.605335681,20.86053749
31.03,4.088310787,22.99196442
31.04,3.569333635,24.90272839
31.05,3.048677068,26.59009758
31.06,2.526598049,28.057952
31.07,2.003338566,29.31572369
31.08,1.479126527,30.37707986
31.09,0.9541765466,31.25852967
31.1,0.4286907222,31.9781078
31.11,-0.09714067948,32.55424195
31.12,-0.6231385477,33.00486225
31.13,-1.149134343,33.34676638
31.14,-1.674969508,33.59522211
31.15,-2.200494971,33.76376975
31.16,-2.72557063,33.86417858
31.17,-3.250064935,33.9065122
31.18,-3.773854429,33.89926272
31.19,-4.296823391,33.84952193
31.2,-4.818863429,33.76316586
31.21,-5.33987316,33.64503639
31.22,-5.859757855,33.49911012
31.23,-6.378429129,33.32864903
31.24,-6.895804647,33.13633108
31.25,-7.411807814,32.92436076
31.26,-7.926367519,32.694561
31.27,-8.439417857,32.44844869
31.28,-8.950897861,32.1872958
31.29,-9.460751266,31.91217871
31.3,-9.968926287,31.6240175
31.31,-10.47537537,31.32360729
31.32,-10.98005498,31.01164308
31.33,-11.4829254,30.68873936
31.34,-11.98395053,30.35544565
31.35,-12.48309771,30.01225875
31.36,-12.98033754,29.65963246
31.37,-13.47564369,29.29798523
31.38,-13.96899282,28.92770626
31.39,-14.46036432,28.54916035
31.4,-14.94974028,28.16269171
31.41,-15.43710529,27.76862706
31.42,-15.92244637,27.3672781
31.43,-16.40575285,26.95894344
31.44,-16.88701623,26.54391022
31.45,-17.36623014,26.12245538
31.46,-17.84339022,25.69484666
31.47,-18.31849406,25.26134347
31.48,-18.79154113,24.82219756
31.49,-19.26253271,24.37765354
31.5,-19.73147182,23.92794935
31.51,-20.19836322,23.47331661
31.52,-20.66321328,23.01398094
31.53,-21.12603005,22.55016216
31.54,-21.58682314,22.08207453
31.55,-22.04560375,21.6099269
31.56,-22.50238458,21.13392283
31.57,-22.9571799,20.65426076
31.58,-23.4100055,20.17113404
31.59,-23.86087864,19.68473105
31.6,-24.30981814,19.19523529
31.61,-24.75684428,18.70282542
31.62,-25.20197887,18.20767533
31.63,-25.64524524,17.70995419
31.64,-26.08666825,17.20982653
31.65,-26.52627432,16.70745226
31.66,-26.96409141,16.20298674
31.67,-27.40014906,15.69658082
31.68,-27.8344784,15.18838092
31.69,-28.26711221,14.67852902
31.7,-28.6980849,14.16716278
31.71,-29.12743254,13.65441556
31.72,-29.55519292,13.1404165
31.73,-29.98140552,12.62529054
31.74,-30.40611158,12.10915849
31.75,-30.8293541,11.59213712
31.76,-31.25117789,11.07433918
31.77,-31.67162954,10.5558735
31.78,-32.09075752,10.03684502
31.79,-32.50861214,9.517354868
31.8,-32.92524557,8.997500446
31.81,-33.34071189,8.477375467
31.82,-33.75506706,7.957070032
31.83,-34.16836895,7.436670711
31.84,-34.58067738,6.916260594
31.85,-34.99205406,6.395919373
31.86,-35.40256258,5.875723413
31.87,-35.81226845,5.355745808
31.88,-36.22123912,4.836056471
31.89,-36.62954386,4.316722186
31.9,-37.03725379,3.79780669
31.91,-37.44444183,3.279370745
31.92,-37.85118266,2.761472189
31.93,-38.25755269,2.24416603
31.94,-38.66363001,1.727504502
31.95,-39.06949432,1.211537127
31.96,-39.47522682,0.6963107963
31.97,-39.88091014,0.181869834
31.98,-40.28662825,-0.3317439535
31.99,-40.69246634,-0.8444911919
32,-41.09851071,-1.356334879
32.01,-41.5048486,-1.867240334
32.02,-41.91156815,-2.377175133
32.03,-42.3187581,-2.88610904
32.04,-42.72650769,-3.394013951
32.05,-43.13490641,-3.90086384
32.06,-43.54404377,-4.406634704
32.07,-43.95400907,-4.911304518
32.08,-44.36489119,-5.414853169
32.09,-44.77677829,-5.917262413
32.1,-45.18975745,-6.418515818
32.11,-45.60391431,-6.91859873
32.12,-46.01933277,-7.417498218
32.13,-46.43609464,-7.91520304
32.14,-46.85427909,-8.411703602
32.15,-47.27396225,-8.906991916
32.16,-47.69521681,-9.401061576
32.17,-48.11811133,-9.893907714
32.18,-48.54270986,-10.38552699
32.19,-48.9690712,-10.87591753
32.2,-49.39724841,-11.36507896
32.21,-49.82728799,-11.8530123
32.22,-50.2592294,-12.33972003
32.23,-50.69310413,-12.82520604
32.24,-51.12893503,-13.30947564
32.25,-51.56673556,-13.79253549
32.26,-52.00650888,-14.2743937
32.27,-52.44824704,-14.75505975
32.28,-52.89193014,-15.23454453
32.29,-53.33752549,-15.71286034
32.3,-53.78498669,-16.1900209
32.31,-54.23425274,-16.66604141
32.32,-54.68524718,-17.14093852
32.33,-55.13787727,-17.61473037
32.34,-55.59203315,-18.08743666
32.35,-56.0475871,-18.55907865
32.36,-56.50439281,-19.02967924
32.37,-56.96228482,-19.499263
32.38,-57.42107802,-19.96785621
32.39,-57.88056709,-20.43548698
32.4,-58.34052627,-20.90218526
32.41,-58.80070914,-21.36798294
32.42,-59.26084872,-21.83291398
32.43,-59.72065778,-22.2970144
32.44,-60.17982911,-22.76032244
32.45,-60.63803621,-23.22287869
32.46,-61.09493417,-23.68472615
32.47,-61.55016077,-24.14591035
32.48,-62.00333784,-24.60647948
32.49,-62.45407294,-25.06648459
32.5,-62.90196117,-25.52597962
32.51,-63.34658726,-25.98502165
32.52,-63.78752802,-26.44367097
32.53,-64.22435484,-26.90199128
32.54,-64.65663648,-27.36004987
32.55,-65.08394192,-27.81791783
32.56,-65.50584356,-28.27567017
32.57,-65.92192019,-28.73338604
32.58,-66.3317603,-29.19114893
32.59,-66.73496514,-29.64904687
32.6,-67.13115187,-30.10717265
32.61,-67.51995649,-30.56562407
32.62,-67.90103671,-31.02450414
32.63,-68.27407447,-31.4839213
32.64,-68.63877838,-31.94398965
32.65,-68.99488564,-32.40482919
32.66,-69.34216378,-32.86656611
32.67,-69.680412,-33.32933302
32.68,-70.00946209,-33.79326917
32.69,-70.32917901,-34.25852067
32.7,-70.63946105,-34.72524081
32.71,-70.94023958,-35.19359028
32.72,-71.23147855,-35.66373735
32.73,-71.51317351,-36.13585818
32.74,-71.78535041,-36.61013698
32.75,-72.0480641,-37.08676623
32.76,-72.30139657,-37.56594687
32.77,-72.54545507,-38.04788848
32.78,-72.78037002,-38.53280934
32.79,-73.00629281,-39.02093671
32.8,-73.2233936,-39.51250667
32.81,-73.431859,-40.00776429
32.82,-73.63188988,-40.50696351
32.83,-73.82369909,-41.01036709
32.84,-74.00750936,-41.51824648
32.85,-74.18355127,-42.03088141
32.86,-74.35206126,-42.54855962
32.87,-74.51327989,-43.07157628
32.88,-74.66745014,-43.60023355
32.89,-74.8148159,-44.13483955
32.9,-74.9556206,-44.67570764
32.91,-75.09010599,-45.22315511
32.92,-75.21851107,-45.77750179
32.93,-75.34107113,-46.33906845
32.94,-75.45801702,-46.90817485
32.95,-75.56957439,-47.48513755
32.96,-75.67596319,-48.07026728
32.97,-75.77739724,-48.66386594
32.98,-75.87408385,-49.26622316
32.99,-75.96622356,-49.87761253
33,-76.05401003,-50.49828715
33.01,-76.13762985,-51.1284747
33.02,-76.21726256,-51.76837224
33.03,-76.29308066,-52.4181399
33.04,-76.36524964,-53.07789438
33.05,-76.43392806,-53.74770177
33.06,-76.49926776,-54.42756966
33.07,-76.56141393,-55.1174391
33.08,-76.62050533,-55.81717559
33.09,-76.67667445,-56.52655996
33.1,-76.73004775,-57.24527901
33.11,-76.78074587,-57.97291588
33.12,-76.82888379,-58.70894079
33.13,-76.87457112,-59.45270198
33.14,-76.91791229,-60.20341744
33.15,-76.95900676,-60.96016774
33.16,-76.99794925,-61.72189038
33.17,-77.03482994,-62.487376
33.18,-77.06973467,-63.25526713
33.19,-77.10274517,-64.02405996
33.2,-77.13393922,-64.79210961
33.21,-77.16339086,-65.55763909
33.22,-77.19117052,-66.31875276
33.23,-77.21734526,-67.07345418
33.24,-77.24197889,-67.81966841
33.25,-77.26513212,-68.55526876
33.26,-77.28686273,-69.27810752
33.27,-77.30722571,-69.98604993
33.28,-77.32627337,-70.67701044
33.29,-77.34405551,-71.34899011
33.3,-77.36061951,-72.0001138
33.31,-77.37601045,-72.62866573
33.32,-77.39027124,-73.23312173
33.33,-77.40344272,-73.81217677
33.34,-77.41556375,-74.36476684
33.35,-77.42667134,-74.890084
33.36,-77.43680072,-75.38758414
33.37,-77.44598545,-75.85698731
33.38,-77.4542575,-76.29827083
33.39,-77.46164735,-76.71165589
33.4,-77.46818407,-77.09758859
33.41,-77.47389542,-77.45671646
33.42,-77.47880789,-77.78986187
33.43,-77.48294685,-78.09799367
33.44,-77.48633654,-78.38219803
33.45,-77.48900023,-78.64364997
33.46,-77.49096023,-78.88358615
33.47,-77.492238,-79.10327989
33.48,-77.4928542,-79.30401872
33.49,-77.49282874,-79.48708493
33.5,-77.49218086,-79.65373908
33.51,-77.49092918,-79.80520655
33.52,-77.48909172,-79.94266695
33.53,-77.48668601,-80.0672462
33.54,-77.48372907,-80.1800109
33.55,-77.48023749,-80.28196477
33.56,-77.47622744,-80.3740469
33.57,-77.47171468,-80.45713137
33.58,-77.46671466,-80.53202803
33.59,-77.46124244,-80.59948423
33.6,-77.45531279,-80.66018719
33.61,-77.44894016,-80.71476687
33.62,-77.44213871,-80.76379916
33.63,-77.4349223,-80.80780927
33.64,-77.42730451,-80.84727518
33.65,-77.41929864,-80.88263111
33.66,-77.41091772,-80.9142709
33.67,-77.40217449,-80.9425513
33.68,-77.39308142,-80.9677951
33.69,-77.38365067,-80.99029405
33.7,-77.37389416,-81.0103117
33.71,-77.3638235,-81.02808592
33.72,-77.35345,-81.04383132
33.73,-77.3427847,-81.05774142
33.74,-77.33183833,-81.06999073
33.75,-77.32062133,-81.08073653
33.76,-77.30914384,-81.09012059
33.77,-77.29741569,-81.09827068
33.78,-77.28544641,-81.10530196
33.79,-77.27324526,-81.11131826
33.8,-77.26082115,-81.11641316
33.81,-77.24818273,-81.12067108
33.82,-77.23533833,-81.12416814
33.83,-77.222296,-81.12697302
33.84,-77.20906348,-81.12914773
33.85,-77.19564824,-81.13074821
33.86,-77.18205747,-81.13182503
33.87,-77.16829805,-81.13242385
33.88,-77.15437663,-81.13258595
33.89,-77.14029956,-81.13234866
33.9,-77.12607294,-81.13174575
33.91,-77.11170262,-81.13080778
33.92,-77.09719419,-81.12956243
33.93,-77.08255301,-81.12803476
33.94,-77.06778421,-81.1262475
33.95,-77.05289267,-81.12422124
33.96,-77.03788308,-81.12197467
33.97,-77.02275989,-81.11952475
33.98,-77.00752737,-81.11688688
33.99,-76.99218957,-81.11407505
34,-76.97675038,-81.11110197
34.01,-76.96121347,-81.1079792
34.02,-76.94558236,-81.10471727
34.03,-76.9298604,-81.10132572
34.04,-76.91405077,-81.09781329
34.05,-76.89815649,-81.0941879
34.06,-76.88218046,-81.09045678
34.07,-76.8661254,-81.08662654
34.08,-76.84999393,-81.08270317
34.09,-76.83378851,-81.07869216
34.1,-76.8175115,-81.07459853
34.11,-76.80116514,-81.07042683
34.12,-76.78475154,-81.06618125
34.13,-76.76827272,-81.06186559
34.14,-76.7517306,-81.05748334
34.15,-76.735127,-81.0530377
34.16,-76.71846363,-81.04853156
34.17,-76.70174214,-81.0439676
34.18,-76.68496409,-81.03934825
34.19,-76.66813095,-81.03467575
34.2,-76.65124412,-81.02995214
34.21,-76.63430494,-81.02517929
34.22,-76.61731468,-81.0203589
34.23,-76.60027453,-81.01549255
34.24,-76.58318564,-81.01058167
34.25,-76.56604909,-81.00562758
34.26,-76.54886591,-81.00063147
34.27,-76.53163708,-80.99559445
34.28,-76.51436353,-80.99051754
34.29,-76.49704615,-80.98540165
34.3,-76.47968577,-80.98024762
34.31,-76.4622832,-80.97505624
34.32,-76.44483919,-80.96982821
34.33,-76.42735448,-80.96456418
34.34,-76.40982976,-80.95926473
34.35,-76.39226567,-80.95393041
34.36,-76.37466285,-80.94856172
34.37,-76.3570219,-80.9431591
34.38,-76.33934338,-80.93772296
34.39,-76.32162784,-80.93225368
34.4,-76.30387579,-80.92675159
34.41,-76.28608773,-80.92121701
34.42,-76.26826414,-80.9156502
34.43,-76.25040546,-80.91005144
34.44,-76.23251214,-80.90442094
34.45,-76.21458458,-80.89875891
34.46,-76.19662318,-80.89306554
34.47,-76.17862832,-80.88734099
34.48,-76.16060037,-80.88158541
34.49,-76.14253968,-80.87579894
34.5,-76.12444659,-80.86998168
34.51,-76.10632141,-80.86413375
34.52,-76.08816446,-80.85825523
34.53,-76.06997604,-80.8523462
34.54,-76.05175643,-80.84640672
34.55,-76.03350593,-80.84043686
34.56,-76.01522478,-80.83443666
34.57,-75.99691326,-80.82840615
34.58,-75.97857162,-80.82234538
34.59,-75.96020009,-80.81625435
34.6,-75.94179891,-80.81013309
34.61,-75.92336831,-80.80398161
34.62,-75.90490851,-80.7977999
34.63,-75.88641972,-80.79158797
34.64,-75.86790216,-80.7853458
34.65,-75.84935602,-80.77907339
34.66,-75.83078151,-80.77277072
34.67,-75.8121788,-80.76643777
34.68,-75.7935481,-80.76007451
34.69,-75.77488959,-80.75368092
34.7,-75.75620343,-80.74725696
34.71,-75.73748981,-80.7408026
34.72,-75.7187489,-80.7343178
34.73,-75.69998087,-80.72780253
34.74,-75.68118588,-80.72125674
34.75,-75.66236408,-80.71468039
34.76,-75.64351564,-80.70807343
34.77,-75.62464072,-80.70143582
34.78,-75.60573946,-80.6947675
34.79,-75.58681202,-80.68806843
34.8,-75.56785854,-80.68133855
34.81,-75.54887917,-80.67457781
34.82,-75.52987405,-80.66778615
34.83,-75.51084333,-80.66096353
34.84,-75.49178714,-80.65410988
34.85,-75.47270562,-80.64722514
34.86,-75.45359892,-80.64030926
34.87,-75.43446715,-80.63336219
34.88,-75.41531047,-80.62638385
34.89,-75.396129,-80.61937419
34.9,-75.37692287,-80.61233315
34.91,-75.35769222,-80.60526067
34.92,-75.33843717,-80.59815669
34.93,-75.31915785,-80.59102114
34.94,-75.29985438,-80.58385397
34.95,-75.2805269,-80.57665512
34.96,-75.26117554,-80.56942451
34.97,-75.2418004,-80.5621621
34.98,-75.22240163,-80.55486781
34.99,-75.20297934,-80.54754159
35,-75.18353366,-80.54018338
35.01,-75.16406471,-80.53279311
35.02,-75.14457261,-80.52537072
35.03,-75.12505748,-80.51791615
35.04,-75.10551945,-80.51042933
35.05,-75.08595863,-80.50291022
35.06,-75.06637515,-80.49535874
35.07,-75.04676912,-80.48777484
35.08,-75.02714067,-80.48015846
35.09,-75.00748992,-80.47250953
35.1,-74.98781698,-80.464828
35.11,-74.96812197,-80.4571138
35.12,-74.94840502,-80.44936689
35.13,-74.92866623,-80.44158719
35.14,-74.90890574,-80.43377466
35.15,-74.88912366,-80.42592923
35.16,-74.8693201,-80.41805085
35.17,-74.84949519,-80.41013947
35.18,-74.82964904,-80.40219502
35.19,-74.80978178,-80.39421744
35.2,-74.78989351,-80.3862067
35.21,-74.76998436,-80.37816272
35.22,-74.75005444,-80.37008546
35.23,-74.73010388,-80.36197487
35.24,-74.71013279,-80.35383088
35.25,-74.69014129,-80.34565345
35.26,-74.6701295,-80.33744253
35.27,-74.65009753,-80.32919807
35.28,-74.6300455,-80.32092001
35.29,-74.60997354,-80.31260831
35.3,-74.58988175,-80.30426291
35.31,-74.56977026,-80.29588378
35.32,-74.54963919,-80.28747085
35.33,-74.52948865,-80.27902409
35.34,-74.50931876,-80.27054345
35.35,-74.48912964,-80.26202888
35.36,-74.46892141,-80.25348034
35.37,-74.44869419,-80.24489778
35.38,-74.42844809,-80.23628116
35.39,-74.40818323,-80.22763044
35.4,-74.38789974,-80.21894557
35.41,-74.36759773,-80.21022652
35.42,-74.34727732,-80.20147324
35.43,-74.32693863,-80.1926857
35.44,-74.30658177,-80.18386385
35.45,-74.28620688,-80.17500766
35.46,-74.26581406,-80.16611709
35.47,-74.24540343,-80.15719211
35.48,-74.22497512,-80.14823267
35.49,-74.20452925,-80.13923875
35.5,-74.18406593,-80.1302103
35.51,-74.16358528,-80.1211473
35.52,-74.14308742,-80.11204972
35.53,-74.12257248,-80.10291752
35.54,-74.10204058,-80.09375067
35.55,-74.08149182,-80.08454914
35.56,-74.06092634,-80.0753129
35.57,-74.04034425,-80.06604193
35.58,-74.01974568,-80.05673619
35.59,-73.99913074,-80.04739567
35.6,-73.97849956,-80.03802033
35.61,-73.95785225,-80.02861015
35.62,-73.93718893,-80.01916511
35.63,-73.91650974,-80.00968519
35.64,-73.89581478,-80.00017035
35.65,-73.87510418,-79.99062059
35.66,-73.85437805,-79.98103588
35.67,-73.83363653,-79.97141619
35.68,-73.81287973,-79.96176153
35.69,-73.79210777,-79.95207185
35.7,-73.77132077,-79.94234716
35.71,-73.75051886,-79.93258743
35.72,-73.72970216,-79.92279265
35.73,-73.70887078,-79.9129628
35.74,-73.68802485,-79.90309787
35.75,-73.66716449,-79.89319786
35.76,-73.64628982,-79.88326274
35.77,-73.62540097,-79.87329252
35.78,-73.60449805,-79.86328717
35.79,-73.58358119,-79.85324669
35.8,-73.56265051,-79.84317108
35.81,-73.54170612,-79.83306033
35.82,-73.52074816,-79.82291443
35.83,-73.49977675,-79.81273338
35.84,-73.478792,-79.80251718
35.85,-73.45779403,-79.79226582
35.86,-73.43678298,-79.7819793
35.87,-73.41575896,-79.77165762
35.88,-73.39472209,-79.76130078
35.89,-73.37367249,-79.75090879
35.9,-73.3526103,-79.74048164
35.91,-73.33153562,-79.73001934
35.92,-73.31044858,-79.71952189
35.93,-73.28934931,-79.70898931
35.94,-73.26823792,-79.69842159
35.95,-73.24711454,-79.68781874
35.96,-73.22597929,-79.67718077
35.97,-73.20483229,-79.66650769
35.98,-73.18367366,-79.65579952
35.99,-73.16250353,-79.64505625
36,-73.14132201,-79.63427791
36.01,-73.12012924,-79.62346451
36.02,-73.09892532,-79.61261606
36.03,-73.07771039,-79.60173258
36.04,-73.05648455,-79.59081408
36.05,-73.03524795,-79.57986058
36.06,-73.01400069,-79.5688721
36.07,-72.9927429,-79.55784866
36.08,-72.97147471,-79.54679028
36.09,-72.95019622,-79.53569698
36.1,-72.92890757,-79.52456878
36.11,-72.90760887,-79.51340571
36.12,-72.88630025,-79.50220779
36.13,-72.86498183,-79.49097504
36.14,-72.84365372,-79.4797075
36.15,-72.82231606,-79.46840518
36.16,-72.80096896,-79.45706813
36.17,-72.77961254,-79.44569636
36.18,-72.75824692,-79.43428991
36.19,-72.73687222,-79.4228488
36.2,-72.71548857,-79.41137308
36.21,-72.69409609,-79.39986277
36.22,-72.67269489,-79.38831792
36.23,-72.6512851,-79.37673854
36.24,-72.62986683,-79.36512469
36.25,-72.60844021,-79.35347639
36.26,-72.58700536,-79.34179369
36.27,-72.56556239,-79.33007663
36.28,-72.54411143,-79.31832525
36.29,-72.5226526,-79.30653958
36.3,-72.50118601,-79.29471967
36.31,-72.47971179,-79.28286556
36.32,-72.45823005,-79.27097731
36.33,-72.43674092,-79.25905494
36.34,-72.4152445,-79.24709852
36.35,-72.39374094,-79.23510808
36.36,-72.37223033,-79.22308368
36.37,-72.3507128,-79.21102536
36.38,-72.32918847,-79.19893318
36.39,-72.30765745,-79.18680718
36.4,-72.28611987,-79.17464743
36.41,-72.26457584,-79.16245396
36.42,-72.24302548,-79.15022684
36.43,-72.22146891,-79.13796612
36.44,-72.19990625,-79.12567186
36.45,-72.1783376,-79.11334412
36.46,-72.1567631,-79.10098294
36.47,-72.13518285,-79.0885884
36.48,-72.11359698,-79.07616055
36.49,-72.09200559,-79.06369945
36.5,-72.07040881,-79.05120517
36.51,-72.04880676,-79.03867777
36.52,-72.02719954,-79.02611731
36.53,-72.00558728,-79.01352385
36.54,-71.98397008,-79.00089747
36.55,-71.96234807,-78.98823823
36.56,-71.94072136,-78.97554619
36.57,-71.91909007,-78.96282144
36.58,-71.8974543,-78.95006402
36.59,-71.87581418,-78.93727402
36.6,-71.85416982,-78.92445151
36.61,-71.83252132,-78.91159656
36.62,-71.81086882,-78.89870925
36.63,-71.78921241,-78.88578964
36.64,-71.76755221,-78.87283781
36.65,-71.74588835,-78.85985384
36.66,-71.72422091,-78.84683781
36.67,-71.70255003,-78.83378979
36.68,-71.68087581,-78.82070986
36.69,-71.65919837,-78.80759811
36.7,-71.63751781,-78.79445461
36.71,-71.61583426,-78.78127944
36.72,-71.59414781,-78.76807269
36.73,-71.57245858,-78.75483444
36.74,-71.55076668,-78.74156478
36.75,-71.52907222,-78.72826378
36.76,-71.50737531,-78.71493154
36.77,-71.48567606,-78.70156814
36.78,-71.46397459,-78.68817367
36.79,-71.44227099,-78.67474822
36.8,-71.42056538,-78.66129187
36.81,-71.39885787,-78.64780473
36.82,-71.37714856,-78.63428687
36.83,-71.35543756,-78.6207384
36.84,-71.33372499,-78.60715939
36.85,-71.31201094,-78.59354996
36.86,-71.29029553,-78.57991018
36.87,-71.26857886,-78.56624017
36.88,-71.24686104,-78.55254
36.89,-71.22514217,-78.53880979
36.9,-71.20342237,-78.52504962
36.91,-71.18170172,-78.5112596
36.92,-71.15998035,-78.49743982
36.93,-71.13825836,-78.48359039
36.94,-71.11653584,-78.4697114
36.95,-71.09481291,-78.45580297
36.96,-71.07308966,-78.44186518
36.97,-71.0513662,-78.42789815
36.98,-71.02964264,-78.41390197
36.99,-71.00791907,-78.39987676
37,-70.98619561,-78.38582261
37.01,-70.96447234,-78.37173964
37.02,-70.94274937,-78.35762794
37.03,-70.92102681,-78.34348764
37.04,-70.89930475,-78.32931884
37.05,-70.8775833,-78.31512163
37.06,-70.85586255,-78.30089615
37.07,-70.8341426,-78.28664249
37.08,-70.81242356,-78.27236077
37.09,-70.79070552,-78.2580511
37.1,-70.76898858,-78.2437136
37.11,-70.74727284,-78.22934837
37.12,-70.72555839,-78.21495553
37.13,-70.70384534,-78.20053519
37.14,-70.68213378,-78.18608748
37.15,-70.66042381,-78.1716125
37.16,-70.63871552,-78.15711037
37.17,-70.61700901,-78.14258122
37.18,-70.59530438,-78.12802516
37.19,-70.57360171,-78.1134423
37.2,-70.55190111,-78.09883277
37.21,-70.53020267,-78.08419669
37.22,-70.50850647,-78.06953417
37.23,-70.48681263,-78.05484535
37.24,-70.46512122,-78.04013033
37.25,-70.44343234,-78.02538925
37.26,-70.42174608,-78.01062223
37.27,-70.40006253,-77.99582938
37.28,-70.37838179,-77.98101084
37.29,-70.35670395,-77.96616673
37.3,-70.33502909,-77.95129717
37.31,-70.3133573,-77.9364023
37.32,-70.29168868,-77.92148223
37.33,-70.27002331,-77.90653709
37.34,-70.24836128,-77.89156702
37.35,-70.22670268,-77.87657214
37.36,-70.2050476,-77.86155257
37.37,-70.18339612,-77.84650846
37.38,-70.16174833,-77.83143992
37.39,-70.14010432,-77.81634708
37.4,-70.11846417,-77.80123009
37.41,-70.09682796,-77.78608906
37.42,-70.07519579,-77.77092414
37.43,-70.05356773,-77.75573545
37.44,-70.03194387,-77.74052313
37.45,-70.01032429,-77.7252873
37.46,-69.98870908,-77.71002811
37.47,-69.96709832,-77.69474569
37.48,-69.94549208,-77.67944017
37.49,-69.92389046,-77.66411168
37.5,-69.90229352,-77.64876037
37.51,-69.88070136,-77.63338636
37.52,-69.85911405,-77.61798979
37.53,-69.83753167,-77.60257081
37.54,-69.81595429,-77.58712955
37.55,-69.79438201,-77.57166613
37.56,-69.77281488,-77.55618072
37.57,-69.75125301,-77.54067343
37.58,-69.72969645,-77.52514441
37.59,-69.70814528,-77.5095938
37.6,-69.68659959,-77.49402174
37.61,-69.66505944,-77.47842836
37.62,-69.64352491,-77.46281381
37.63,-69.62199608,-77.44717823
37.64,-69.60047301,-77.43152176
37.65,-69.57895579,-77.41584454
37.66,-69.55744448,-77.4001467
37.67,-69.53593916,-77.3844284
37.68,-69.51443989,-77.36868978
37.69,-69.49294675,-77.35293096
37.7,-69.47145981,-77.33715211
37.71,-69.44997914,-77.32135336
37.72,-69.42850481,-77.30553485
37.73,-69.40703688,-77.28969673
37.74,-69.38557543,-77.27383915
37.75,-69.36412053,-77.25796223
37.76,-69.34267223,-77.24206614
37.77,-69.32123061,-77.22615101
37.78,-69.29979573,-77.21021699
37.79,-69.27836766,-77.19426422
37.8,-69.25694646,-77.17829284
37.81,-69.2355322,-77.16230301
37.82,-69.21412494,-77.14629487
37.83,-69.19272475,-77.13026856
37.84,-69.17133168,-77.11422423
37.85,-69.1499458,-77.09816203
37.86,-69.12856717,-77.08208209
37.87,-69.10719586,-77.06598458
37.88,-69.08583191,-77.04986962
37.89,-69.0644754,-77.03373738
37.9,-69.04312638,-77.01758799
37.91,-69.02178491,-77.00142161
37.92,-69.00045105,-76.98523838
37.93,-68.97912486,-76.96903844
37.94,-68.95780638,-76.95282195
37.95,-68.93649569,-76.93658906
37.96,-68.91519283,-76.9203399
37.97,-68.89389786,-76.90407462
37.98,-68.87261084,-76.88779338
37.99,-68.85133182,-76.87149633
38,-68.83006085,-76.8551836
38.01,-68.80879798,-76.83885535
38.02,-68.78754327,-76.82251172
38.03,-68.76629677,-76.80615286
38.04,-68.74505853,-76.78977893
38.05,-68.7238286,-76.77339006
38.06,-68.70260703,-76.75698641
38.07,-68.68139388,-76.74056812
38.08,-68.66018918,-76.72413535
38.09,-68.63899298,-76.70768823
38.1,-68.61780535,-76.69122692
38.11,-68.59662631,-76.67475156
38.12,-68.57545592,-76.65826231
38.13,-68.55429422,-76.64175931
38.14,-68.53314126,-76.62524271
38.15,-68.51199709,-76.60871265
38.16,-68.49086174,-76.59216929
38.17,-68.46973526,-76.57561276
38.18,-68.44861769,-76.55904323
38.19,-68.42750908,-76.54246083
38.2,-68.40640946,-76.52586572
38.21,-68.38531888,-76.50925804
38.22,-68.36423737,-76.49263794
38.23,-68.34316498,-76.47600556
38.24,-68.32210175,-76.45936105
38.25,-68.30104771,-76.44270457
38.26,-68.2800029,-76.42603625
38.27,-68.25896736,-76.40935624
38.28,-68.23794112,-76.39266469
38.29,-68.21692422,-76.37596175
38.3,-68.19591669,-76.35924756
38.31,-68.17491858,-76.34252227
38.32,-68.15392991,-76.32578602
38.33,-68.13295072,-76.30903896
38.34,-68.11198103,-76.29228123
38.35,-68.09102089,-76.27551299
38.36,-68.07007031,-76.25873437
38.37,-68.04912935,-76.24194553
38.38,-68.02819801,-76.2251466
38.39,-68.00727634,-76.20833773
38.4,-67.98636436,-76.19151906
38.41,-67.9654621,-76.17469075
38.42,-67.94456958,-76.15785293
38.43,-67.92368684,-76.14100574
38.44,-67.9028139,-76.12414933
38.45,-67.88195079,-76.10728385
38.46,-67.86109752,-76.09040943
38.47,-67.84025413,-76.07352623
38.48,-67.81942064,-76.05663437
38.49,-67.79859707,-76.03973401
38.5,-67.77778344,-76.02282529
38.51,-67.75697978,-76.00590834
38.52,-67.73618611,-75.98898331
38.53,-67.71540244,-75.97205034
38.54,-67.6946288,-75.95510958
38.55,-67.67386521,-75.93816115
38.56,-67.65311167,-75.92120521
38.57,-67.63236822,-75.90424188
38.58,-67.61163487,-75.88727132
38.59,-67.59091164,-75.87029366
38.6,-67.57019853,-75.85330904
38.61,-67.54949557,-75.83631759
38.62,-67.52880277,-75.81931946
38.63,-67.50812015,-75.80231478
38.64,-67.48744771,-75.7853037
38.65,-67.46678547,-75.76828634
38.66,-67.44613345,-75.75126285
38.67,-67.42549164,-75.73423336
38.68,-67.40486007,-75.71719801
38.69,-67.38423875,-75.70015693
38.7,-67.36362767,-75.68311026
38.71,-67.34302686,-75.66605813
38.72,-67.32243631,-75.64900068
38.73,-67.30185604,-75.63193804
38.74,-67.28128605,-75.61487034
38.75,-67.26072635,-75.59779773
38.76,-67.24017694,-75.58072032
38.77,-67.21963783,-75.56363826
38.78,-67.19910902,-75.54655168
38.79,-67.17859052,-75.5294607
38.8,-67.15808232,-75.51236546
38.81,-67.13758443,-75.49526609
38.82,-67.11709684,-75.47816271
38.83,-67.09661957,-75.46105547
38.84,-67.07615261,-75.44394448
38.85,-67.05569595,-75.42682988
38.86,-67.03524961,-75.40971179
38.87,-67.01481356,-75.39259035
38.88,-66.99438782,-75.37546568
38.89,-66.97397238,-75.3583379
38.9,-66.95356723,-75.34120714
38.91,-66.93317236,-75.32407354
38.92,-66.91278778,-75.30693721
38.93,-66.89241348,-75.28979828
38.94,-66.87204944,-75.27265687
38.95,-66.85169567,-75.25551311
38.96,-66.83135214,-75.23836712
38.97,-66.81101887,-75.22121903
38.98,-66.79069582,-75.20406895
38.99,-66.770383,-75.186917
39,-66.75008038,-75.16976332
39.01,-66.72978797,-75.15260802
39.02,-66.70950575,-75.13545121
39.03,-66.68923369,-75.11829303
39.04,-66.6689718,-75.10113358
39.05,-66.64872005,-75.08397299
39.06,-66.62847843,-75.06681138
39.07,-66.60824692,-75.04964885
39.08,-66.58802551,-75.03248554
39.09,-66.56781418,-75.01532155
39.1,-66.54761291,-74.998157
39.11,-66.52742168,-74.98099201
39.12,-66.50724047,-74.96382669
39.13,-66.48706926,-74.94666115
39.14,-66.46690803,-74.92949552
39.15,-66.44675676,-74.91232989
39.16,-66.42661543,-74.89516438
39.17,-66.40648401,-74.87799911
39.18,-66.38636247,-74.86083418
39.19,-66.3662508,-74.84366971
39.2,-66.34614897,-74.8265058
39.21,-66.32605695,-74.80934257
39.22,-66.30597472,-74.79218012
39.23,-66.28590225,-74.77501856
39.24,-66.2658395,-74.75785799
39.25,-66.24578646,-74.74069854
39.26,-66.22574308,-74.72354029
39.27,-66.20570935,-74.70638336
39.28,-66.18568523,-74.68922785
39.29,-66.16567069,-74.67207386
39.3,-66.14566569,-74.6549215
39.31,-66.1256702,-74.63777087
39.32,-66.10568419,-74.62062207
39.33,-66.08570762,-74.60347521
39.34,-66.06574046,-74.58633039
39.35,-66.04578268,-74.56918769
39.36,-66.02583422,-74.55204724
39.37,-66.00589507,-74.53490911
39.38,-65.98596517,-74.51777342
39.39,-65.96604449,-74.50064026
39.4,-65.94613299,-74.48350973
39.41,-65.92623063,-74.46638191
39.42,-65.90633736,-74.44925692
39.43,-65.88645315,-74.43213483
39.44,-65.86657795,-74.41501576
39.45,-65.84671172,-74.39789978
39.46,-65.82685441,-74.380787
39.47,-65.80700599,-74.3636775
39.48,-65.78716639,-74.34657138
39.49,-65.76733558,-74.32946872
39.5,-65.74751351,-74.31236962
39.51,-65.72770012,-74.29527417
39.52,-65.70789538,-74.27818245
39.53,-65.68809923,-74.26109456
39.54,-65.66831162,-74.24401058
39.55,-65.6485325,-74.22693059
39.56,-65.62876182,-74.20985468
39.57,-65.60899952,-74.19278294
39.58,-65.58924555,-74.17571546
39.59,-65.56949985,-74.1586523
39.6,-65.54976238,-74.14159357
39.61,-65.53003307,-74.12453934
39.62,-65.51031187,-74.10748968
39.63,-65.49059872,-74.09044469
39.64,-65.47089357,-74.07340445
39.65,-65.45119634,-74.05636902
39.66,-65.43150699,-74.03933849
39.67,-65.41182545,-74.02231295
39.68,-65.39215166,-74.00529245
39.69,-65.37248555,-73.98827709
39.7,-65.35282707,-73.97126694
39.71,-65.33317616,-73.95426206
39.72,-65.31353273,-73.93726255
39.73,-65.29389674,-73.92026846
39.74,-65.27426811,-73.90327987
39.75,-65.25464677,-73.88629686
39.76,-65.23503266,-73.86931949
39.77,-65.21542572,-73.85234784
39.78,-65.19582585,-73.83538197
39.79,-65.17623301,-73.81842196
39.8,-65.15664711,-73.80146787
39.81,-65.13706809,-73.78451977
39.82,-65.11749586,-73.76757772
39.83,-65.09793037,-73.7506418
39.84,-65.07837152,-73.73371206
39.85,-65.05881925,-73.71678857
39.86,-65.03927347,-73.6998714
39.87,-65.01973412,-73.68296061
39.88,-65.00020111,-73.66605625
39.89,-64.98067436,-73.6491584
39.9,-64.96115379,-73.63226711
39.91,-64.94163932,-73.61538244
39.92,-64.92213087,-73.59850445
39.93,-64.90262836,-73.5816332
39.94,-64.8831317,-73.56476874
39.95,-64.86364081,-73.54791114
39.96,-64.8441556,-73.53106044
39.97,-64.82467598,-73.51421671
39.98,-64.80520186,-73.49737999
39.99,-64.78573317,-73.48055035
40,-64.76626981,-73.46372783
40.01,-64.74681168,-73.44691249
40.02,-64.7273587,-73.43010437
40.03,-64.70791077,-73.41330353
40.04,-64.6884678,-73.39651002
40.05,-64.6690297,-73.37972389
40.06,-64.64959637,-73.36294517
40.07,-64.63016772,-73.34617393
40.08,-64.61074364,-73.32941021
40.09,-64.59132404,-73.31265405
40.1,-64.57190882,-73.2959055
40.11,-64.55249789,-73.2791646
40.12,-64.53309112,-73.2624314
40.13,-64.51368844,-73.24570594
40.14,-64.49428973,-73.22898825
40.15,-64.47489488,-73.21227839
40.16,-64.4555038,-73.19557639
40.17,-64.43611637,-73.17888229
40.18,-64.41673249,-73.16219612
40.19,-64.39735205,-73.14551794
40.2,-64.37797494,-73.12884776
40.21,-64.35860105,-73.11218564
40.22,-64.33923027,-73.0955316
40.23,-64.31986248,-73.07888568
40.24,-64.30049757,-73.06224792
40.25,-64.28113543,-73.04561834
40.26,-64.26177593,-73.02899697
40.27,-64.24241896,-73.01238386
40.28,-64.22306441,-72.99577902
40.29,-64.20371215,-72.9791825
40.3,-64.18436205,-72.96259431
40.31,-64.16501401,-72.94601449
40.32,-64.1456679,-72.92944307
40.33,-64.12632358,-72.91288006
40.34,-64.10698094,-72.8963255
40.35,-64.08763985,-72.8797794
40.36,-64.06830017,-72.86324181
40.37,-64.04896179,-72.84671272
40.38,-64.02962457,-72.83019218
40.39,-64.01028838,-72.8136802
40.4,-63.99095308,-72.7971768
40.41,-63.97161854,-72.780682
40.42,-63.95228462,-72.76419582
40.43,-63.93295119,-72.74771828
40.44,-63.91361812,-72.73124939
40.45,-63.89428525,-72.71478918
40.46,-63.87495244,-72.69833765
40.47,-63.85561957,-72.68189483
40.48,-63.83628647,-72.66546072
40.49,-63.81695301,-72.64903534
40.5,-63.79761904,-72.63261871
40.51,-63.77828442,-72.61621082
40.52,-63.75894898,-72.5998117
40.53,-63.73961259,-72.58342136
40.54,-63.72027508,-72.56703979
40.55,-63.70093632,-72.55066702
40.56,-63.68159613,-72.53430304
40.57,-63.66225436,-72.51794787
40.58,-63.64291086,-72.50160151
40.59,-63.62356546,-72.48526396
40.6,-63.60421801,-72.46893523
40.61,-63.58486834,-72.45261533
40.62,-63.56551628,-72.43630424
40.63,-63.54616168,-72.42000198
40.64,-63.52680436,-72.40370855
40.65,-63.50744415,-72.38742393
40.66,-63.48808088,-72.37114815
40.67,-63.46871438,-72.35488118
40.68,-63.44934448,-72.33862303
40.69,-63.42997099,-72.32237369
40.7,-63.41059375,-72.30613316
40.71,-63.39121257,-72.28990144
40.72,-63.37182727,-72.27367851
40.73,-63.35243766,-72.25746437
40.74,-63.33304357,-72.24125901
40.75,-63.31364481,-72.22506243
40.76,-63.29424118,-72.2088746
40.77,-63.2748325,-72.19269552
40.78,-63.25541857,-72.17652519
40.79,-63.2359992,-72.16036357
40.8,-63.2165742,-72.14421067
40.81,-63.19714336,-72.12806647
40.82,-63.17770649,-72.11193095
40.83,-63.15826338,-72.09580409
40.84,-63.13881383,-72.07968589
40.85,-63.11935764,-72.06357631
40.86,-63.09989459,-72.04747534
40.87,-63.08042447,-72.03138296
40.88,-63.06094708,-72.01529915
40.89,-63.04146219,-71.99922389
40.9,-63.0219696,-71.98315715
40.91,-63.00246908,-71.96709891
40.92,-62.9829604,-71.95104915
40.93,-62.96344336,-71.93500784
40.94,-62.94391771,-71.91897495
40.95,-62.92438324,-71.90295046
40.96,-62.90483971,-71.88693434
40.97,-62.88528689,-71.87092655
40.98,-62.86572454,-71.85492707
40.99,-62.84615243,-71.83893587
41,-62.82657031,-71.82295291
41.01,-62.80697795,-71.80697816
41.02,-62.78737509,-71.79101159
41.03,-62.76776149,-71.77505316
41.04,-62.7481369,-71.75910283
41.05,-62.72850107,-71.74316057
41.06,-62.70885373,-71.72722634
41.07,-62.68919464,-71.71130009
41.08,-62.66952352,-71.6953818
41.09,-62.64984012,-71.67947141
41.1,-62.63014416,-71.66356889
41.11,-62.61043538,-71.64767419
41.12,-62.59071351,-71.63178727
41.13,-62.57097826,-71.61590808
41.14,-62.55122936,-71.60003658
41.15,-62.53146653,-71.58417271
41.16,-62.51168948,-71.56831644
41.17,-62.49189793,-71.5524677
41.18,-62.47209157,-71.53662645
41.19,-62.45227013,-71.52079265
41.2,-62.43243329,-71.50496622
41.21,-62.41258076,-71.48914713
41.22,-62.39271223,-71.47333531
41.23,-62.3728274,-71.45753071
41.24,-62.35292595,-71.44173328
41.25,-62.33300757,-71.42594295
41.26,-62.31307193,-71.41015966
41.27,-62.29311872,-71.39438336
41.28,-62.27314762,-71.37861398
41.29,-62.25315828,-71.36285146
41.3,-62.23315038,-71.34709574
41.31,-62.21312358,-71.33134675
41.32,-62.19307754,-71.31560442
41.33,-62.17301191,-71.29986869
41.34,-62.15292634,-71.28413948
41.35,-62.13282048,-71.26841673
41.36,-62.11269397,-71.25270037
41.37,-62.09254644,-71.23699033
41.38,-62.07237755,-71.22128652
41.39,-62.0521869,-71.20558889
41.4,-62.03197413,-71.18989734
41.41,-62.01173885,-71.1742118
41.42,-61.99148069,-71.1585322
41.43,-61.97119925,-71.14285846
41.44,-61.95089414,-71.12719049
41.45,-61.93056497,-71.1115282
41.46,-61.91021132,-71.09587153
41.47,-61.88983278,-71.08022038
41.48,-61.86942896,-71.06457466
41.49,-61.84899942,-71.0489343
41.5,-61.82854375,-71.03329919
41.51,-61.80806151,-71.01766925
41.52,-61.78755226,-71.00204438
41.53,-61.76701558,-70.98642451
41.54,-61.74645102,-70.97080952
41.55,-61.72585811,-70.95519932
41.56,-61.70523642,-70.93959382
41.57,-61.68458546,-70.92399291
41.58,-61.66390479,-70.9083965
41.59,-61.64319391,-70.89280448
41.6,-61.62245235,-70.87721676
41.61,-61.60167962,-70.86163322
41.62,-61.58087523,-70.84605376
41.63,-61.56003868,-70.83047827
41.64,-61.53916946,-70.81490664
41.65,-61.51826706,-70.79933876
41.66,-61.49733096,-70.78377452
41.67,-61.47636063,-70.76821381
41.68,-61.45535554,-70.7526565
41.69,-61.43431514,-70.73710248
41.7,-61.41323889,-70.72155163
41.71,-61.39212623,-70.70600383
41.72,-61.3709766,-70.69045895
41.73,-61.34978942,-70.67491688
41.74,-61.32856412,-70.65937748
41.75,-61.30730012,-70.64384064
41.76,-61.2859968,-70.62830621
41.77,-61.26465358,-70.61277406
41.78,-61.24326984,-70.59724407
41.79,-61.22184496,-70.5817161
41.8,-61.20037831,-70.56619
41.81,-61.17886925,-70.55066565
41.82,-61.15731713,-70.5351429
41.83,-61.1357213,-70.51962161
41.84,-61.1140811,-70.50410162
41.85,-61.09239584,-70.48858281
41.86,-61.07066484,-70.47306501
41.87,-61.04888742,-70.45754807
41.88,-61.02706285,-70.44203185
41.89,-61.00519043,-70.42651618
41.9,-60.98326944,-70.41100091
41.91,-60.96129912,-70.39548589
41.92,-60.93927875,-70.37997094
41.93,-60.91720755,-70.3644559
41.94,-60.89508477,-70.34894061
41.95,-60.87290961,-70.3334249
41.96,-60.85068128,-70.3179086
41.97,-60.82839899,-70.30239153
41.98,-60.80606191,-70.28687353
41.99,-60.78366921,-70.2713544
42,-60.76122005,-70.25583397
42.01,-60.73871357,-70.24031206
42.02,-60.71614891,-70.22478848
42.03,-60.69352519,-70.20926304
42.04,-60.67084151,-70.19373556
42.05,-60.64809695,-70.17820584
42.06,-60.6252906,-70.16267367
42.07,-60.60242151,-70.14713887
42.08,-60.57948874,-70.13160123
42.09,-60.55649132,-70.11606055
42.1,-60.53342825,-70.10051662
42.11,-60.51029854,-70.08496923
42.12,-60.48710118,-70.06941817
42.13,-60.46383513,-70.05386321
42.14,-60.44049935,-70.03830414
42.15,-60.41709276,-70.02274075
42.16,-60.39361429,-70.00717279
42.17,-60.37006282,-69.99160005
42.18,-60.34643725,-69.97602229
42.19,-60.32273643,-69.96043927
42.2,-60.29895921,-69.94485077
42.21,-60.27510441,-69.92925652
42.22,-60.25117083,-69.9136563
42.23,-60.22715726,-69.89804985
42.24,-60.20306245,-69.88243691
42.25,-60.17888516,-69.86681724
42.26,-60.15462409,-69.85119057
42.27,-60.13027796,-69.83555663
42.28,-60.10584542,-69.81991516
42.29,-60.08132515,-69.80426589
42.3,-60.05671575,-69.78860854
42.31,-60.03201585,-69.77294284
42.32,-60.00722289,-69.75726849
42.33,-59.98233396,-69.74158521
42.34,-59.95734848,-69.72589271
42.35,-59.93226662,-69.71019069
42.36,-59.90708728,-69.69447885
42.37,-59.88180882,-69.67875689
42.38,-59.85642962,-69.66302449
42.39,-59.83094802,-69.64728134
42.4,-59.80536237,-69.63152711
42.41,-59.77967096,-69.6157615
42.42,-59.75387209,-69.59998415
42.43,-59.72796401,-69.58419475
42.44,-59.70194494,-69.56839295
42.45,-59.67581308,-69.55257841
42.46,-59.64956658,-69.53675077
42.47,-59.62320358,-69.52090968
42.48,-59.59672217,-69.50505477
42.49,-59.57012041,-69.48918569
42.5,-59.54339632,-69.47330205
42.51,-59.51654789,-69.45740348
42.52,-59.48957306,-69.4414896
42.53,-59.46246976,-69.42556001
42.54,-59.43523583,-69.40961432
42.55,-59.40786911,-69.39365211
42.56,-59.38036739,-69.37767299
42.57,-59.35272841,-69.36167654
42.58,-59.32494985,-69.34566233
42.59,-59.29702939,-69.32962994
42.6,-59.2689646,-69.31357892
42.61,-59.24075307,-69.29750884
42.62,-59.21239229,-69.28141924
42.63,-59.18387971,-69.26530966
42.64,-59.15521275,-69.24917964
42.65,-59.12638876,-69.23302871
42.66,-59.09740502,-69.21685638
42.67,-59.0682588,-69.20066217
42.68,-59.03894726,-69.18444557
42.69,-59.00946754,-69.16820608
42.7,-58.97981669,-69.15194318
42.71,-58.94999173,-69.13565636
42.72,-58.9199896,-69.11934508
42.73,-58.88980716,-69.1030088
42.74,-58.85944122,-69.08664696
42.75,-58.82888852,-69.07025901
42.76,-58.79814574,-69.05384438
42.77,-58.76720946,-69.03740249
42.78,-58.73607621,-69.02093275
42.79,-58.70474243,-69.00443455
42.8,-58.67320449,-68.98790728
42.81,-58.64145867,-68.97135033
42.82,-58.60950118,-68.95476306
42.83,-58.57732812,-68.93814483
42.84,-58.54493554,-68.92149498
42.85,-58.51231937,-68.90481284
42.86,-58.47947545,-68.88809773
42.87,-58.44639954,-68.87134896
42.88,-58.41308729,-68.85456582
42.89,-58.37953411,-68.8377476
42.9,-58.34573536,-68.82089356
42.91,-58.31168649,-68.80400297
42.92,-58.27738282,-68.78707505
42.93,-58.24281948,-68.77010903
42.94,-58.2079915,-68.75310413
42.95,-58.17289376,-68.73605955
42.96,-58.13752105,-68.71897446
42.97,-58.10186798,-68.70184803
42.98,-58.06592906,-68.68467941
42.99,-58.02969866,-68.66746774
43,-57.99317102,-68.65021212
43.01,-57.95634022,-68.63291166
43.02,-57.91920021,-68.61556544
43.03,-57.88174476,-68.59817252
43.04,-57.84396751,-68.58073195
43.05,-57.80586194,-68.56324274
43.06,-57.76742136,-68.54570392
43.07,-57.72863888,-68.52811445
43.08,-57.68950748,-68.51047331
43.09,-57.65001993,-68.49277944
43.1,-57.61016882,-68.47503176
43.11,-57.56994654,-68.45722917
43.12,-57.52934528,-68.43937055
43.13,-57.48835704,-68.42145476
43.14,-57.44697358,-68.40348061
43.15,-57.40518646,-68.38544692
43.16,-57.362987,-68.36735246
43.17,-57.3203663,-68.349196
43.18,-57.2773152,-68.33097624
43.19,-57.2338243,-68.31269191
43.2,-57.18988394,-68.29434166
43.21,-57.14548417,-68.27592414
43.22,-57.10061481,-68.25743796
43.23,-57.05526533,-68.2388817
43.24,-57.00942497,-68.22025392
43.25,-56.96308261,-68.20155313
43.26,-56.91622684,-68.18277782
43.27,-56.8688459,-68.16392643
43.28,-56.82092772,-68.14499739
43.29,-56.77245985,-68.12598907
43.3,-56.72342942,-68.10689982
43.31,-56.67382324,-68.08772795
43.32,-56.62362774,-68.0684717
43.33,-56.57282897,-68.04912932
43.34,-56.52141252,-68.02969899
43.35,-56.46936357,-68.01017884
43.36,-56.41666683,-67.99056697
43.37,-56.36330654,-67.97086143
43.38,-56.30926645,-67.95106023
43.39,-56.25452982,-67.93116131
43.4,-56.19907935,-67.9111626
43.41,-56.14289722,-67.89106193
43.42,-56.08596505,-67.87085712
43.43,-56.02826384,-67.85054591
43.44,-55.96977401,-67.83012599
43.45,-55.91047532,-67.80959499
43.46,-55.85034691,-67.78895049
43.47,-55.78936718,-67.76819001
43.48,-55.72751385,-67.74731098
43.49,-55.6647639,-67.72631079
43.5,-55.60109352,-67.70518676
43.51,-55.5364781,-67.68393613
43.52,-55.47089222,-67.66255608
43.53,-55.40430954,-67.6410437
43.54,-55.33670286,-67.61939601
43.55,-55.268044,-67.59760997
43.56,-55.19830381,-67.57568241
43.57,-55.12745212,-67.55361013
43.58,-55.05545766,-67.53138981
43.59,-54.98228808,-67.50901803
43.6,-54.90790982,-67.48649131
43.61,-54.83228812,-67.46380605
43.62,-54.75538697,-67.44095855
43.63,-54.67716901,-67.417945
43.64,-54.59759552,-67.39476151
43.65,-54.51662633,-67.37140404
43.66,-54.43421975,-67.34786847
43.67,-54.35033252,-67.32415052
43.68,-54.2649197,-67.30024583
43.69,-54.17793465,-67.27614987
43.7,-54.08932891,-67.25185802
43.71,-53.99905211,-67.22736547
43.72,-53.90705193,-67.2026673
43.73,-53.81327394,-67.17775844
43.74,-53.71766156,-67.15263366
43.75,-53.62015591,-67.12728755
43.76,-53.52069574,-67.10171457
43.77,-53.41921728,-67.07590897
43.78,-53.31565414,-67.04986484
43.79,-53.20993717,-67.02357609
43.8,-53.10199433,-66.9970364
43.81,-52.99175053,-66.97023928
43.82,-52.87912749,-66.94317803
43.83,-52.7640436,-66.9158457
43.84,-52.6464137,-66.88823513
43.85,-52.52614895,-66.86033894
43.86,-52.40315661,-66.83214947
43.87,-52.27733984,-66.80365882
43.88,-52.14859752,-66.77485881
43.89,-52.01682395,-66.74574099
43.9,-51.88190871,-66.71629661
43.91,-51.74373633,-66.68651661
43.92,-51.60218605,-66.65639163
43.93,-51.45713154,-66.62591195
43.94,-51.30844059,-66.59506753
43.95,-51.15597481,-66.56384794
43.96,-50.99958926,-66.53224238
43.97,-50.83913213,-66.50023967
43.98,-50.67444436,-66.46782819
43.99,-50.5053592,-66.43499589
44,-50.33170184,-66.40173028
44.01,-50.15328892,-66.36801839
44.02,-49.96992809,-66.33384673
44.03,-49.78141749,-66.29920131
44.04,-49.58754521,-66.26406757
44.05,-49.38808878,-66.22843041
44.06,-49.18281451,-66.19227409
44.07,-48.9714769,-66.15558225
44.08,-48.753818,-66.11833788
44.09,-48.52956668,-66.08052324
44.1,-48.29843791,-66.04211989
44.11,-48.06013199,-66.00310859
44.12,-47.81433375,-65.9634693
44.13,-47.56071169,-65.92318113
44.14,-47.29891708,-65.88222229
44.15,-47.02858308,-65.84057003
44.16,-46.74932371,-65.7982006
44.17,-46.46073288,-65.75508922
44.18,-46.16238333,-65.71120998
44.19,-45.85382559,-65.6665358
44.2,-45.53458681,-65.62103836
44.21,-45.2041697,-65.57468805
44.22,-44.86205133,-65.52745384
44.23,-44.50768198,-65.47930328
44.24,-44.140484,-65.43020236
44.25,-43.75985065,-65.38011542
44.26,-43.36514501,-65.32900508
44.27,-42.95569888,-65.27683213
44.28,-42.53081184,-65.22355539
44.29,-42.08975034,-65.16913165
44.3,-41.63174696,-65.11351548
44.31,-41.15599983,-65.05665915
44.32,-40.66167235,-64.99851244
44.33,-40.14789306,-64.93902251
44.34,-39.61375599,-64.87813375
44.35,-39.05832135,-64.81578756
44.36,-38.48061677,-64.75192219
44.37,-37.87963912,-64.68647254
44.38,-37.25435713,-64.61936991
44.39,-36.60371472,-64.5505418
44.4,-35.92663549,-64.47991163
44.41,-35.22202822,-64.4073985
44.42,-34.4887938,-64.33291687
44.43,-33.7258336,-64.25637625
44.44,-32.93205961,-64.17768089
44.45,-32.10640646,-64.09672941
44.46,-31.24784564,-64.0134144
44.47,-30.35540199,-63.92762203
44.48,-29.42817283,-63.83923157
44.49,-28.46534973,-63.74811496
44.5,-27.46624326,-63.65413628
44.51,-26.4303105,-63.55715119
44.52,-25.35718552,-63.45700636
44.53,-24.24671263,-63.35353884
44.54,-23.09898187,-63.24657538
44.55,-21.91436653,-63.13593175
44.56,-20.69356168,-63.02141192
44.57,-19.43762288,-62.90280729
44.58,-18.14800351,-62.77989578
44.59,-16.82658944,-62.65244097
44.6,-15.47572884,-62.52019102
44.61,-14.09825529,-62.3828777
44.62,-12.69750188,-62.24021528
44.63,-11.27730411,-62.09189933
44.64,-9.841989581,-61.93760549
44.65,-8.396352866,-61.77698819
44.66,-6.945614362,-61.60967921
44.67,-5.495362828,-61.43528628
44.68,-4.051482114,-61.25339152
44.69,-2.620063574,-61.06354983
44.7,-1.207306692,-60.8652871
44.71,0.1805887268,-60.65809866
44.72,1.537534627,-60.44144728
44.73,2.857666494,-60.21476121
44.74,4.135450118,-59.97743204
44.75,5.365778834,-59.72881168
44.76,6.544057261,-59.46821285
44.77,7.666268421,-59.1949035
44.78,8.729022089,-58.90810535
44.79,9.729583442,-58.60699111
44.8,10.66588211,-58.29068142
44.81,11.53650283,-57.95824164
44.82,12.34065968,-57.6086783
44.83,13.07815658,-57.24093539
44.84,13.74933706,-56.85389021
44.85,14.35502634,-56.44634894
44.86,14.89646894,-56.01704179
44.87,15.37526444,-55.56461772
44.88,15.79330395,-55.08763873
44.89,16.15270916,-54.58457353
44.9,16.45577555,-54.05379078
44.91,16.70492071,-53.49355165
44.92,16.90263852,-52.9020018
44.93,17.05145933,-52.27716266
44.94,17.15391624,-51.61692206
44.95,17.21251706,-50.91902421
44.96,17.22972181,-50.18105896
44.97,17.20792496,-49.40045056
44.98,17.14944205,-48.57444582
44.99,17.05650001,-47.70010205
45,16.9312307,-46.77427494
45.01,16.77566708,-45.79360674
45.02,16.59174146,-44.75451546
45.03,16.38128561,-43.65318565
45.04,16.14603209,-42.48556213
45.05,15.88761663,-41.24734786
45.06,15.60758137,-39.93400815
45.07,15.30737841,-38.54078371
45.08,14.98837393,-37.0627159
45.09,14.65185235,-35.49468861
45.1,14.29902062,-33.83149215
45.11,13.93101253,-32.06791593
45.12,13.54889292,-30.19887801
45.13,13.15366176,-28.21960085
45.14,12.7462581,-26.12584324
45.15,12.32756383,-23.91419852
45.16,11.89840724,-21.58246712
45.17,11.45956643,-19.1301073
45.18,11.01177246,-16.55875975
45.19,10.55571232,-13.87282963
45.2,10.09203176,-11.0800923
45.21,9.621337883,-8.192268496
45.22,9.144201552,-5.225492767
45.23,8.661159715,-2.200581486
45.24,8.172717479,0.8570008094
45.25,7.679350103,3.917567385
45.26,7.18150483,6.948084617
45.27,6.6796026,9.913496383
45.28,6.174039646,12.778423
45.29,5.665188986,15.50908355
45.3,5.153401818,18.0752307
45.31,4.639008819,20.45186331
45.32,4.122321359,22.62050376
45.33,3.603632646,24.56989306
45.34,3.083218806,26.29605039
45.35,2.561339866,27.80174312
45.36,2.038240709,29.0954939
45.37,1.514151946,30.19029842
45.38,0.9892907397,31.10223641
45.39,0.4638615722,31.84913479
45.4,-0.06194304204,32.44939908
45.41,-0.5879418887,32.92107915
45.42,-1.113964438,33.28119032
45.43,-1.639850273,33.54527648
45.44,-2.165448553,33.7271801
45.45,-2.690617526,33.83897443
45.46,-3.215224066,33.89101207
45.47,-3.739143249,33.89204899
45.48,-4.262257948,33.84941063
45.49,-4.784458457,33.76917493
45.5,-5.305642144,33.656355
45.51,-5.825713097,33.51507047
45.52,-6.344581829,33.34870138
45.53,-6.862164943,33.1600222
45.54,-7.378384864,32.95131574
45.55,-7.893169544,32.72446821
45.56,-8.406452188,32.48104737
45.57,-8.918171008,32.22236606
45.58,-9.428268971,31.94953343
45.59,-9.936693551,31.66349591
45.6,-10.4433965,31.3650698
45.61,-10.94833364,31.05496717
45.62,-11.45146464,30.73381636
45.63,-11.95275285,30.40217814
45.64,-12.45216507,30.06055855
45.65,-12.94967141,29.70941898
45.66,-13.44524508,29.34918418
45.67,-13.93886229,28.98024866
45.68,-14.43050205,28.60298165
45.69,-14.92014606,28.21773118
45.7,-15.40777857,27.82482724
45.71,-15.89338625,27.42458436
45.72,-16.3769581,27.01730368
45.73,-16.85848536,26.60327454
45.74,-17.33796136,26.18277586
45.75,-17.8153815,25.75607721
45.76,-18.29074312,25.32343965
45.77,-18.76404546,24.88511644
45.78,-19.23528959,24.44135361
45.79,-19.70447833,23.99239044
45.8,-20.17161623,23.53845982
45.81,-20.63670952,23.07978855
45.82,-21.09976604,22.6165976
45.83,-21.56079524,22.14910235
45.84,-22.01980817,21.67751269
45.85,-22.4768174,21.20203323
45.86,-22.93183706,20.7228634
45.87,-23.38488277,20.24019754
45.88,-23.83597169,19.75422497
45.89,-24.28512249,19.26513014
45.9,-24.73235532,18.7730926
45.91,-25.1776919,18.27828714
45.92,-25.62115542,17.78088383
45.93,-26.06277063,17.28104804
45.94,-26.50256381,16.77894052
45.95,-26.94056282,16.27471748
45.96,-27.37679708,15.76853057
45.97,-27.81129765,15.26052701
45.98,-28.24409717,14.75084957
45.99,-28.67522994,14.23963669
46,-29.10473193,13.72702249
46.01,-29.53264079,13.21313682
46.02,-29.95899592,12.69810536
46.03,-30.38383843,12.18204965
46.04,-30.80721122,11.66508713
46.05,-31.22915897,11.14733126
46.06,-31.64972818,10.62889153
46.07,-32.06896717,10.10987352
46.08,-32.48692614,9.590379027
46.09,-32.90365715,9.070506054
46.1,-33.31921414,8.550348928
46.11,-33.73365297,8.029998356
46.12,-34.1470314,7.50954148
46.13,-34.55940906,6.989061964
46.14,-34.97084756,6.468640052
46.15,-35.38141039,5.948352644
46.16,-35.79116294,5.428273369
46.17,-36.20017247,4.908472641
46.18,-36.6085081,4.389017749
46.19,-37.01624085,3.869972912
46.2,-37.42344352,3.351399357
46.21,-37.83019066,2.833355393
46.22,-38.23655856,2.315896462
46.23,-38.64262514,1.799075229
46.24,-39.04846993,1.282941646
46.25,-39.45417399,0.7675430011
46.26,-39.85981982,0.2529240091
46.27,-40.26549127,-0.2608731261
46.28,-40.67127344,-0.773808666
46.29,-41.07725249,-1.285845257
46.3,-41.48351559,-1.796947865
46.31,-41.89015069,-2.307083718
46.32,-42.29724642,-2.816222257
46.33,-42.70489188,-3.324335068
46.34,-43.11317645,-3.831395822
46.35,-43.5221896,-4.337380219
46.36,-43.9320206,-4.842265937
46.37,-44.34275824,-5.346032581
46.38,-44.75449057,-5.848661629
46.39,-45.16730462,-6.350136393
46.4,-45.58128608,-6.850441961
46.41,-45.99651885,-7.349565162
46.42,-46.41308469,-7.847494517
46.43,-46.83106287,-8.344220202
46.44,-47.25052961,-8.839734009
46.45,-47.67155761,-9.33402931
46.46,-48.09421566,-9.827101027
46.47,-48.51856792,-10.3189456
46.48,-48.94467345,-10.80956095
46.49,-49.3725855,-11.29894648
46.5,-49.80235095,-11.78710304
46.51,-50.23400952,-12.27403292
46.52,-50.66759314,-12.75973981
46.53,-51.10312514,-13.24422882
46.54,-51.54061942,-13.72750645
46.55,-51.98007976,-14.20958061
46.56,-52.42149891,-14.69046059
46.57,-52.8648577,-15.17015709
46.58,-53.3101242,-15.64868225
46.59,-53.75725287,-16.12604959
46.6,-54.20618365,-16.60227411
46.61,-54.65684114,-17.07737227
46.62,-55.10913371,-17.55136203
46.63,-55.56295274,-18.02426288
46.64,-56.01817182,-18.49609589
46.65,-56.47464605,-18.96688373
46.66,-56.93221141,-19.43665077
46.67,-57.39068422,-19.90542308
46.68,-57.84986073,-20.3732285
46.69,-58.30951679,-20.84009678
46.7,-58.76940781,-21.30605955
46.71,-59.22926867,-21.77115049
46.72,-59.68881394,-22.23540536
46.73,-60.14773826,-22.69886215
46.74,-60.60571701,-23.16156109
46.75,-61.06240716,-23.62354491
46.76,-61.51744836,-24.08485881
46.77,-61.97046426,-24.54555066
46.78,-62.42106413,-25.0056711
46.79,-62.86884469,-25.46527372
46.8,-63.31339222,-25.9244152
46.81,-63.7542849,-26.38315542
46.82,-64.19109535,-26.84155766
46.83,-64.6233934,-27.29968874
46.84,-65.050749,-27.75761923
46.85,-65.47273516,-28.21542366
46.86,-65.88893119,-28.67318065
46.87,-66.2989258,-29.13097314
46.88,-66.70232021,-29.58888859
46.89,-67.09873132,-30.04701917
46.9,-67.48779466,-30.50546201
46.91,-67.8691672,-30.96431946
46.92,-68.24252991,-31.42369926
46.93,-68.60759015,-31.8837148
46.94,-68.96408372,-32.34448533
46.95,-69.31177654,-32.80613622
46.96,-69.65046599,-33.26879925
46.97,-69.97998193,-33.73261283
46.98,-70.30018726,-34.1977222
46.99,-70.61097807,-34.66427969
47,-70.91228355,-35.13244505
47.01,-71.20406535,-35.6023856
47.02,-71.48631674,-36.07427644
47.03,-71.75906138,-36.54830077
47.04,-72.02235188,-37.02464998
47.05,-72.27626806,-37.50352397
47.06,-72.52091504,-37.98513115
47.07,-72.75642124,-38.46968877
47.08,-72.98293612,-38.95742286
47.09,-73.20062806,-39.44856834
47.1,-73.40968201,-39.94336913
47.11,-73.61029731,-40.44207808
47.12,-73.80268543,-40.94495682
47.13,-73.98706786,-41.45227562
47.14,-74.16367404,-41.96431317
47.15,-74.33273947,-42.48135622
47.16,-74.49450386,-43.00369903
47.17,-74.64920946,-43.53164279
47.18,-74.79709956,-44.06549497
47.19,-74.9384171,-44.6055682
47.2,-75.07340346,-45.15217923
47.21,-75.20229732,-45.70564762
47.22,-75.32533381,-46.2662941
47.23,-75.44274361,-46.83443869
47.24,-75.55475233,-47.4103984
47.25,-75.66157993,-47.99448476
47.26,-75.76344028,-48.58700089
47.27,-75.8605408,-49.18823816
47.28,-75.95308219,-49.79847233
47.29,-76.04125827,-50.41795923
47.3,-76.12525587,-51.04693011
47.31,-76.20525475,-51.685586
47.32,-76.28142766,-52.33409207
47.33,-76.35394035,-52.99257084
47.34,-76.42295169,-53.66109518
47.35,-76.48861379,-54.33968063
47.36,-76.55107214,-55.02827708
47.37,-76.61046579,-55.72676012
47.38,-76.66692754,-56.43492187
47.39,-76.72058415,-57.15246155
47.4,-76.77155653,-57.87897604
47.41,-76.81995998,-58.61395051
47.42,-76.8659044,-59.35674927
47.43,-76.90949447,-60.10660665
47.44,-76.95082996,-60.86262185
47.45,-76.99000583,-61.62375117
47.46,-77.02711254,-62.38880431
47.47,-77.06223619,-63.15644286
47.48,-77.09545876,-63.92518173
47.49,-77.12685825,-64.69339392
47.5,-77.15650895,-65.45931895
47.51,-77.18448153,-66.2210758
47.52,-77.21084324,-66.97668017
47.53,-77.23565812,-67.72406615
47.54,-77.25898709,-68.46111249
47.55,-77.28088812,-69.18567276
47.56,-77.3014164,-69.89560905
47.57,-77.32062442,-70.58882782
47.58,-77.33856217,-71.26331744
47.59,-77.35527719,-71.91718534
47.6,-77.37081473,-72.54869381
47.61,-77.38521787,-73.15629272
47.62,-77.39852759,-73.73864793
47.63,-77.41078292,-74.29466378
47.64,-77.42202099,-74.82349906
47.65,-77.43227719,-75.32457579
47.66,-77.44158518,-75.79758036
47.67,-77.44997709,-76.24245767
47.68,-77.45748349,-76.65939848
47.69,-77.46413357,-77.04882111
47.7,-77.46995519,-77.41134845
47.71,-77.47497495,-77.7477818
47.72,-77.47921829,-78.05907253
47.73,-77.48270957,-78.34629312
47.74,-77.4854721,-78.61060843
47.75,-77.4875283,-78.85324838
47.76,-77.48889968,-79.07548261
47.77,-77.48960696,-79.27859771
47.78,-77.48967011,-79.46387737
47.79,-77.48910842,-79.6325855
47.8,-77.48794055,-79.78595245
47.81,-77.48618459,-79.92516401
47.82,-77.4838581,-80.05135318
47.83,-77.48097812,-80.16559424
47.84,-77.47756129,-80.26889901
47.85,-77.4736238,-80.36221483
47.86,-77.46918146,-80.44642399
47.87,-77.46424973,-80.52234445
47.88,-77.45884371,-80.5907314
47.89,-77.4529782,-80.65227959
47.9,-77.44666767,-80.70762612
47.91,-77.4399263,-80.75735362
47.92,-77.432768,-80.8019936
47.93,-77.42520636,-80.8420299
47.94,-77.41725473,-80.87790217
47.95,-77.40892614,-80.91000926
47.96,-77.40023339,-80.93871251
47.97,-77.39118897,-80.96433891
47.98,-77.38180508,-80.98718407
47.99,-77.37209367,-81.007515
48,-77.36206638,-81.02557278
48.01,-77.35173458,-81.04157488
48.02,-77.34110933,-81.05571744
48.03,-77.3302014,-81.06817733
48.04,-77.31902128,-81.07911396
48.05,-77.30757914,-81.08867103
48.06,-77.29588486,-81.09697803
48.07,-77.28394802,-81.10415172
48.08,-77.2717779,-81.11029731
48.09,-77.25938348,-81.11550968
48.1,-77.24677343,-81.11987437
48.11,-77.23395613,-81.12346854
48.12,-77.22093967,-81.12636181
48.13,-77.20773184,-81.12861701
48.14,-77.19434015,-81.13029085
48.15,-77.18077182,-81.13143457
48.16,-77.1670338,-81.13209445
48.17,-77.15313275,-81.13231232
48.18,-77.13907507,-81.132126
48.19,-77.1248669,-81.13156972
48.2,-77.11051413,-81.13067443
48.21,-77.09602238,-81.12946819
48.22,-77.08139706,-81.12797638
48.23,-77.06664332,-81.12622202
48.24,-77.05176608,-81.12422599
48.25,-77.03677006,-81.12200721
48.26,-77.02165975,-81.11958287
48.27,-77.00643945,-81.11696855
48.28,-76.99111324,-81.11417844
48.29,-76.97568502,-81.11122541
48.3,-76.96015852,-81.10812116
48.31,-76.94453727,-81.10487635
48.32,-76.92882464,-81.10150066
48.33,-76.91302384,-81.09800292
48.34,-76.89713792,-81.09439117
48.35,-76.8811698,-81.09067272
48.36,-76.86512222,-81.08685425
48.37,-76.84899781,-81.08294185
48.38,-76.83279908,-81.07894108
48.39,-76.81652839,-81.07485699
48.4,-76.80018799,-81.07069422
48.41,-76.78378002,-81.06645699
48.42,-76.76730652,-81.06214916
48.43,-76.75076941,-81.05777426
48.44,-76.73417054,-81.05333552
48.45,-76.71751163,-81.04883589
48.46,-76.70079435,-81.04427806
48.47,-76.68402026,-81.0396645
48.48,-76.66719086,-81.03499747
48.49,-76.65030755,-81.03027904
48.5,-76.63337168,-81.0255111
48.51,-76.61638454,-81.02069538
48.52,-76.59934732,-81.01583347
48.53,-76.58226118,-81.01092682
48.54,-76.56512722,-81.00597677
48.55,-76.54794648,-81.00098452
48.56,-76.53071993,-80.9959512
48.57,-76.51344853,-80.99087783
48.58,-76.49613316,-80.98576534
48.59,-76.47877467,-80.98061459
48.6,-76.46137387,-80.97542636
48.61,-76.44393152,-80.97020138
48.62,-76.42644836,-80.96494028
48.63,-76.40892509,-80.95964368
48.64,-76.39136236,-80.95431212
48.65,-76.37376081,-80.94894611
48.66,-76.35612104,-80.94354608
48.67,-76.33844362,-80.93811248
48.68,-76.32072911,-80.93264566
48.69,-76.30297802,-80.92714597
48.7,-76.28519086,-80.92161374
48.71,-76.2673681,-80.91604923
48.72,-76.2495102,-80.91045272
48.73,-76.23161759,-80.90482442
48.74,-76.21369069,-80.89916456
48.75,-76.19572991,-80.89347331
48.76,-76.17773562,-80.88775085
48.77,-76.1597082,-80.88199732
48.78,-76.141648,-80.87621287
48.79,-76.12355535,-80.87039761
48.8,-76.10543058,-80.86455164
48.81,-76.08727401,-80.85867506
48.82,-76.06908594,-80.85276795
48.83,-76.05086665,-80.84683037
48.84,-76.03261643,-80.84086238
48.85,-76.01433555,-80.83486404
48.86,-75.99602427,-80.82883537
48.87,-75.97768285,-80.82277642
48.88,-75.95931151,-80.8166872
48.89,-75.94091052,-80.81056773
48.9,-75.92248008,-80.80441803
48.91,-75.90402042,-80.79823809
48.92,-75.88553177,-80.79202791
48.93,-75.86701432,-80.78578749
48.94,-75.84846828,-80.77951682
48.95,-75.82989386,-80.77321588
48.96,-75.81129123,-80.76688464
48.97,-75.7926606,-80.76052309
48.98,-75.77400215,-80.7541312
48.99,-75.75531604,-80.74770894
49,-75.73660247,-80.74125626
49.01,-75.7178616,-80.73477315
49.02,-75.6990936,-80.72825955
49.03,-75.68029864,-80.72171544
49.04,-75.66147687,-80.71514075
49.05,-75.64262845,-80.70853545
49.06,-75.62375354,-80.7018995
49.07,-75.6048523,-80.69523283
49.08,-75.58592487,-80.68853541
49.09,-75.5669714,-80.68180718
49.1,-75.54799204,-80.67504808
49.11,-75.52898694,-80.66825806
49.12,-75.50995622,-80.66143707
49.13,-75.49090005,-80.65458506
49.14,-75.47181854,-80.64770195
49.15,-75.45271185,-80.6407877
49.16,-75.4335801,-80.63384225
49.17,-75.41442344,-80.62686554
49.18,-75.39524199,-80.6198575
49.19,-75.37603588,-80.61281808
49.2,-75.35680525,-80.60574722
49.21,-75.33755023,-80.59864486
49.22,-75.31827094,-80.59151093
49.23,-75.29896751,-80.58434537
49.24,-75.27964007,-80.57714813
49.25,-75.26028874,-80.56991914
49.26,-75.24091366,-80.56265834
49.27,-75.22151494,-80.55536566
49.28,-75.20209271,-80.54804105
49.29,-75.18264709,-80.54068444
49.3,-75.1631782,-80.53329578
49.31,-75.14368617,-80.52587499
49.32,-75.12417113,-80.51842203
49.33,-75.10463318,-80.51093682
49.34,-75.08507245,-80.50341931
49.35,-75.06548906,-80.49586943
49.36,-75.04588314,-80.48828714
49.37,-75.02625479,-80.48067235
49.38,-75.00660415,-80.47302502
49.39,-74.98693133,-80.46534509
49.4,-74.96723645,-80.4576325
49.41,-74.94751963,-80.44988718
49.42,-74.92778099,-80.44210909
49.43,-74.90802064,-80.43429815
49.44,-74.88823871,-80.42645432
49.45,-74.86843532,-80.41857754
49.46,-74.84861057,-80.41066775
49.47,-74.8287646,-80.40272489
49.48,-74.80889752,-80.39474891
49.49,-74.78900944,-80.38673976
49.5,-74.76910049,-80.37869738
49.51,-74.74917078,-80.37062171
49.52,-74.72922043,-80.36251271
49.53,-74.70924956,-80.35437031
49.54,-74.68925828,-80.34619448
49.55,-74.66924672,-80.33798515
49.56,-74.649215,-80.32974227
49.57,-74.62916322,-80.3214658
49.58,-74.60909151,-80.31315569
49.59,-74.58899999,-80.30481188
49.6,-74.56888878,-80.29643433
49.61,-74.54875798,-80.28802299
49.62,-74.52860773,-80.27957782
49.63,-74.50843814,-80.27109876
49.64,-74.48824933,-80.26258577
49.65,-74.46804141,-80.25403881
49.66,-74.44781451,-80.24545783
49.67,-74.42756874,-80.23684279
49.68,-74.40730422,-80.22819365
49.69,-74.38702107,-80.21951036
49.7,-74.36671941,-80.21079289
49.71,-74.34639936,-80.20204119
49.72,-74.32606104,-80.19325522
49.73,-74.30570456,-80.18443495
49.74,-74.28533005,-80.17558033
49.75,-74.26493763,-80.16669134
49.76,-74.2445274,-80.15776792
49.77,-74.2240995,-80.14881006
49.78,-74.20365405,-80.1398177
49.79,-74.18319115,-80.13079083
49.8,-74.16271094,-80.12172939
49.81,-74.14221353,-80.11263338
49.82,-74.12169904,-80.10350274
49.83,-74.10116759,-80.09433745
49.84,-74.0806193,-80.08513748
49.85,-74.0600543,-80.07590281
49.86,-74.03947269,-80.06663339
49.87,-74.01887461,-80.05732922
49.88,-73.99826017,-80.04799025
49.89,-73.9776295,-80.03861646
49.9,-73.9569827,-80.02920784
49.91,-73.93631991,-80.01976435
49.92,-73.91564125,-80.01028597
49.93,-73.89494683,-80.00077269
49.94,-73.87423678,-79.99122447
49.95,-73.85351121,-79.9816413
49.96,-73.83277025,-79.97202316
49.97,-73.81201402,-79.96237003
49.98,-73.79124264,-79.9526819
49.99,-73.77045624,-79.94295874
50,-73.74965492,-79.93320055
50.01,-73.72883882,-79.9234073
50.02,-73.70800806,-79.91357899
50.03,-73.68716275,-79.90371559
50.04,-73.66630302,-79.8938171
50.05,-73.64542899,-79.88388351
50.06,-73.62454078,-79.87391481
50.07,-73.60363852,-79.86391098
50.08,-73.58272232,-79.85387203
50.09,-73.5617923,-79.84379794
50.1,-73.5408486,-79.8336887
50.11,-73.51989132,-79.82354431
50.12,-73.4989206,-79.81336477
50.13,-73.47793655,-79.80315008
50.14,-73.45693929,-79.79290022
50.15,-73.43592896,-79.78261521
50.16,-73.41490566,-79.77229503
50.17,-73.39386952,-79.76193969
50.18,-73.37282067,-79.75154919
50.19,-73.35175922,-79.74112354
50.2,-73.3306853,-79.73066273
50.21,-73.30959902,-79.72016678
50.22,-73.28850052,-79.70963567
50.23,-73.26738991,-79.69906944
50.24,-73.24626732,-79.68846807
50.25,-73.22513286,-79.67783158
50.26,-73.20398666,-79.66715998
50.27,-73.18282884,-79.65645327
50.28,-73.16165953,-79.64571148
50.29,-73.14047884,-79.63493461
50.3,-73.11928689,-79.62412267
50.31,-73.09808381,-79.61327568
50.32,-73.07686973,-79.60239366
50.33,-73.05564475,-79.59147661
50.34,-73.03440901,-79.58052457
50.35,-73.01316262,-79.56953754
50.36,-72.9919057,-79.55851555
50.37,-72.97063839,-79.54745861
50.38,-72.9493608,-79.53636675
50.39,-72.92807304,-79.52523999
50.4,-72.90677525,-79.51407835
50.41,-72.88546754,-79.50288186
50.42,-72.86415004,-79.49165054
50.43,-72.84282286,-79.48038442
50.44,-72.82148613,-79.46908353
50.45,-72.80013997,-79.45774789
50.46,-72.7787845,-79.44637753
50.47,-72.75741984,-79.43497249
50.48,-72.73604611,-79.4235328
50.49,-72.71466343,-79.41205848
50.5,-72.69327192,-79.40054957
50.51,-72.6718717,-79.38900611
50.52,-72.6504629,-79.37742813
50.53,-72.62904563,-79.36581567
50.54,-72.60762001,-79.35416876
50.55,-72.58618617,-79.34248744
50.56,-72.56474422,-79.33077176
50.57,-72.54329429,-79.31902175
50.58,-72.52183649,-79.30723745
50.59,-72.50037094,-79.29541891
50.6,-72.47889776,-79.28356617
50.61,-72.45741707,-79.27167927
50.62,-72.435929,-79.25975827
50.63,-72.41443365,-79.24780319
50.64,-72.39293115,-79.23581411
50.65,-72.37142162,-79.22379105
50.66,-72.34990518,-79.21173407
50.67,-72.32838194,-79.19964323
50.68,-72.30685202,-79.18751856
50.69,-72.28531554,-79.17536013
50.7,-72.26377262,-79.16316799
50.71,-72.24222338,-79.15094219
50.72,-72.22066793,-79.13868279
50.73,-72.1991064,-79.12638984
50.74,-72.17753889,-79.1140634
50.75,-72.15596552,-79.10170353
50.76,-72.13438643,-79.08931029
50.77,-72.1128017,-79.07688373
50.78,-72.09121148,-79.06442393
50.79,-72.06961587,-79.05193093
50.8,-72.04801498,-79.03940481
50.81,-72.02640894,-79.02684563
50.82,-72.00479786,-79.01425344
50.83,-71.98318186,-79.00162833
50.84,-71.96156105,-78.98897035
50.85,-71.93993554,-78.97627958
50.86,-71.91830545,-78.96355607
50.87,-71.8966709,-78.95079991
50.88,-71.875032,-78.93801116
50.89,-71.85338886,-78.92518989
50.9,-71.8317416,-78.91233618
50.91,-71.81009033,-78.89945009
50.92,-71.78843516,-78.88653171
50.93,-71.76677621,-78.8735811
50.94,-71.7451136,-78.86059835
50.95,-71.72344742,-78.84758353
50.96,-71.70177781,-78.83453672
50.97,-71.68010486,-78.821458
50.98,-71.65842869,-78.80834745
50.99,-71.63674941,-78.79520514
51,-71.61506714,-78.78203116
51.01,-71.59338198,-78.76882559
51.02,-71.57169405,-78.75558852
51.03,-71.55000345,-78.74232003
51.04,-71.5283103,-78.72902021
51.05,-71.50661471,-78.71568913
51.06,-71.48491678,-78.70232689
51.07,-71.46321662,-78.68893357
51.08,-71.44151435,-78.67550927
51.09,-71.41981008,-78.66205407
51.1,-71.3981039,-78.64856807
51.11,-71.37639594,-78.63505134
51.12,-71.35468629,-78.62150399
51.13,-71.33297507,-78.60792612
51.14,-71.31126238,-78.5943178
51.15,-71.28954833,-78.58067914
51.16,-71.26783303,-78.56701023
51.17,-71.24611658,-78.55331117
51.18,-71.22439909,-78.53958205
51.19,-71.20268066,-78.52582298
51.2,-71.18096141,-78.51203404
51.21,-71.15924143,-78.49821535
51.22,-71.13752083,-78.48436699
51.23,-71.11579971,-78.47048908
51.24,-71.09407818,-78.45658171
51.25,-71.07235634,-78.44264498
51.26,-71.0506343,-78.428679
51.27,-71.02891216,-78.41468388
51.28,-71.00719001,-78.40065971
51.29,-70.98546797,-78.3866066
51.3,-70.96374613,-78.37252466
51.31,-70.9420246,-78.358414
51.32,-70.92030348,-78.34427472
51.33,-70.89858287,-78.33010693
51.34,-70.87686286,-78.31591074
51.35,-70.85514356,-78.30168626
51.36,-70.83342507,-78.2874336
51.37,-70.81170749,-78.27315288
51.38,-70.78999091,-78.2588442
51.39,-70.76827544,-78.24450768
51.4,-70.74656118,-78.23014343
51.41,-70.72484821,-78.21575156
51.42,-70.70313664,-78.20133219
51.43,-70.68142656,-78.18688544
51.44,-70.65971808,-78.17241142
51.45,-70.63801128,-78.15791024
51.46,-70.61630627,-78.14338203
51.47,-70.59460313,-78.12882691
51.48,-70.57290197,-78.11424498
51.49,-70.55120288,-78.09963638
51.5,-70.52950594,-78.08500122
51.51,-70.50781127,-78.07033962
51.52,-70.48611894,-78.05565171
51.53,-70.46442905,-78.0409376
51.54,-70.44274169,-78.02619742
51.55,-70.42105696,-78.01143129
51.56,-70.39937495,-77.99663933
51.57,-70.37769574,-77.98182167
51.58,-70.35601944,-77.96697844
51.59,-70.33434612,-77.95210975
51.6,-70.31267588,-77.93721574
51.61,-70.2910088,-77.92229653
51.62,-70.26934499,-77.90735225
51.63,-70.24768451,-77.89238302
51.64,-70.22602747,-77.87738898
51.65,-70.20437395,-77.86237025
51.66,-70.18272404,-77.84732696
51.67,-70.16107782,-77.83225924
51.68,-70.13943538,-77.81716723
51.69,-70.1177968,-77.80205105
51.7,-70.09616217,-77.78691083
51.71,-70.07453158,-77.77174671
51.72,-70.0529051,-77.75655881
51.73,-70.03128283,-77.74134728
51.74,-70.00966484,-77.72611224
51.75,-69.98805122,-77.71085382
51.76,-69.96644205,-77.69557217
51.77,-69.94483741,-77.68026741
51.78,-69.92323739,-77.66493968
51.79,-69.90164206,-77.64958912
51.8,-69.8800515,-77.63421586
51.81,-69.8584658,-77.61882004
51.82,-69.83688503,-77.60340179
51.83,-69.81530927,-77.58796126
51.84,-69.7937386,-77.57249857
51.85,-69.77217309,-77.55701387
51.86,-69.75061284,-77.54150729
51.87,-69.7290579,-77.52597898
51.88,-69.70750836,-77.51042907
51.89,-69.6859643,-77.4948577
51.9,-69.66442578,-77.47926501
51.91,-69.64289289,-77.46365115
51.92,-69.62136569,-77.44801624
51.93,-69.59984426,-77.43236044
51.94,-69.57832868,-77.41668388
51.95,-69.55681901,-77.40098671
51.96,-69.53531534,-77.38526906
51.97,-69.51381772,-77.36953108
51.98,-69.49232623,-77.35377291
51.99,-69.47084094,-77.33799469
52,-69.44936193,-77.32219657
52.01,-69.42788925,-77.30637869
52.02,-69.40642299,-77.29054119
52.03,-69.3849632,-77.27468421
52.04,-69.36350995,-77.2588079
52.05,-69.34206332,-77.24291241
52.06,-69.32062336,-77.22699787
52.07,-69.29919016,-77.21106444
52.08,-69.27776376,-77.19511225
52.09,-69.25634423,-77.17914145
52.1,-69.23493165,-77.16315219
52.11,-69.21352606,-77.14714462
52.12,-69.19212755,-77.13111887
52.13,-69.17073616,-77.11507509
52.14,-69.14935197,-77.09901343
52.15,-69.12797502,-77.08293404
52.16,-69.10660539,-77.06683706
52.17,-69.08524314,-77.05072264
52.18,-69.06388832,-77.03459092
52.19,-69.04254099,-77.01844205
52.2,-69.02120121,-77.00227618
52.21,-68.99986905,-76.98609345
52.22,-68.97854455,-76.96989402
52.23,-68.95722777,-76.95367802
52.24,-68.93591878,-76.93744561
52.25,-68.91461763,-76.92119694
52.26,-68.89332436,-76.90493214
52.27,-68.87203904,-76.88865138
52.28,-68.85076172,-76.87235478
52.29,-68.82949246,-76.85604252
52.3,-68.8082313,-76.83971472
52.31,-68.78697831,-76.82337154
52.32,-68.76573352,-76.80701313
52.33,-68.74449699,-76.79063963
52.34,-68.72326878,-76.7742512
52.35,-68.70204893,-76.75784797
52.36,-68.68083749,-76.7414301
52.37,-68.65963451,-76.72499774
52.38,-68.63844004,-76.70855104
52.39,-68.61725413,-76.69209013
52.4,-68.59607681,-76.67561517
52.41,-68.57490815,-76.65912631
52.42,-68.55374818,-76.6426237
52.43,-68.53259695,-76.62610748
52.44,-68.5114545,-76.6095778
52.45,-68.49032089,-76.5930348
52.46,-68.46919614,-76.57647865
52.47,-68.4480803,-76.55990947
52.48,-68.42697343,-76.54332743
52.49,-68.40587554,-76.52673267
52.5,-68.3847867,-76.51012533
52.51,-68.36370693,-76.49350556
52.52,-68.34263628,-76.47687352
52.53,-68.32157479,-76.46022934
52.54,-68.30052249,-76.44357317
52.55,-68.27947942,-76.42690517
52.56,-68.25844563,-76.41022547
52.57,-68.23742113,-76.39353423
52.58,-68.21640598,-76.37683159
52.59,-68.19540021,-76.36011769
52.6,-68.17440384,-76.34339269
52.61,-68.15341692,-76.32665673
52.62,-68.13243948,-76.30990995
52.63,-68.11147154,-76.2931525
52.64,-68.09051315,-76.27638452
52.65,-68.06956434,-76.25960617
52.66,-68.04862512,-76.24281758
52.67,-68.02769555,-76.22601891
52.68,-68.00677563,-76.20921028
52.69,-67.98586541,-76.19239186
52.7,-67.96496491,-76.17556378
52.71,-67.94407416,-76.15872619
52.72,-67.92319318,-76.14187923
52.73,-67.902322,-76.12502305
52.74,-67.88146065,-76.10815779
52.75,-67.86060915,-76.09128358
52.76,-67.83976753,-76.07440058
52.77,-67.8189358,-76.05750893
52.78,-67.798114,-76.04060877
52.79,-67.77730215,-76.02370023
52.8,-67.75650026,-76.00678348
52.81,-67.73570835,-75.98985863
52.82,-67.71492646,-75.97292584
52.83,-67.69415459,-75.95598524
52.84,-67.67339277,-75.93903699
52.85,-67.65264101,-75.92208121
52.86,-67.63189934,-75.90511804
52.87,-67.61116777,-75.88814763
52.88,-67.59044631,-75.87117012
52.89,-67.56973498,-75.85418564
52.9,-67.54903381,-75.83719434
52.91,-67.52834279,-75.82019634
52.92,-67.50766195,-75.8031918
52.93,-67.48699129,-75.78618084
52.94,-67.46633084,-75.7691636
52.95,-67.4456806,-75.75214023
52.96,-67.42504058,-75.73511085
52.97,-67.4044108,-75.7180756
52.98,-67.38379126,-75.70103463
52.99,-67.36318198,-75.68398805
53,-67.34258296,-75.66693602
53.01,-67.3219942,-75.64987866
53.02,-67.30141572,-75.6328161
53.03,-67.28084753,-75.61574849
53.04,-67.26028962,-75.59867595
53.05,-67.23974201,-75.58159862
53.06,-67.2192047,-75.56451663
53.07,-67.19867769,-75.5474301
53.08,-67.17816098,-75.53033918
53.09,-67.15765458,-75.513244
53.1,-67.13715849,-75.49614468
53.11,-67.11667272,-75.47904135
53.12,-67.09619725,-75.46193415
53.13,-67.07573209,-75.4448232
53.14,-67.05527724,-75.42770863
53.15,-67.0348327,-75.41059058
53.16,-67.01439847,-75.39346916
53.17,-66.99397453,-75.37634451
53.18,-66.9735609,-75.35921675
53.19,-66.95315756,-75.34208601
53.2,-66.93276451,-75.32495242
53.21,-66.91238175,-75.3078161
53.22,-66.89200926,-75.29067717
53.23,-66.87164704,-75.27353576
53.24,-66.85129508,-75.25639199
53.25,-66.83095338,-75.239246
53.26,-66.81062192,-75.22209789
53.27,-66.7903007,-75.20494779
53.28,-66.7699897,-75.18779583
53.29,-66.74968891,-75.17064212
53.3,-66.72939832,-75.15348679
53.31,-66.70911792,-75.13632996
53.32,-66.6888477,-75.11917174
53.33,-66.66858764,-75.10201226
53.34,-66.64833772,-75.08485162
53.35,-66.62809793,-75.06768997
53.36,-66.60786826,-75.05052739
53.37,-66.58764869,-75.03336403
53.38,-66.56743919,-75.01619999
53.39,-66.54723976,-74.99903538
53.4,-66.52705037,-74.98187033
53.41,-66.506871,-74.96470494
53.42,-66.48670163,-74.94753933
53.43,-66.46654225,-74.93037362
53.44,-66.44639283,-74.91320792
53.45,-66.42625334,-74.89604234
53.46,-66.40612377,-74.87887698
53.47,-66.38600409,-74.86171197
53.48,-66.36589427,-74.84454741
53.49,-66.34579429,-74.82738341
53.5,-66.32570413,-74.81022009
53.51,-66.30562376,-74.79305754
53.52,-66.28555314,-74.77589588
53.53,-66.26549226,-74.75873522
53.54,-66.24544108,-74.74157565
53.55,-66.22539957,-74.7244173
53.56,-66.20536771,-74.70726026
53.57,-66.18534545,-74.69010463
53.58,-66.16533278,-74.67295053
53.59,-66.14532966,-74.65579805
53.6,-66.12533604,-74.6386473
53.61,-66.10535191,-74.62149838
53.62,-66.08537722,-74.60435139
53.63,-66.06541195,-74.58720644
53.64,-66.04545604,-74.57006361
53.65,-66.02550947,-74.55292302
53.66,-66.0055722,-74.53578476
53.67,-65.9856442,-74.51864893
53.68,-65.96572541,-74.50151563
53.69,-65.9458158,-74.48438495
53.7,-65.92591534,-74.46725699
53.71,-65.90602397,-74.45013184
53.72,-65.88614166,-74.43300961
53.73,-65.86626837,-74.41589038
53.74,-65.84640404,-74.39877425
53.75,-65.82654864,-74.38166131
53.76,-65.80670213,-74.36455165
53.77,-65.78686444,-74.34744536
53.78,-65.76703555,-74.33034254
53.79,-65.74721539,-74.31324328
53.8,-65.72740393,-74.29614766
53.81,-65.70760112,-74.27905577
53.82,-65.68780689,-74.26196771
53.83,-65.66802121,-74.24488355
53.84,-65.64824402,-74.22780339
53.85,-65.62847527,-74.2107273
53.86,-65.60871491,-74.19365539
53.87,-65.58896288,-74.17658772
53.88,-65.56921913,-74.15952438
53.89,-65.54948361,-74.14246546
53.9,-65.52975625,-74.12541104
53.91,-65.510037,-74.10836121
53.92,-65.49032581,-74.09131603
53.93,-65.47062261,-74.07427559
53.94,-65.45092735,-74.05723997
53.95,-65.43123996,-74.04020925
53.96,-65.41156039,-74.02318351
53.97,-65.39188857,-74.00616282
53.98,-65.37222444,-73.98914726
53.99,-65.35256794,-73.97213691
54,-65.33291901,-73.95513183
54.01,-65.31327757,-73.93813211
54.02,-65.29364356,-73.92113782
54.03,-65.27401693,-73.90414903
54.04,-65.25439759,-73.88716582
54.05,-65.23478548,-73.87018824
54.06,-65.21518054,-73.85321639
54.07,-65.19558268,-73.83625031
54.08,-65.17599185,-73.81929009
54.09,-65.15640797,-73.80233579
54.1,-65.13683097,-73.78538748
54.11,-65.11726077,-73.76844522
54.12,-65.0976973,-73.75150908
54.13,-65.07814048,-73.73457913
54.14,-65.05859025,-73.71765543
54.15,-65.03904651,-73.70073805
54.16,-65.0195092,-73.68382704
54.17,-64.99997824,-73.66692247
54.18,-64.98045355,-73.6500244
54.19,-64.96093504,-73.63313289
54.2,-64.94142264,-73.61624801
54.21,-64.92191626,-73.5993698
54.22,-64.90241582,-73.58249833
54.23,-64.88292123,-73.56563365
54.24,-64.86343242,-73.54877583
54.25,-64.8439493,-73.53192492
54.26,-64.82447177,-73.51508097
54.27,-64.80499975,-73.49824403
54.28,-64.78553316,-73.48141417
54.29,-64.7660719,-73.46459143
54.3,-64.74661589,-73.44777587
54.31,-64.72716503,-73.43096753
54.32,-64.70771922,-73.41416647
54.33,-64.68827838,-73.39737274
54.34,-64.66884242,-73.38058639
54.35,-64.64941123,-73.36380746
54.36,-64.62998472,-73.347036
54.37,-64.61056279,-73.33027206
54.38,-64.59114535,-73.31351568
54.39,-64.5717323,-73.29676691
54.4,-64.55232353,-73.2800258
54.41,-64.53291894,-73.26329238
54.42,-64.51351843,-73.2465667
54.43,-64.49412191,-73.2298488
54.44,-64.47472926,-73.21313872
54.45,-64.45534037,-73.1964365
54.46,-64.43595515,-73.17974218
54.47,-64.41657349,-73.16305581
54.48,-64.39719527,-73.14637741
54.49,-64.37782038,-73.12970702
54.5,-64.35844872,-73.11304469
54.51,-64.33908018,-73.09639044
54.52,-64.31971464,-73.07974431
54.53,-64.30035198,-73.06310633
54.54,-64.2809921,-73.04647654
54.55,-64.26163487,-73.02985497
54.56,-64.24228017,-73.01324165
54.57,-64.2229279,-72.99663661
54.58,-64.20357793,-72.98003989
54.59,-64.18423014,-72.9634515
54.6,-64.1648844,-72.94687147
54.61,-64.14554059,-72.93029985
54.62,-64.1261986,-72.91373664
54.63,-64.10685829,-72.89718188
54.64,-64.08751953,-72.88063559
54.65,-64.0681822,-72.8640978
54.66,-64.04884617,-72.84756852
54.67,-64.02951131,-72.83104779
54.68,-64.01017749,-72.81453562
54.69,-63.99084457,-72.79803203
54.7,-63.97151241,-72.78153704
54.71,-63.9521809,-72.76505068
54.72,-63.93284987,-72.74857296
54.73,-63.91351921,-72.73210389
54.74,-63.89418876,-72.7156435
54.75,-63.87485839,-72.69919179
54.76,-63.85552795,-72.68274879
54.77,-63.83619731,-72.66631451
54.78,-63.81686631,-72.64988896
54.79,-63.79753481,-72.63347216
54.8,-63.77820267,-72.61706411
54.81,-63.75886972,-72.60066482
54.82,-63.73953583,-72.58427431
54.83,-63.72020083,-72.56789259
54.84,-63.70086458,-72.55151966
54.85,-63.68152692,-72.53515553
54.86,-63.6621877,-72.5188002
54.87,-63.64284675,-72.50245369
54.88,-63.62350392,-72.486116
54.89,-63.60415904,-72.46978712
54.9,-63.58481195,-72.45346707
54.91,-63.56546249,-72.43715585
54.92,-63.5461105,-72.42085345
54.93,-63.52675579,-72.40455988
54.94,-63.50739821,-72.38827514
54.95,-63.48803759,-72.37199922
54.96,-63.46867374,-72.35573213
54.97,-63.44930651,-72.33947386
54.98,-63.4299357,-72.3232244
54.99,-63.41056115,-72.30698376
55,-63.39118267,-72.29075192
55.01,-63.37180009,-72.27452889
55.02,-63.35241321,-72.25831464
55.03,-63.33302186,-72.24210918
55.04,-63.31362585,-72.22591249
55.05,-63.29422499,-72.20972457
55.06,-63.27481909,-72.1935454
55.07,-63.25540796,-72.17737498
55.08,-63.2359914,-72.16121328
55.09,-63.21656922,-72.1450603
55.1,-63.19714122,-72.12891602
55.11,-63.1777072,-72.11278043
55.12,-63.15826696,-72.0966535
55.13,-63.13882029,-72.08053523
55.14,-63.119367,-72.06442559
55.15,-63.09990686,-72.04832456
55.16,-63.08043967,-72.03223213
55.17,-63.06096522,-72.01614827
55.18,-63.04148329,-72.00007296
55.19,-63.02199367,-71.98400619
55.2,-63.00249614,-71.96794791
55.21,-62.98299047,-71.95189812
55.22,-62.96347645,-71.93585678
55.23,-62.94395384,-71.91982387
55.24,-62.92442242,-71.90379936
55.25,-62.90488197,-71.88778323
55.26,-62.88533223,-71.87177543
55.27,-62.86577299,-71.85577595
55.28,-62.84620401,-71.83978475
55.29,-62.82662503,-71.8238018
55.3,-62.80703583,-71.80782706
55.31,-62.78743615,-71.7918605
55.32,-62.76782575,-71.77590209
55.33,-62.74820438,-71.75995179
55.34,-62.72857178,-71.74400956
55.35,-62.7089277,-71.72807536
55.36,-62.68927188,-71.71214916
55.37,-62.66960406,-71.69623092
55.38,-62.64992397,-71.68032059
55.39,-62.63023135,-71.66441812
55.4,-62.61052593,-71.64852349
55.41,-62.59080743,-71.63263664
55.42,-62.57107558,-71.61675753
55.43,-62.5513301,-71.60088611
55.44,-62.53157071,-71.58502233
55.45,-62.51179713,-71.56916615
55.46,-62.49200906,-71.55331752
55.47,-62.47220621,-71.53747638
55.48,-62.45238829,-71.52164268
55.49,-62.43255501,-71.50581638
55.5,-62.41270606,-71.48999741
55.51,-62.39284113,-71.47418573
55.52,-62.37295992,-71.45838127
55.53,-62.35306212,-71.44258399
55.54,-62.33314741,-71.42679381
55.55,-62.31321548,-71.41101068
55.56,-62.29326599,-71.39523455
55.57,-62.27329864,-71.37946535
55.58,-62.25331308,-71.36370301
55.59,-62.23330898,-71.34794747
55.6,-62.213286,-71.33219868
55.61,-62.19324382,-71.31645655
55.62,-62.17318207,-71.30072103
55.63,-62.15310041,-71.28499204
55.64,-62.13299849,-71.26926952
55.65,-62.11287594,-71.2535534
55.66,-62.09273242,-71.23784359
55.67,-62.07256754,-71.22214004
55.68,-62.05238095,-71.20644266
55.69,-62.03217227,-71.19075138
55.7,-62.01194111,-71.17506612
55.71,-61.99168709,-71.1593868
55.72,-61.97140983,-71.14371334
55.73,-61.95110893,-71.12804567
55.74,-61.93078399,-71.1123837
55.75,-61.91043461,-71.09672734
55.76,-61.89006039,-71.08107651
55.77,-61.8696609,-71.06543113
55.78,-61.84923574,-71.04979111
55.79,-61.82878447,-71.03415635
55.8,-61.80830667,-71.01852678
55.81,-61.78780191,-71.00290228
55.82,-61.76726974,-70.98728279
55.83,-61.74670972,-70.97166819
55.84,-61.72612141,-70.95605839
55.85,-61.70550433,-70.9404533
55.86,-61.68485804,-70.92485281
55.87,-61.66418206,-70.90925683
55.88,-61.64347592,-70.89366525
55.89,-61.62273914,-70.87807798
55.9,-61.60197123,-70.8624949
55.91,-61.5811717,-70.84691591
55.92,-61.56034005,-70.8313409
55.93,-61.53947577,-70.81576977
55.94,-61.51857835,-70.80020239
55.95,-61.49764728,-70.78463867
55.96,-61.47668202,-70.76907848
55.97,-61.45568204,-70.75352171
55.98,-61.4346468,-70.73796823
55.99,-61.41357575,-70.72241794
56,-61.39246834,-70.70687072
56.01,-61.371324,-70.69132643
56.02,-61.35014217,-70.67578495
56.03,-61.32892227,-70.66024616
56.04,-61.3076637,-70.64470993
56.05,-61.28636588,-70.62917614
56.06,-61.2650282,-70.61364464
56.07,-61.24365005,-70.5981153
56.08,-61.22223081,-70.582588
56.09,-61.20076985,-70.56706259
56.1,-61.17926654,-70.55153894
56.11,-61.15772022,-70.5360169
56.12,-61.13613025,-70.52049632
56.13,-61.11449596,-70.50497708
56.14,-61.09281668,-70.48945901
56.15,-61.07109171,-70.47394198
56.16,-61.04932037,-70.45842582
56.17,-61.02750194,-70.44291039
56.18,-61.00563573,-70.42739554
56.19,-60.983721,-70.41188109
56.2,-60.96175702,-70.3963669
56.21,-60.93974303,-70.38085281
56.22,-60.91767829,-70.36533864
56.23,-60.89556202,-70.34982423
56.24,-60.87339345,-70.33430942
56.25,-60.85117178,-70.31879404
56.26,-60.8288962,-70.3032779
56.27,-60.80656591,-70.28776084
56.28,-60.78418007,-70.27224268
56.29,-60.76173784,-70.25672323
56.3,-60.73923837,-70.24120232
56.31,-60.71668078,-70.22567976
56.32,-60.69406421,-70.21015535
56.33,-60.67138775,-70.19462892
56.34,-60.6486505,-70.17910026
56.35,-60.62585153,-70.16356918
56.36,-60.60298991,-70.14803549
56.37,-60.58006468,-70.13249897
56.38,-60.55707488,-70.11695943
56.39,-60.53401952,-70.10141666
56.4,-60.51089761,-70.08587045
56.41,-60.48770813,-70.07032058
56.42,-60.46445005,-70.05476684
56.43,-60.44112232,-70.03920902
56.44,-60.41772388,-70.02364688
56.45,-60.39425365,-70.0080802
56.46,-60.37071052,-69.99250876
56.47,-60.34709338,-69.97693232
56.48,-60.32340109,-69.96135065
56.49,-60.29963249,-69.9457635
56.5,-60.27578642,-69.93017065
56.51,-60.25186167,-69.91457183
56.52,-60.22785703,-69.89896681
56.53,-60.20377126,-69.88335533
56.54,-60.17960311,-69.86773713
56.55,-60.1553513,-69.85211196
56.56,-60.13101454,-69.83647955
56.57,-60.10659148,-69.82083963
56.58,-60.0820808,-69.80519193
56.59,-60.05748112,-69.78953618
56.6,-60.03279105,-69.77387209
56.61,-60.00800809,-69.75819939
56.62,-59.98312934,-69.74251779
56.63,-59.9581541,-69.72682699
56.64,-59.93308256,-69.7111267
56.65,-59.90791367,-69.69541661
56.66,-59.88264579,-69.67969643
56.67,-59.85727731,-69.66396584
56.68,-59.83180658,-69.64822452
56.69,-59.80623193,-69.63247217
56.7,-59.78055168,-69.61670845
56.71,-59.7547641,-69.60093303
56.72,-59.72886747,-69.58514558
56.73,-59.70285999,-69.56934577
56.74,-59.67673988,-69.55353324
56.75,-59.65050529,-69.53770764
56.76,-59.62415436,-69.52186863
56.77,-59.59768518,-69.50601584
56.78,-59.57109582,-69.4901489
56.79,-59.5443843,-69.47426744
56.8,-59.51754861,-69.45837108
56.81,-59.49058671,-69.44245944
56.82,-59.4634965,-69.42653213
56.83,-59.43627586,-69.41058875
56.84,-59.40892261,-69.3946289
56.85,-59.38143455,-69.37865216
56.86,-59.35380942,-69.36265814
56.87,-59.32604493,-69.34664639
56.88,-59.29813871,-69.33061649
56.89,-59.2700884,-69.31456801
56.9,-59.24189154,-69.29850051
56.91,-59.21354564,-69.28241353
56.92,-59.18504818,-69.26630661
56.93,-59.15639655,-69.25017929
56.94,-59.12758812,-69.2340311
56.95,-59.09862018,-69.21786155
56.96,-59.06948999,-69.20167016
56.97,-59.04019473,-69.18545644
56.98,-59.01073153,-69.16921986
56.99,-58.98109747,-69.15295993
57,-58.95128955,-69.13667612
57.01,-58.92130472,-69.12036789
57.02,-58.89113985,-69.10403471
57.03,-58.86079176,-69.08767603
57.04,-58.8302572,-69.07129128
57.05,-58.79953284,-69.0548799
57.06,-58.76861528,-69.03844131
57.07,-58.73750104,-69.02197492
57.08,-58.70618659,-69.00548013
57.09,-58.67466829,-68.98895633
57.1,-58.64294243,-68.97240289
57.11,-58.61100523,-68.9558192
57.12,-58.5788528,-68.93920459
57.13,-58.54648119,-68.92255843
57.14,-58.51388634,-68.90588003
57.15,-58.48106411,-68.88916873
57.16,-58.44801025,-68.87242383
57.17,-58.41472043,-68.85564462
57.18,-58.38119007,-68.83883039
57.19,-58.34741453,-68.82198041
57.2,-58.31338928,-68.80509393
57.21,-58.27910962,-68.7881702
57.22,-58.24457072,-68.77120844
57.23,-58.20976762,-68.75420787
57.24,-58.1746952,-68.73716768
57.25,-58.13934826,-68.72008706
57.26,-58.10372143,-68.70296518
57.27,-58.06780923,-68.68580118
57.28,-58.03160604,-68.66859419
57.29,-57.99510611,-68.65134335
57.3,-57.95830354,-68.63404774
57.31,-57.92119227,-68.61670645
57.32,-57.88376611,-68.59931854
57.33,-57.84601871,-68.58188307
57.34,-57.80794355,-68.56439905
57.35,-57.76953396,-68.54686549
57.36,-57.73078308,-68.52928138
57.37,-57.69168388,-68.51164569
57.38,-57.65222917,-68.49395736
57.39,-57.61241154,-68.47621532
57.4,-57.5722234,-68.45841846
57.41,-57.53165696,-68.44056568
57.42,-57.49070424,-68.42265581
57.43,-57.44935702,-68.4046877
57.44,-57.40760687,-68.38666015
57.45,-57.36544514,-68.36857194
57.46,-57.32286295,-68.35042182
57.47,-57.27985116,-68.33220854
57.48,-57.23640038,-68.31393079
57.49,-57.19250098,-68.29558723
57.5,-57.14814306,-68.27717653
57.51,-57.10331641,-68.25869729
57.52,-57.05801059,-68.24014809
57.53,-57.01221481,-68.2215275
57.54,-56.965918,-68.20283402
57.55,-56.91910878,-68.18406616
57.56,-56.87177543,-68.16522236
57.57,-56.82390588,-68.14630104
57.58,-56.77548773,-68.12730059
57.59,-56.72650816,-68.10821936
57.6,-56.67695398,-68.08905564
57.61,-56.62681168,-68.06980771
57.62,-56.57606731,-68.05047379
57.63,-56.52470654,-68.03105208
57.64,-56.47271456,-68.01154072
57.65,-56.42007614,-67.99193781
57.66,-56.36677555,-67.97224139
57.67,-56.31279658,-67.95244949
57.68,-56.25812253,-67.93256006
57.69,-56.20273617,-67.912571
57.7,-56.14661971,-67.89248019
57.71,-56.08975482,-67.87228542
57.72,-56.03212256,-67.85198444
57.73,-55.97370339,-67.83157496
57.74,-55.91447715,-67.81105461
57.75,-55.85442301,-67.79042097
57.76,-55.79351945,-67.76967156
57.77,-55.73174426,-67.74880383
57.78,-55.66907447,-67.72781517
57.79,-55.60548634,-67.70670291
57.8,-55.54095534,-67.68546428
57.81,-55.47545611,-67.66409648
57.82,-55.40896241,-67.64259661
57.83,-55.3414471,-67.62096169
57.84,-55.27288209,-67.59918867
57.85,-55.20323832,-67.57727442
57.86,-55.13248571,-67.55521573
57.87,-55.06059309,-67.53300929
57.88,-54.98752821,-67.51065169
57.89,-54.9132576,-67.48813945
57.9,-54.83774663,-67.46546899
57.91,-54.76095938,-67.44263661
57.92,-54.68285863,-67.41963851
57.93,-54.60340577,-67.39647081
57.94,-54.52256076,-67.37312949
57.95,-54.44028206,-67.34961042
57.96,-54.35652652,-67.32590936
57.97,-54.27124938,-67.30202193
57.98,-54.18440414,-67.27794364
57.99,-54.09594251,-67.25366984
58,-54.00581428,-67.22919578
58.01,-53.91396732,-67.20451653
58.02,-53.82034737,-67.17962703
58.03,-53.72489806,-67.15452206
58.04,-53.62756071,-67.12919625
58.05,-53.52827428,-67.10364404
58.06,-53.42697524,-67.07785972
58.07,-53.32359742,-67.05183739
58.08,-53.21807192,-67.02557096
58.09,-53.11032696,-66.99905416
58.1,-53.00028774,-66.97228049
58.11,-52.88787626,-66.94524328
58.12,-52.7730112,-66.9179356
58.13,-52.65560774,-66.89035031
58.14,-52.53557735,-66.86248004
58.15,-52.41282765,-66.83431717
58.16,-52.28726219,-66.8058538
58.17,-52.1587802,-66.7770818
58.18,-52.02727644,-66.74799273
58.19,-51.89264089,-66.71857786
58.2,-51.75475853,-66.68882818
58.21,-51.6135091,-66.65873433
58.22,-51.46876677,-66.62828663
58.23,-51.32039986,-66.59747508
58.24,-51.16827054,-66.56628927
58.25,-51.01223448,-66.53471845
58.26,-50.85214049,-66.50275145
58.27,-50.68783015,-66.47037671
58.28,-50.51913744,-66.43758221
58.29,-50.34588827,-66.4043555
58.3,-50.16790007,-66.37068365
58.31,-49.98498131,-66.33655321
58.32,-49.79693099,-66.30195025
58.33,-49.60353813,-66.26686026
58.34,-49.40458121,-66.23126817
58.35,-49.19982759,-66.19515831
58.36,-48.98903285,-66.15851437
58.37,-48.77194017,-66.1213194
58.38,-48.54827964,-66.08355573
58.39,-48.31776751,-66.04520498
58.4,-48.08010542,-66.00624797
58.41,-47.83497963,-65.96666475
58.42,-47.58206015,-65.9264345
58.43,-47.32099984,-65.8855355
58.44,-47.05143353,-65.84394508
58.45,-46.77297699,-65.80163961
58.46,-46.48522602,-65.75859438
58.47,-46.18775531,-65.71478359
58.48,-45.88011744,-65.67018025
58.49,-45.56184173,-65.62475616
58.5,-45.23243317,-65.57848183
58.51,-44.8913712,-65.53132636
58.52,-44.53810859,-65.48325742
58.53,-44.1720703,-65.43424113
58.54,-43.7926523,-65.384242
58.55,-43.39922048,-65.33322279
58.56,-42.99110956,-65.28114445
58.57,-42.56762214,-65.227966
58.58,-42.12802777,-65.17364439
58.59,-41.67156218,-65.11813441
58.6,-41.19742677,-65.06138851
58.61,-40.70478817,-65.00335671
58.62,-40.19277822,-64.94398642
58.63,-39.6604942,-64.88322226
58.64,-39.10699949,-64.8210059
58.65,-38.53132483,-64.75727589
58.66,-37.93246999,-64.69196742
58.67,-37.30940637,-64.62501212
58.68,-36.66108028,-64.55633783
58.69,-35.98641726,-64.48586834
58.7,-35.28432755,-64.41352315
58.71,-34.55371284,-64.33921713
58.72,-33.79347451,-64.26286024
58.73,-33.00252365,-64.18435722
58.74,-32.17979284,-64.10360719
58.75,-31.32425019,-64.02050329
58.76,-30.43491562,-63.93493227
58.77,-29.51087976,-63.84677405
58.78,-28.55132545,-63.75590122
58.79,-27.55555223,-63.66217858
58.8,-26.52300355,-63.56546255
58.81,-25.45329705,-63.46560063
58.82,-24.34625749,-63.36243075
58.83,-23.20195211,-63.25578061
58.84,-22.0207279,-63.14546697
58.85,-20.80325013,-63.03129489
58.86,-19.550541,-62.9130569
58.87,-18.26401719,-62.79053219
58.88,-16.94552476,-62.66348563
58.89,-15.59736946,-62.5316668
58.9,-14.22234054,-62.39480897
58.91,-12.82372566,-62.25262802
58.92,-11.40531486,-62.10482123
58.93,-9.971391584,-61.95106608
58.94,-8.526708852,-61.79101896
58.95,-7.076449588,-61.62431374
58.96,-5.626170612,-61.45056039
58.97,-4.181730759,-61.26934341
58.98,-2.749204529,-61.08022024
58.99,-1.334783693,-60.88271953
59,0.05532983606,-60.67633945
59.01,1.415035819,-60.46054579
59.02,2.738447613,-60.23476999
59.03,4.019999513,-59.99840705
59.04,5.254544944,-59.7508118
59.05,6.437441501,-59.49130159
59.06,7.564619604,-59.21914834
59.07,8.632632568,-58.933578
59.08,9.638687001,-58.6337678
59.09,10.58065359,-58.31884317
59.1,11.45705931,-57.98787455
59.11,12.26706313,-57.63987393
59.12,13.01041758,-57.27379103
59.13,13.68741941,-56.88850934
59.14,14.29885234,-56.48284159
59.15,14.84592491,-56.05552502
59.16,15.33020641,-55.60521612
59.17,15.7535632,-55.13048491
59.18,16.11809752,-54.62980875
59.19,16.42609028,-54.10156556
59.2,16.67994898,-53.54402647
59.21,16.88216127,-52.95534782
59.22,17.03525472,-52.33356257
59.23,17.14176245,-51.67657091
59.24,17.20419471,-50.98213034
59.25,17.22501583,-50.247845
59.26,17.20662609,-49.47115445
59.27,17.15134796,-48.64932187
59.28,17.06141611,-47.77942636
59.29,16.93897068,-46.85834137
59.3,16.78605321,-45.8827275
59.31,16.60460476,-44.84902233
59.32,16.39646582,-43.75343118
59.33,16.16337754,-42.59192025
59.34,15.90698407,-41.36021407
59.35,15.62883565,-40.05379892
59.36,15.33039223,-38.66793498
59.37,15.01302743,-37.19768028
59.38,14.6780328,-35.6379309
59.39,14.32662204,-33.98348262
59.4,13.95993532,-32.22912071
59.41,13.5790435,-30.3697459
59.42,13.18495223,-28.40054546
59.43,12.77860589,-26.31721982
59.44,12.36089138,-24.11627439
59.45,11.93264173,-21.79538523
59.46,11.49463942,-19.35384273
59.47,11.04761967,-16.79307011
59.48,10.59227336,-14.11720123
59.49,10.12924987,-11.33368607
59.5,9.659159717,-8.453871275
59.51,9.182576986,-5.493481685
59.52,8.700041618,-2.472910235
59.53,8.212061551,0.5827847838
59.54,7.719114688,3.644267624
59.55,7.221650758,6.678759168
59.56,6.720093036,9.651322879
59.57,6.214839952,12.5265351
59.58,5.706266589,15.27039501
59.59,5.194726083,17.85226756
59.6,4.680550935,20.24662495
59.61,4.164054227,22.43437
59.62,3.645530787,24.40358676
59.63,3.125258257,26.14965658
59.64,2.603498092,27.67477672
59.65,2.080496524,28.98700246
59.66,1.556485424,30.09898341
59.67,1.031683154,31.02657724
59.68,0.5062953142,31.78750303
59.69,-0.01948451502,32.40015423
59.7,-0.5454741231,32.88264219
59.71,-1.07150203,33.25209452
59.72,-1.597406927,33.52419778
59.73,-2.123037122,33.71295072
59.74,-2.648250066,33.83058379
59.75,-3.172911864,33.88759905
59.76,-3.696896876,33.89288885
59.77,-4.220087278,33.85389926
59.78,-4.742372721,33.77681238
59.79,-5.263649942,33.66672953
59.8,-5.783822447,33.52784388
59.81,-6.302800179,33.36359606
59.82,-6.820499205,33.17680997
59.83,-7.336841448,32.96980843
59.84,-7.851754371,32.74450989
59.85,-8.365170719,32.50250793
59.86,-8.877028278,32.24513612
59.87,-9.387269596,31.97352011
59.88,-9.895841752,31.68861957
59.89,-10.40269613,31.39126138
59.9,-10.9077882,31.08216612
59.91,-11.4110773,30.76196897
59.92,-11.91252648,30.43123625
59.93,-12.41210222,30.09047851
59.94,-12.90977436,29.74016082
59.95,-13.40551584,29.38071099
59.96,-13.89930261,29.01252603
59.97,-14.39111343,28.63597732
59.98,-14.88092978,28.25141467
59.99,-15.36873569,27.8591696
60,-15.85451764,27.45955797
60.01,-16.33826442,27.05288206
60.02,-16.81996708,26.63943224
60.03,-17.29961879,26.21948833
60.04,-17.77721474,25.79332073
60.05,-18.25275214,25.36119124
60.06,-18.72623006,24.9233538
60.07,-19.19764941,24.48005512
60.08,-19.66701287,24.03153505
60.09,-20.13432486,23.57802705
60.1,-20.59959145,23.11975849
60.11,-21.06282034,22.65695085
60.12,-21.52402088,22.18982002
60.13,-21.98320396,21.71857638
60.14,-22.44038204,21.24342502
60.15,-22.8955691,20.76456584
60.16,-23.34878064,20.28219363
60.17,-23.80003369,19.79649817
60.18,-24.2493468,19.30766434
60.19,-24.69674,18.81587215
60.2,-25.14223488,18.32129681
60.21,-25.58585452,17.8241088
60.22,-26.02762355,17.32447393
60.23,-26.46756814,16.82255336
60.24,-26.905716,16.31850369
60.25,-27.34209642,15.81247701
60.26,-27.77674032,15.30462091
60.27,-28.20968023,14.79507857
60.28,-28.6409503,14.28398881
60.29,-29.07058636,13.77148613
60.3,-29.49862595,13.25770077
60.31,-29.92510828,12.74275879
60.32,-30.35007437,12.22678207
60.33,-30.77356693,11.70988843
60.34,-31.19563053,11.19219169
60.35,-31.6163115,10.67380167
60.36,-32.03565805,10.15482431
60.37,-32.45372021,9.635361736
60.38,-32.87054986,9.115512287
60.39,-33.28620084,8.595370614
60.4,-33.70072881,8.07502774
60.41,-34.11419137,7.554571122
60.42,-34.52664805,7.034084731
60.43,-34.93816028,6.513649108
60.44,-35.34879138,5.993341447
60.45,-35.75860656,5.473235662
60.46,-36.16767298,4.953402449
60.47,-36.57605963,4.433909372
60.48,-36.98383735,3.914820916
60.49,-37.39107878,3.396198568
60.5,-37.79785833,2.878100892
60.51,-38.20425211,2.360583579
60.52,-38.61033795,1.843699538
60.53,-39.01619527,1.327498953
60.54,-39.42190503,0.8120293444
60.55,-39.82754961,0.2973356537
60.56,-40.23321273,-0.2165396998
60.57,-40.63897936,-0.7295567669
60.58,-41.04493558,-1.241677984
60.59,-41.45116845,-1.752868116
60.6,-41.85776587,-2.263094195
60.61,-42.26481645,-2.772325478
60.62,-42.67240928,-3.280533361
60.63,-43.08063373,-3.787691333
60.64,-43.48957922,-4.293774919
60.65,-43.89933502,-4.798761625
60.66,-44.30998992,-5.302630891
60.67,-44.72163211,-5.80536404
60.68,-45.13434873,-6.306944226
60.69,-45.54822553,-6.807356388
60.7,-45.96334652,-7.3065872
60.71,-46.37979372,-7.804625038
60.72,-46.79764657,-8.301459933
60.73,-47.2169815,-8.797083534
60.74,-47.6378716,-9.291489081
60.75,-48.06038592,-9.784671366
60.76,-48.48458902,-10.2766267
60.77,-48.91054036,-10.76735288
60.78,-49.3382937,-11.25684918
60.79,-49.76789641,-11.74511633
60.8,-50.19938885,-12.23215648
60.81,-50.63280353,-12.71797322
60.82,-51.06816454,-13.20257153
60.83,-51.50548658,-13.68595778
60.84,-51.94477422,-14.16813976
60.85,-52.38602111,-14.64912666
60.86,-52.82920908,-15.12892905
60.87,-53.27430729,-15.60755893
60.88,-53.72127132,-16.08502973
60.89,-54.17004232,-16.5613563
60.9,-54.62054615,-17.03655499
60.91,-55.07269252,-17.51064361
60.92,-55.5263742,-17.98364154
60.93,-55.98146625,-18.4555697
60.94,-56.43782527,-18.92645063
60.95,-56.89528881,-19.39630854
60.96,-57.35367481,-19.86516934
60.97,-57.81278117,-20.33306076
60.98,-58.27238549,-20.80001235
60.99,-58.73224484,-21.26605558
61,-59.19209575,-21.73122396
61.01,-59.65165443,-22.19555308
61.02,-60.11061717,-22.65908069
61.03,-60.56866095,-23.12184689
61.04,-61.02544425,-23.58389415
61.05,-61.48060812,-24.04526746
61.06,-61.93377748,-24.50601445
61.07,-62.38456255,-24.96618554
61.08,-62.83256121,-25.42583406
61.09,-63.27736063,-25.88501642
61.1,-63.71853966,-26.3437922
61.11,-64.15567135,-26.80222438
61.12,-64.58832572,-27.26037949
61.13,-65.01607265,-27.71832779
61.14,-65.43848492,-28.17614345
61.15,-65.85514126,-28.63390473
61.16,-66.26562956,-29.09169419
61.17,-66.66955002,-29.54959888
61.18,-67.06651824,-30.00771055
61.19,-67.4561682,-30.46612596
61.2,-67.83815506,-30.92494698
61.21,-68.21215783,-31.38428088
61.22,-68.57788174,-31.84424054
61.23,-68.93506025,-32.30494468
61.24,-69.28345683,-32.76651819
61.25,-69.62286632,-33.22909228
61.26,-69.95311594,-33.69280478
61.27,-70.27406591,-34.1578003
61.28,-70.58560968,-34.62423061
61.29,-70.88767377,-35.09225481
61.3,-71.18021721,-35.56203952
61.31,-71.46323077,-36.03375922
61.32,-71.73673567,-36.50759638
61.33,-72.00078222,-36.98374169
61.34,-72.25544807,-37.46239431
61.35,-72.50083635,-37.94376193
61.36,-72.73707361,-38.42806099
61.37,-72.9643077,-38.91551681
61.38,-73.18270547,-39.40636356
61.39,-73.39245059,-39.90084437
61.4,-73.59374127,-40.39921128
61.41,-73.78678801,-40.9017252
61.42,-73.97181153,-41.40865569
61.43,-74.14904067,-41.92028076
61.44,-74.31871043,-42.43688648
61.45,-74.4810602,-42.95876646
61.46,-74.63633204,-43.48622133
61.47,-74.78476917,-44.01955804
61.48,-74.92661456,-44.55908883
61.49,-75.0621097,-45.10513015
61.5,-75.19149351,-45.65800137
61.51,-75.31500136,-46.21802317
61.52,-75.43286432,-46.78551571
61.53,-75.54530838,-47.36079634
61.54,-75.65255396,-47.94417717
61.55,-75.75481539,-48.53596216
61.56,-75.85230059,-49.13644381
61.57,-75.94521081,-49.74589939
61.58,-76.03374039,-50.36458659
61.59,-76.1180767,-50.99273895
61.6,-76.19840007,-51.63056033
61.61,-76.27488379,-52.27821918
61.62,-76.34769417,-52.93584193
61.63,-76.41699059,-53.60350599
61.64,-76.48292571,-54.28123203
61.65,-76.54564553,-54.96897598
61.66,-76.60528959,-55.66662009
61.67,-76.6619912,-56.37396395
61.68,-76.71587757,-57.09071514
61.69,-76.76707009,-57.81647965
61.7,-76.81568448,-58.55075256
61.71,-76.86183106,-59.29290878
61.72,-76.90561494,-60.04219447
61.73,-76.94713625,-60.79771964
61.74,-76.98649034,-61.55845387
61.75,-77.02376802,-62.32321938
61.76,-77.05905573,-63.09069045
61.77,-77.09243577,-63.85939437
61.78,-77.12398648,-64.62771598
61.79,-77.1537824,-65.39390585
61.8,-77.1818945,-66.15609265
61.81,-77.20839032,-66.91230012
61.82,-77.23333413,-67.66046842
61.83,-77.2567871,-68.39847994
61.84,-77.27880745,-69.12418918
61.85,-77.29945056,-69.83545617
61.86,-77.31876916,-70.5301822
61.87,-77.33681342,-71.20634717
61.88,-77.35363108,-71.8620469
61.89,-77.36926759,-72.49552914
61.9,-77.38376617,-73.1052266
61.91,-77.397168,-73.68978569
61.92,-77.40951224,-74.24808965
61.93,-77.42083619,-74.77927507
61.94,-77.43117535,-75.28274131
61.95,-77.44056355,-75.75815229
61.96,-77.44903302,-76.20543119
61.97,-77.45661447,-76.62474836
61.98,-77.46333719,-77.01650349
61.99,-77.46922915,-77.38130296
62,-77.47431705,-77.71993384
62.01,-77.47862641,-78.03333578
62.02,-77.48218169,-78.322572
62.03,-77.48500628,-78.58880054
62.04,-77.48712267,-78.83324673
62.05,-77.48855243,-79.05717774
62.06,-77.48931636,-79.26187949
62.07,-77.48943448,-79.4486366
62.08,-77.48892614,-79.61871524
62.09,-77.48781004,-79.77334907
62.1,-77.48610432,-79.91372806
62.11,-77.48382657,-80.04098994
62.12,-77.4809939,-80.15621422
62.13,-77.47762296,-80.26041812
62.14,-77.47372997,-80.35455454
62.15,-77.46933079,-80.43951132
62.16,-77.46444089,-80.51611186
62.17,-77.45907541,-80.58511663
62.18,-77.45324916,-80.64722545
62.19,-77.44697665,-80.70308023
62.2,-77.44027209,-80.75326813
62.21,-77.4331494,-80.7983249
62.22,-77.4256222,-80.83873831
62.23,-77.41770385,-80.87495167
62.24,-77.40940743,-80.90736719
62.25,-77.40074573,-80.93634928
62.26,-77.39173129,-80.96222777
62.27,-77.38237633,-80.98530082
62.28,-77.37269281,-81.00583782
62.29,-77.36269242,-81.02408194
62.3,-77.35238652,-81.04025259
62.31,-77.34178622,-81.05454767
62.32,-77.33090232,-81.06714561
62.33,-77.31974532,-81.07820725
62.34,-77.30832541,-81.08787757
62.35,-77.29665252,-81.09628723
62.36,-77.28473624,-81.10355402
62.37,-77.27258588,-81.10978411
62.38,-77.26021044,-81.11507319
62.39,-77.24761862,-81.1195076
62.4,-77.23481883,-81.12316516
62.41,-77.22181919,-81.12611612
62.42,-77.2086275,-81.12842385
62.43,-77.19525131,-81.13014558
62.44,-77.18169785,-81.13133298
62.45,-77.1679741,-81.13203274
62.46,-77.15408674,-81.13228706
62.47,-77.14004221,-81.13213408
62.48,-77.12584666,-81.13160832
62.49,-77.11150599,-81.13074101
62.5,-77.09702587,-81.12956044
62.51,-77.08241171,-81.12809221
62.52,-77.06766868,-81.12635954
62.53,-77.05280173,-81.12438348
62.54,-77.0378156,-81.12218311
62.55,-77.02271479,-81.11977575
62.56,-77.00750361,-81.11717714
62.57,-76.99218617,-81.11440157
62.58,-76.97676639,-81.111462
62.59,-76.96124801,-81.10837026
62.6,-76.94563457,-81.10513707
62.61,-76.92992946,-81.1017722
62.62,-76.91413591,-81.09828455
62.63,-76.89825698,-81.09468222
62.64,-76.88229558,-81.09097259
62.65,-76.8662545,-81.08716239
62.66,-76.85013636,-81.08325775
62.67,-76.83394368,-81.07926427
62.68,-76.81767884,-81.07518706
62.69,-76.80134409,-81.07103078
62.7,-76.7849416,-81.06679969
62.71,-76.76847339,-81.06249769
62.72,-76.75194142,-81.05812832
62.73,-76.73534752,-81.05369484
62.74,-76.71869343,-81.04920021
62.75,-76.70198083,-81.04464717
62.76,-76.68521129,-81.04003819
62.77,-76.6683863,-81.03537555
62.78,-76.65150729,-81.03066134
62.79,-76.63457561,-81.02589746
62.8,-76.61759253,-81.02108565
62.81,-76.60055928,-81.01622753
62.82,-76.58347701,-81.01132454
62.83,-76.56634682,-81.00637803
62.84,-76.54916976,-81.00138923
62.85,-76.53194682,-80.99635926
62.86,-76.51467893,-80.99128915
62.87,-76.49736701,-80.98617985
62.88,-76.48001189,-80.98103221
62.89,-76.46261439,-80.97584703
62.9,-76.44517528,-80.97062503
62.91,-76.42769529,-80.96536687
62.92,-76.41017513,-80.96007315
62.93,-76.39261546,-80.95474442
62.94,-76.37501692,-80.94938119
62.95,-76.3573801,-80.94398392
62.96,-76.33970559,-80.93855303
62.97,-76.32199394,-80.9330889
62.98,-76.30424566,-80.92759187
62.99,-76.28646127,-80.92206226
63,-76.26864124,-80.91650035
63.01,-76.25078603,-80.91090642
63.02,-76.23289608,-80.90528068
63.03,-76.2149718,-80.89962335
63.04,-76.19701361,-80.89393463
63.05,-76.17902188,-80.88821467
63.06,-76.16099698,-80.88246365
63.07,-76.14293927,-80.87668168
63.08,-76.12484909,-80.87086889
63.09,-76.10672676,-80.86502538
63.1,-76.0885726,-80.85915126
63.11,-76.07038692,-80.85324659
63.12,-76.05217,-80.84731145
63.13,-76.03392212,-80.8413459
63.14,-76.01564356,-80.83534998
63.15,-75.99733458,-80.82932374
63.16,-75.97899543,-80.82326721
63.17,-75.96062636,-80.81718041
63.18,-75.9422276,-80.81106336
63.19,-75.92379938,-80.80491607
63.2,-75.90534193,-80.79873855
63.21,-75.88685546,-80.79253079
63.22,-75.86834018,-80.78629278
63.23,-75.84979629,-80.78002452
63.24,-75.83122401,-80.77372599
63.25,-75.8126235,-80.76739717
63.26,-75.79399498,-80.76103804
63.27,-75.77533862,-80.75464856
63.28,-75.75665459,-80.74822872
63.29,-75.73794309,-80.74177847
63.3,-75.71920427,-80.73529778
63.31,-75.70043831,-80.72878661
63.32,-75.68164537,-80.72224492
63.33,-75.66282561,-80.71567267
63.34,-75.64397919,-80.70906981
63.35,-75.62510627,-80.70243629
63.36,-75.60620701,-80.69577207
63.37,-75.58728155,-80.68907709
63.38,-75.56833003,-80.6823513
63.39,-75.54935262,-80.67559466
63.4,-75.53034944,-80.6688071
63.41,-75.51132065,-80.66198857
63.42,-75.49226639,-80.65513902
63.43,-75.47318679,-80.64825839
63.44,-75.45408198,-80.64134661
63.45,-75.43495212,-80.63440364
63.46,-75.41579733,-80.6274294
63.47,-75.39661774,-80.62042385
63.48,-75.37741348,-80.61338693
63.49,-75.35818469,-80.60631856
63.5,-75.3389315,-80.5992187
63.51,-75.31965403,-80.59208727
63.52,-75.30035242,-80.58492422
63.53,-75.28102679,-80.57772949
63.54,-75.26167726,-80.57050302
63.55,-75.24230396,-80.56324474
63.56,-75.22290702,-80.55595459
63.57,-75.20348655,-80.54863251
63.58,-75.18404269,-80.54127844
63.59,-75.16457556,-80.53389231
63.6,-75.14508527,-80.52647407
63.61,-75.12557195,-80.51902366
63.62,-75.10603573,-80.511541
63.63,-75.08647672,-80.50402605
63.64,-75.06689504,-80.49647874
63.65,-75.04729081,-80.48889901
63.66,-75.02766416,-80.4812868
63.67,-75.0080152,-80.47364204
63.68,-74.98834405,-80.46596469
63.69,-74.96865084,-80.45825468
63.7,-74.94893567,-80.45051196
63.71,-74.92919868,-80.44273645
63.72,-74.90943997,-80.43492812
63.73,-74.88965967,-80.42708689
63.74,-74.8698579,-80.41921271
63.75,-74.85003477,-80.41130553
63.76,-74.8301904,-80.40336529
63.77,-74.81032492,-80.39539193
63.78,-74.79043843,-80.3873854
63.79,-74.77053106,-80.37934565
63.8,-74.75060292,-80.37127261
63.81,-74.73065413,-80.36316624
63.82,-74.71068482,-80.35502649
63.83,-74.69069509,-80.34685329
63.84,-74.67068507,-80.33864661
63.85,-74.65065488,-80.33040638
63.86,-74.63060462,-80.32213257
63.87,-74.61053443,-80.31382511
63.88,-74.59044442,-80.30548397
63.89,-74.5703347,-80.29710908
63.9,-74.5502054,-80.28870041
63.91,-74.53005663,-80.2802579
63.92,-74.50988851,-80.27178152
63.93,-74.48970116,-80.26327121
63.94,-74.4694947,-80.25472693
63.95,-74.44926924,-80.24614864
63.96,-74.42902491,-80.23753629
63.97,-74.40876183,-80.22888984
63.98,-74.3884801,-80.22020925
63.99,-74.36817986,-80.21149447
64,-74.34786122,-80.20274547
64.01,-74.32752429,-80.19396221
64.02,-74.30716921,-80.18514464
64.03,-74.28679608,-80.17629273
64.04,-74.26640502,-80.16740645
64.05,-74.24599617,-80.15848575
64.06,-74.22556962,-80.1495306
64.07,-74.20512552,-80.14054096
64.08,-74.18466396,-80.13151681
64.09,-74.16418508,-80.1224581
64.1,-74.14368899,-80.1133648
64.11,-74.12317582,-80.10423689
64.12,-74.10264567,-80.09507434
64.13,-74.08209869,-80.0858771
64.14,-74.06153497,-80.07664516
64.15,-74.04095465,-80.06737848
64.16,-74.02035784,-80.05807705
64.17,-73.99974466,-80.04874082
64.18,-73.97911524,-80.03936978
64.19,-73.9584697,-80.0299639
64.2,-73.93780815,-80.02052315
64.21,-73.91713071,-80.01104752
64.22,-73.89643751,-80.00153698
64.23,-73.87572867,-79.99199152
64.24,-73.85500431,-79.9824111
64.25,-73.83426455,-79.97279571
64.26,-73.81350951,-79.96314534
64.27,-73.79273931,-79.95345996
64.28,-73.77195408,-79.94373956
64.29,-73.75115393,-79.93398412
64.3,-73.73033898,-79.92419363
64.31,-73.70950936,-79.91436808
64.32,-73.68866519,-79.90450744
64.33,-73.66780659,-79.89461171
64.34,-73.64693368,-79.88468088
64.35,-73.62604658,-79.87471494
64.36,-73.60514542,-79.86471388
64.37,-73.58423032,-79.85467769
64.38,-73.56330139,-79.84460636
64.39,-73.54235876,-79.83449988
64.4,-73.52140255,-79.82435826
64.41,-73.50043289,-79.81418148
64.42,-73.47944989,-79.80396955
64.43,-73.45845368,-79.79372246
64.44,-73.43744438,-79.78344021
64.45,-73.41642211,-79.77312279
64.46,-73.39538699,-79.76277022
64.47,-73.37433914,-79.75238248
64.48,-73.35327869,-79.74195959
64.49,-73.33220576,-79.73150154
64.5,-73.31112048,-79.72100835
64.51,-73.29002295,-79.71048001
64.52,-73.26891331,-79.69991653
64.53,-73.24779167,-79.68931792
64.54,-73.22665816,-79.67868419
64.55,-73.2055129,-79.66801534
64.56,-73.18435601,-79.6573114
64.57,-73.16318762,-79.64657236
64.58,-73.14200785,-79.63579824
64.59,-73.12081681,-79.62498905
64.6,-73.09961463,-79.61414481
64.61,-73.07840143,-79.60326554
64.62,-73.05717733,-79.59235124
64.63,-73.03594246,-79.58140195
64.64,-73.01469693,-79.57041766
64.65,-72.99344088,-79.55939841
64.66,-72.97217441,-79.54834422
64.67,-72.95089765,-79.5372551
64.68,-72.92961073,-79.52613107
64.69,-72.90831375,-79.51497217
64.7,-72.88700686,-79.50377841
64.71,-72.86569016,-79.49254983
64.72,-72.84436378,-79.48128644
64.73,-72.82302783,-79.46998827
64.74,-72.80168245,-79.45865535
64.75,-72.78032775,-79.44728772
64.76,-72.75896384,-79.4358854
64.77,-72.73759086,-79.42444842
64.78,-72.71620893,-79.41297682
64.79,-72.69481816,-79.40147062
64.8,-72.67341867,-79.38992987
64.81,-72.65201058,-79.37835459
64.82,-72.63059402,-79.36674483
64.83,-72.60916911,-79.35510062
64.84,-72.58773596,-79.343422
64.85,-72.56629469,-79.33170901
64.86,-72.54484543,-79.31996169
64.87,-72.5233883,-79.30818008
64.88,-72.50192341,-79.29636422
64.89,-72.48045088,-79.28451415
64.9,-72.45897083,-79.27262993
64.91,-72.43748339,-79.2607116
64.92,-72.41598867,-79.24875919
64.93,-72.39448679,-79.23677277
64.94,-72.37297787,-79.22475237
64.95,-72.35146202,-79.21269804
64.96,-72.32993937,-79.20060985
64.97,-72.30841004,-79.18848783
64.98,-72.28687413,-79.17633205
64.99,-72.26533178,-79.16414254
65,-72.2437831,-79.15191938
65.01,-72.2222282,-79.1396626
65.02,-72.2006672,-79.12737228
65.03,-72.17910023,-79.11504846
65.04,-72.15752739,-79.10269121
65.05,-72.1359488,-79.09030057
65.06,-72.11436459,-79.07787662
65.07,-72.09277487,-79.06541942
65.08,-72.07117975,-79.05292902
65.09,-72.04957934,-79.04040549
65.1,-72.02797378,-79.02784889
65.11,-72.00636317,-79.01525929
65.12,-71.98474762,-79.00263675
65.13,-71.96312726,-78.98998134
65.14,-71.94150219,-78.97729313
65.15,-71.91987254,-78.96457218
65.16,-71.89823841,-78.95181857
65.17,-71.87659992,-78.93903237
65.18,-71.85495719,-78.92621364
65.19,-71.83331033,-78.91336246
65.2,-71.81165946,-78.90047891
65.21,-71.79000468,-78.88756305
65.22,-71.76834611,-78.87461496
65.23,-71.74668386,-78.86163472
65.24,-71.72501805,-78.84862241
65.25,-71.70334878,-78.83557809
65.26,-71.68167618,-78.82250186
65.27,-71.66000035,-78.8093938
65.28,-71.6383214,-78.79625397
65.29,-71.61663945,-78.78308246
65.3,-71.5949546,-78.76987936
65.31,-71.57326697,-78.75664475
65.32,-71.55157667,-78.74337871
65.33,-71.52988381,-78.73008133
65.34,-71.5081885,-78.7167527
65.35,-71.48649084,-78.70339289
65.36,-71.46479095,-78.690002
65.37,-71.44308894,-78.67658011
65.38,-71.42138491,-78.66312733
65.39,-71.39967898,-78.64964372
65.4,-71.37797125,-78.6361294
65.41,-71.35626183,-78.62258444
65.42,-71.33455083,-78.60900894
65.43,-71.31283835,-78.595403
65.44,-71.29112451,-78.58176671
65.45,-71.2694094,-78.56810016
65.46,-71.24769314,-78.55440345
65.47,-71.22597583,-78.54067667
65.48,-71.20425758,-78.52691993
65.49,-71.18253849,-78.51313333
65.5,-71.16081867,-78.49931695
65.51,-71.13909822,-78.48547091
65.52,-71.11737724,-78.4715953
65.53,-71.09565585,-78.45769023
65.54,-71.07393414,-78.44375579
65.55,-71.05221222,-78.42979209
65.56,-71.03049019,-78.41579924
65.57,-71.00876815,-78.40177733
65.58,-70.98704621,-78.38772648
65.59,-70.96532447,-78.37364678
65.6,-70.94360302,-78.35953836
65.61,-70.92188198,-78.34540131
65.62,-70.90016143,-78.33123574
65.63,-70.87844149,-78.31704176
65.64,-70.85672225,-78.30281949
65.65,-70.8350038,-78.28856903
65.66,-70.81328626,-78.27429049
65.67,-70.79156972,-78.25998398
65.68,-70.76985428,-78.24564963
65.69,-70.74814003,-78.23128754
65.7,-70.72642707,-78.21689782
65.71,-70.70471551,-78.20248059
65.72,-70.68300543,-78.18803597
65.73,-70.66129694,-78.17356407
65.74,-70.63959013,-78.15906501
65.75,-70.6178851,-78.14453891
65.76,-70.59618193,-78.12998587
65.77,-70.57448073,-78.11540604
65.78,-70.5527816,-78.10079951
65.79,-70.53108462,-78.08616642
65.8,-70.50938988,-78.07150687
65.81,-70.48769749,-78.05682101
65.82,-70.46600753,-78.04210893
65.83,-70.4443201,-78.02737078
65.84,-70.42263529,-78.01260667
65.85,-70.40095319,-77.99781672
65.86,-70.37927389,-77.98300106
65.87,-70.35759748,-77.96815981
65.88,-70.33592405,-77.9532931
65.89,-70.3142537,-77.93840106
65.9,-70.2925865,-77.92348381
65.91,-70.27092256,-77.90854148
65.92,-70.24926195,-77.89357419
65.93,-70.22760477,-77.87858207
65.94,-70.2059511,-77.86356526
65.95,-70.18430103,-77.84852388
65.96,-70.16265465,-77.83345807
65.97,-70.14101205,-77.81836794
65.98,-70.1193733,-77.80325363
65.99,-70.09773849,-77.78811528
66,-70.07610771,-77.77295302
66.01,-70.05448105,-77.75776697
66.02,-70.03285858,-77.74255727
66.03,-70.01124039,-77.72732405
66.04,-69.98962656,-77.71206745
66.05,-69.96801718,-77.6967876
66.06,-69.94641232,-77.68148464
66.07,-69.92481207,-77.6661587
66.08,-69.90321651,-77.65080991
66.09,-69.88162571,-77.63543841
66.1,-69.86003977,-77.62004434
66.11,-69.83845875,-77.60462783
66.12,-69.81688273,-77.58918902
66.13,-69.7953118,-77.57372805
66.14,-69.77374603,-77.55824506
66.15,-69.75218551,-77.54274018
66.16,-69.73063029,-77.52721355
66.17,-69.70908047,-77.51166532
66.18,-69.68753612,-77.49609562
66.19,-69.66599731,-77.48050458
66.2,-69.64446412,-77.46489236
66.21,-69.62293662,-77.44925908
66.22,-69.60141488,-77.4336049
66.23,-69.57989898,-77.41792995
66.24,-69.558389,-77.40223438
66.25,-69.53688499,-77.38651831
66.26,-69.51538704,-77.37078191
66.27,-69.49389522,-77.3550253
66.28,-69.47240959,-77.33924864
66.29,-69.45093023,-77.32345206
66.3,-69.42945721,-77.30763571
66.31,-69.40799058,-77.29179972
66.32,-69.38653043,-77.27594426
66.33,-69.36507682,-77.26006945
66.34,-69.34362982,-77.24417544
66.35,-69.32218949,-77.22826238
66.36,-69.3007559,-77.2123304
66.37,-69.27932912,-77.19637967
66.38,-69.2579092,-77.18041031
66.39,-69.23649622,-77.16442248
66.4,-69.21509024,-77.14841632
66.41,-69.19369132,-77.13239198
66.42,-69.17229953,-77.11634959
66.43,-69.15091492,-77.10028932
66.44,-69.12953756,-77.0842113
66.45,-69.10816751,-77.06811568
66.46,-69.08680483,-77.0520026
66.47,-69.06544958,-77.03587222
66.48,-69.04410182,-77.01972468
66.49,-69.0227616,-77.00356012
66.5,-69.001429,-76.9873787
66.51,-68.98010405,-76.97118056
66.52,-68.95878683,-76.95496584
66.53,-68.93747738,-76.9387347
66.54,-68.91617576,-76.92248728
66.55,-68.89488203,-76.90622373
66.56,-68.87359625,-76.8899442
66.57,-68.85231846,-76.87364883
66.58,-68.83104872,-76.85733777
66.59,-68.80978709,-76.84101117
66.6,-68.78853361,-76.82466918
66.61,-68.76728833,-76.80831194
66.62,-68.74605132,-76.79193961
66.63,-68.72482261,-76.77555233
66.64,-68.70360227,-76.75915024
66.65,-68.68239033,-76.74273351
66.66,-68.66118684,-76.72630226
66.67,-68.63999186,-76.70985666
66.68,-68.61880544,-76.69339685
66.69,-68.59762761,-76.67692298
66.7,-68.57645843,-76.66043519
66.71,-68.55529794,-76.64393364
66.72,-68.53414618,-76.62741846
66.73,-68.51300321,-76.61088982
66.74,-68.49186906,-76.59434785
66.75,-68.47074378,-76.57779271
66.76,-68.44962741,-76.56122454
66.77,-68.42851999,-76.54464349
66.78,-68.40742157,-76.5280497
66.79,-68.38633217,-76.51144333
66.8,-68.36525186,-76.49482452
66.81,-68.34418066,-76.47819342
66.82,-68.32311861,-76.46155018
66.83,-68.30206575,-76.44489493
66.84,-68.28102213,-76.42822784
66.85,-68.25998777,-76.41154904
66.86,-68.23896271,-76.39485869
66.87,-68.21794699,-76.37815692
66.88,-68.19694064,-76.36144389
66.89,-68.17594371,-76.34471974
66.9,-68.15495621,-76.32798462
66.91,-68.13397819,-76.31123867
66.92,-68.11300968,-76.29448204
66.93,-68.09205071,-76.27771487
66.94,-68.0711013,-76.26093732
66.95,-68.05016151,-76.24414951
66.96,-68.02923134,-76.22735161
66.97,-68.00831083,-76.21054375
66.98,-67.98740002,-76.19372608
66.99,-67.96649892,-76.17689874
67,-67.94560757,-76.16006188
67.01,-67.924726,-76.14321564
67.02,-67.90385422,-76.12636016
67.03,-67.88299227,-76.10949559
67.04,-67.86214016,-76.09262207
67.05,-67.84129793,-76.07573975
67.06,-67.8204656,-76.05884876
67.07,-67.79964319,-76.04194925
67.08,-67.77883073,-76.02504135
67.09,-67.75802822,-76.00812522
67.1,-67.73723571,-75.99120099
67.11,-67.7164532,-75.97426881
67.12,-67.69568071,-75.95732881
67.13,-67.67491827,-75.94038114
67.14,-67.6541659,-75.92342593
67.15,-67.63342361,-75.90646333
67.16,-67.61269141,-75.88949348
67.17,-67.59196933,-75.8725165
67.18,-67.57125738,-75.85553256
67.19,-67.55055558,-75.83854177
67.2,-67.52986393,-75.82154429
67.21,-67.50918247,-75.80454024
67.22,-67.48851119,-75.78752977
67.23,-67.4678501,-75.77051301
67.24,-67.44719924,-75.7534901
67.25,-67.42655859,-75.73646118
67.26,-67.40592818,-75.71942638
67.27,-67.38530801,-75.70238584
67.28,-67.36469809,-75.68533969
67.29,-67.34409844,-75.66828807
67.3,-67.32350905,-75.65123111
67.31,-67.30292994,-75.63416895
67.32,-67.28236111,-75.61710172
67.33,-67.26180257,-75.60002955
67.34,-67.24125433,-75.58295258
67.35,-67.22071638,-75.56587094
67.36,-67.20018873,-75.54878476
67.37,-67.17967139,-75.53169417
67.38,-67.15916436,-75.5145993
67.39,-67.13866764,-75.49750029
67.4,-67.11818122,-75.48039727
67.41,-67.09770512,-75.46329036
67.42,-67.07723933,-75.44617969
67.43,-67.05678385,-75.42906539
67.44,-67.03633867,-75.4119476
67.45,-67.0159038,-75.39482643
67.46,-66.99547924,-75.37770202
67.47,-66.97506497,-75.36057449
67.48,-66.954661,-75.34344398
67.49,-66.93426732,-75.32631059
67.5,-66.91388392,-75.30917447
67.51,-66.8935108,-75.29203574
67.52,-66.87314796,-75.27489451
67.53,-66.85279537,-75.25775092
67.54,-66.83245304,-75.24060508
67.55,-66.81212095,-75.22345713
67.56,-66.7917991,-75.20630718
67.57,-66.77148748,-75.18915535
67.58,-66.75118606,-75.17200177
67.59,-66.73089485,-75.15484655
67.6,-66.71061383,-75.13768983
67.61,-66.69034299,-75.12053171
67.62,-66.6700823,-75.10337231
67.63,-66.64983177,-75.08621176
67.64,-66.62959136,-75.06905017
67.65,-66.60936107,-75.05188766
67.66,-66.58914088,-75.03472435
67.67,-66.56893078,-75.01756035
67.68,-66.54873073,-75.00039577
67.69,-66.52854073,-74.98323075
67.7,-66.50836075,-74.96606538
67.71,-66.48819078,-74.94889978
67.72,-66.46803079,-74.93173407
67.73,-66.44788077,-74.91456835
67.74,-66.42774068,-74.89740275
67.75,-66.40761051,-74.88023737
67.76,-66.38749023,-74.86307232
67.77,-66.36737981,-74.84590772
67.78,-66.34727925,-74.82874367
67.79,-66.32718849,-74.81158028
67.8,-66.30710753,-74.79441766
67.81,-66.28703633,-74.77725593
67.82,-66.26697486,-74.76009518
67.83,-66.24692309,-74.74293552
67.84,-66.22688101,-74.72577706
67.85,-66.20684857,-74.70861991
67.86,-66.18682574,-74.69146416
67.87,-66.16681249,-74.67430993
67.88,-66.1468088,-74.65715732
67.89,-66.12681462,-74.64000643
67.9,-66.10682992,-74.62285736
67.91,-66.08685467,-74.60571021
67.92,-66.06688884,-74.58856509
67.93,-66.04693238,-74.57142209
67.94,-66.02698525,-74.55428132
67.95,-66.00704744,-74.53714287
67.96,-65.98711888,-74.52000684
67.97,-65.96719955,-74.50287333
67.98,-65.9472894,-74.48574244
67.99,-65.9273884,-74.46861426
68,-65.9074965,-74.45148889
68.01,-65.88761366,-74.43436642
68.02,-65.86773984,-74.41724695
68.03,-65.84787499,-74.40013057
68.04,-65.82801908,-74.38301738
68.05,-65.80817204,-74.36590746
68.06,-65.78833385,-74.3488009
68.07,-65.76850444,-74.33169781
68.08,-65.74868378,-74.31459826
68.09,-65.72887182,-74.29750235
68.1,-65.70906851,-74.28041017
68.11,-65.68927379,-74.2633218
68.12,-65.66948762,-74.24623733
68.13,-65.64970995,-74.22915685
68.14,-65.62994072,-74.21208044
68.15,-65.61017988,-74.1950082
68.16,-65.59042738,-74.17794019
68.17,-65.57068316,-74.16087651
68.18,-65.55094717,-74.14381725
68.19,-65.53121936,-74.12676247
68.2,-65.51149966,-74.10971227
68.21,-65.49178801,-74.09266672
68.22,-65.47208437,-74.07562591
68.23,-65.45238867,-74.05858991
68.24,-65.43270084,-74.04155881
68.25,-65.41302084,-74.02453267
68.26,-65.3933486,-74.00751159
68.27,-65.37368405,-73.99049562
68.28,-65.35402714,-73.97348486
68.29,-65.33437779,-73.95647937
68.3,-65.31473595,-73.93947923
68.31,-65.29510154,-73.92248452
68.32,-65.27547451,-73.9054953
68.33,-65.25585478,-73.88851164
68.34,-65.23624229,-73.87153363
68.35,-65.21663697,-73.85456132
68.36,-65.19703874,-73.83759479
68.37,-65.17744755,-73.82063411
68.38,-65.1578633,-73.80367935
68.39,-65.13828594,-73.78673057
68.4,-65.11871539,-73.76978783
68.41,-65.09915158,-73.75285122
68.42,-65.07959443,-73.73592079
68.43,-65.06004386,-73.7189966
68.44,-65.0404998,-73.70207872
68.45,-65.02096218,-73.68516721
68.46,-65.0014309,-73.66826214
68.47,-64.9819059,-73.65136356
68.48,-64.96238709,-73.63447154
68.49,-64.9428744,-73.61758614
68.5,-64.92336773,-73.60070741
68.51,-64.90386701,-73.58383542
68.52,-64.88437215,-73.56697021
68.53,-64.86488308,-73.55011186
68.54,-64.84539969,-73.5332604
68.55,-64.82592191,-73.51641591
68.56,-64.80644965,-73.49957843
68.57,-64.78698282,-73.48274802
68.58,-64.76752133,-73.46592472
68.59,-64.74806509,-73.4491086
68.6,-64.72861401,-73.43229971
68.61,-64.709168,-73.41549808
68.62,-64.68972696,-73.39870378
68.63,-64.6702908,-73.38191685
68.64,-64.65085942,-73.36513735
68.65,-64.63143274,-73.34836531
68.66,-64.61201064,-73.33160078
68.67,-64.59259304,-73.31484382
68.68,-64.57317982,-73.29809446
68.69,-64.55377091,-73.28135275
68.7,-64.53436618,-73.26461874
68.71,-64.51496555,-73.24789245
68.72,-64.4955689,-73.23117395
68.73,-64.47617613,-73.21446327
68.74,-64.45678715,-73.19776044
68.75,-64.43740183,-73.18106551
68.76,-64.41802007,-73.16437852
68.77,-64.39864177,-73.1476995
68.78,-64.37926682,-73.1310285
68.79,-64.3598951,-73.11436554
68.8,-64.3405265,-73.09771066
68.81,-64.32116092,-73.08106391
68.82,-64.30179823,-73.0644253
68.83,-64.28243832,-73.04779488
68.84,-64.26308107,-73.03117268
68.85,-64.24372637,-73.01455872
68.86,-64.2243741,-72.99795304
68.87,-64.20502415,-72.98135567
68.88,-64.18567637,-72.96476664
68.89,-64.16633067,-72.94818597
68.9,-64.14698691,-72.9316137
68.91,-64.12764497,-72.91504984
68.92,-64.10830472,-72.89849443
68.93,-64.08896603,-72.88194749
68.94,-64.06962879,-72.86540904
68.95,-64.05029285,-72.84887911
68.96,-64.0309581,-72.83235772
68.97,-64.01162439,-72.81584489
68.98,-63.99229159,-72.79934064
68.99,-63.97295958,-72.78284499
69,-63.95362821,-72.76635797
69.01,-63.93429734,-72.74987958
69.02,-63.91496685,-72.73340985
69.03,-63.89563658,-72.71694879
69.04,-63.8763064,-72.70049642
69.05,-63.85697617,-72.68405275
69.06,-63.83764574,-72.6676178
69.07,-63.81831497,-72.65119158
69.08,-63.79898371,-72.6347741
69.09,-63.77965182,-72.61836538
69.1,-63.76031913,-72.60196543
69.11,-63.74098552,-72.58557424
69.12,-63.72165081,-72.56919185
69.13,-63.70231486,-72.55281824
69.14,-63.68297752,-72.53645344
69.15,-63.66363862,-72.52009744
69.16,-63.64429801,-72.50375026
69.17,-63.62495553,-72.48741189
69.18,-63.60561101,-72.47108234
69.19,-63.5862643,-72.45476162
69.2,-63.56691523,-72.43844972
69.21,-63.54756364,-72.42214665
69.22,-63.52820936,-72.4058524
69.23,-63.50885221,-72.38956699
69.24,-63.48949203,-72.3732904
69.25,-63.47012865,-72.35702263
69.26,-63.45076188,-72.34076369
69.27,-63.43139157,-72.32451356
69.28,-63.41201752,-72.30827225
69.29,-63.39263955,-72.29203974
69.3,-63.3732575,-72.27581604
69.31,-63.35387117,-72.25960112
69.32,-63.33448039,-72.243395
69.33,-63.31508495,-72.22719764
69.34,-63.29568468,-72.21100906
69.35,-63.27627939,-72.19482922
69.36,-63.25686888,-72.17865814
69.37,-63.23745297,-72.16249578
69.38,-63.21803144,-72.14634214
69.39,-63.19860411,-72.1301972
69.4,-63.17917078,-72.11406095
69.41,-63.15973124,-72.09793336
69.42,-63.1402853,-72.08181444
69.43,-63.12083274,-72.06570414
69.44,-63.10137335,-72.04960247
69.45,-63.08190694,-72.03350939
69.46,-63.06243327,-72.01742488
69.47,-63.04295215,-72.00134893
69.48,-63.02346336,-71.98528151
69.49,-63.00396666,-71.9692226
69.5,-62.98446186,-71.95317217
69.51,-62.96494871,-71.93713019
69.52,-62.945427,-71.92109665
69.53,-62.9258965,-71.90507151
69.54,-62.90635698,-71.88905475
69.55,-62.8868082,-71.87304632
69.56,-62.86724993,-71.85704622
69.57,-62.84768193,-71.8410544
69.58,-62.82810397,-71.82507083
69.59,-62.8085158,-71.80909548
69.6,-62.78891717,-71.79312831
69.61,-62.76930784,-71.77716929
69.62,-62.74968756,-71.76121838
69.63,-62.73005608,-71.74527555
69.64,-62.71041313,-71.72934076
69.65,-62.69075846,-71.71341396
69.66,-62.67109182,-71.69749512
69.67,-62.65141293,-71.6815842
69.68,-62.63172153,-71.66568116
69.69,-62.61201734,-71.64978594
69.7,-62.59230011,-71.63389852
69.71,-62.57256955,-71.61801883
69.72,-62.55282538,-71.60214684
69.73,-62.53306732,-71.5862825
69.74,-62.51329509,-71.57042576
69.75,-62.4935084,-71.55457657
69.76,-62.47370695,-71.53873488
69.77,-62.45389046,-71.52290064
69.78,-62.43405863,-71.50707379
69.79,-62.41421115,-71.49125429
69.8,-62.39434773,-71.47544207
69.81,-62.37446804,-71.45963708
69.82,-62.35457179,-71.44383927
69.83,-62.33465866,-71.42804858
69.84,-62.31472833,-71.41226494
69.85,-62.29478048,-71.39648829
69.86,-62.27481478,-71.38071859
69.87,-62.2548309,-71.36495575
69.88,-62.23482851,-71.34919972
69.89,-62.21480728,-71.33345044
69.9,-62.19476686,-71.31770783
69.91,-62.1747069,-71.30197183
69.92,-62.15462707,-71.28624238
69.93,-62.134527,-71.27051939
69.94,-62.11440634,-71.25480281
69.95,-62.09426472,-71.23909255
69.96,-62.07410179,-71.22338855
69.97,-62.05391717,-71.20769073
69.98,-62.03371049,-71.19199902
69.99,-62.01348136,-71.17631333
70,-61.99322941,-71.16063359
70.01,-61.97295425,-71.14495973
70.02,-61.95265547,-71.12929165
70.03,-61.9323327,-71.11362927
70.04,-61.91198552,-71.09797252
70.05,-61.89161352,-71.08232131
70.06,-61.8712163,-71.06667555
70.07,-61.85079343,-71.05103516
70.08,-61.83034449,-71.03540004
70.09,-61.80986906,-71.01977011
70.1,-61.7893667,-71.00414527
70.11,-61.76883697,-70.98852543
70.12,-61.74827943,-70.9729105
70.13,-61.72769363,-70.95730038
70.14,-61.70707911,-70.94169497
70.15,-61.6864354,-70.92609417
70.16,-61.66576205,-70.91049789
70.17,-61.64505858,-70.89490603
70.18,-61.6243245,-70.87931847
70.19,-61.60355934,-70.86373512
70.2,-61.58276259,-70.84815586
70.21,-61.56193377,-70.8325806
70.22,-61.54107236,-70.81700922
70.23,-61.52017785,-70.80144161
70.24,-61.49924973,-70.78587766
70.25,-61.47828747,-70.77031725
70.26,-61.45729053,-70.75476027
70.27,-61.43625837,-70.7392066
70.28,-61.41519046,-70.72365612
70.29,-61.39408623,-70.70810871
70.3,-61.37294511,-70.69256425
70.31,-61.35176655,-70.67702262
70.32,-61.33054996,-70.66148368
70.33,-61.30929476,-70.64594732
70.34,-61.28800036,-70.6304134
70.35,-61.26666614,-70.61488178
70.36,-61.2452915,-70.59935235
70.37,-61.22387583,-70.58382495
70.38,-61.20241849,-70.56829946
70.39,-61.18091885,-70.55277574
70.4,-61.15937626,-70.53725364
70.41,-61.13779007,-70.52173302
70.42,-61.11615961,-70.50621374
70.43,-61.09448421,-70.49069566
70.44,-61.07276319,-70.47517861
70.45,-61.05099585,-70.45966246
70.46,-61.02918149,-70.44414705
70.47,-61.00731939,-70.42863222
70.48,-60.98540884,-70.41311782
70.49,-60.96344909,-70.39760368
70.5,-60.94143941,-70.38208965
70.51,-60.91937903,-70.36657557
70.52,-60.89726719,-70.35106126
70.53,-60.87510311,-70.33554656
70.54,-60.852886,-70.3200313
70.55,-60.83061505,-70.3045153
70.56,-60.80828944,-70.2889984
70.57,-60.78590836,-70.2734804
70.58,-60.76347096,-70.25796114
70.59,-60.74097639,-70.24244042
70.6,-60.71842378,-70.22691807
70.61,-60.69581225,-70.2113939
70.62,-60.67314091,-70.19586771
70.63,-60.65040885,-70.18033931
70.64,-60.62761515,-70.16480852
70.65,-60.60475887,-70.14927511
70.66,-60.58183907,-70.13373891
70.67,-60.55885478,-70.1181997
70.68,-60.535805,-70.10265727
70.69,-60.51268876,-70.08711142
70.7,-60.48950503,-70.07156194
70.71,-60.46625279,-70.0560086
70.72,-60.44293099,-70.04045119
70.73,-60.41953856,-70.02488948
70.74,-60.39607443,-70.00932326
70.75,-60.37253749,-69.99375229
70.76,-60.34892664,-69.97817634
70.77,-60.32524072,-69.96259518
70.78,-60.3014786,-69.94700857
70.79,-60.2776391,-69.93141627
70.8,-60.25372102,-69.91581802
70.81,-60.22972315,-69.90021359
70.82,-60.20564426,-69.88460273
70.83,-60.18148309,-69.86898516
70.84,-60.15723836,-69.85336065
70.85,-60.13290879,-69.83772891
70.86,-60.10849303,-69.82208969
70.87,-60.08398976,-69.80644272
70.88,-60.05939761,-69.79078771
70.89,-60.03471518,-69.7751244
70.9,-60.0099401,-69.75945249
70.91,-59.98506946,-69.7437717
70.92,-59.9601023,-69.72808174
70.93,-59.93503885,-69.71238231
70.94,-59.90987818,-69.69667312
70.95,-59.88461866,-69.68095385
70.96,-59.85925866,-69.6652242
70.97,-59.83379655,-69.64948385
70.98,-59.80823067,-69.63373249
70.99,-59.78255931,-69.61796979
71,-59.75678078,-69.60219542
71.01,-59.73089333,-69.58640905
71.02,-59.70489518,-69.57061034
71.03,-59.67878455,-69.55479894
71.04,-59.6525596,-69.53897451
71.05,-59.62621845,-69.52313668
71.06,-59.59975922,-69.50728511
71.07,-59.57317997,-69.49141942
71.08,-59.54647872,-69.47553925
71.09,-59.51965347,-69.4596442
71.1,-59.49270217,-69.44373391
71.11,-59.46562274,-69.42780797
71.12,-59.43841306,-69.411866
71.13,-59.41107095,-69.3959076
71.14,-59.38359421,-69.37993234
71.15,-59.35598058,-69.36393982
71.16,-59.32822778,-69.34792963
71.17,-59.30033346,-69.33190131
71.18,-59.27229523,-69.31585445
71.19,-59.24411066,-69.2997886
71.2,-59.21577727,-69.28370331
71.21,-59.18729251,-69.26759813
71.22,-59.15865381,-69.25147258
71.23,-59.12985851,-69.2353262
71.24,-59.10090394,-69.2191585
71.25,-59.07178735,-69.202969
71.26,-59.04250591,-69.1867572
71.27,-59.01305678,-69.1705226
71.28,-58.98343702,-69.15426469
71.29,-58.95364366,-69.13798293
71.3,-58.92367363,-69.12167681
71.31,-58.89352383,-69.10534577
71.32,-58.86319108,-69.08898928
71.33,-58.83267212,-69.07260678
71.34,-58.80196364,-69.05619768
71.35,-58.77106223,-69.03976143
71.36,-58.73996445,-69.02329742
71.37,-58.70866674,-69.00680506
71.38,-58.67716548,-68.99028374
71.39,-58.64545697,-68.97373285
71.4,-58.61353743,-68.95715174
71.41,-58.581403,-68.94053977
71.42,-58.5490497,-68.9238963
71.43,-58.51647351,-68.90722066
71.44,-58.48367027,-68.89051216
71.45,-58.45063576,-68.87377013
71.46,-58.41736565,-68.85699384
71.47,-58.38385538,-68.84018259
71.48,-58.35010031,-68.82333566
71.49,-58.31609588,-68.80645228
71.5,-58.28183744,-68.78953172
71.51,-58.24732017,-68.7725732
71.52,-58.2125391,-68.75557592
71.53,-58.17748914,-68.7385391
71.54,-58.14216509,-68.72146191
71.55,-58.1065616,-68.70434352
71.56,-58.07067319,-68.68718309
71.57,-58.03449426,-68.66997975
71.58,-57.99801907,-68.65273262
71.59,-57.96124173,-68.6354408
71.6,-57.92415619,-68.61810338
71.61,-57.88675628,-68.60071942
71.62,-57.84903566,-68.58328797
71.63,-57.81098782,-68.56580805
71.64,-57.7726061,-68.54827868
71.65,-57.73388366,-68.53069884
71.66,-57.69481349,-68.51306751
71.67,-57.6553884,-68.49538362
71.68,-57.61560101,-68.47764611
71.69,-57.57544374,-68.45985388
71.7,-57.53490883,-68.44200581
71.71,-57.49398829,-68.42410076
71.72,-57.45267393,-68.40613755
71.73,-57.41095736,-68.38811501
71.74,-57.36882992,-68.37003191
71.75,-57.32628275,-68.35188701
71.76,-57.28330674,-68.33367905
71.77,-57.23989254,-68.31540672
71.78,-57.19603051,-68.2970687
71.79,-57.15171078,-68.27866364
71.8,-57.10692318,-68.26019016
71.81,-57.06165726,-68.24164685
71.82,-57.01590229,-68.22303225
71.83,-56.96964722,-68.2043449
71.84,-56.92288068,-68.18558329
71.85,-56.87559098,-68.16674587
71.86,-56.82776609,-68.14783106
71.87,-56.77939364,-68.12883725
71.88,-56.73046082,-68.10976279
71.89,-56.6809545,-68.09060599
71.9,-56.63086117,-68.07136513
71.91,-56.58016695,-68.05203843
71.92,-56.52885752,-68.03262408
71.93,-56.47691812,-68.01312023
71.94,-56.42433353,-67.99352499
71.95,-56.37108809,-67.97383641
71.96,-56.31716563,-67.95405251
71.97,-56.26254948,-67.93417125
71.98,-56.20722245,-67.91419053
71.99,-56.1511668,-67.89410824
72,-56.09436425,-67.87392217
72.01,-56.03679591,-67.85363009
72.02,-55.97844229,-67.83322969
72.03,-55.91928329,-67.81271862
72.04,-55.85929812,-67.79209446
72.05,-55.79846533,-67.77135474
72.06,-55.73676275,-67.75049691
72.07,-55.67416749,-67.72951836
72.08,-55.61065588,-67.70841643
72.09,-55.54620344,-67.68718837
72.1,-55.48078489,-67.66583137
72.11,-55.41437406,-67.64434254
72.12,-55.34694389,-67.62271891
72.13,-55.27846636,-67.60095743
72.14,-55.2089125,-67.57905499
72.15,-55.13825231,-67.55700837
72.16,-55.06645472,-67.53481427
72.17,-54.99348755,-67.5124693
72.18,-54.91931746,-67.48996998
72.19,-54.84390989,-67.46731273
72.2,-54.76722904,-67.44449387
72.21,-54.6892378,-67.42150962
72.22,-54.60989768,-67.39835608
72.23,-54.52916876,-67.37502926
72.24,-54.44700961,-67.35152503
72.25,-54.36337724,-67.32783916
72.26,-54.27822701,-67.30396729
72.27,-54.19151258,-67.27990493
72.28,-54.10318578,-67.25564745
72.29,-54.0131966,-67.23119011
72.3,-53.92149304,-67.20652798
72.31,-53.82802104,-67.18165603
72.32,-53.73272439,-67.15656904
72.33,-53.63554463,-67.13126166
72.34,-53.53642089,-67.10572834
72.35,-53.43528986,-67.07996339
72.36,-53.3320856,-67.05396092
72.37,-53.22673944,-67.02771486
72.38,-53.11917983,-67.00121894
72.39,-53.00933222,-66.97446671
72.4,-52.8971189,-66.94745148
72.41,-52.78245882,-66.92016636
72.42,-52.66526745,-66.89260423
72.43,-52.54545658,-66.86475774
72.44,-52.42293415,-66.83661928
72.45,-52.29760405,-66.80818098
72.46,-52.16936588,-66.77943472
72.47,-52.03811477,-66.7503721
72.48,-51.9037411,-66.72098441
72.49,-51.7661303,-66.69126266
72.5,-51.62516251,-66.66119752
72.51,-51.4807124,-66.63077935
72.52,-51.33264877,-66.59999815
72.53,-51.18083432,-66.56884357
72.54,-51.02512525,-66.53730487
72.55,-50.86537096,-66.50537093
72.56,-50.70141365,-66.47303021
72.57,-50.53308793,-66.44027074
72.58,-50.36022039,-66.4070801
72.59,-50.18262918,-66.37344539
72.6,-50.00012352,-66.33935323
72.61,-49.81250322,-66.3047897
72.62,-49.61955815,-66.26974036
72.63,-49.42106767,-66.23419018
72.64,-49.21680006,-66.19812354
72.65,-49.00651193,-66.16152419
72.66,-48.78994749,-66.12437523
72.67,-48.56683794,-66.08665905
72.68,-48.33690069,-66.04835732
72.69,-48.09983863,-66.00945094
72.7,-47.85533931,-65.96992003
72.71,-47.60307411,-65.92974382
72.72,-47.34269734,-65.88890069
72.73,-47.07384535,-65.84736805
72.74,-46.79613554,-65.80512233
72.75,-46.50916537,-65.76213892
72.76,-46.21251132,-65.71839211
72.77,-45.90572784,-65.67385503
72.78,-45.58834622,-65.62849956
72.79,-45.25987348,-65.58229632
72.8,-44.91979122,-65.53521454
72.81,-44.56755447,-65.487222
72.82,-44.2025905,-65.43828496
72.83,-43.82429775,-65.38836806
72.84,-43.43204461,-65.33743421
72.85,-43.02516843,-65.28544452
72.86,-42.60297449,-65.23235816
72.87,-42.1647351,-65.17813226
72.88,-41.70968884,-65.12272179
72.89,-41.23703992,-65.0660794
72.9,-40.7459579,-65.00815532
72.91,-40.23557746,-64.94889718
72.92,-39.70499873,-64.88824982
72.93,-39.15328788,-64.82615519
72.94,-38.57947829,-64.76255207
72.95,-37.98257222,-64.69737596
72.96,-37.36154331,-64.63055878
72.97,-36.71533983,-64.5620287
72.98,-36.04288885,-64.49170985
72.99,-35.34310167,-64.41952207
73,-34.61488043,-64.34538065
73.01,-33.85712623,-64.26919597
73.02,-33.06874896,-64.19087319
73.03,-32.24867897,-64.11031191
73.04,-31.39588091,-64.0274058
73.05,-30.50936982,-63.94204212
73.06,-29.58822975,-63.85410139
73.07,-28.63163512,-63.76345682
73.08,-27.6388749,-63.66997387
73.09,-26.60937964,-63.57350967
73.1,-25.54275149,-63.47391248
73.11,-24.43879686,-63.37102104
73.12,-23.29756168,-63.26466392
73.13,-22.11936851,-63.1546588
73.14,-20.90485494,-63.04081174
73.15,-19.65501236,-62.92291636
73.16,-18.3712236,-62.80075294
73.17,-17.05529813,-62.67408759
73.18,-15.70950281,-62.54267118
73.19,-14.33658634,-62.40623839
73.2,-12.93979494,-62.26450655
73.21,-11.52287736,-62.11717454
73.22,-10.09007697,-61.96392152
73.23,-8.646109236,-61.80440563
73.24,-7.196123368,-61.63826265
73.25,-5.745647703,-61.46510456
73.26,-4.300519081,-61.28451797
73.27,-2.866797624,-61.09606258
73.28,-1.45066922,-60.89926948
73.29,-0.0583389637,-60.69363941
73.3,1.304080427,-60.47864085
73.31,2.63068071,-60.25370812
73.32,3.915866008,-60.01823928
73.33,5.154451913,-59.77159297
73.34,6.341751743,-59.51308933
73.35,7.473646641,-59.24200399
73.36,8.546637229,-58.95756684
73.37,9.557875647,-58.65895924
73.38,10.50517791,-58.34531101
73.39,11.38701763,-58.01569727
73.4,12.20250291,-57.66913494
73.41,12.95133906,-57.30457905
73.42,13.63378,-56.92091867
73.43,14.25057153,-56.51697256
73.44,14.8028895,-56.09148436
73.45,15.29227581,-55.6431174
73.46,15.72057459,-55.17044906
73.47,16.08987078,-54.67196457
73.48,16.40243251,-54.14605029
73.49,16.66065859,-53.59098643
73.5,16.8670316,-53.00493912
73.51,17.0240771,-52.38595177
73.52,17.13432884,-51.73193589
73.53,17.20029985,-51.04066112
73.54,17.22445892,-50.30974462
73.55,17.20921215,-49.53663994
73.56,17.1568888,-48.71862522
73.57,17.06973105,-47.85279124
73.58,16.94988699,-46.93602919
73.59,16.79940636,-45.96501885
73.6,16.62023852,-44.93621748
73.61,16.4142322,-43.84585038
73.62,16.18313665,-42.6899039
73.63,15.92860392,-41.46412257
73.64,15.65219185,-40.16401204
73.65,15.35536769,-38.78485036
73.66,15.03951203,-37.32171095
73.67,14.70592302,-35.76950118
73.68,14.35582061,-34.12302214
73.69,13.9903509,-32.37705579
73.7,13.6105903,-30.52648758
73.71,13.21754969,-28.56647357
73.72,12.81217836,-26.49266201
73.73,12.39536782,-24.30147951
73.74,11.96795541,-21.99049038
73.75,11.53072767,-19.55883393
73.76,11.0844236,-17.00773713
73.77,10.62973762,-14.34108862
73.78,10.16732244,-11.56604349
73.79,9.697791706,-8.693608415
73.8,9.221722405,-5.739134549
73.81,8.739657216,-2.722626992
73.82,8.25210664,0.3312302226
73.83,7.75955099,3.393427513
73.84,7.262442252,6.431426091
73.85,6.761205821,9.410408281
73.86,6.256242119,12.2949207
73.87,5.7479281,15.05077164
73.88,5.236618659,17.64698003
73.89,4.722647948,20.05754212
73.9,4.206330609,22.2627961
73.91,3.687962937,24.25022348
73.92,3.167823946,26.01461707
73.93,2.646176393,27.55764513
73.94,2.123267731,28.88692655
73.95,1.599330983,30.01478531
73.96,1.074585596,30.95686779
73.97,0.5492381913,31.73078757
73.98,0.02348331818,32.35492208
73.99,-0.5024959039,32.84743564
74,-1.02852713,33.22555692
74.01,-1.554448236,33.50510261
74.02,-2.080106757,33.70021499
74.03,-2.605359407,33.8232695
74.04,-3.130071596,33.88490644
74.05,-3.654117017,33.89414458
74.06,-4.17737722,33.85854199
74.07,-4.69974125,33.78437756
74.08,-5.221105271,33.67683465
74.09,-5.741372251,33.54017489
74.1,-6.260451608,33.37789532
74.11,-6.778258925,33.19286585
74.12,-7.294715648,32.98744656
74.13,-7.809748791,32.76358589
74.14,-8.323290684,32.5229015
74.15,-8.835278702,32.26674615
74.16,-9.345655007,31.99626092
74.17,-9.854366313,31.7124177
74.18,-10.36136366,31.41605324
74.19,-10.8666022,31.10789598
74.2,-11.37004096,30.78858744
74.21,-11.87164268,30.45869907
74.22,-12.37137358,30.11874558
74.23,-12.86920321,29.76919543
74.24,-13.36510428,29.41047925
74.25,-13.85905249,29.04299637
74.26,-14.35102638,28.66712008
74.27,-14.84100719,28.28320186
74.28,-15.32897876,27.89157462
74.29,-15.81492737,27.49255541
74.3,-16.29884164,27.08644758
74.31,-16.78071241,26.6735424
74.32,-17.2605327,26.25412054
74.33,-17.73829755,25.82845312
74.34,-18.21400398,25.39680263
74.35,-18.68765092,24.95942363
74.36,-19.15923914,24.51656339
74.37,-19.62877116,24.06846234
74.38,-20.09625127,23.61535443
74.39,-20.5616854,23.15746751
74.4,-21.02508113,22.69502357
74.41,-21.48644767,22.22823893
74.42,-21.94579578,21.75732442
74.43,-22.40313778,21.28248556
74.44,-22.85848754,20.80392267
74.45,-23.31186044,20.32183096
74.46,-23.7632734,19.83640063
74.47,-24.21274483,19.34781694
74.48,-24.66029466,18.85626031
74.49,-25.10594432,18.36190634
74.5,-25.54971677,17.86492589
74.51,-25.9916365,17.36548516
74.52,-26.43172956,16.86374569
74.53,-26.87002356,16.35986445
74.54,-27.30654766,15.8539939
74.55,-27.74133262,15.34628199
74.56,-28.17441084,14.83687227
74.57,-28.60581636,14.32590391
74.58,-29.03558485,13.81351177
74.59,-29.46375372,13.29982642
74.6,-29.89036207,12.78497428
74.61,-30.31545072,12.26907756
74.62,-30.73906229,11.75225443
74.63,-31.16124116,11.234619
74.64,-31.58203354,10.71628145
74.65,-32.00148747,10.19734802
74.66,-32.4196528,9.677921148
74.67,-32.83658132,9.158099481
74.68,-33.25232667,8.637977973
74.69,-33.66694436,8.11764794
74.7,-34.08049187,7.597197128
74.71,-34.49302855,7.076709794
74.72,-34.90461564,6.556266756
74.73,-35.31531633,6.035945483
74.74,-35.72519572,5.51582015
74.75,-36.13432078,4.995961718
74.76,-36.54276035,4.476438005
74.77,-36.95058508,3.957313742
74.78,-37.35786748,3.438650667
74.79,-37.76468183,2.920507573
74.8,-38.17110415,2.402940387
74.81,-38.57721213,1.886002249
74.82,-38.98308502,1.369743554
74.83,-39.38880366,0.854212044
74.84,-39.79445029,0.3394528728
74.85,-40.20010853,-0.1744913452
74.86,-40.60586324,-0.6875804572
74.87,-41.01180044,-1.199776703
74.88,-41.41800716,-1.711044654
74.89,-41.82457124,-2.221351174
74.9,-42.23158122,-2.730665332
74.91,-42.63912614,-3.23895835
74.92,-43.04729532,-3.746203545
74.93,-43.45617818,-4.252376276
74.94,-43.86586403,-4.757453893
74.95,-44.27644179,-5.261415685
74.96,-44.68799966,-5.764242823
74.97,-45.10062484,-6.26591831
74.98,-45.51440318,-6.76642694
74.99,-45.92941894,-7.265755246
75,-46.34575428,-7.763891463
75.01,-46.76348883,-8.260825488
75.02,-47.18269934,-8.756548839
75.03,-47.60345916,-9.251054623
75.04,-48.02583767,-9.7443375
75.05,-48.44989984,-10.23639366
75.06,-48.87570554,-10.7272208
75.07,-49.30330906,-11.21681806
75.08,-49.73275828,-11.70518606
75.09,-50.16409419,-12.19232682
75.1,-50.59735,-12.67824381
75.11,-51.03255043,-13.16294191
75.12,-51.46971104,-13.64642738
75.13,-51.90883727,-14.12870789
75.14,-52.34992367,-14.6097925
75.15,-52.79295301,-15.08969169
75.16,-53.23789556,-15.56841733
75.17,-53.68470804,-16.04598272
75.18,-54.13333282,-16.52240262
75.19,-54.58369704,-16.99769323
75.2,-55.03571177,-17.47187226
75.21,-55.4892712,-17.94495895
75.22,-55.94425182,-18.41697408
75.23,-56.40051178,-18.88794009
75.24,-56.85789019,-19.35788102
75.25,-57.31620668,-19.82682265
75.26,-57.7752608,-20.29479257
75.27,-58.23483181,-20.76182015
75.28,-58.69467843,-21.22793673
75.29,-59.15453884,-21.69317564
75.3,-59.61413093,-22.15757227
75.31,-60.07315263,-22.62116423
75.32,-60.53128246,-23.0839914
75.33,-60.98818036,-23.54609606
75.34,-61.44348874,-24.00752297
75.35,-61.8968338,-24.46831957
75.36,-62.34782667,-24.92853604
75.37,-62.79606634,-25.38822546
75.38,-63.24114083,-25.84744397
75.39,-63.68262962,-26.30625087
75.4,-64.12010615,-26.7647089
75.41,-64.5531406,-27.22288428
75.42,-64.98130274,-27.68084696
75.43,-65.40416498,-28.13867079
75.44,-65.82130546,-28.59643365
75.45,-66.23231123,-29.05421774
75.46,-66.63678137,-29.51210975
75.47,-67.03433007,-29.97020108
75.48,-67.42458972,-30.42858805
75.49,-67.80721367,-30.88737209
75.5,-68.18187887,-31.34666
75.51,-68.54828833,-31.80656419
75.52,-68.90617312,-32.26720292
75.53,-69.25529421,-32.72870058
75.54,-69.59544382,-33.19118785
75.55,-69.92644652,-33.65480195
75.56,-70.24815981,-34.11968697
75.57,-70.56047441,-34.58599411
75.58,-70.86331417,-35.05388181
75.59,-71.15663551,-35.52351609
75.6,-71.44042661,-35.99507078
75.61,-71.7147063,-36.46872767
75.62,-71.97952255,-36.94467681
75.63,-72.23495086,-37.42311661
75.64,-72.48109234,-37.90425413
75.65,-72.71807172,-38.3883051
75.66,-72.94603517,-38.87549411
75.67,-73.16514807,-39.36605466
75.68,-73.3755928,-39.86022912
75.69,-73.57756646,-40.35826878
75.7,-73.77127864,-40.86043379
75.71,-73.95694929,-41.36699302
75.72,-74.13480665,-41.87822375
75.73,-74.30508529,-42.39441139
75.74,-74.4680243,-42.91584891
75.75,-74.62386559,-43.44283648
75.76,-74.77285232,-43.9756805
75.77,-74.91522753,-44.51469286
75.78,-75.05123288,-45.06018973
75.79,-75.18110752,-45.61249028
75.8,-75.30508716,-46.17191516
75.81,-75.42340322,-46.73878464
75.82,-75.53628214,-47.31341635
75.83,-75.64394481,-47.89612299
75.84,-75.74660606,-48.48720925
75.85,-75.84447436,-49.08696876
75.86,-75.9377515,-49.69568015
75.87,-76.02663238,-50.31360291
75.88,-76.11130496,-50.94097275
75.89,-76.19195013,-51.57799617
75.9,-76.26874175,-52.22484477
75.91,-76.34184669,-52.88164869
75.92,-76.41142492,-53.5484896
75.93,-76.47762961,-54.22539312
75.94,-76.54060731,-54.91232078
75.95,-76.60049809,-55.60916121
75.96,-76.65743574,-56.3157211
75.97,-76.71154798,-57.03171592
75.98,-76.76295666,-57.75676037
75.99,-76.81177795,-58.49035889
76,-76.85812261,-59.23189662
76.01,-76.90209616,-59.98063084
76.02,-76.94379912,-60.73568036
76.03,-76.98332725,-61.49602956
76.04,-77.02077171,-62.26051233
76.05,-77.05621928,-63.02781487
76.06,-77.0897526,-63.79647635
76.07,-77.12145031,-64.56489293
76.08,-77.15138728,-65.33132576
76.09,-77.17963475,-66.09391293
76.1,-77.20626054,-66.85068596
76.11,-77.23132917,-67.59959091
76.12,-77.25490207,-68.33851385
76.13,-77.27703768,-69.06531043
76.14,-77.29779163,-69.77783883
76.15,-77.31721684,-70.47399561
76.16,-77.3353637,-71.15175281
76.17,-77.35228015,-71.80919534
76.18,-77.36801179,-72.44455728
76.19,-77.38260206,-73.05625504
76.2,-77.39609227,-73.6429166
76.21,-77.40852175,-74.20340508
76.22,-77.41992796,-74.73683591
76.23,-77.43034654,-75.24258675
76.24,-77.43981145,-75.72029998
76.25,-77.44835504,-76.16987795
76.26,-77.45600814,-76.5914714
76.27,-77.46280018,-76.98546199
76.28,-77.4687592,-77.35244014
76.29,-77.47391202,-77.69317917
76.3,-77.47828426,-78.00860735
76.31,-77.48190044,-78.29977885
76.32,-77.48478406,-78.56784501
76.33,-77.48695767,-78.81402666
76.34,-77.48844291,-79.03958843
76.35,-77.48926065,-79.24581551
76.36,-77.48943096,-79.43399331
76.37,-77.48897324,-79.60539008
76.38,-77.48790626,-79.76124259
76.39,-77.4862482,-79.90274473
76.4,-77.48401668,-80.03103878
76.41,-77.48122885,-80.14720917
76.42,-77.4779014,-80.25227835
76.43,-77.47405059,-80.34720451
76.44,-77.4696923,-80.43288079
76.45,-77.46484204,-80.51013584
76.46,-77.45951497,-80.57973521
76.47,-77.45372592,-80.64238356
76.48,-77.44748944,-80.69872744
76.49,-77.44081976,-80.74935836
76.5,-77.4337308,-80.79481614
76.51,-77.42623624,-80.83559238
76.52,-77.41834944,-80.87213387
76.53,-77.41008351,-80.90484606
76.54,-77.40145127,-80.93409634
76.55,-77.39246525,-80.96021725
76.56,-77.38313773,-80.98350944
76.57,-77.37348069,-81.00424455
76.58,-77.36350582,-81.02266779
76.59,-77.35322453,-81.03900046
76.6,-77.34264793,-81.05344211
76.61,-77.33178686,-81.06617269
76.62,-77.32065184,-81.07735444
76.63,-77.30925309,-81.08713355
76.64,-77.29760055,-81.09564181
76.65,-77.28570385,-81.10299802
76.66,-77.27357231,-81.10930923
76.67,-77.26121497,-81.11467198
76.68,-77.24864054,-81.11917331
76.69,-77.23585747,-81.12289173
76.7,-77.22287389,-81.12589806
76.71,-77.20969764,-81.12825622
76.72,-77.19633627,-81.1300239
76.73,-77.18279706,-81.13125322
76.74,-77.16908699,-81.13199125
76.75,-77.15521278,-81.13228054
76.76,-77.14118087,-81.13215956
76.77,-77.12699745,-81.1316631
76.78,-77.11266844,-81.13082265
76.79,-77.09819952,-81.12966672
76.8,-77.08359613,-81.12822113
76.81,-77.06886345,-81.12650929
76.82,-77.05400646,-81.12455241
76.83,-77.0390299,-81.12236972
76.84,-77.0239383,-81.11997869
76.85,-77.00873598,-81.11739518
76.86,-76.99342708,-81.11463358
76.87,-76.97801553,-81.11170698
76.88,-76.96250506,-81.10862727
76.89,-76.94689926,-81.10540528
76.9,-76.93120152,-81.10205084
76.91,-76.91541508,-81.09857292
76.92,-76.89954301,-81.09497969
76.93,-76.88358824,-81.09127857
76.94,-76.86755357,-81.08747636
76.95,-76.85144163,-81.08357923
76.96,-76.83525494,-81.07959282
76.97,-76.8189959,-81.07552227
76.98,-76.80266678,-81.0713723
76.99,-76.78626973,-81.06714717
77,-76.76980681,-81.06285083
77.01,-76.75327997,-81.05848684
77.02,-76.73669105,-81.05405848
77.03,-76.72004181,-81.04956875
77.04,-76.70333392,-81.04502039
77.05,-76.68656896,-81.04041589
77.06,-76.66974844,-81.03575756
77.07,-76.65287378,-81.03104748
77.08,-76.63594634,-81.02628759
77.09,-76.6189674,-81.02147964
77.1,-76.60193819,-81.01662524
77.11,-76.58485988,-81.01172586
77.12,-76.56773355,-81.00678286
77.13,-76.55056027,-81.00179747
77.14,-76.53334102,-80.99677082
77.15,-76.51607676,-80.99170396
77.16,-76.49876839,-80.98659782
77.17,-76.48141675,-80.98145328
77.18,-76.46402267,-80.97627114
77.19,-76.44658692,-80.97105212
77.2,-76.42911023,-80.96579688
77.21,-76.41159331,-80.96050604
77.22,-76.39403683,-80.95518015
77.23,-76.37644142,-80.94981972
77.24,-76.3588077,-80.94442521
77.25,-76.34113623,-80.93899705
77.26,-76.32342757,-80.93353561
77.27,-76.30568226,-80.92804125
77.28,-76.28790078,-80.92251429
77.29,-76.27008363,-80.91695501
77.3,-76.25223126,-80.91136367
77.31,-76.23434411,-80.90574052
77.32,-76.21642261,-80.90008576
77.33,-76.19846716,-80.89439959
77.34,-76.18047814,-80.88868218
77.35,-76.16245592,-80.88293368
77.36,-76.14440086,-80.87715422
77.37,-76.1263133,-80.87134394
77.38,-76.10819357,-80.86550294
77.39,-76.09004199,-80.8596313
77.4,-76.07185885,-80.85372912
77.41,-76.05364446,-80.84779647
77.42,-76.03539908,-80.84183339
77.43,-76.017123,-80.83583995
77.44,-75.99881648,-80.82981618
77.45,-75.98047977,-80.82376212
77.46,-75.96211312,-80.81767778
77.47,-75.94371676,-80.8115632
77.48,-75.92529092,-80.80541837
77.49,-75.90683584,-80.79924331
77.5,-75.88835171,-80.79303801
77.51,-75.86983876,-80.78680247
77.52,-75.85129719,-80.78053667
77.53,-75.8327272,-80.77424061
77.54,-75.81412898,-80.76791426
77.55,-75.79550273,-80.7615576
77.56,-75.77684861,-80.7551706
77.57,-75.75816683,-80.74875323
77.58,-75.73945754,-80.74230546
77.59,-75.72072094,-80.73582725
77.6,-75.70195717,-80.72931856
77.61,-75.68316641,-80.72277936
77.62,-75.66434882,-80.7162096
77.63,-75.64550456,-80.70960923
77.64,-75.62663379,-80.70297821
77.65,-75.60773666,-80.6963165
77.66,-75.58881331,-80.68962402
77.67,-75.56986391,-80.68290075
77.68,-75.55088859,-80.67614662
77.69,-75.5318875,-80.66936158
77.7,-75.51286078,-80.66254558
77.71,-75.49380858,-80.65569856
77.72,-75.47473103,-80.64882046
77.73,-75.45562826,-80.64191122
77.74,-75.43650043,-80.63497079
77.75,-75.41734765,-80.6279991
77.76,-75.39817007,-80.62099611
77.77,-75.37896781,-80.61396174
77.78,-75.35974101,-80.60689593
77.79,-75.34048979,-80.59979864
77.8,-75.32121429,-80.59266978
77.81,-75.30191463,-80.58550932
77.82,-75.28259094,-80.57831717
77.83,-75.26324334,-80.57109328
77.84,-75.24387197,-80.56383759
77.85,-75.22447694,-80.55655004
77.86,-75.20505838,-80.54923056
77.87,-75.18561641,-80.5418791
77.88,-75.16615116,-80.53449559
77.89,-75.14666275,-80.52707997
77.9,-75.1271513,-80.51963217
77.91,-75.10761693,-80.51215215
77.92,-75.08805976,-80.50463983
77.93,-75.06847991,-80.49709515
77.94,-75.04887751,-80.48951806
77.95,-75.02925267,-80.4819085
77.96,-75.00960552,-80.4742664
77.97,-74.98993617,-80.4665917
77.98,-74.97024474,-80.45888436
77.99,-74.95053135,-80.4511443
78,-74.93079613,-80.44337146
78.01,-74.91103918,-80.4355658
78.02,-74.89126063,-80.42772726
78.03,-74.87146059,-80.41985577
78.04,-74.85163919,-80.41195127
78.05,-74.83179655,-80.40401373
78.06,-74.81193277,-80.39604307
78.07,-74.79204798,-80.38803924
78.08,-74.7721423,-80.38000219
78.09,-74.75221584,-80.37193187
78.1,-74.73226873,-80.36382821
78.11,-74.71230108,-80.35569118
78.12,-74.692313,-80.34752071
78.13,-74.67230463,-80.33931676
78.14,-74.65227606,-80.33107926
78.15,-74.63222744,-80.32280819
78.16,-74.61215886,-80.31450347
78.17,-74.59207045,-80.30616507
78.18,-74.57196233,-80.29779293
78.19,-74.55183461,-80.28938701
78.2,-74.53168742,-80.28094726
78.21,-74.51152086,-80.27247364
78.22,-74.49133507,-80.2639661
78.23,-74.47113016,-80.25542459
78.24,-74.45090624,-80.24684906
78.25,-74.43066344,-80.23823949
78.26,-74.41040187,-80.22959581
78.27,-74.39012166,-80.220918
78.28,-74.36982292,-80.21220601
78.29,-74.34950576,-80.2034598
78.3,-74.32917032,-80.19467933
78.31,-74.3088167,-80.18586455
78.32,-74.28844504,-80.17701544
78.33,-74.26805544,-80.16813196
78.34,-74.24764802,-80.15921406
78.35,-74.22722291,-80.15026172
78.36,-74.20678022,-80.14127489
78.37,-74.18632008,-80.13225355
78.38,-74.1658426,-80.12319765
78.39,-74.14534791,-80.11410718
78.4,-74.12483612,-80.10498209
78.41,-74.10430735,-80.09582235
78.42,-74.08376173,-80.08662794
78.43,-74.06319937,-80.07739882
78.44,-74.04262039,-80.06813498
78.45,-74.02202492,-80.05883637
78.46,-74.00141307,-80.04950298
78.47,-73.98078496,-80.04013477
78.48,-73.96014072,-80.03073172
78.49,-73.93948047,-80.02129382
78.5,-73.91880432,-80.01182103
78.51,-73.8981124,-80.00231333
78.52,-73.87740483,-79.99277071
78.53,-73.85668173,-79.98319314
78.54,-73.83594321,-79.9735806
78.55,-73.81518941,-79.96393308
78.56,-73.79442044,-79.95425055
78.57,-73.77363642,-79.944533
78.58,-73.75283748,-79.93478041
78.59,-73.73202374,-79.92499278
78.6,-73.71119531,-79.91517008
78.61,-73.69035231,-79.9053123
78.62,-73.66949488,-79.89541943
78.63,-73.64862313,-79.88549146
78.64,-73.62773719,-79.87552837
78.65,-73.60683717,-79.86553017
78.66,-73.58592319,-79.85549684
78.67,-73.56499538,-79.84542837
78.68,-73.54405387,-79.83532475
78.69,-73.52309876,-79.82518599
78.7,-73.50213019,-79.81501208
78.71,-73.48114827,-79.80480301
78.72,-73.46015313,-79.79455878
78.73,-73.43914489,-79.78427939
78.74,-73.41812367,-79.77396483
78.75,-73.39708959,-79.76361512
78.76,-73.37604278,-79.75323025
78.77,-73.35498335,-79.74281022
78.78,-73.33391143,-79.73235503
78.79,-73.31282715,-79.7218647
78.8,-73.29173061,-79.71133922
78.81,-73.27062195,-79.7007786
78.82,-73.24950129,-79.69018285
78.83,-73.22836874,-79.67955198
78.84,-73.20722444,-79.66888599
78.85,-73.18606849,-79.6581849
78.86,-73.16490104,-79.64744871
78.87,-73.14372218,-79.63667745
78.88,-73.12253206,-79.62587112
78.89,-73.10133078,-79.61502973
78.9,-73.08011848,-79.60415331
78.91,-73.05889526,-79.59324186
78.92,-73.03766127,-79.58229541
78.93,-73.01641661,-79.57131398
78.94,-72.9951614,-79.56029757
78.95,-72.97389578,-79.54924622
78.96,-72.95261986,-79.53815994
78.97,-72.93133376,-79.52703876
78.98,-72.9100376,-79.51588269
78.99,-72.88873151,-79.50469177
79,-72.86741561,-79.49346602
79.01,-72.84609001,-79.48220546
79.02,-72.82475485,-79.47091012
79.03,-72.80341023,-79.45958003
79.04,-72.78205628,-79.44821523
79.05,-72.76069313,-79.43681573
79.06,-72.73932089,-79.42538157
79.07,-72.71793968,-79.41391278
79.08,-72.69654962,-79.4024094
79.09,-72.67515084,-79.39087145
79.1,-72.65374346,-79.37929899
79.11,-72.63232758,-79.36769203
79.12,-72.61090335,-79.35605062
79.13,-72.58947087,-79.3443748
79.14,-72.56803026,-79.33266461
79.15,-72.54658165,-79.32092008
79.16,-72.52512516,-79.30914126
79.17,-72.5036609,-79.29732818
79.18,-72.48218899,-79.2854809
79.19,-72.46070956,-79.27359946
79.2,-72.43922272,-79.2616839
79.21,-72.41772859,-79.24973426
79.22,-72.39622729,-79.2377506
79.23,-72.37471894,-79.22573297
79.24,-72.35320366,-79.2136814
79.25,-72.33168156,-79.20159596
79.26,-72.31015277,-79.1894767
79.27,-72.2886174,-79.17732366
79.28,-72.26707557,-79.1651369
79.29,-72.24552741,-79.15291647
79.3,-72.22397301,-79.14066243
79.31,-72.20241251,-79.12837483
79.32,-72.18084603,-79.11605374
79.33,-72.15927366,-79.1036992
79.34,-72.13769555,-79.09131128
79.35,-72.1161118,-79.07889004
79.36,-72.09452252,-79.06643554
79.37,-72.07292784,-79.05394784
79.38,-72.05132787,-79.041427
79.39,-72.02972272,-79.02887309
79.4,-72.00811252,-79.01628617
79.41,-71.98649738,-79.00366631
79.42,-71.96487741,-78.99101358
79.43,-71.94325273,-78.97832803
79.44,-71.92162345,-78.96560975
79.45,-71.89998969,-78.95285879
79.46,-71.87835156,-78.94007524
79.47,-71.85670918,-78.92725915
79.48,-71.83506265,-78.91441061
79.49,-71.8134121,-78.90152969
79.5,-71.79175764,-78.88861645
79.51,-71.77009938,-78.87567099
79.52,-71.74843744,-78.86269336
79.53,-71.72677192,-78.84968365
79.54,-71.70510294,-78.83664194
79.55,-71.68343061,-78.82356831
79.56,-71.66175504,-78.81046283
79.57,-71.64007635,-78.79732558
79.58,-71.61839464,-78.78415665
79.59,-71.59671004,-78.77095612
79.6,-71.57502264,-78.75772407
79.61,-71.55333256,-78.74446058
79.62,-71.53163991,-78.73116575
79.63,-71.50994479,-78.71783965
79.64,-71.48824733,-78.70448238
79.65,-71.46654763,-78.69109401
79.66,-71.44484579,-78.67767465
79.67,-71.42314193,-78.66422437
79.68,-71.40143616,-78.65074327
79.69,-71.37972858,-78.63723144
79.7,-71.3580193,-78.62368897
79.71,-71.33630843,-78.61011596
79.72,-71.31459607,-78.59651249
79.73,-71.29288234,-78.58287866
79.74,-71.27116734,-78.56921457
79.75,-71.24945118,-78.55552031
79.76,-71.22773396,-78.54179598
79.77,-71.20601579,-78.52804168
79.78,-71.18429677,-78.5142575
79.79,-71.16257701,-78.50044354
79.8,-71.14085662,-78.48659991
79.81,-71.11913569,-78.4727267
79.82,-71.09741434,-78.45882402
79.83,-71.07569266,-78.44489197
79.84,-71.05397076,-78.43093065
79.85,-71.03224874,-78.41694016
79.86,-71.01052671,-78.40292061
79.87,-70.98880476,-78.38887211
79.88,-70.96708301,-78.37479476
79.89,-70.94536154,-78.36068867
79.9,-70.92364047,-78.34655394
79.91,-70.90191989,-78.33239069
79.92,-70.8801999,-78.31819902
79.93,-70.8584806,-78.30397905
79.94,-70.8367621,-78.28973087
79.95,-70.81504449,-78.27545461
79.96,-70.79332788,-78.26115038
79.97,-70.77161235,-78.24681829
79.98,-70.74989801,-78.23245845
79.99,-70.72818495,-78.21807097
80,-70.70647328,-78.20365598
80.01,-70.68476309,-78.18921358
80.02,-70.66305447,-78.1747439
80.03,-70.64134753,-78.16024704
80.04,-70.61964236,-78.14572314
80.05,-70.59793905,-78.13117229
80.06,-70.57623769,-78.11659463
80.07,-70.55453839,-78.10199027
80.08,-70.53284124,-78.08735933
80.09,-70.51114633,-78.07270194
80.1,-70.48945376,-78.05801821
80.11,-70.46776361,-78.04330826
80.12,-70.44607598,-78.02857223
80.13,-70.42439096,-78.01381022
80.14,-70.40270864,-77.99902237
80.15,-70.38102912,-77.9842088
80.16,-70.35935248,-77.96936963
80.17,-70.33767882,-77.95450498
80.18,-70.31600822,-77.939615
80.19,-70.29434077,-77.92469979
80.2,-70.27267657,-77.90975949
80.21,-70.2510157,-77.89479423
80.22,-70.22935824,-77.87980413
80.23,-70.2077043,-77.86478933
80.24,-70.18605394,-77.84974994
80.25,-70.16440727,-77.83468611
80.26,-70.14276436,-77.81959795
80.27,-70.12112531,-77.80448561
80.28,-70.09949019,-77.78934921
80.29,-70.07785909,-77.77418888
80.3,-70.05623209,-77.75900477
80.31,-70.03460929,-77.74379699
80.32,-70.01299076,-77.72856568
80.33,-69.99137658,-77.71331098
80.34,-69.96976685,-77.69803301
80.35,-69.94816163,-77.68273192
80.36,-69.92656101,-77.66740784
80.37,-69.90496507,-77.65206091
80.38,-69.8833739,-77.63669125
80.39,-69.86178756,-77.62129901
80.4,-69.84020615,-77.60588432
80.41,-69.81862974,-77.59044733
80.42,-69.7970584,-77.57498815
80.43,-69.77549222,-77.55950695
80.44,-69.75393127,-77.54400384
80.45,-69.73237564,-77.52847898
80.46,-69.71082538,-77.5129325
80.47,-69.68928059,-77.49736454
80.48,-69.66774134,-77.48177523
80.49,-69.6462077,-77.46616473
80.5,-69.62467974,-77.45053316
80.51,-69.60315755,-77.43488067
80.52,-69.58164118,-77.41920741
80.53,-69.56013072,-77.4035135
80.54,-69.53862624,-77.3877991
80.55,-69.51712781,-77.37206435
80.56,-69.4956355,-77.35630938
80.57,-69.47414937,-77.34053434
80.58,-69.45266951,-77.32473938
80.59,-69.43119598,-77.30892463
80.6,-69.40972884,-77.29309024
80.61,-69.38826817,-77.27723635
80.62,-69.36681404,-77.26136311
80.63,-69.34536651,-77.24547065
80.64,-69.32392564,-77.22955914
80.65,-69.30249152,-77.2136287
80.66,-69.28106419,-77.19767948
80.67,-69.25964372,-77.18171163
80.68,-69.23823019,-77.1657253
80.69,-69.21682365,-77.14972063
80.7,-69.19542416,-77.13369776
80.71,-69.1740318,-77.11765683
80.72,-69.15264661,-77.10159801
80.73,-69.13126867,-77.08552143
80.74,-69.10989804,-77.06942723
80.75,-69.08853477,-77.05331557
80.76,-69.06717892,-77.03718659
80.77,-69.04583056,-77.02104044
80.78,-69.02448974,-77.00487726
80.79,-69.00315652,-76.98869721
80.8,-68.98183096,-76.97250042
80.81,-68.96051312,-76.95628704
80.82,-68.93920305,-76.94005723
80.83,-68.9179008,-76.92381113
80.84,-68.89660644,-76.90754889
80.85,-68.87532002,-76.89127065
80.86,-68.85404159,-76.87497656
80.87,-68.83277121,-76.85866678
80.88,-68.81150893,-76.84234144
80.89,-68.79025479,-76.82600069
80.9,-68.76900886,-76.80964469
80.91,-68.74777118,-76.79327358
80.92,-68.72654181,-76.77688751
80.93,-68.70532079,-76.76048662
80.94,-68.68410818,-76.74407107
80.95,-68.66290402,-76.727641
80.96,-68.64170836,-76.71119656
80.97,-68.62052125,-76.6947379
80.98,-68.59934273,-76.67826517
80.99,-68.57817286,-76.6617785
81,-68.55701167,-76.64527806
81.01,-68.53585921,-76.62876399
81.02,-68.51471554,-76.61223644
81.03,-68.49358068,-76.59569555
81.04,-68.47245469,-76.57914147
81.05,-68.4513376,-76.56257436
81.06,-68.43022947,-76.54599435
81.07,-68.40913032,-76.52940159
81.08,-68.38804021,-76.51279624
81.09,-68.36695916,-76.49617844
81.1,-68.34588723,-76.47954833
81.11,-68.32482445,-76.46290607
81.12,-68.30377086,-76.4462518
81.13,-68.28272649,-76.42958566
81.14,-68.26169139,-76.41290781
81.15,-68.24066558,-76.39621839
81.16,-68.21964911,-76.37951754
81.17,-68.19864202,-76.36280542
81.18,-68.17764433,-76.34608217
81.19,-68.15665607,-76.32934794
81.2,-68.13567729,-76.31260286
81.21,-68.11470802,-76.2958471
81.22,-68.09374828,-76.27908078
81.23,-68.07279811,-76.26230406
81.24,-68.05185754,-76.24551709
81.25,-68.0309266,-76.22872
81.26,-68.01000532,-76.21191295
81.27,-67.98909373,-76.19509607
81.28,-67.96819186,-76.17826951
81.29,-67.94729973,-76.16143342
81.3,-67.92641737,-76.14458794
81.31,-67.9055448,-76.12773321
81.32,-67.88468206,-76.11086937
81.33,-67.86382917,-76.09399657
81.34,-67.84298615,-76.07711496
81.35,-67.82215303,-76.06022467
81.36,-67.80132982,-76.04332584
81.37,-67.78051656,-76.02641863
81.38,-67.75971325,-76.00950316
81.39,-67.73891994,-75.99257958
81.4,-67.71813663,-75.97564804
81.41,-67.69736334,-75.95870867
81.42,-67.67660009,-75.94176162
81.43,-67.65584691,-75.92480702
81.44,-67.63510381,-75.90784502
81.45,-67.61437081,-75.89087574
81.46,-67.59364792,-75.87389935
81.47,-67.57293515,-75.85691596
81.48,-67.55223254,-75.83992573
81.49,-67.53154008,-75.82292878
81.5,-67.5108578,-75.80592526
81.51,-67.4901857,-75.78891531
81.52,-67.4695238,-75.77189905
81.53,-67.44887211,-75.75487664
81.54,-67.42823065,-75.7378482
81.55,-67.40759942,-75.72081388
81.56,-67.38697843,-75.7037738
81.57,-67.36636769,-75.6867281
81.58,-67.34576721,-75.66967692
81.59,-67.325177,-75.65262039
81.6,-67.30459707,-75.63555864
81.61,-67.28402742,-75.61849182
81.62,-67.26346805,-75.60142005
81.63,-67.24291898,-75.58434347
81.64,-67.22238021,-75.5672622
81.65,-67.20185174,-75.55017638
81.66,-67.18133357,-75.53308615
81.67,-67.16082571,-75.51599163
81.68,-67.14032817,-75.49889295
81.69,-67.11984093,-75.48179024
81.7,-67.099364,-75.46468364
81.71,-67.07889738,-75.44757327
81.72,-67.05844107,-75.43045927
81.73,-67.03799507,-75.41334175
81.74,-67.01755938,-75.39622086
81.75,-66.99713399,-75.37909671
81.76,-66.9767189,-75.36196943
81.77,-66.9563141,-75.34483915
81.78,-66.9359196,-75.32770599
81.79,-66.91553538,-75.31057009
81.8,-66.89516144,-75.29343156
81.81,-66.87479776,-75.27629053
81.82,-66.85444436,-75.25914713
81.83,-66.83410121,-75.24200147
81.84,-66.8137683,-75.22485368
81.85,-66.79344563,-75.20770389
81.86,-66.77313319,-75.19055221
81.87,-66.75283096,-75.17339877
81.88,-66.73253893,-75.15624368
81.89,-66.71225709,-75.13908707
81.9,-66.69198543,-75.12192906
81.91,-66.67172394,-75.10476976
81.92,-66.65147259,-75.0876093
81.93,-66.63123137,-75.07044779
81.94,-66.61100028,-75.05328535
81.95,-66.59077928,-75.0361221
81.96,-66.57056837,-75.01895815
81.97,-66.55036752,-75.00179362
81.98,-66.53017671,-74.98462863
81.99,-66.50999593,-74.96746328
82,-66.48982516,-74.95029769
82.01,-66.46966438,-74.93313199
82.02,-66.44951355,-74.91596627
82.03,-66.42937267,-74.89880065
82.04,-66.40924171,-74.88163525
82.05,-66.38912064,-74.86447017
82.06,-66.36900944,-74.84730553
82.07,-66.34890808,-74.83014143
82.08,-66.32881654,-74.81297798
82.09,-66.3087348,-74.7958153
82.1,-66.28866281,-74.77865349
82.11,-66.26860057,-74.76149265
82.12,-66.24854803,-74.7443329
82.13,-66.22850517,-74.72717434
82.14,-66.20847196,-74.71001708
82.15,-66.18844836,-74.69286122
82.16,-66.16843435,-74.67570686
82.17,-66.14842989,-74.65855411
82.18,-66.12843496,-74.64140307
82.19,-66.1084495,-74.62425385
82.2,-66.0884735,-74.60710654
82.21,-66.06850691,-74.58996125
82.22,-66.0485497,-74.57281808
82.23,-66.02860184,-74.55567712
82.24,-66.00866328,-74.53853848
82.25,-65.98873399,-74.52140225
82.26,-65.96881392,-74.50426854
82.27,-65.94890304,-74.48713743
82.28,-65.92900131,-74.47000903
82.29,-65.90910868,-74.45288342
82.3,-65.88922512,-74.43576071
82.31,-65.86935058,-74.418641
82.32,-65.84948502,-74.40152436
82.33,-65.82962839,-74.3844109
82.34,-65.80978065,-74.36730071
82.35,-65.78994175,-74.35019388
82.36,-65.77011165,-74.3330905
82.37,-65.75029029,-74.31599066
82.38,-65.73047764,-74.29889446
82.39,-65.71067364,-74.28180197
82.4,-65.69087824,-74.26471328
82.41,-65.67109139,-74.24762849
82.42,-65.65131304,-74.23054769
82.43,-65.63154314,-74.21347094
82.44,-65.61178163,-74.19639836
82.45,-65.59202847,-74.17933
82.46,-65.57228359,-74.16226597
82.47,-65.55254695,-74.14520634
82.48,-65.53281849,-74.1281512
82.49,-65.51309814,-74.11110062
82.5,-65.49338586,-74.09405469
82.51,-65.47368158,-74.07701349
82.52,-65.45398525,-74.0599771
82.53,-65.4342968,-74.0429456
82.54,-65.41461618,-74.02591905
82.55,-65.39494332,-74.00889755
82.56,-65.37527816,-73.99188117
82.57,-65.35562064,-73.97486998
82.58,-65.33597069,-73.95786406
82.59,-65.31632826,-73.94086349
82.6,-65.29669326,-73.92386833
82.61,-65.27706565,-73.90687866
82.62,-65.25744534,-73.88989455
82.63,-65.23783228,-73.87291607
82.64,-65.21822639,-73.8559433
82.65,-65.1986276,-73.8389763
82.66,-65.17903585,-73.82201514
82.67,-65.15945106,-73.80505989
82.68,-65.13987316,-73.78811062
82.69,-65.12030207,-73.77116739
82.7,-65.10073773,-73.75423028
82.71,-65.08118005,-73.73729934
82.72,-65.06162896,-73.72037464
82.73,-65.04208439,-73.70345625
82.74,-65.02254626,-73.68654422
82.75,-65.00301448,-73.66963862
82.76,-64.98348899,-73.65273952
82.77,-64.9639697,-73.63584696
82.78,-64.94445652,-73.61896102
82.79,-64.92494938,-73.60208174
82.8,-64.90544819,-73.5852092
82.81,-64.88595288,-73.56834344
82.82,-64.86646335,-73.55148453
82.83,-64.84697952,-73.53463251
82.84,-64.8275013,-73.51778745
82.85,-64.80802861,-73.5009494
82.86,-64.78856135,-73.48411841
82.87,-64.76909945,-73.46729454
82.88,-64.7496428,-73.45047783
82.89,-64.73019132,-73.43366834
82.9,-64.71074491,-73.41686613
82.91,-64.69130348,-73.40007123
82.92,-64.67186694,-73.3832837
82.93,-64.65243519,-73.36650359
82.94,-64.63300814,-73.34973094
82.95,-64.61358569,-73.3329658
82.96,-64.59416774,-73.31620822
82.97,-64.57475419,-73.29945825
82.98,-64.55534494,-73.28271591
82.99,-64.53593989,-73.26598127
83,-64.51653894,-73.24925436
83.01,-64.49714199,-73.23253522
83.02,-64.47774893,-73.2158239
83.03,-64.45835965,-73.19912043
83.04,-64.43897405,-73.18242486
83.05,-64.41959203,-73.16573722
83.06,-64.40021346,-73.14905756
83.07,-64.38083826,-73.1323859
83.08,-64.36146629,-73.11572229
83.09,-64.34209746,-73.09906675
83.1,-64.32273165,-73.08241934
83.11,-64.30336874,-73.06578007
83.12,-64.28400863,-73.04914898
83.13,-64.26465118,-73.03252611
83.14,-64.2452963,-73.01591148
83.15,-64.22594385,-72.99930513
83.16,-64.20659372,-72.98270708
83.17,-64.18724579,-72.96611737
83.18,-64.16789994,-72.94953602
83.19,-64.14855604,-72.93296306
83.2,-64.12921397,-72.91639852
83.21,-64.1098736,-72.89984243
83.22,-64.09053481,-72.8832948
83.23,-64.07119747,-72.86675566
83.24,-64.05186145,-72.85022503
83.25,-64.03252662,-72.83370295
83.26,-64.01319284,-72.81718942
83.27,-63.99385999,-72.80068448
83.28,-63.97452793,-72.78418813
83.29,-63.95519653,-72.7677004
83.3,-63.93586564,-72.75122131
83.31,-63.91653514,-72.73475087
83.32,-63.89720487,-72.71828911
83.33,-63.87787471,-72.70183603
83.34,-63.85854451,-72.68539166
83.35,-63.83921411,-72.668956
83.36,-63.81988339,-72.65252907
83.37,-63.80055219,-72.63611088
83.38,-63.78122037,-72.61970145
83.39,-63.76188777,-72.60330078
83.4,-63.74255425,-72.58690889
83.41,-63.72321966,-72.57052578
83.42,-63.70388383,-72.55415146
83.43,-63.68454662,-72.53778594
83.44,-63.66520787,-72.52142923
83.45,-63.64586742,-72.50508133
83.46,-63.62652511,-72.48874224
83.47,-63.60718079,-72.47241198
83.48,-63.58783428,-72.45609054
83.49,-63.56848543,-72.43977792
83.5,-63.54913406,-72.42347413
83.51,-63.52978002,-72.40717917
83.52,-63.51042312,-72.39089304
83.53,-63.49106321,-72.37461574
83.54,-63.47170011,-72.35834726
83.55,-63.45233365,-72.3420876
83.56,-63.43296364,-72.32583675
83.57,-63.41358992,-72.30959472
83.58,-63.3942123,-72.2933615
83.59,-63.3748306,-72.27713708
83.6,-63.35544465,-72.26092146
83.61,-63.33605425,-72.24471461
83.62,-63.31665921,-72.22851655
83.63,-63.29725936,-72.21232725
83.64,-63.2778545,-72.19614671
83.65,-63.25844444,-72.17997491
83.66,-63.23902899,-72.16381185
83.67,-63.21960794,-72.1476575
83.68,-63.20018111,-72.13151185
83.69,-63.18074829,-72.1153749
83.7,-63.16130929,-72.09924661
83.71,-63.14186389,-72.08312699
83.72,-63.12241189,-72.06701599
83.73,-63.10295308,-72.05091362
83.74,-63.08348726,-72.03481984
83.75,-63.06401422,-72.01873464
83.76,-63.04453373,-72.002658
83.77,-63.02504558,-71.98658989
83.78,-63.00554956,-71.97053028
83.79,-62.98604544,-71.95447917
83.8,-62.966533,-71.93843651
83.81,-62.94701201,-71.92240228
83.82,-62.92748225,-71.90637646
83.83,-62.90794349,-71.89035902
83.84,-62.88839549,-71.87434992
83.85,-62.86883802,-71.85834914
83.86,-62.84927084,-71.84235665
83.87,-62.82969372,-71.82637241
83.88,-62.8101064,-71.81039639
83.89,-62.79050865,-71.79442856
83.9,-62.77090022,-71.77846889
83.91,-62.75128086,-71.76251732
83.92,-62.73165031,-71.74657384
83.93,-62.71200833,-71.7306384
83.94,-62.69235464,-71.71471095
83.95,-62.672689,-71.69879147
83.96,-62.65301113,-71.68287991
83.97,-62.63332078,-71.66697623
83.98,-62.61361767,-71.65108038
83.99,-62.59390152,-71.63519233
84,-62.57417208,-71.61931202
84.01,-62.55442904,-71.60343941
84.02,-62.53467214,-71.58757445
84.03,-62.5149011,-71.57171709
84.04,-62.49511561,-71.55586729
84.05,-62.4753154,-71.540025
84.06,-62.45550016,-71.52419015
84.07,-62.43566961,-71.50836271
84.08,-62.41582344,-71.49254261
84.09,-62.39596134,-71.47672981
84.1,-62.37608301,-71.46092424
84.11,-62.35618814,-71.44512585
84.12,-62.33627641,-71.42933458
84.13,-62.31634752,-71.41355037
84.14,-62.29640112,-71.39777316
84.15,-62.2764369,-71.3820029
84.16,-62.25645454,-71.36623951
84.17,-62.23645369,-71.35048293
84.18,-62.21643402,-71.3347331
84.19,-62.1963952,-71.31898996
84.2,-62.17633686,-71.30325343
84.21,-62.15625868,-71.28752345
84.22,-62.13616029,-71.27179994
84.23,-62.11604134,-71.25608284
84.24,-62.09590147,-71.24037208
84.25,-62.0757403,-71.22466758
84.26,-62.05555748,-71.20896926
84.27,-62.03535263,-71.19327705
84.28,-62.01512537,-71.17759088
84.29,-61.99487531,-71.16191067
84.3,-61.97460207,-71.14623633
84.31,-61.95430526,-71.13056779
84.32,-61.93398447,-71.11490495
84.33,-61.91363931,-71.09924775
84.34,-61.89326937,-71.0835961
84.35,-61.87287424,-71.0679499
84.36,-61.8524535,-71.05230908
84.37,-61.83200672,-71.03667354
84.38,-61.81153349,-71.02104319
84.39,-61.79103336,-71.00541794
84.4,-61.7705059,-70.98979771
84.41,-61.74995066,-70.97418238
84.42,-61.72936719,-70.95857188
84.43,-61.70875505,-70.94296609
84.44,-61.68811376,-70.92736493
84.45,-61.66744286,-70.91176829
84.46,-61.64674188,-70.89617608
84.47,-61.62601034,-70.88058818
84.48,-61.60524775,-70.86500449
84.49,-61.58445362,-70.84942491
84.5,-61.56362745,-70.83384933
84.51,-61.54276873,-70.81827764
84.52,-61.52187696,-70.80270973
84.53,-61.50095162,-70.78714549
84.54,-61.47999218,-70.7715848
84.55,-61.45899811,-70.75602755
84.56,-61.43796887,-70.74047362
84.57,-61.41690391,-70.7249229
84.58,-61.39580268,-70.70937525
84.59,-61.37466461,-70.69383056
84.6,-61.35348915,-70.6782887
84.61,-61.3322757,-70.66274956
84.62,-61.31102369,-70.647213
84.63,-61.28973252,-70.63167888
84.64,-61.2684016,-70.61614709
84.65,-61.2470303,-70.60061749
84.66,-61.22561802,-70.58508994
84.67,-61.20416412,-70.5695643
84.68,-61.18266797,-70.55404044
84.69,-61.16112893,-70.53851822
84.7,-61.13954634,-70.5229975
84.71,-61.11791954,-70.50747812
84.72,-61.09624785,-70.49195995
84.73,-61.07453059,-70.47644283
84.74,-61.05276708,-70.46092662
84.75,-61.0309566,-70.44541115
84.76,-61.00909844,-70.42989629
84.77,-60.98719189,-70.41438186
84.78,-60.96523621,-70.39886772
84.79,-60.94323065,-70.3833537
84.8,-60.92117445,-70.36783963
84.81,-60.89906686,-70.35232535
84.82,-60.87690709,-70.3368107
84.83,-60.85469435,-70.32129549
84.84,-60.83242784,-70.30577957
84.85,-60.81010675,-70.29026275
84.86,-60.78773025,-70.27474486
84.87,-60.7652975,-70.25922571
84.88,-60.74280764,-70.24370513
84.89,-60.72025982,-70.22818292
84.9,-60.69765315,-70.21265891
84.91,-60.67498674,-70.1971329
84.92,-60.65225969,-70.1816047
84.93,-60.62947108,-70.16607411
84.94,-60.60661997,-70.15054093
84.95,-60.5837054,-70.13500497
84.96,-60.56072643,-70.11946602
84.97,-60.53768206,-70.10392387
84.98,-60.5145713,-70.08837831
84.99,-60.49139313,-70.07282914
85,-60.46814654,-70.05727613
85.01,-60.44483048,-70.04171906
85.02,-60.42144387,-70.02615773
85.03,-60.39798565,-70.01059189
85.04,-60.37445472,-69.99502132
85.05,-60.35084996,-69.97944579
85.06,-60.32717024,-69.96386507
85.07,-60.3034144,-69.94827892
85.08,-60.27958128,-69.9326871
85.09,-60.25566968,-69.91708936
85.1,-60.23167839,-69.90148545
85.11,-60.20760618,-69.88587512
85.12,-60.18345179,-69.87025812
85.13,-60.15921396,-69.85463419
85.14,-60.13489137,-69.83900306
85.15,-60.11048273,-69.82336447
85.16,-60.08598667,-69.80771814
85.17,-60.06140184,-69.79206381
85.18,-60.03672686,-69.77640119
85.19,-60.01195946,-69.76073
85.2,-59.98709674,-69.74504996
85.21,-59.96213748,-69.72936076
85.22,-59.93708191,-69.71366213
85.23,-59.91192925,-69.69795375
85.24,-59.88667788,-69.68223532
85.25,-59.86132617,-69.66650653
85.26,-59.83587248,-69.65076708
85.27,-59.81031515,-69.63501664
85.28,-59.78465249,-69.61925488
85.29,-59.75888279,-69.60348148
85.3,-59.73300431,-69.58769611
85.31,-59.7070153,-69.57189842
85.32,-59.68091394,-69.55608808
85.33,-59.65469841,-69.54026473
85.34,-59.62836684,-69.52442803
85.35,-59.60191734,-69.5085776
85.36,-59.57534798,-69.49271308
85.37,-59.54865679,-69.47683411
85.38,-59.52184176,-69.4609403
85.39,-59.49490085,-69.44503127
85.4,-59.46783198,-69.42910664
85.41,-59.44063303,-69.413166
85.42,-59.41330184,-69.39720895
85.43,-59.3858362,-69.3812351
85.44,-59.35823385,-69.36524401
85.45,-59.33049253,-69.34923528
85.46,-59.30260987,-69.33320847
85.47,-59.2745835,-69.31716315
85.48,-59.246411,-69.30109888
85.49,-59.21808987,-69.2850152
85.5,-59.18961759,-69.26891166
85.51,-59.16099157,-69.2527878
85.52,-59.13220919,-69.23664314
85.53,-59.10326775,-69.22047721
85.54,-59.07416451,-69.20428952
85.55,-59.04489666,-69.18807957
85.56,-59.01546135,-69.17184686
85.57,-58.98585566,-69.15559087
85.58,-58.95607661,-69.13931109
85.59,-58.92612115,-69.12300698
85.6,-58.89598617,-69.10667801
85.61,-58.8656685,-69.09032363
85.62,-58.83516489,-69.07394327
85.63,-58.80447203,-69.05753638
85.64,-58.77358653,-69.04110237
85.65,-58.74250494,-69.02464066
85.66,-58.71122371,-69.00815065
85.67,-58.67973924,-68.99163172
85.68,-58.64804782,-68.97508327
85.69,-58.61614568,-68.95850466
85.7,-58.58402896,-68.94189525
85.71,-58.55169371,-68.92525439
85.72,-58.5191359,-68.9085814
85.73,-58.48635138,-68.89187562
85.74,-58.45333595,-68.87513636
85.75,-58.42008527,-68.8583629
85.76,-58.3865948,-68.84155455
85.77,-58.3528599,-68.82471056
85.78,-58.31887602,-68.8078302
85.79,-58.28463851,-68.79091271
85.8,-58.25014256,-68.77395732
85.81,-58.21538322,-68.75696325
85.82,-58.18035542,-68.73992969
85.83,-58.14505396,-68.72285584
85.84,-58.1094735,-68.70574086
85.85,-58.07360857,-68.6885839
85.86,-58.03745359,-68.67138411
85.87,-58.00100282,-68.65414059
85.88,-57.96425038,-68.63685247
85.89,-57.92719025,-68.61951881
85.9,-57.88981626,-68.60213869
85.91,-57.85212208,-68.58471116
85.92,-57.81410122,-68.56723525
85.93,-57.77574703,-68.54970996
85.94,-57.73705269,-68.53213429
85.95,-57.6980112,-68.51450721
85.96,-57.65861538,-68.49682767
85.97,-57.61885787,-68.47909458
85.98,-57.57873111,-68.46130687
85.99,-57.53822734,-68.44346341
86,-57.49733861,-68.42556306
86.01,-57.45605674,-68.40760466
86.02,-57.41437335,-68.38958702
86.03,-57.37227981,-68.37150891
86.04,-57.32976727,-68.35336912
86.05,-57.28682665,-68.33516636
86.06,-57.2434486,-68.31689934
86.07,-57.19962352,-68.29856675
86.08,-57.15534156,-68.28016722
86.09,-57.11059257,-68.26169939
86.1,-57.06536614,-68.24316184
86.11,-57.01965153,-68.22455313
86.12,-56.97343774,-68.20587179
86.13,-56.92671342,-68.1871163
86.14,-56.87946691,-68.16828514
86.15,-56.8316862,-68.14937672
86.16,-56.78335896,-68.13038943
86.17,-56.73447241,-68.11132163
86.18,-56.68501344,-68.09217162
86.19,-56.63496859,-68.0729377
86.2,-56.58432399,-68.05361808
86.21,-56.53306536,-68.03421096
86.22,-56.48117799,-68.0147145
86.23,-56.4286467,-67.99512681
86.24,-56.37545585,-67.97544593
86.25,-56.32158931,-67.9556699
86.26,-56.26703047,-67.93579667
86.27,-56.21176217,-67.91582417
86.28,-56.15576673,-67.89575026
86.29,-56.0990259,-67.87557276
86.3,-56.04152084,-67.85528942
86.31,-55.98323213,-67.83489797
86.32,-55.92413969,-67.81439603
86.33,-55.8642228,-67.79378121
86.34,-55.80346008,-67.77305102
86.35,-55.74182941,-67.75220294
86.36,-55.67930796,-67.73123436
86.37,-55.61587211,-67.71014262
86.38,-55.55149748,-67.68892497
86.39,-55.48615882,-67.66757861
86.4,-55.41983006,-67.64610066
86.41,-55.35248419,-67.62448816
86.42,-55.2840933,-67.60273807
86.43,-55.21462848,-67.58084726
86.44,-55.14405982,-67.55881255
86.45,-55.07235634,-67.53663062
86.46,-54.99948596,-67.51429811
86.47,-54.92541541,-67.49181154
86.48,-54.85011026,-67.46916733
86.49,-54.77353481,-67.44636182
86.5,-54.69565205,-67.42339123
86.51,-54.61642361,-67.40025167
86.52,-54.53580969,-67.37693916
86.53,-54.45376899,-67.35344959
86.54,-54.37025863,-67.32977872
86.55,-54.28523413,-67.30592221
86.56,-54.19864928,-67.28187559
86.57,-54.11045607,-67.25763423
86.58,-54.02060463,-67.2331934
86.59,-53.92904313,-67.20854819
86.6,-53.8357177,-67.18369358
86.61,-53.7405723,-67.15862436
86.62,-53.64354864,-67.13333519
86.63,-53.54458607,-67.10782054
86.64,-53.44362148,-67.08207474
86.65,-53.34058914,-67.0560919
86.66,-53.23542061,-67.02986597
86.67,-53.1280446,-67.00339071
86.68,-53.01838679,-66.97665967
86.69,-52.90636975,-66.94966619
86.7,-52.79191269,-66.92240338
86.71,-52.67493139,-66.89486416
86.72,-52.55533793,-66.86704119
86.73,-52.43304059,-66.83892687
86.74,-52.30794358,-66.81051338
86.75,-52.17994688,-66.7817926
86.76,-52.04894598,-66.75275615
86.77,-51.91483166,-66.72339535
86.78,-51.77748975,-66.69370124
86.79,-51.63680086,-66.66366452
86.8,-51.49264009,-66.63327556
86.81,-51.34487676,-66.60252441
86.82,-51.19337405,-66.57140073
86.83,-51.03798873,-66.53989383
86.84,-50.87857076,-66.50799261
86.85,-50.71496294,-66.47568557
86.86,-50.54700052,-66.44296077
86.87,-50.37451075,-66.40980584
86.88,-50.1973125,-66.37620791
86.89,-50.01521574,-66.34215364
86.9,-49.82802106,-66.30762916
86.91,-49.63551916,-66.27262007
86.92,-49.43749029,-66.23711139
86.93,-49.23370367,-66.20108755
86.94,-49.02391685,-66.16453235
86.95,-48.80787511,-66.12742894
86.96,-48.58531073,-66.08975978
86.97,-48.35594228,-66.0515066
86.98,-48.11947385,-66.01265037
86.99,-47.8755943,-65.97317125
87,-47.62397634,-65.93304857
87.01,-47.36427572,-65.89226076
87.02,-47.09613029,-65.85078533
87.03,-46.81915904,-65.80859879
87.04,-46.53296109,-65.7656766
87.05,-46.23711469,-65.72199316
87.06,-45.93117611,-65.67752169
87.07,-45.61467858,-65.63223418
87.08,-45.28713115,-65.58610134
87.09,-44.94801755,-65.53909253
87.1,-44.59679501,-65.49117565
87.11,-44.23289313,-65.44231709
87.12,-43.85571272,-65.39248161
87.13,-43.46462469,-65.34163229
87.14,-43.05896897,-65.28973037
87.15,-42.63805348,-65.23673519
87.16,-42.20115325,-65.18260405
87.17,-41.74750966,-65.12729211
87.18,-41.27632975,-65.0707522
87.19,-40.78678589,-65.01293477
87.2,-40.27801564,-64.95378765
87.21,-39.74912192,-64.89325593
87.22,-39.19917366,-64.83128179
87.23,-38.62720683,-64.76780429
87.24,-38.03222618,-64.70275919
87.25,-37.41320758,-64.63607872
87.26,-36.76910121,-64.56769137
87.27,-36.09883571,-64.49752159
87.28,-35.40132344,-64.42548962
87.29,-34.675467,-64.35151109
87.3,-33.92016724,-64.2754968
87.31,-33.1343329,-64.19735237
87.32,-32.3168922,-64.11697787
87.33,-31.46680641,-64.03426744
87.34,-30.58308577,-63.94910891
87.35,-29.66480797,-63.86138334
87.36,-28.71113916,-63.77096457
87.37,-27.72135799,-63.67771871
87.38,-26.69488235,-63.5815036
87.39,-25.63129918,-63.48216824
87.4,-24.53039693,-63.37955216
87.41,-23.39220056,-63.27348481
87.42,-22.21700862,-63.16378477
87.43,-21.00543152,-63.0502591
87.44,-19.75843028,-62.93270244
87.45,-18.47735446,-62.81089621
87.46,-17.1639775,-62.68460772
87.47,-15.82052797,-62.55358913
87.48,-14.44971449,-62.41757649
87.49,-13.05474229,-62.27628862
87.5,-11.63931917,-62.12942595
87.51,-10.20764868,-61.97666932
87.52,-8.764408881,-61.81767865
87.53,-7.314715339,-61.65209161
87.54,-5.864067802,-61.47952217
87.55,-4.418280868,-61.2995591
87.56,-2.98339988,-61.11176437
87.57,-1.565604301,-60.91567149
87.58,-0.1711017557,-60.71078372
87.59,1.193983311,-60.49657225
87.6,2.523721863,-60.27247427
87.61,3.812488675,-60.03789086
87.62,5.055062321,-59.79218446
87.63,6.246712613,-59.53467788
87.64,7.38327212,-59.26465041
87.65,8.461189392,-58.9813358
87.66,9.477562614,-58.68391951
87.67,10.43015356,-58.37153569
87.68,11.31738275,-58.04326407
87.69,12.13830768,-57.69812648
87.7,12.89258654,-57.33508314
87.71,13.58043045,-56.9530287
87.72,14.20254727,-56.55078785
87.73,14.76008011,-56.12711054
87.74,15.25454333,-55.68066691
87.75,15.68775871,-55.21004156
87.76,16.0617937,-54.71372753
87.77,16.37890352,-54.19011952
87.78,16.6414781,-53.63750672
87.79,16.85199477,-53.05406488
87.8,17.01297695,-52.4378478
87.81,17.12695888,-51.78677814
87.82,17.19645619,-51.09863751
87.83,17.22394204,-50.37105597
87.84,17.21182822,-49.60150086
87.85,17.16245067,-48.78726513
87.86,17.07805899,-47.92545532
87.87,16.96080913,-47.0129794
87.88,16.81275897,-46.04653485
87.89,16.63586607,-45.02259753
87.9,16.43198735,-43.93745761
87.91,16.20288013,-42.78706563
87.92,15.95020426,-41.56719042
87.93,15.67552517,-40.27335913
87.94,15.38031733,-38.90086906
87.95,15.06596827,-37.44480992
87.96,14.73378271,-35.90010126
87.97,14.38498684,-34.26155034
87.98,14.02073261,-32.52393688
87.99,13.64210198,-30.68213244
88,13.25011104,-28.73126354
88.01,12.84571396,-26.66692844
88.02,12.42980685,-24.48547762
88.03,12.00323133,-22.18436691
88.04,11.56677798,-19.76258834
88.05,11.12118956,-17.22117703
88.06,10.66716405,-14.56378098
88.07,10.20535746,-11.797265
88.08,9.736386521,-8.932299848
88.09,9.260831144,-5.983865908
88.1,8.779236734,-2.971581437
88.11,8.292116341,0.08024537057
88.12,7.799952679,3.142935779
88.13,7.303199988,6.184199261
88.14,6.802285776,9.16934785
88.15,6.297612448,12.06291131
88.16,5.789558824,14.83052059
88.17,5.278481548,17.4408612
88.18,4.764716425,19.8674636
88.19,4.248579651,22.09010784
88.2,3.73036898,24.09567514
88.21,3.210364798,25.87836792
88.22,2.688831159,27.43932018
88.23,2.166016728,28.7857068
88.24,1.642155681,29.92951747
88.25,1.117468542,30.88617851
88.26,0.5921629584,31.67319014
88.27,0.06643443575,32.30890727
88.28,-0.4595329917,32.81154223
88.29,-0.9855661234,33.19842141
88.3,-1.511502017,33.48548966
88.31,-2.037187439,33.68703188
88.32,-2.562478369,33.81556849
88.33,-3.087239526,33.88187853
88.34,-3.611343937,33.89510802
88.35,-4.134672527,33.86292803
88.36,-4.657113742,33.79171529
88.37,-5.178563178,33.6867362
88.38,-5.698923256,33.55232175
88.39,-6.218102875,33.39202619
88.4,-6.736017132,33.20876614
88.41,-7.252587002,33.00493953
88.42,-7.767739051,32.78252525
88.43,-8.281405192,32.54316542
88.44,-8.793522393,32.28823235
88.45,-9.30403243,32.01888272
88.46,-9.812881658,31.73610094
88.47,-10.32002078,31.4407337
88.48,-10.82540461,31.13351748
88.49,-11.32899187,30.81510022
88.5,-11.83074499,30.48605858
88.51,-12.33062993,30.14691148
88.52,-12.82861597,29.79813086
88.53,-13.32467556,29.44015015
88.54,-13.81878416,29.07337104
88.55,-14.3109201,28.69816881
88.56,-14.8010644,28.31489656
88.57,-15.28920068,27.92388864
88.58,-15.77531503,27.52546332
88.59,-16.25939588,27.11992497
88.6,-16.7414339,26.70756583
88.61,-17.22142193,26.28866738
88.62,-17.69935484,25.86350148
88.63,-18.1752295,25.43233131
88.64,-18.6490447,24.99541206
88.65,-19.12080103,24.55299158
88.66,-19.5905009,24.10531083
88.67,-20.05814843,23.65260429
88.68,-20.52374944,23.19510031
88.69,-20.98731139,22.73302133
88.7,-21.44884332,22.26658412
88.71,-21.90835587,21.79599999
88.72,-22.36586125,21.32147488
88.73,-22.82137321,20.84320952
88.74,-23.274907,20.36139954
88.75,-23.72647941,19.87623554
88.76,-24.17610874,19.38790321
88.77,-24.62381477,18.89658333
88.78,-25.06961883,18.40245191
88.79,-25.51354375,17.9056802
88.8,-25.9556139,17.40643477
88.81,-26.39585519,16.90487755
88.82,-26.83429507,16.40116588
88.83,-27.2709626,15.89545258
88.84,-27.70588844,15.38788598
88.85,-28.13910481,14.87860997
88.86,-28.57064564,14.36776409
88.87,-29.00054647,13.85548354
88.88,-29.42884453,13.34189927
88.89,-29.85557882,12.827138
88.9,-30.28079,12.3113223
88.91,-30.70452056,11.79457067
88.92,-31.12681472,11.27699755
88.93,-31.54771855,10.75871343
88.94,-31.96727991,10.23982488
88.95,-32.38554856,9.720434649
88.96,-32.80257609,9.200641684
88.97,-33.21841598,8.680541246
88.98,-33.63312363,8.160224939
88.99,-34.04675633,7.639780806
89,-34.45937324,7.119293379
89.01,-34.87103551,6.598843761
89.02,-35.28180616,6.078509692
89.03,-35.69175013,5.558365612
89.04,-36.1009342,5.038482746
89.05,-36.50942705,4.51892916
89.06,-36.91729924,3.999769841
89.07,-37.32462314,3.481066771
89.08,-37.73147287,2.962878975
89.09,-38.1379243,2.445262617
89.1,-38.54405495,1.928271058
89.11,-38.94994396,1.411954917
89.12,-39.35567202,0.8963621544
89.13,-39.7613213,0.3815381302
89.14,-40.16697532,-0.1324743387
89.15,-40.57271889,-0.6456348958
89.16,-40.9786379,-1.157905584
89.17,-41.38481929,-1.669250797
89.18,-41.79135082,-2.179637209
89.19,-42.19832097,-2.689033708
89.2,-42.60581872,-3.197411339
89.21,-43.01393343,-3.704743249
89.22,-43.42275454,-4.211004638
89.23,-43.8323714,-4.716172699
89.24,-44.24287291,-5.220226564
89.25,-44.65434732,-5.723147248
89.26,-45.06688194,-6.224917606
89.27,-45.48056281,-6.725522285
89.28,-45.89547429,-7.224947678
89.29,-46.31169868,-7.723181884
89.3,-46.7293159,-8.220214663
89.31,-47.14840293,-8.716037403
89.32,-47.56903338,-9.210643081
89.33,-47.99127703,-9.704026231
89.34,-48.4151992,-10.19618291
89.35,-48.84086024,-10.6871107
89.36,-49.26831486,-11.17680862
89.37,-49.69761157,-11.66527718
89.38,-50.12879183,-12.15251828
89.39,-50.56188959,-12.63853528
89.4,-50.9969303,-13.12333293
89.41,-51.43393023,-13.60691739
89.42,-51.87289572,-14.08929621
89.43,-52.31382227,-14.57047834
89.44,-52.75669367,-15.05047414
89.45,-53.20148118,-15.52929535
89.46,-53.64814263,-16.00695519
89.47,-54.09662175,-16.48346826
89.48,-54.54684701,-16.95885067
89.49,-54.9987308,-17.43311999
89.5,-55.45216864,-17.90629534
89.51,-55.90703849,-18.37839738
89.52,-56.36320001,-18.84944839
89.53,-56.8204939,-19.31947229
89.54,-57.27874133,-19.78849473
89.55,-57.73774351,-20.25654312
89.56,-58.19728132,-20.7236467
89.57,-58.65711513,-21.18983666
89.58,-59.11698487,-21.65514613
89.59,-59.57661009,-22.11961034
89.6,-60.0356903,-22.58326674
89.61,-60.49390369,-23.046155
89.62,-60.95091391,-23.50831718
89.63,-61.40636467,-23.96979786
89.64,-61.8598834,-24.43064426
89.65,-62.31108275,-24.89090631
89.66,-62.75956236,-25.35063686
89.67,-63.20491092,-25.80989176
89.68,-63.64670842,-26.2687301
89.69,-64.08452868,-26.72721432
89.7,-64.51794202,-27.18541034
89.71,-64.94651816,-27.64338779
89.72,-65.36982913,-28.10122017
89.73,-65.78745253,-28.55898505
89.74,-66.19897452,-29.01676428
89.75,-66.60399307,-29.4746442
89.76,-67.00212106,-29.93271578
89.77,-67.39298926,-30.39107493
89.78,-67.7762492,-30.84982263
89.79,-68.15157586,-31.30906524
89.8,-68.51867,-31.76891473
89.81,-68.87726035,-32.2294889
89.82,-69.22710538,-32.69091159
89.83,-69.56799474,-33.15331291
89.84,-69.8997503,-33.6168296
89.85,-70.22222684,-34.08160519
89.86,-70.53531242,-34.54779025
89.87,-70.83892815,-35.01554261
89.88,-71.13302783,-35.48502771
89.89,-71.41759709,-35.9564187
89.9,-71.69265228,-36.42989672
89.91,-71.95823906,-36.90565113
89.92,-72.21443074,-37.38387965
89.93,-72.46132642,-37.86478867
89.94,-72.69904897,-38.34859325
89.95,-72.92774289,-38.83551722
89.96,-73.14757209,-39.32579335
89.97,-73.35871764,-39.81966331
89.98,-73.56137552,-40.31737764
89.99,-73.75575437,-40.81919575
90,-73.94207338,-41.32538577
90.01,-74.12056019,-41.83622431
90.02,-74.29144894,-42.35199606
90.03,-74.4549784,-42.87299344
90.04,-74.61139031,-43.39951605
90.05,-74.76092778,-43.93186979
90.06,-74.90383393,-44.47036619
90.07,-75.04035055,-45.01532111
90.08,-75.17071705,-45.56708792
90.09,-75.29516946,-46.12594037
90.1,-75.41393957,-46.69220416
90.11,-75.52725425,-47.26619996
90.12,-75.63533485,-47.84824249
90.13,-75.73839674,-48.43863811
90.14,-75.8366489,-49.03768208
90.15,-75.93029366,-49.64565478
90.16,-76.01952652,-50.26281771
90.17,-76.10453599,-50.8894089
90.18,-76.18550354,-51.5256376
90.19,-76.2626036,-52.1716786
90.2,-76.33600363,-52.82766573
90.21,-76.40586413,-53.49368497
90.22,-76.47233884,-54.16976688
90.23,-76.53557483,-54.85587856
90.24,-76.59571271,-55.55191489
90.25,-76.65288676,-56.25768965
90.26,-76.7072252,-56.97292616
90.27,-76.75885034,-57.69724772
90.28,-76.80787881,-58.4301681
90.29,-76.8544218,-59.17108259
90.3,-76.89858526,-59.91925919
90.31,-76.94047011,-60.67383107
90.32,-76.98017248,-61.43379028
90.33,-77.01778389,-62.19798318
90.34,-77.05339149,-62.96510822
90.35,-77.08707825,-63.73371665
90.36,-77.11892311,-64.50221618
90.37,-77.14900126,-65.26887855
90.38,-77.17738422,-66.03185144
90.39,-77.20414009,-66.78917441
90.4,-77.22933365,-67.53879963
90.41,-77.25302657,-68.27861701
90.42,-77.27527753,-69.00648347
90.43,-77.29614239,-69.72025569
90.44,-77.3156743,-70.41782571
90.45,-77.33392382,-71.09715801
90.46,-77.3509391,-71.75632694
90.47,-77.36676594,-72.39355308
90.48,-77.38144793,-73.00723681
90.49,-77.39502657,-73.59598787
90.5,-77.40754134,-74.15864946
90.51,-77.41902983,-74.69431593
90.52,-77.42952786,-75.20234333
90.53,-77.43906949,-75.6823525
90.54,-77.44768723,-76.13422491
90.55,-77.45541201,-76.55809161
90.56,-77.46227337,-76.95431619
90.57,-77.46829948,-77.32347293
90.58,-77.47351723,-77.66632127
90.59,-77.47795235,-77.98377787
90.6,-77.48162945,-78.27688774
90.61,-77.4845721,-78.54679532
90.62,-77.48680293,-78.79471676
90.63,-77.48834366,-79.02191401
90.64,-77.4892152,-79.22967139
90.65,-77.48943771,-79.41927498
90.66,-77.48903062,-79.591995
90.67,-77.48801276,-79.74907127
90.68,-77.48640235,-79.89170153
90.69,-77.48421706,-80.02103254
90.7,-77.48147408,-80.13815363
90.71,-77.47819013,-80.24409243
90.72,-77.4743815,-80.33981239
90.73,-77.47006411,-80.426212
90.74,-77.46525349,-80.50412511
90.75,-77.45996483,-80.57432235
90.76,-77.45421301,-80.63751325
90.77,-77.44801256,-80.694349
90.78,-77.44137776,-80.74542548
90.79,-77.43432256,-80.79128661
90.8,-77.42686064,-80.83242777
90.81,-77.41900541,-80.8692993
90.82,-77.41076998,-80.90230989
90.83,-77.40216721,-80.93182993
90.84,-77.39320965,-80.95819468
90.85,-77.38390959,-80.98170729
90.86,-77.37427903,-81.00264165
90.87,-77.36432971,-81.02124507
90.88,-77.35407304,-81.03774067
90.89,-77.34352017,-81.05232973
90.9,-77.33268194,-81.06519372
90.91,-77.32156892,-81.07649625
90.92,-77.31019135,-81.08638477
90.93,-77.29855918,-81.09499218
90.94,-77.28668208,-81.10243829
90.95,-77.27456939,-81.10883108
90.96,-77.26223017,-81.11426789
90.97,-77.24967316,-81.11883651
90.98,-77.23690683,-81.1226161
90.99,-77.22393934,-81.12567809
91,-77.21077854,-81.12808693
91.01,-77.19743203,-81.12990081
91.02,-77.18390708,-81.13117226
91.03,-77.17021071,-81.13194875
91.04,-77.15634967,-81.13227319
91.05,-77.14233041,-81.13218436
91.06,-77.12815915,-81.13171733
91.07,-77.11384182,-81.13090387
91.08,-77.09938412,-81.1297727
91.09,-77.08479152,-81.12834986
91.1,-77.07006921,-81.12665893
91.11,-77.05522219,-81.12472131
91.12,-77.04025523,-81.12255638
91.13,-77.02517286,-81.12018175
91.14,-77.00997944,-81.1176134
91.15,-76.9946791,-81.11486584
91.16,-76.97927578,-81.11195225
91.17,-76.96377326,-81.10888462
91.18,-76.94817512,-81.10567386
91.19,-76.93248477,-81.10232989
91.2,-76.91670545,-81.09886174
91.21,-76.90084026,-81.09527764
91.22,-76.88489215,-81.09158507
91.23,-76.8688639,-81.08779088
91.24,-76.85275817,-81.08390128
91.25,-76.8365775,-81.07992196
91.26,-76.82032428,-81.0758581
91.27,-76.8040008,-81.07171445
91.28,-76.78760923,-81.06749531
91.29,-76.77115162,-81.06320464
91.3,-76.75462992,-81.05884605
91.31,-76.73804601,-81.05442284
91.32,-76.72140163,-81.04993801
91.33,-76.70469847,-81.04539434
91.34,-76.68793812,-81.04079434
91.35,-76.67112208,-81.03614032
91.36,-76.65425179,-81.0314344
91.37,-76.63732861,-81.02667851
91.38,-76.62035383,-81.02187442
91.39,-76.60332868,-81.01702375
91.4,-76.58625433,-81.012128
91.41,-76.56913189,-81.00718851
91.42,-76.5519624,-81.00220654
91.43,-76.53474688,-80.99718322
91.44,-76.51748626,-80.9921196
91.45,-76.50018145,-80.98701664
91.46,-76.48283332,-80.98187521
91.47,-76.46544267,-80.97669611
91.48,-76.4480103,-80.97148007
91.49,-76.43053693,-80.96622777
91.5,-76.41302327,-80.96093982
91.51,-76.39546999,-80.95561677
91.52,-76.37787774,-80.95025914
91.53,-76.36024712,-80.9448674
91.54,-76.34257871,-80.93944197
91.55,-76.32487307,-80.93398323
91.56,-76.30713073,-80.92849155
91.57,-76.28935219,-80.92296724
91.58,-76.27153793,-80.91741059
91.59,-76.25368842,-80.91182186
91.6,-76.2358041,-80.9062013
91.61,-76.21788539,-80.90054912
91.62,-76.19993269,-80.89486551
91.63,-76.1819464,-80.88915064
91.64,-76.16392688,-80.88340467
91.65,-76.14587449,-80.87762774
91.66,-76.12778957,-80.87181997
91.67,-76.10967246,-80.86598148
91.68,-76.09152346,-80.86011234
91.69,-76.07334289,-80.85421265
91.7,-76.05513104,-80.84828248
91.71,-76.03688819,-80.84232189
91.72,-76.0186146,-80.83633093
91.73,-76.00031056,-80.83030963
91.74,-75.9819763,-80.82425804
91.75,-75.96361209,-80.81817618
91.76,-75.94521814,-80.81206407
91.77,-75.92679471,-80.80592171
91.78,-75.908342,-80.79974912
91.79,-75.88986024,-80.79354629
91.8,-75.87134964,-80.78731322
91.81,-75.85281039,-80.78104989
91.82,-75.83424272,-80.7747563
91.83,-75.8156468,-80.76843243
91.84,-75.79702282,-80.76207824
91.85,-75.77837098,-80.75569372
91.86,-75.75969144,-80.74927883
91.87,-75.7409844,-80.74283354
91.88,-75.72225002,-80.73635782
91.89,-75.70348846,-80.72985163
91.9,-75.6846999,-80.72331492
91.91,-75.6658845,-80.71674766
91.92,-75.64704241,-80.71014979
91.93,-75.6281738,-80.70352128
91.94,-75.60927881,-80.69686207
91.95,-75.5903576,-80.69017211
91.96,-75.57141032,-80.68345136
91.97,-75.55243711,-80.67669975
91.98,-75.53343812,-80.66991724
91.99,-75.51441349,-80.66310377
92,-75.49536336,-80.65625928
92.01,-75.47628787,-80.64938372
92.02,-75.45718717,-80.64247702
92.03,-75.43806137,-80.63553914
92.04,-75.41891063,-80.62857001
92.05,-75.39973506,-80.62156958
92.06,-75.38053482,-80.61453777
92.07,-75.36131001,-80.60747454
92.08,-75.34206078,-80.60037982
92.09,-75.32278726,-80.59325354
92.1,-75.30348957,-80.58609566
92.11,-75.28416784,-80.5789061
92.12,-75.26482219,-80.57168481
92.13,-75.24545275,-80.56443172
92.14,-75.22605965,-80.55714677
92.15,-75.20664301,-80.5498299
92.16,-75.18720295,-80.54248105
92.17,-75.16773959,-80.53510016
92.18,-75.14825307,-80.52768716
92.19,-75.12874349,-80.520242
92.2,-75.10921099,-80.51276461
92.21,-75.08965568,-80.50525493
92.22,-75.07007768,-80.4977129
92.23,-75.05047712,-80.49013846
92.24,-75.03085411,-80.48253155
92.25,-75.01120877,-80.47489211
92.26,-74.99154123,-80.46722008
92.27,-74.9718516,-80.4595154
92.28,-74.95214,-80.45177801
92.29,-74.93240656,-80.44400786
92.3,-74.91265138,-80.43620488
92.31,-74.89287459,-80.42836902
92.32,-74.8730763,-80.42050023
92.33,-74.85325664,-80.41259843
92.34,-74.83341573,-80.40466359
92.35,-74.81355367,-80.39669563
92.36,-74.79367059,-80.38869452
92.37,-74.77376661,-80.38066018
92.38,-74.75384185,-80.37259258
92.39,-74.73389642,-80.36449165
92.4,-74.71393044,-80.35635734
92.41,-74.69394403,-80.34818961
92.42,-74.67393731,-80.33998839
92.43,-74.65391039,-80.33175364
92.44,-74.6338634,-80.3234853
92.45,-74.61379644,-80.31518334
92.46,-74.59370965,-80.30684769
92.47,-74.57360313,-80.29847831
92.48,-74.55347701,-80.29007515
92.49,-74.53333141,-80.28163817
92.5,-74.51316643,-80.27316731
92.51,-74.49298221,-80.26466254
92.52,-74.47277885,-80.2561238
92.53,-74.45255648,-80.24755106
92.54,-74.43231522,-80.23894427
92.55,-74.41205518,-80.23030338
92.56,-74.39177649,-80.22162836
92.57,-74.37147925,-80.21291916
92.58,-74.3511636,-80.20417574
92.59,-74.33082964,-80.19539807
92.6,-74.31047751,-80.1865861
92.61,-74.29010731,-80.17773979
92.62,-74.26971917,-80.16885912
92.63,-74.24931321,-80.15994403
92.64,-74.22888954,-80.1509945
92.65,-74.20844828,-80.14201049
92.66,-74.18798956,-80.13299197
92.67,-74.1675135,-80.1239389
92.68,-74.1470202,-80.11485125
92.69,-74.12650981,-80.10572898
92.7,-74.10598242,-80.09657208
92.71,-74.08543817,-80.0873805
92.72,-74.06487717,-80.07815422
92.73,-74.04429955,-80.06889321
92.74,-74.02370542,-80.05959744
92.75,-74.0030949,-80.05026689
92.76,-73.98246812,-80.04090153
92.77,-73.9618252,-80.03150133
92.78,-73.94116625,-80.02206627
92.79,-73.92049139,-80.01259633
92.8,-73.89980076,-80.00309149
92.81,-73.87909446,-79.99355172
92.82,-73.85837262,-79.983977
92.83,-73.83763536,-79.97436732
92.84,-73.81688281,-79.96472265
92.85,-73.79611507,-79.95504298
92.86,-73.77533228,-79.94532829
92.87,-73.75453455,-79.93557857
92.88,-73.73372201,-79.9257938
92.89,-73.71289478,-79.91597396
92.9,-73.69205297,-79.90611905
92.91,-73.67119671,-79.89622904
92.92,-73.65032613,-79.88630394
92.93,-73.62944134,-79.87634372
92.94,-73.60854246,-79.86634839
92.95,-73.58762963,-79.85631792
92.96,-73.56670294,-79.84625232
92.97,-73.54576254,-79.83615158
92.98,-73.52480854,-79.82601569
92.99,-73.50384107,-79.81584464
93,-73.48286024,-79.80563844
93.01,-73.46186617,-79.79539709
93.02,-73.440859,-79.78512057
93.03,-73.41983883,-79.77480888
93.04,-73.3988058,-79.76446204
93.05,-73.37776003,-79.75408004
93.06,-73.35670163,-79.74366288
93.07,-73.33563072,-79.73321057
93.08,-73.31454744,-79.7227231
93.09,-73.29345191,-79.71220049
93.1,-73.27234423,-79.70164274
93.11,-73.25122455,-79.69104986
93.12,-73.23009297,-79.68042186
93.13,-73.20894962,-79.66975874
93.14,-73.18779462,-79.65906051
93.15,-73.1666281,-79.64832719
93.16,-73.14545017,-79.63755879
93.17,-73.12426097,-79.62675532
93.18,-73.1030606,-79.6159168
93.19,-73.08184919,-79.60504324
93.2,-73.06062686,-79.59413465
93.21,-73.03939374,-79.58319106
93.22,-73.01814995,-79.57221248
93.23,-72.99689561,-79.56119893
93.24,-72.97563083,-79.55015043
93.25,-72.95435575,-79.539067
93.26,-72.93307048,-79.52794867
93.27,-72.91177514,-79.51679545
93.28,-72.89046986,-79.50560737
93.29,-72.86915475,-79.49438446
93.3,-72.84782994,-79.48312675
93.31,-72.82649555,-79.47183425
93.32,-72.8051517,-79.460507
93.33,-72.78379852,-79.44914502
93.34,-72.76243611,-79.43774835
93.35,-72.74106461,-79.42631702
93.36,-72.71968413,-79.41485106
93.37,-72.69829479,-79.4033505
93.38,-72.67689672,-79.39181538
93.39,-72.65549003,-79.38024573
93.4,-72.63407485,-79.36864159
93.41,-72.6126513,-79.357003
93.42,-72.59121949,-79.34532998
93.43,-72.56977954,-79.33362259
93.44,-72.54833158,-79.32188087
93.45,-72.52687573,-79.31010484
93.46,-72.5054121,-79.29829457
93.47,-72.48394081,-79.28645008
93.48,-72.46246199,-79.27457142
93.49,-72.44097575,-79.26265864
93.5,-72.41948222,-79.25071179
93.51,-72.3979815,-79.23873091
93.52,-72.37647372,-79.22671604
93.53,-72.354959,-79.21466725
93.54,-72.33343746,-79.20258457
93.55,-72.31190921,-79.19046807
93.56,-72.29037438,-79.17831778
93.57,-72.26883308,-79.16613377
93.58,-72.24728542,-79.15391609
93.59,-72.22573154,-79.14166479
93.6,-72.20417153,-79.12937994
93.61,-72.18260553,-79.11706157
93.62,-72.16103365,-79.10470977
93.63,-72.139456,-79.09232457
93.64,-72.1178727,-79.07990605
93.65,-72.09628387,-79.06745426
93.66,-72.07468963,-79.05496927
93.67,-72.05309009,-79.04245114
93.68,-72.03148537,-79.02989992
93.69,-72.00987558,-79.0173157
93.7,-71.98826083,-79.00469852
93.71,-71.96664125,-78.99204847
93.72,-71.94501695,-78.9793656
93.73,-71.92338805,-78.96664999
93.74,-71.90175465,-78.9539017
93.75,-71.88011688,-78.9411208
93.76,-71.85847484,-78.92830737
93.77,-71.83682865,-78.91546148
93.78,-71.81517843,-78.9025832
93.79,-71.79352428,-78.8896726
93.8,-71.77186633,-78.87672976
93.81,-71.75020468,-78.86375476
93.82,-71.72853945,-78.85074767
93.83,-71.70687075,-78.83770857
93.84,-71.68519869,-78.82463753
93.85,-71.66352339,-78.81153465
93.86,-71.64184495,-78.79839999
93.87,-71.62016349,-78.78523365
93.88,-71.59847912,-78.77203569
93.89,-71.57679194,-78.75880621
93.9,-71.55510208,-78.74554529
93.91,-71.53340964,-78.73225302
93.92,-71.51171472,-78.71892947
93.93,-71.49001745,-78.70557474
93.94,-71.46831793,-78.69218891
93.95,-71.44661626,-78.67877207
93.96,-71.42491256,-78.66532431
93.97,-71.40320694,-78.65184573
93.98,-71.38149951,-78.6383364
93.99,-71.35979037,-78.62479643
94,-71.33807962,-78.61122591
94.01,-71.31636739,-78.59762492
94.02,-71.29465377,-78.58399357
94.03,-71.27293887,-78.57033194
94.04,-71.2512228,-78.55664014
94.05,-71.22950567,-78.54291827
94.06,-71.20778757,-78.52916641
94.07,-71.18606862,-78.51538466
94.08,-71.16434892,-78.50157313
94.09,-71.14262857,-78.48773192
94.1,-71.12090769,-78.47386112
94.11,-71.09918637,-78.45996085
94.12,-71.07746471,-78.44603119
94.13,-71.05574283,-78.43207225
94.14,-71.03402082,-78.41808414
94.15,-71.01229878,-78.40406696
94.16,-70.99057683,-78.39002082
94.17,-70.96885506,-78.37594583
94.18,-70.94713357,-78.36184208
94.19,-70.92541246,-78.34770968
94.2,-70.90369183,-78.33354876
94.21,-70.8819718,-78.3193594
94.22,-70.86025244,-78.30514173
94.23,-70.83853388,-78.29089586
94.24,-70.81681619,-78.27662189
94.25,-70.79509949,-78.26231994
94.26,-70.77338387,-78.24799011
94.27,-70.75166943,-78.23363254
94.28,-70.72995627,-78.21924731
94.29,-70.70824448,-78.20483456
94.3,-70.68653417,-78.1903944
94.31,-70.66482542,-78.17592694
94.32,-70.64311834,-78.1614323
94.33,-70.62141302,-78.14691059
94.34,-70.59970956,-78.13236194
94.35,-70.57800805,-78.11778647
94.36,-70.55630858,-78.10318428
94.37,-70.53461125,-78.08855551
94.38,-70.51291615,-78.07390027
94.39,-70.49122339,-78.05921869
94.4,-70.46953304,-78.04451088
94.41,-70.4478452,-78.02977697
94.42,-70.42615996,-78.01501708
94.43,-70.40447743,-78.00023133
94.44,-70.38279767,-77.98541985
94.45,-70.3611208,-77.97058277
94.46,-70.33944689,-77.9557202
94.47,-70.31777604,-77.94083228
94.48,-70.29610834,-77.92591913
94.49,-70.27444387,-77.91098087
94.5,-70.25278272,-77.89601765
94.51,-70.23112499,-77.88102957
94.52,-70.20947075,-77.86601678
94.53,-70.18782011,-77.85097939
94.54,-70.16617313,-77.83591755
94.55,-70.14452991,-77.82083137
94.56,-70.12289054,-77.805721
94.57,-70.1012551,-77.79058656
94.58,-70.07962367,-77.77542818
94.59,-70.05799634,-77.760246
94.6,-70.0363732,-77.74504015
94.61,-70.01475432,-77.72981076
94.62,-69.99313978,-77.71455796
94.63,-69.97152968,-77.69928189
94.64,-69.94992409,-77.68398269
94.65,-69.9283231,-77.66866048
94.66,-69.90672678,-77.6533154
94.67,-69.88513521,-77.6379476
94.68,-69.86354848,-77.62255719
94.69,-69.84196667,-77.60714433
94.7,-69.82038984,-77.59170915
94.71,-69.79881809,-77.57625179
94.72,-69.77725149,-77.56077237
94.73,-69.75569012,-77.54527105
94.74,-69.73413404,-77.52974796
94.75,-69.71258335,-77.51420324
94.76,-69.69103811,-77.49863702
94.77,-69.66949841,-77.48304946
94.78,-69.64796431,-77.46744068
94.79,-69.62643589,-77.45181083
94.8,-69.60491322,-77.43616004
94.81,-69.58339638,-77.42048847
94.82,-69.56188544,-77.40479624
94.83,-69.54038047,-77.38908351
94.84,-69.51888154,-77.37335041
94.85,-69.49738872,-77.35759709
94.86,-69.4759021,-77.34182368
94.87,-69.45442172,-77.32603034
94.88,-69.43294767,-77.3102172
94.89,-69.41148001,-77.29438441
94.9,-69.39001882,-77.27853211
94.91,-69.36856415,-77.26266044
94.92,-69.34711608,-77.24676955
94.93,-69.32567467,-77.23085958
94.94,-69.30423999,-77.21493068
94.95,-69.2828121,-77.19898299
94.96,-69.26139108,-77.18301666
94.97,-69.23997698,-77.16703183
94.98,-69.21856987,-77.15102865
94.99,-69.19716981,-77.13500726
95,-69.17577686,-77.11896781
95.01,-69.15439109,-77.10291044
95.02,-69.13301256,-77.0868353
95.03,-69.11164132,-77.07074254
95.04,-69.09027745,-77.0546323
95.05,-69.068921,-77.03850472
95.06,-69.04757203,-77.02235997
95.07,-69.02623059,-77.00619818
95.08,-69.00489675,-76.99001949
95.09,-68.98357057,-76.97382406
95.1,-68.96225209,-76.95761204
95.11,-68.94094139,-76.94138356
95.12,-68.91963851,-76.92513879
95.13,-68.8983435,-76.90887786
95.14,-68.87705643,-76.89260092
95.15,-68.85577735,-76.87630812
95.16,-68.83450631,-76.85999961
95.17,-68.81324337,-76.84367553
95.18,-68.79198857,-76.82733604
95.19,-68.77074197,-76.81098128
95.2,-68.74950362,-76.7946114
95.21,-68.72827357,-76.77822654
95.22,-68.70705187,-76.76182686
95.23,-68.68583857,-76.7454125
95.24,-68.66463372,-76.72898361
95.25,-68.64343736,-76.71254034
95.26,-68.62224955,-76.69608283
95.27,-68.60107033,-76.67961124
95.28,-68.57989975,-76.66312571
95.29,-68.55873786,-76.64662639
95.3,-68.53758469,-76.63011342
95.31,-68.5164403,-76.61358697
95.32,-68.49530472,-76.59704716
95.33,-68.474178,-76.58049415
95.34,-68.45306019,-76.5639281
95.35,-68.43195133,-76.54734913
95.36,-68.41085145,-76.53075741
95.37,-68.3897606,-76.51415308
95.38,-68.36867881,-76.49753629
95.39,-68.34760614,-76.48090718
95.4,-68.32654261,-76.46426591
95.41,-68.30548827,-76.44761261
95.42,-68.28444315,-76.43094744
95.43,-68.26340729,-76.41427054
95.44,-68.24238073,-76.39758205
95.45,-68.2213635,-76.38088214
95.46,-68.20035563,-76.36417093
95.47,-68.17935718,-76.34744858
95.48,-68.15836815,-76.33071524
95.49,-68.1373886,-76.31397105
95.5,-68.11641855,-76.29721615
95.51,-68.09545804,-76.28045069
95.52,-68.07450709,-76.26367481
95.53,-68.05356574,-76.24688867
95.54,-68.03263401,-76.2300924
95.55,-68.01171194,-76.21328616
95.56,-67.99079956,-76.19647007
95.57,-67.96989689,-76.1796443
95.58,-67.94900397,-76.16280898
95.59,-67.92812081,-76.14596426
95.6,-67.90724745,-76.12911028
95.61,-67.88638391,-76.11224718
95.62,-67.86553021,-76.09537511
95.63,-67.84468639,-76.07849421
95.64,-67.82385246,-76.06160462
95.65,-67.80302844,-76.04470648
95.66,-67.78221437,-76.02779995
95.67,-67.76141025,-76.01088515
95.68,-67.74061612,-75.99396223
95.69,-67.719832,-75.97703133
95.7,-67.69905789,-75.9600926
95.71,-67.67829383,-75.94314617
95.72,-67.65753983,-75.92619218
95.73,-67.6367959,-75.90923077
95.74,-67.61606208,-75.89226209
95.75,-67.59533836,-75.87528627
95.76,-67.57462477,-75.85830345
95.77,-67.55392133,-75.84131376
95.78,-67.53322805,-75.82431736
95.79,-67.51254493,-75.80731437
95.8,-67.49187201,-75.79030494
95.81,-67.47120928,-75.7732892
95.82,-67.45055676,-75.75626728
95.83,-67.42991446,-75.73923933
95.84,-67.40928239,-75.72220548
95.85,-67.38866057,-75.70516586
95.86,-67.36804899,-75.68812062
95.87,-67.34744768,-75.67106988
95.88,-67.32685664,-75.65401378
95.89,-67.30627586,-75.63695246
95.9,-67.28570538,-75.61988604
95.91,-67.26514517,-75.60281467
95.92,-67.24459526,-75.58573847
95.93,-67.22405565,-75.56865758
95.94,-67.20352634,-75.55157213
95.95,-67.18300734,-75.53448225
95.96,-67.16249864,-75.51738808
95.97,-67.14200025,-75.50028973
95.98,-67.12151217,-75.48318735
95.99,-67.1010344,-75.46608106
96,-67.08056695,-75.448971
96.01,-67.0601098,-75.43185729
96.02,-67.03966296,-75.41474005
96.03,-67.01922643,-75.39761943
96.04,-66.9988002,-75.38049553
96.05,-66.97838427,-75.36336851
96.06,-66.95797864,-75.34623847
96.07,-66.93758329,-75.32910554
96.08,-66.91719823,-75.31196986
96.09,-66.89682346,-75.29483154
96.1,-66.87645895,-75.27769071
96.11,-66.85610471,-75.26054749
96.12,-66.83576072,-75.24340202
96.13,-66.81542698,-75.2262544
96.14,-66.79510347,-75.20910476
96.15,-66.7747902,-75.19195323
96.16,-66.75448714,-75.17479993
96.17,-66.73419428,-75.15764497
96.18,-66.71391161,-75.14048848
96.19,-66.69363913,-75.12333058
96.2,-66.6733768,-75.10617138
96.21,-66.65312463,-75.08901101
96.22,-66.63288259,-75.07184958
96.23,-66.61265067,-75.05468721
96.24,-66.59242885,-75.03752402
96.25,-66.57221711,-75.02036013
96.26,-66.55201545,-75.00319564
96.27,-66.53182382,-74.98603068
96.28,-66.51164223,-74.96886535
96.29,-66.49147064,-74.95169978
96.3,-66.47130905,-74.93453408
96.31,-66.45115741,-74.91736836
96.32,-66.43101572,-74.90020273
96.33,-66.41088395,-74.88303731
96.34,-66.39076207,-74.8658722
96.35,-66.37065007,-74.84870751
96.36,-66.35054791,-74.83154337
96.37,-66.33045558,-74.81437986
96.38,-66.31037304,-74.79721711
96.39,-66.29030026,-74.78005522
96.4,-66.27023722,-74.7628943
96.41,-66.2501839,-74.74573446
96.42,-66.23014025,-74.7285758
96.43,-66.21010625,-74.71141843
96.44,-66.19008187,-74.69426245
96.45,-66.17006708,-74.67710796
96.46,-66.15006185,-74.65995508
96.47,-66.13006614,-74.6428039
96.48,-66.11007991,-74.62565452
96.49,-66.09010314,-74.60850705
96.5,-66.07013579,-74.59136159
96.51,-66.05017782,-74.57421824
96.52,-66.0302292,-74.5570771
96.53,-66.01028988,-74.53993827
96.54,-65.99035983,-74.52280184
96.55,-65.97043902,-74.50566791
96.56,-65.95052739,-74.48853659
96.57,-65.93062492,-74.47140796
96.58,-65.91073155,-74.45428212
96.59,-65.89084725,-74.43715918
96.6,-65.87097198,-74.42003921
96.61,-65.85110569,-74.40292232
96.62,-65.83124833,-74.3858086
96.63,-65.81139987,-74.36869814
96.64,-65.79156025,-74.35159103
96.65,-65.77172944,-74.33448736
96.66,-65.75190737,-74.31738723
96.67,-65.73209401,-74.30029072
96.68,-65.7122893,-74.28319792
96.69,-65.69249321,-74.26610893
96.7,-65.67270566,-74.24902382
96.71,-65.65292662,-74.23194268
96.72,-65.63315604,-74.2148656
96.73,-65.61339385,-74.19779267
96.74,-65.59364001,-74.18072397
96.75,-65.57389446,-74.16365958
96.76,-65.55415715,-74.14659959
96.77,-65.53442802,-74.12954408
96.78,-65.51470702,-74.11249312
96.79,-65.49499408,-74.09544681
96.8,-65.47528915,-74.07840522
96.81,-65.45559218,-74.06136844
96.82,-65.43590309,-74.04433653
96.83,-65.41622183,-74.02730958
96.84,-65.39654834,-74.01028766
96.85,-65.37688256,-73.99327086
96.86,-65.35722442,-73.97625924
96.87,-65.33757386,-73.95925289
96.88,-65.31793082,-73.94225187
96.89,-65.29829522,-73.92525627
96.9,-65.27866701,-73.90826615
96.91,-65.25904611,-73.89128158
96.92,-65.23943246,-73.87430264
96.93,-65.21982599,-73.8573294
96.94,-65.20022663,-73.84036192
96.95,-65.18063431,-73.82340029
96.96,-65.16104895,-73.80644455
96.97,-65.14147049,-73.78949479
96.98,-65.12189885,-73.77255107
96.99,-65.10233396,-73.75561345
97,-65.08277574,-73.73868201
97.01,-65.06322413,-73.7217568
97.02,-65.04367903,-73.70483788
97.03,-65.02414037,-73.68792534
97.04,-65.00460808,-73.67101921
97.05,-64.98508208,-73.65411957
97.06,-64.96556229,-73.63722648
97.07,-64.94604862,-73.62033999
97.08,-64.92654099,-73.60346017
97.09,-64.90703932,-73.58658707
97.1,-64.88754353,-73.56972076
97.11,-64.86805353,-73.55286128
97.12,-64.84856924,-73.5360087
97.13,-64.82909057,-73.51916307
97.14,-64.80961743,-73.50232444
97.15,-64.79014974,-73.48549288
97.16,-64.7706874,-73.46866842
97.17,-64.75123033,-73.45185113
97.18,-64.73177843,-73.43504105
97.19,-64.71233162,-73.41823824
97.2,-64.69288979,-73.40144274
97.21,-64.67345286,-73.38465461
97.22,-64.65402072,-73.36787389
97.23,-64.63459329,-73.35110063
97.24,-64.61517047,-73.33433488
97.25,-64.59575216,-73.31757668
97.26,-64.57633826,-73.30082608
97.27,-64.55692866,-73.28408312
97.28,-64.53752328,-73.26734784
97.29,-64.518122,-73.2506203
97.3,-64.49872472,-73.23390053
97.31,-64.47933135,-73.21718856
97.32,-64.45994177,-73.20048445
97.33,-64.44055588,-73.18378824
97.34,-64.42117357,-73.16709995
97.35,-64.40179473,-73.15041963
97.36,-64.38241925,-73.13374732
97.37,-64.36304703,-73.11708304
97.38,-64.34367795,-73.10042685
97.39,-64.3243119,-73.08377877
97.4,-64.30494876,-73.06713883
97.41,-64.28558842,-73.05050707
97.42,-64.26623077,-73.03388353
97.43,-64.24687568,-73.01726823
97.44,-64.22752304,-73.0006612
97.45,-64.20817273,-72.98406247
97.46,-64.18882462,-72.96747208
97.47,-64.16947861,-72.95089005
97.48,-64.15013456,-72.9343164
97.49,-64.13079234,-72.91775117
97.5,-64.11145184,-72.90119439
97.51,-64.09211293,-72.88464606
97.52,-64.07277548,-72.86810623
97.53,-64.05343935,-72.85157491
97.54,-64.03410443,-72.83505213
97.55,-64.01477058,-72.8185379
97.56,-63.99543766,-72.80203225
97.57,-63.97610554,-72.7855352
97.58,-63.95677409,-72.76904677
97.59,-63.93744317,-72.75256697
97.6,-63.91811265,-72.73609583
97.61,-63.89878237,-72.71963336
97.62,-63.8794522,-72.70317957
97.63,-63.86012201,-72.68673448
97.64,-63.84079164,-72.67029811
97.65,-63.82146095,-72.65387047
97.66,-63.8021298,-72.63745157
97.67,-63.78279804,-72.62104142
97.68,-63.76346551,-72.60464004
97.69,-63.74413207,-72.58824742
97.7,-63.72479757,-72.5718636
97.71,-63.70546186,-72.55548856
97.72,-63.68612477,-72.53912232
97.73,-63.66678615,-72.52276489
97.74,-63.64744585,-72.50641627
97.75,-63.6281037,-72.49007646
97.76,-63.60875955,-72.47374548
97.77,-63.58941322,-72.45742332
97.78,-63.57006457,-72.44110998
97.79,-63.55071342,-72.42480547
97.8,-63.5313596,-72.40850979
97.81,-63.51200295,-72.39222294
97.82,-63.4926433,-72.37594491
97.83,-63.47328046,-72.35967571
97.84,-63.45391428,-72.34341533
97.85,-63.43454458,-72.32716377
97.86,-63.41517116,-72.31092102
97.87,-63.39579387,-72.29468708
97.88,-63.37641252,-72.27846194
97.89,-63.35702692,-72.26224559
97.9,-63.33763689,-72.24603804
97.91,-63.31824224,-72.22983926
97.92,-63.2988428,-72.21364924
97.93,-63.27943835,-72.19746799
97.94,-63.26002873,-72.18129548
97.95,-63.24061372,-72.1651317
97.96,-63.22119315,-72.14897664
97.97,-63.2017668,-72.13283028
97.98,-63.18233448,-72.11669262
97.99,-63.16289598,-72.10056363
98,-63.14345112,-72.08444329
98.01,-63.12399967,-72.06833159
98.02,-63.10454143,-72.05222851
98.03,-63.08507619,-72.03613404
98.04,-63.06560374,-72.02004814
98.05,-63.04612387,-72.0039708
98.06,-63.02663636,-71.98790199
98.07,-63.00714099,-71.97184169
98.08,-62.98763754,-71.95578988
98.09,-62.96812579,-71.93974653
98.1,-62.94860551,-71.92371162
98.11,-62.92907648,-71.90768511
98.12,-62.90953846,-71.89166699
98.13,-62.88999123,-71.87565721
98.14,-62.87043455,-71.85965575
98.15,-62.85086817,-71.84366259
98.16,-62.83129187,-71.82767768
98.17,-62.8117054,-71.81170099
98.18,-62.79210852,-71.79573249
98.19,-62.77250097,-71.77977215
98.2,-62.75288251,-71.76381992
98.21,-62.73325289,-71.74787578
98.22,-62.71361185,-71.73193968
98.23,-62.69395913,-71.71601159
98.24,-62.67429448,-71.70009146
98.25,-62.65461762,-71.68417925
98.26,-62.6349283,-71.66827493
98.27,-62.61522624,-71.65237844
98.28,-62.59551117,-71.63648975
98.29,-62.57578283,-71.62060881
98.3,-62.55604091,-71.60473557
98.31,-62.53628516,-71.58886999
98.32,-62.51651528,-71.57301202
98.33,-62.49673099,-71.5571616
98.34,-62.47693199,-71.5413187
98.35,-62.457118,-71.52548325
98.36,-62.43728871,-71.5096552
98.37,-62.41744382,-71.49383451
98.38,-62.39758304,-71.47802111
98.39,-62.37770605,-71.46221495
98.4,-62.35781255,-71.44641598
98.41,-62.33790221,-71.43062413
98.42,-62.31797473,-71.41483934
98.43,-62.29802978,-71.39906157
98.44,-62.27806703,-71.38329074
98.45,-62.25808616,-71.36752679
98.46,-62.23808684,-71.35176966
98.47,-62.21806872,-71.33601928
98.48,-62.19803147,-71.32027559
98.49,-62.17797475,-71.30453853
98.5,-62.1578982,-71.28880801
98.51,-62.13780148,-71.27308398
98.52,-62.11768423,-71.25736636
98.53,-62.09754608,-71.24165508
98.54,-62.07738667,-71.22595007
98.55,-62.05720563,-71.21025125
98.56,-62.0370026,-71.19455855
98.57,-62.01677718,-71.17887189
98.58,-61.996529,-71.16319119
98.59,-61.97625767,-71.14751638
98.6,-61.9559628,-71.13184736
98.61,-61.93564399,-71.11618407
98.62,-61.91530084,-71.10052641
98.63,-61.89493294,-71.08487431
98.64,-61.87453988,-71.06922767
98.65,-61.85412125,-71.05358641
98.66,-61.83367662,-71.03795044
98.67,-61.81320556,-71.02231967
98.68,-61.79270765,-71.00669402
98.69,-61.77218244,-70.99107337
98.7,-61.75162949,-70.97545765
98.71,-61.73104835,-70.95984676
98.72,-61.71043857,-70.94424059
98.73,-61.68979968,-70.92863905
98.74,-61.66913122,-70.91304205
98.75,-61.64843271,-70.89744948
98.76,-61.62770369,-70.88186123
98.77,-61.60694365,-70.8662772
98.78,-61.58615212,-70.85069729
98.79,-61.56532858,-70.83512139
98.8,-61.54447255,-70.81954939
98.81,-61.5235835,-70.80398117
98.82,-61.50266092,-70.78841664
98.83,-61.48170429,-70.77285566
98.84,-61.46071307,-70.75729814
98.85,-61.43968672,-70.74174394
98.86,-61.4186247,-70.72619296
98.87,-61.39752646,-70.71064506
98.88,-61.37639143,-70.69510014
98.89,-61.35521904,-70.67955806
98.9,-61.33400872,-70.66401869
98.91,-61.31275988,-70.64848192
98.92,-61.29147194,-70.63294762
98.93,-61.27014428,-70.61741564
98.94,-61.24877631,-70.60188586
98.95,-61.2273674,-70.58635815
98.96,-61.20591693,-70.57083236
98.97,-61.18442426,-70.55530837
98.98,-61.16288875,-70.53978602
98.99,-61.14130974,-70.52426518
99,-61.11968657,-70.50874569
99.01,-61.09801858,-70.49322743
99.02,-61.07630507,-70.47771023
99.03,-61.05454536,-70.46219395
99.04,-61.03273875,-70.44667843
99.05,-61.01088452,-70.43116353
99.06,-60.98898195,-70.41564907
99.07,-60.96703031,-70.40013491
99.08,-60.94502885,-70.38462088
99.09,-60.92297683,-70.36910683
99.1,-60.90087346,-70.35359257
99.11,-60.87871799,-70.33807795
99.12,-60.85650961,-70.3225628
99.13,-60.83424752,-70.30704694
99.14,-60.81193092,-70.2915302
99.15,-60.78955898,-70.27601241
99.16,-60.76713085,-70.26049337
99.17,-60.7446457,-70.24497291
99.18,-60.72210264,-70.22945085
99.19,-60.69950082,-70.21392699
99.2,-60.67683933,-70.19840115
99.21,-60.65411727,-70.18287313
99.22,-60.63133372,-70.16734275
99.23,-60.60848775,-70.15180979
99.24,-60.5855784,-70.13627406
99.25,-60.56260473,-70.12073536
99.26,-60.53956574,-70.10519348
99.27,-60.51646044,-70.08964822
99.28,-60.49328782,-70.07409934
99.29,-60.47004686,-70.05854666
99.3,-60.44673651,-70.04298993
99.31,-60.42335571,-70.02742895
99.32,-60.39990339,-70.01186349
99.33,-60.37637844,-69.99629332
99.34,-60.35277975,-69.98071821
99.35,-60.3291062,-69.96513792
99.36,-60.30535663,-69.94955222
99.37,-60.28152986,-69.93396087
99.38,-60.25762472,-69.91836362
99.39,-60.23363999,-69.90276022
99.4,-60.20957443,-69.88715043
99.41,-60.18542681,-69.87153399
99.42,-60.16119584,-69.85591063
99.43,-60.13688023,-69.8402801
99.44,-60.11247867,-69.82464213
99.45,-60.0879898,-69.80899645
99.46,-60.06341228,-69.79334278
99.47,-60.03874471,-69.77768085
99.48,-60.01398498,-69.76201037
99.49,-59.98913015,-69.74633106
99.5,-59.96417876,-69.73064262
99.51,-59.93913105,-69.71494477
99.52,-59.91398639,-69.6992372
99.53,-59.88874315,-69.6835196
99.54,-59.86339969,-69.66779168
99.55,-59.8379544,-69.65205311
99.56,-59.81240559,-69.63630357
99.57,-59.7867516,-69.62054275
99.58,-59.76099071,-69.60477032
99.59,-59.73512119,-69.58898594
99.6,-59.70914127,-69.57318927
99.61,-59.68304915,-69.55737998
99.62,-59.65684302,-69.54155771
99.63,-59.630521,-69.5257221
99.64,-59.60408121,-69.50987281
99.65,-59.57752172,-69.49400946
99.66,-59.55084055,-69.47813168
99.67,-59.52403572,-69.4622391
99.68,-59.49710517,-69.44633133
99.69,-59.47004683,-69.43040798
99.7,-59.44285859,-69.41446867
99.71,-59.41553828,-69.39851298
99.72,-59.38808371,-69.38254051
99.73,-59.36049262,-69.36655085
99.74,-59.33276273,-69.35054358
99.75,-59.30489171,-69.33451826
99.76,-59.27687717,-69.31847447
99.77,-59.2487167,-69.30241176
99.78,-59.2204078,-69.28632968
99.79,-59.19194797,-69.27022779
99.8,-59.16333461,-69.2541056
99.81,-59.1345651,-69.23796266
99.82,-59.10563676,-69.22179849
99.83,-59.07654684,-69.20561259
99.84,-59.04729254,-69.18940448
99.85,-59.01787102,-69.17317365
99.86,-58.98827936,-69.15691958
99.87,-58.95851459,-69.14064176
99.88,-58.92857365,-69.12433966
99.89,-58.89845346,-69.10801274
99.9,-58.86815083,-69.09166046
99.91,-58.83766253,-69.07528225
99.92,-58.80698526,-69.05887754
99.93,-58.77611563,-69.04244577
99.94,-58.74505019,-69.02598635
99.95,-58.7137854,-69.00949867
99.96,-58.68231767,-68.99298213
99.97,-58.65064329,-68.97643612
99.98,-58.61875851,-68.95985999
99.99,-58.58665947,-68.94325312
100,-58.55434222,-68.92661485
100.01,-58.52180274,-68.90994452
100.02,-58.48903691,-68.89324144
100.03,-58.45604049,-68.87650494
100.04,-58.4228092,-68.85973431
100.05,-58.38933849,-68.84292883
100.06,-58.35562371,-68.82608778
100.07,-58.32166032,-68.80921042
100.08,-58.28744369,-68.79229599
100.09,-58.25296902,-68.77534373
100.1,-58.21823137,-68.75835285
100.11,-58.18322567,-68.74132255
100.12,-58.14794674,-68.72425202
100.13,-58.11238925,-68.70714043
100.14,-58.07654775,-68.68998693
100.15,-58.04041666,-68.67279067
100.16,-58.00399025,-68.65555076
100.17,-57.96726266,-68.63826631
100.18,-57.93022788,-68.62093641
100.19,-57.89287974,-68.60356012
100.2,-57.85521194,-68.5861365
100.21,-57.81721799,-68.56866458
100.22,-57.77889127,-68.55114336
100.23,-57.74022496,-68.53357185
100.24,-57.70121207,-68.515949
100.25,-57.66184545,-68.49827378
100.26,-57.62211775,-68.48054512
100.27,-57.58202143,-68.46276191
100.28,-57.54154874,-68.44492304
100.29,-57.50069174,-68.42702738
100.3,-57.45944228,-68.40907377
100.31,-57.41779199,-68.39106101
100.32,-57.37573226,-68.37298789
100.33,-57.33325427,-68.35485318
100.34,-57.29034894,-68.33665561
100.35,-57.24700696,-68.31839389
100.36,-57.20321875,-68.3000667
100.37,-57.15897447,-68.2816727
100.38,-57.114264,-68.26321049
100.39,-57.06907695,-68.24467869
100.4,-57.02340261,-68.22607585
100.41,-56.97723,-68.20740049
100.42,-56.93054779,-68.18865112
100.43,-56.88334436,-68.16982619
100.44,-56.83560773,-68.15092414
100.45,-56.78732559,-68.13194336
100.46,-56.73848519,-68.11288219
100.47,-56.68907346,-68.09373897
100.48,-56.63907696,-68.07451196
100.49,-56.58848186,-68.05519941
100.5,-56.53727391,-68.03579951
100.51,-56.48543844,-68.01631041
100.52,-56.4329603,-67.99673024
100.53,-56.3798239,-67.97705705
100.54,-56.32601315,-67.95728886
100.55,-56.27151147,-67.93742364
100.56,-56.21630176,-67.91745933
100.57,-56.16036637,-67.89739378
100.58,-56.1036871,-67.87722482
100.59,-56.04624516,-67.85695022
100.6,-55.98802118,-67.83656768
100.61,-55.92899513,-67.81607485
100.62,-55.86914636,-67.79546934
100.63,-55.80845352,-67.77474867
100.64,-55.74689457,-67.75391031
100.65,-55.68444672,-67.73295167
100.66,-55.62108645,-67.71187008
100.67,-55.5567894,-67.69066282
100.68,-55.49153043,-67.66932708
100.69,-55.42528351,-67.64785999
100.7,-55.35802173,-67.62625858
100.71,-55.28971724,-67.60451984
100.72,-55.22034122,-67.58264065
100.73,-55.14986384,-67.5606178
100.74,-55.0782542,-67.53844803
100.75,-55.00548033,-67.51612794
100.76,-54.93150906,-67.49365408
100.77,-54.85630604,-67.47102288
100.78,-54.77983569,-67.44823068
100.79,-54.7020611,-67.42527371
100.8,-54.62294402,-67.4021481
100.81,-54.54244476,-67.37884987
100.82,-54.46052215,-67.35537491
100.83,-54.37713345,-67.33171901
100.84,-54.2922343,-67.30787783
100.85,-54.20577863,-67.2838469
100.86,-54.1177186,-67.25962162
100.87,-54.02800448,-67.23519725
100.88,-53.93658462,-67.21056892
100.89,-53.8434053,-67.1857316
100.9,-53.74841067,-67.16068011
100.91,-53.65154262,-67.1354091
100.92,-53.55274071,-67.10991308
100.93,-53.45194202,-67.08418637
100.94,-53.34908106,-67.05822311
100.95,-53.2440896,-67.03201726
100.96,-53.13689659,-67.0055626
100.97,-53.02742797,-66.97885269
100.98,-52.91560656,-66.9518809
100.99,-52.80135186,-66.92464035
101,-52.68457992,-66.89712397
101.01,-52.56520316,-66.86932445
101.02,-52.44313014,-66.84123421
101.03,-52.31826544,-66.81284545
101.04,-52.19050938,-66.78415007
101.05,-52.05975782,-66.75513972
101.06,-51.92590194,-66.72580575
101.07,-51.788828,-66.6961392
101.08,-51.64841702,-66.66613081
101.09,-51.50454458,-66.63577099
101.1,-51.35708047,-66.60504979
101.11,-51.20588839,-66.57395693
101.12,-51.05082565,-66.54248173
101.13,-50.89174277,-66.51061314
101.14,-50.72848315,-66.47833968
101.15,-50.56088268,-66.44564946
101.16,-50.38876928,-66.41253012
101.17,-50.21196252,-66.37896886
101.18,-50.03027311,-66.34495237
101.19,-49.84350243,-66.31046682
101.2,-49.651442,-66.27549786
101.21,-49.45387296,-66.24003055
101.22,-49.25056543,-66.20404938
101.23,-49.04127797,-66.1675382
101.24,-48.82575686,-66.13048021
101.25,-48.60373548,-66.09285792
101.26,-48.37493353,-66.05465314
101.27,-48.13905635,-66.01584689
101.28,-47.89579403,-65.9764194
101.29,-47.64482066,-65.93635007
101.3,-47.3857934,-65.89561742
101.31,-47.1183516,-65.85419901
101.32,-46.84211582,-65.81207144
101.33,-46.55668685,-65.76921028
101.34,-46.26164467,-65.72559
101.35,-45.9565474,-65.68118392
101.36,-45.64093018,-65.63596413
101.37,-45.3143041,-65.58990146
101.38,-44.97615497,-65.54296537
101.39,-44.62602104,-65.49512389
101.4,-44.26324694,-65.44634353
101.41,-43.88723807,-65.3965892
101.42,-43.49736928,-65.3458241
101.43,-43.09298412,-65.29400964
101.44,-42.67339396,-65.24110531
101.45,-42.23787719,-65.1870686
101.46,-41.78567844,-65.13185482
101.47,-41.31600804,-65.07541703
101.48,-40.82804156,-65.01770587
101.49,-40.32091973,-64.95866938
101.5,-39.79374856,-64.89825291
101.51,-39.24559996,-64.83639887
101.52,-38.67551279,-64.7730466
101.53,-38.08249444,-64.70813214
101.54,-37.46552525,-64.64158802
101.55,-36.82355735,-64.57334304
101.56,-36.15552056,-64.50332203
101.57,-35.46032801,-64.43144555
101.58,-34.73688258,-64.35762966
101.59,-33.9840848,-64.28178557
101.6,-33.20084229,-64.20381934
101.61,-32.3860815,-64.12363151
101.62,-31.53876054,-64.04111674
101.63,-30.65788493,-63.9561634
101.64,-29.74252595,-63.86865315
101.65,-28.79184147,-63.77846043
101.66,-27.80509977,-63.68545202
101.67,-26.78170604,-63.58948647
101.68,-25.72123195,-63.49041354
101.69,-24.62344786,-63.3880736
101.7,-23.4883577,-63.28229693
101.71,-22.3162358,-63.17290307
101.72,-21.10766515,-63.05970004
101.73,-19.86357614,-62.94248357
101.74,-18.58528456,-62.8210362
101.75,-17.27452729,-62.69512645
101.76,-15.93349388,-62.56450776
101.77,-14.56485219,-62.42891757
101.78,-13.17176573,-62.28807615
101.79,-11.75790048,-62.14168549
101.8,-10.32741932,-61.98942808
101.81,-8.884961974,-61.83096563
101.82,-7.435609356,-61.66593767
101.83,-5.984831632,-61.49396016
101.84,-4.538420163,-61.31462401
101.85,-3.102404566,-61.12749347
101.86,-1.682957029,-60.93210446
101.87,-0.2862869859,-60.72796282
101.88,1.08146994,-60.51454247
101.89,2.414364268,-60.29128345
101.9,3.706741556,-60.05758992
101.91,4.953343257,-59.81282797
101.92,6.149395335,-59.55632335
101.93,7.29068122,-59.28735903
101.94,8.373596618,-59.00517267
101.95,9.395184813,-58.70895383
101.96,10.35315224,-58.39784104
101.97,11.24586517,-58.07091864
101.98,12.07232921,-57.72721337
101.99,12.83215419,-57.3656907
102,13.52550719,-56.98525085
102.01,14.15305696,-56.58472444
102.02,14.71591274,-56.1628678
102.03,15.21556038,-55.71835783
102.04,15.65379842,-55.24978643
102.05,16.0326761,-54.75565442
102.06,16.35443504,-54.23436489
102.07,16.62145581,-53.684216
102.08,16.8362101,-53.10339318
102.09,17.00121891,-52.48996063
102.1,17.11901674,-51.84185217
102.11,17.19212175,-51.15686145
102.12,17.22301142,-50.43263144
102.13,17.21410324,-49.66664333
102.14,17.16773994,-48.8562049
102.15,17.08617861,-47.99843854
102.16,16.97158322,-47.09026906
102.17,16.82601991,-46.12841173
102.18,16.65145468,-45.1093611
102.19,16.44975279,-44.0293811
102.2,16.22267979,-42.88449767
102.21,15.97190358,-41.67049506
102.22,15.6989973,-40.38291763
102.23,15.40544288,-39.01707963
102.24,15.09263495,-37.56808591
102.25,14.76188495,-36.03086768
102.26,14.41442546,-34.4002383
102.27,14.05141446,-32.67097554
102.28,13.67393959,-30.83793768
102.29,13.28302227,-28.8962227
102.3,12.87962168,-26.8413802
102.31,12.46463864,-24.66968627
102.32,12.03891916,-22.37849038
102.33,11.60325796,-19.96663981
102.34,11.15840167,-17.43498051
102.35,10.70505187,-14.7869226
102.36,10.24386798,-12.02904305
102.37,9.7754699,-9.17167838
102.38,9.300440511,-6.22943859
102.39,8.81932801,-3.221553586
102.4,8.33264806,-0.1719517917
102.41,7.840885825,2.891025554
102.42,7.344497845,5.935345496
102.43,6.843913791,8.926461208
102.44,6.339538098,11.82889814
102.45,5.83175149,14.60812211
102.46,5.320912408,17.23249557
102.47,4.807358339,19.67509026
102.48,4.291407069,21.91513098
102.49,3.773357838,23.93889702
102.5,3.253492438,25.73999474
102.51,2.732076246,27.31901507
102.52,2.209359168,28.68267837
102.53,1.685576555,29.84262896
102.54,1.160950032,30.81406284
102.55,0.6356882907,31.61435814
102.56,0.1099878176,32.26184044
102.57,-0.415966421,32.77476545
102.58,-0.9420003505,33.17055452
102.59,-1.467950193,33.46527952
102.6,-1.993661933,33.67336812
102.61,-2.518990796,33.80748665
102.62,-3.043800798,33.87855439
102.63,-3.567964286,33.89584639
102.64,-4.09136155,33.86714854
102.65,-4.613880419,33.79893718
102.66,-5.135415913,33.69656337
102.67,-5.655869897,33.56442891
102.68,-6.175150745,33.40614648
102.69,-6.693173051,33.22468046
102.7,-7.209857305,33.02246747
102.71,-7.725129631,32.8015176
102.72,-8.238921502,32.56349797
102.73,-8.751169472,32.30980091
102.74,-9.261814928,32.04159909
102.75,-9.770803862,31.75988968
102.76,-10.27808662,31.46552961
102.77,-10.78361768,31.15926351
102.78,-11.28735545,30.84174594
102.79,-11.78926207,30.51355886
102.8,-12.28930318,30.17522551
102.81,-12.78744782,29.82722132
102.82,-13.28366818,29.46998266
102.83,-13.77793947,29.10391359
102.84,-14.2702398,28.72939139
102.85,-14.76054996,28.34677085
102.86,-15.24885337,27.95638776
102.87,-15.73513589,27.5585616
102.88,-16.21938579,27.15359785
102.89,-16.70159356,26.74178967
102.9,-17.18175184,26.32341938
102.91,-17.65985535,25.89875961
102.92,-18.1359008,25.4680742
102.93,-18.60988682,25.03161898
102.94,-19.08181384,24.58964239
102.95,-19.55168415,24.14238594
102.96,-20.0195017,23.69008463
102.97,-20.48527218,23.2329673
102.98,-20.94900291,22.77125687
102.99,-21.4107028,22.30517058
103,-21.87038238,21.83492017
103.01,-22.32805373,21.36071202
103.02,-22.78373045,20.88274728
103.03,-23.23742768,20.401222
103.04,-23.68916207,19.9163272
103.05,-24.13895179,19.42824895
103.06,-24.58681651,18.93716845
103.07,-25.03277743,18.4432621
103.08,-25.47685727,17.94670154
103.09,-25.91908025,17.44765371
103.1,-26.35947217,16.94628093
103.11,-26.79806035,16.44274091
103.12,-27.23487371,15.93718685
103.13,-27.66994275,15.42976743
103.14,-28.10329962,14.92062693
103.15,-28.53497805,14.40990522
103.16,-28.96501347,13.89773788
103.17,-29.39344299,13.38425619
103.18,-29.82030542,12.86958721
103.19,-30.24564132,12.35385387
103.2,-30.66949299,11.837175
103.21,-31.09190453,11.31966535
103.22,-31.51292185,10.80143576
103.23,-31.93259267,10.28259311
103.24,-32.35096659,9.76324045
103.25,-32.76809501,9.243477052
103.26,-33.18403132,8.723398471
103.27,-33.59883071,8.203096613
103.28,-34.0125503,7.682659812
103.29,-34.42524915,7.162172885
103.3,-34.83698823,6.641717215
103.31,-35.2478304,6.121370815
103.32,-35.65784038,5.601208394
103.33,-36.06708488,5.081301445
103.34,-36.47563243,4.561718285
103.35,-36.88355341,4.042524156
103.36,-37.29092004,3.523781279
103.37,-37.69780627,3.005548923
103.38,-38.10428781,2.487883491
103.39,-38.51044208,1.970838564
103.4,-38.91634811,1.454464988
103.41,-39.32208648,0.9388109432
103.42,-39.72773924,0.4239219935
103.43,-40.13338979,-0.09015883396
103.44,-40.53912279,-0.6033909785
103.45,-40.94502407,-1.11573629
103.46,-41.35118044,-1.627158977
103.47,-41.75767963,-2.137625522
103.48,-42.1646101,-2.647104631
103.49,-42.57206082,-3.155567173
103.5,-42.98012111,-3.66298613
103.51,-43.38888042,-4.169336539
103.52,-43.79842805,-4.674595427
103.53,-44.20885295,-5.178741764
103.54,-44.62024348,-5.681756413
103.55,-45.03268708,-6.183622076
103.56,-45.44628682,-6.684323256
103.57,-45.86110653,-7.183846203
103.58,-46.27722971,-7.682178879
103.59,-46.69473711,-8.17931091
103.6,-47.11370639,-8.675233552
103.61,-47.53421187,-9.169939652
103.62,-47.95632389,-9.663423618
103.63,-48.38010836,-10.15568138
103.64,-48.80562623,-10.64671039
103.65,-49.23293282,-11.13650955
103.66,-49.66207728,-11.62507925
103.67,-50.09310181,-12.11242129
103.68,-50.526041,-12.59853889
103.69,-50.96092114,-13.0834367
103.7,-51.39775932,-13.56712075
103.71,-51.83656272,-14.04959849
103.72,-52.27732782,-14.53087874
103.73,-52.72003945,-15.01097176
103.74,-53.16466998,-15.48988917
103.75,-53.61117841,-15.96764406
103.76,-54.05950983,-16.44425093
103.77,-54.509594,-16.91972575
103.78,-54.96134465,-17.39408598
103.79,-55.41465869,-17.86735059
103.8,-55.86941553,-18.33954014
103.81,-56.32547632,-18.81067676
103.82,-56.78268332,-19.28078423
103.83,-57.24085932,-19.74988807
103.84,-57.69980717,-20.21801551
103.85,-58.15930942,-20.68519568
103.86,-58.61912823,-21.15145956
103.87,-59.07900519,-21.61684015
103.88,-59.53866152,-22.08137251
103.89,-59.99779836,-22.54509388
103.9,-60.45609105,-23.00804373
103.91,-60.91321004,-23.47026395
103.92,-61.36880029,-23.93179892
103.93,-61.82249037,-24.3926956
103.94,-62.27389399,-24.8530037
103.95,-62.72261171,-25.31277581
103.96,-63.16823298,-25.77206757
103.97,-63.61033839,-26.2309378
103.98,-64.04850212,-26.68944861
103.99,-64.48229462,-27.14766564
104,-64.91128555,-27.60565819
104.01,-65.33504663,-28.06349947
104.02,-65.75315486,-28.52126671
104.03,-66.16519555,-28.9790414
104.04,-66.5707656,-29.43690948
104.05,-66.96947653,-29.89496153
104.06,-67.36095752,-30.35329302
104.07,-67.74485826,-30.81200454
104.08,-68.12085168,-31.27120201
104.09,-68.48863634,-31.73099694
104.1,-68.84793858,-32.19150659
104.11,-69.19851434,-32.65285429
104.12,-69.54015063,-33.11516965
104.13,-69.87266665,-33.57858888
104.14,-70.19591448,-34.0432549
104.15,-70.50977936,-34.50931768
104.16,-70.81417973,-34.97693449
104.17,-71.10906668,-35.44627011
104.18,-71.39442326,-35.91749702
104.19,-71.67026332,-36.39079573
104.2,-71.93663017,-36.8663549
104.21,-72.19359489,-37.34437156
104.22,-72.44125452,-37.8250513
104.23,-72.67973005,-38.30860842
104.24,-72.90916427,-38.79526598
104.25,-73.12971956,-39.285256
104.26,-73.34157566,-39.77881945
104.27,-73.5449274,-40.2762062
104.28,-73.73998246,-40.77767498
104.29,-73.92695923,-41.28349323
104.3,-74.10608472,-41.79393686
104.31,-74.2775926,-42.30928993
104.32,-74.44172133,-42.8298443
104.33,-74.59871247,-43.35589897
104.34,-74.74880906,-43.88775937
104.35,-74.89225426,-44.42573656
104.36,-75.02929003,-44.97015586
104.37,-75.16015602,-45.52134736
104.38,-75.28508854,-46.07960203
104.39,-75.40431979,-46.64524302
104.4,-75.51807706,-47.21859026
104.41,-75.62658217,-47.79995865
104.42,-75.73005101,-48.38965515
104.43,-75.82869308,-48.98797602
104.44,-75.9227113,-49.59520303
104.45,-76.01230171,-50.2115994
104.46,-76.09765341,-50.83740531
104.47,-76.17894846,-51.47283261
104.48,-76.25636188,-52.11805916
104.49,-76.33006167,-52.77322246
104.5,-76.40020892,-53.43841272
104.51,-76.46695793,-54.11366537
104.52,-76.53045631,-54.79895305
104.53,-76.59084519,-55.49417693
104.54,-76.64825938,-56.19915789
104.55,-76.70282758,-56.913627
104.56,-76.75467258,-57.6372162
104.57,-76.80391149,-58.3694487
104.58,-76.85065592,-59.10972984
104.59,-76.89501225,-59.85733838
104.6,-76.93708182,-60.61141889
104.61,-76.97696113,-61.37097525
104.62,-77.01474208,-62.13486599
104.63,-77.05051219,-62.90180181
104.64,-77.08435473,-63.67034591
104.65,-77.11634902,-64.43891764
104.66,-77.1465705,-65.2057996
104.67,-77.17509102,-65.96914906
104.68,-77.20197894,-66.72701384
104.69,-77.22729931,-67.47735242
104.7,-77.25111406,-68.21805877
104.71,-77.27348212,-68.94699133
104.72,-77.29445956,-69.66200547
104.73,-77.31409974,-70.36098895
104.74,-77.33245346,-71.04189885
104.75,-77.34956904,-71.7027991
104.76,-77.36549248,-72.34189687
104.77,-77.38026754,-72.95757658
104.78,-77.3939359,-73.54842969
104.79,-77.4065372,-74.1132794
104.8,-77.41810918,-74.65119888
104.81,-77.4286878,-75.16152235
104.82,-77.43830727,-75.64384893
104.83,-77.44700021,-76.0980389
104.84,-77.45479769,-76.5242033
104.85,-77.46172936,-76.92268734
104.86,-77.46782349,-77.29404887
104.87,-77.4731071,-77.63903306
104.88,-77.47760598,-77.95854473
104.89,-77.48134484,-78.25361938
104.9,-77.48434735,-78.52539433
104.91,-77.48663619,-78.77508084
104.92,-77.48823317,-79.003938
104.93,-77.48915925,-79.21324911
104.94,-77.48943466,-79.40430079
104.95,-77.4890789,-79.57836518
104.96,-77.48811082,-79.73668507
104.97,-77.48654871,-79.88046204
104.98,-77.48441027,-80.01084735
104.99,-77.48171274,-80.12893523
105,-77.47847287,-80.23575851
105.01,-77.47470699,-80.332286
105.02,-77.47043105,-80.41942152
105.03,-77.4656606,-80.49800423
105.04,-77.46041087,-80.56880987
105.05,-77.45469675,-80.63255295
105.06,-77.44853282,-80.68988933
105.07,-77.44193337,-80.74141932
105.08,-77.43491237,-80.78769101
105.09,-77.42748354,-80.82920366
105.1,-77.41966029,-80.86641116
105.11,-77.41145578,-80.89972553
105.12,-77.40288286,-80.92952019
105.13,-77.39395413,-80.95613317
105.14,-77.38468189,-80.97987016
105.15,-77.37507818,-81.00100738
105.16,-77.36515474,-81.0197942
105.17,-77.35492302,-81.03645568
105.18,-77.34439419,-81.05119479
105.19,-77.33357912,-81.06419458
105.2,-77.32248839,-81.07562005
105.21,-77.31113228,-81.08561992
105.22,-77.29952076,-81.09432825
105.23,-77.28766352,-81.10186586
105.24,-77.27556993,-81.10834166
105.25,-77.26324907,-81.11385384
105.26,-77.25070971,-81.11849093
105.27,-77.23796035,-81.12233277
105.28,-77.22500915,-81.12545139
105.29,-77.21186402,-81.1279118
105.3,-77.19853255,-81.12977266
105.31,-77.18502206,-81.13108697
105.32,-77.17133958,-81.13190259
105.33,-77.15749187,-81.13226278
105.34,-77.14348543,-81.13220664
105.35,-77.12932648,-81.13176955
105.36,-77.11502098,-81.13098352
105.37,-77.10057466,-81.12987753
105.38,-77.08599298,-81.12847781
105.39,-77.07128118,-81.12680815
105.4,-77.05644427,-81.1248901
105.41,-77.04148702,-81.12274323
105.42,-77.02641401,-81.12038526
105.43,-77.01122958,-81.11783232
105.44,-76.99593791,-81.11509901
105.45,-76.98054294,-81.11219864
105.46,-76.96504847,-81.10914329
105.47,-76.94945808,-81.10594394
105.48,-76.9337752,-81.1026106
105.49,-76.9180031,-81.09915237
105.5,-76.90214488,-81.09557753
105.51,-76.8862035,-81.09189364
105.52,-76.87018175,-81.08810758
105.53,-76.85408232,-81.08422562
105.54,-76.83790773,-81.0802535
105.55,-76.82166041,-81.07619643
105.56,-76.80534264,-81.07205918
105.57,-76.78895659,-81.06784612
105.58,-76.77250435,-81.06356121
105.59,-76.75598787,-81.05920809
105.6,-76.73940901,-81.05479008
105.61,-76.72276955,-81.05031023
105.62,-76.70607118,-81.04577131
105.63,-76.68931548,-81.04117586
105.64,-76.67250397,-81.03652622
105.65,-76.6556381,-81.0318245
105.66,-76.63871923,-81.02707266
105.67,-76.62174865,-81.02227248
105.68,-76.60472761,-81.0174256
105.69,-76.58765728,-81.01253351
105.7,-76.57053875,-81.00759758
105.71,-76.55337311,-81.00261907
105.72,-76.53616134,-80.99759912
105.73,-76.5189044,-80.99253879
105.74,-76.5016032,-80.98743903
105.75,-76.4842586,-80.98230074
105.76,-76.46687143,-80.97712472
105.77,-76.44944246,-80.9719117
105.78,-76.43197244,-80.96666237
105.79,-76.41446208,-80.96137733
105.8,-76.39691204,-80.95605716
105.81,-76.37932297,-80.95070236
105.82,-76.36169549,-80.94531342
105.83,-76.34403018,-80.93989075
105.84,-76.32632758,-80.93443475
105.85,-76.30858824,-80.92894577
105.86,-76.29081267,-80.92342414
105.87,-76.27300133,-80.91787014
105.88,-76.25515471,-80.91228405
105.89,-76.23727324,-80.90666611
105.9,-76.21935734,-80.90101653
105.91,-76.20140743,-80.8953355
105.92,-76.18342389,-80.8896232
105.93,-76.16540709,-80.88387979
105.94,-76.1473574,-80.87810541
105.95,-76.12927515,-80.87230018
105.96,-76.11116067,-80.86646422
105.97,-76.09301429,-80.8605976
105.98,-76.07483631,-80.85470043
105.99,-76.05662702,-80.84877277
106,-76.03838671,-80.84281469
106.01,-76.02011565,-80.83682623
106.02,-76.0018141,-80.83080743
106.03,-75.98348233,-80.82475834
106.04,-75.96512057,-80.81867897
106.05,-75.94672906,-80.81256935
106.06,-75.92830805,-80.80642949
106.07,-75.90985774,-80.80025939
106.08,-75.89137837,-80.79405905
106.09,-75.87287013,-80.78782848
106.1,-75.85433324,-80.78156765
106.11,-75.8357679,-80.77527656
106.12,-75.8171743,-80.76895518
106.13,-75.79855263,-80.76260349
106.14,-75.77990307,-80.75622147
106.15,-75.76122581,-80.74980909
106.16,-75.74252103,-80.74336631
106.17,-75.72378889,-80.7368931
106.18,-75.70502956,-80.73038942
106.19,-75.68624322,-80.72385523
106.2,-75.66743002,-80.71729049
106.21,-75.64859013,-80.71069515
106.22,-75.6297237,-80.70406916
106.23,-75.61083088,-80.69741249
106.24,-75.59191182,-80.69072507
106.25,-75.57296668,-80.68400685
106.26,-75.5539956,-80.67725779
106.27,-75.53499873,-80.67047783
106.28,-75.51597621,-80.66366692
106.29,-75.49692817,-80.65682499
106.3,-75.47785477,-80.64995199
106.31,-75.45875614,-80.64304787
106.32,-75.4396324,-80.63611256
106.33,-75.42048371,-80.62914601
106.34,-75.40131019,-80.62214816
106.35,-75.38211197,-80.61511894
106.36,-75.36288918,-80.6080583
106.37,-75.34364196,-80.60096618
106.38,-75.32437043,-80.59384251
106.39,-75.30507473,-80.58668723
106.4,-75.28575497,-80.57950029
106.41,-75.26641129,-80.57228161
106.42,-75.24704381,-80.56503115
106.43,-75.22765265,-80.55774883
106.44,-75.20823795,-80.5504346
106.45,-75.18879981,-80.54308839
106.46,-75.16933837,-80.53571014
106.47,-75.14985375,-80.52829979
106.48,-75.13034607,-80.52085728
106.49,-75.11081546,-80.51338255
106.5,-75.09126202,-80.50587554
106.51,-75.07168589,-80.49833618
106.52,-75.05208718,-80.49076441
106.53,-75.03246602,-80.48316018
106.54,-75.01282252,-80.47552342
106.55,-74.9931568,-80.46785408
106.56,-74.97346899,-80.4601521
106.57,-74.95375919,-80.45241741
106.58,-74.93402754,-80.44464996
106.59,-74.91427415,-80.43684969
106.6,-74.89449914,-80.42901655
106.61,-74.87470262,-80.42115047
106.62,-74.85488472,-80.4132514
106.63,-74.83504555,-80.40531928
106.64,-74.81518523,-80.39735406
106.65,-74.79530389,-80.38935568
106.66,-74.77540163,-80.38132408
106.67,-74.75547857,-80.37325923
106.68,-74.73553484,-80.36516105
106.69,-74.71557055,-80.35702949
106.7,-74.69558582,-80.34886452
106.71,-74.67558077,-80.34066606
106.72,-74.65555551,-80.33243408
106.73,-74.63551017,-80.32416851
106.74,-74.61544486,-80.31586932
106.75,-74.5953597,-80.30753645
106.76,-74.5752548,-80.29916985
106.77,-74.5551303,-80.29076948
106.78,-74.53498629,-80.28233529
106.79,-74.51482291,-80.27386723
106.8,-74.49464027,-80.26536525
106.81,-74.47443849,-80.25682932
106.82,-74.45421768,-80.24825938
106.83,-74.43397797,-80.2396554
106.84,-74.41371948,-80.23101733
106.85,-74.39344232,-80.22234512
106.86,-74.37314661,-80.21363874
106.87,-74.35283247,-80.20489815
106.88,-74.33250003,-80.1961233
106.89,-74.31214939,-80.18731416
106.9,-74.29178067,-80.17847069
106.91,-74.27139401,-80.16959285
106.92,-74.25098951,-80.1606806
106.93,-74.2305673,-80.15173391
106.94,-74.21012749,-80.14275274
106.95,-74.18967021,-80.13373707
106.96,-74.16919557,-80.12468685
106.97,-74.1487037,-80.11560205
106.98,-74.12819471,-80.10648264
106.99,-74.10766872,-80.09732859
107,-74.08712585,-80.08813987
107.01,-74.06656623,-80.07891646
107.02,-74.04598998,-80.06965831
107.03,-74.02539721,-80.06036541
107.04,-74.00478804,-80.05103773
107.05,-73.9841626,-80.04167523
107.06,-73.963521,-80.03227791
107.07,-73.94286337,-80.02284573
107.08,-73.92218983,-80.01337866
107.09,-73.90150049,-80.0038767
107.1,-73.88079548,-79.99433981
107.11,-73.86007492,-79.98476797
107.12,-73.83933893,-79.97516117
107.13,-73.81858763,-79.96551939
107.14,-73.79782115,-79.95584261
107.15,-73.7770396,-79.94613081
107.16,-73.7562431,-79.93638397
107.17,-73.73543178,-79.92660209
107.18,-73.71460575,-79.91678515
107.19,-73.69376514,-79.90693312
107.2,-73.67291008,-79.89704601
107.21,-73.65204067,-79.8871238
107.22,-73.63115705,-79.87716648
107.23,-73.61025934,-79.86717404
107.24,-73.58934765,-79.85714648
107.25,-73.56842211,-79.84708377
107.26,-73.54748283,-79.83698593
107.27,-73.52652995,-79.82685293
107.28,-73.50556359,-79.81668479
107.29,-73.48458386,-79.80648149
107.3,-73.46359088,-79.79624303
107.31,-73.44258479,-79.78596941
107.32,-73.42156569,-79.77566062
107.33,-73.40053372,-79.76531668
107.34,-73.37948899,-79.75493758
107.35,-73.35843163,-79.74452332
107.36,-73.33736176,-79.7340739
107.37,-73.3162795,-79.72358933
107.38,-73.29518497,-79.71306962
107.39,-73.2740783,-79.70251477
107.4,-73.2529596,-79.69192478
107.41,-73.231829,-79.68129967
107.42,-73.21068662,-79.67063945
107.43,-73.18953259,-79.65994412
107.44,-73.16836701,-79.64921369
107.45,-73.14719003,-79.63844818
107.46,-73.12600175,-79.6276476
107.47,-73.1048023,-79.61681197
107.48,-73.0835918,-79.6059413
107.49,-73.06237038,-79.5950356
107.5,-73.04113814,-79.58409489
107.51,-73.01989523,-79.57311919
107.52,-72.99864176,-79.56210852
107.53,-72.97737784,-79.55106291
107.54,-72.9561036,-79.53998236
107.55,-72.93481917,-79.5288669
107.56,-72.91352466,-79.51771656
107.57,-72.8922202,-79.50653135
107.58,-72.87090591,-79.49531132
107.59,-72.8495819,-79.48405647
107.6,-72.8282483,-79.47276684
107.61,-72.80690523,-79.46144245
107.62,-72.78555281,-79.45008333
107.63,-72.76419117,-79.43868953
107.64,-72.74282041,-79.42726105
107.65,-72.72144067,-79.41579794
107.66,-72.70005207,-79.40430024
107.67,-72.67865472,-79.39276796
107.68,-72.65724874,-79.38120116
107.69,-72.63583426,-79.36959986
107.7,-72.6144114,-79.3579641
107.71,-72.59298027,-79.34629393
107.72,-72.57154099,-79.33458937
107.73,-72.55009369,-79.32285047
107.74,-72.52863849,-79.31107727
107.75,-72.5071755,-79.29926982
107.76,-72.48570485,-79.28742815
107.77,-72.46422665,-79.27555231
107.78,-72.44274102,-79.26364234
107.79,-72.42124809,-79.25169829
107.8,-72.39974796,-79.23972022
107.81,-72.37824077,-79.22770815
107.82,-72.35672662,-79.21566215
107.83,-72.33520564,-79.20358227
107.84,-72.31367795,-79.19146855
107.85,-72.29214366,-79.17932105
107.86,-72.27060289,-79.16713982
107.87,-72.24905576,-79.15492491
107.88,-72.22750239,-79.14267638
107.89,-72.20594289,-79.13039429
107.9,-72.18437739,-79.11807868
107.91,-72.16280599,-79.10572963
107.92,-72.14122882,-79.09334719
107.93,-72.11964599,-79.08093141
107.94,-72.09805762,-79.06848236
107.95,-72.07646382,-79.0560001
107.96,-72.05486472,-79.0434847
107.97,-72.03326042,-79.03093621
107.98,-72.01165105,-79.01835471
107.99,-71.99003672,-79.00574025
108,-71.96841754,-78.9930929
108.01,-71.94679363,-78.98041273
108.02,-71.9251651,-78.96769982
108.03,-71.90353208,-78.95495422
108.04,-71.88189467,-78.94217601
108.05,-71.86025298,-78.92936526
108.06,-71.83860714,-78.91652204
108.07,-71.81695725,-78.90364642
108.08,-71.79530343,-78.89073848
108.09,-71.77364579,-78.8777983
108.1,-71.75198445,-78.86482595
108.11,-71.73031952,-78.8518215
108.12,-71.70865111,-78.83878503
108.13,-71.68697933,-78.82571663
108.14,-71.66530429,-78.81261637
108.15,-71.64362611,-78.79948433
108.16,-71.6219449,-78.78632059
108.17,-71.60026077,-78.77312524
108.18,-71.57857383,-78.75989836
108.19,-71.55688419,-78.74664003
108.2,-71.53519196,-78.73335033
108.21,-71.51349726,-78.72002936
108.22,-71.49180018,-78.70667719
108.23,-71.47010084,-78.69329392
108.24,-71.44839936,-78.67987964
108.25,-71.42669583,-78.66643443
108.26,-71.40499037,-78.65295838
108.27,-71.38328309,-78.63945159
108.28,-71.36157409,-78.62591414
108.29,-71.33986348,-78.61234613
108.3,-71.31815137,-78.59874765
108.31,-71.29643787,-78.5851188
108.32,-71.27472308,-78.57145967
108.33,-71.25300711,-78.55777035
108.34,-71.23129006,-78.54405095
108.35,-71.20957205,-78.53030155
108.36,-71.18785317,-78.51652227
108.37,-71.16613353,-78.50271319
108.38,-71.14441325,-78.48887442
108.39,-71.12269241,-78.47500606
108.4,-71.10097112,-78.46110821
108.41,-71.0792495,-78.44718097
108.42,-71.05752764,-78.43322444
108.43,-71.03580564,-78.41923874
108.44,-71.01408361,-78.40522395
108.45,-70.99236166,-78.39118019
108.46,-70.97063987,-78.37710757
108.47,-70.94891836,-78.36300619
108.48,-70.92719722,-78.34887615
108.49,-70.90547656,-78.33471757
108.5,-70.88375648,-78.32053056
108.51,-70.86203707,-78.30631522
108.52,-70.84031845,-78.29207166
108.53,-70.81860069,-78.27780001
108.54,-70.79688391,-78.26350036
108.55,-70.77516821,-78.24917283
108.56,-70.75345368,-78.23481753
108.57,-70.73174041,-78.22043458
108.58,-70.71002852,-78.2060241
108.59,-70.68831808,-78.19158619
108.6,-70.66660921,-78.17712097
108.61,-70.644902,-78.16262857
108.62,-70.62319654,-78.14810909
108.63,-70.60149292,-78.13356266
108.64,-70.57979125,-78.11898939
108.65,-70.55809162,-78.1043894
108.66,-70.53639412,-78.08976282
108.67,-70.51469884,-78.07510975
108.68,-70.49300589,-78.06043034
108.69,-70.47131534,-78.04572468
108.7,-70.4496273,-78.03099292
108.71,-70.42794186,-78.01623517
108.72,-70.4062591,-78.00145155
108.73,-70.38457912,-77.98664219
108.74,-70.36290201,-77.97180721
108.75,-70.34122786,-77.95694674
108.76,-70.31955677,-77.9420609
108.77,-70.29788881,-77.92714983
108.78,-70.27622407,-77.91221364
108.79,-70.25456266,-77.89725246
108.8,-70.23290465,-77.88226643
108.81,-70.21125013,-77.86725567
108.82,-70.18959919,-77.8522203
108.83,-70.16795192,-77.83716047
108.84,-70.14630839,-77.8220763
108.85,-70.12466871,-77.80696792
108.86,-70.10303295,-77.79183546
108.87,-70.08140119,-77.77667905
108.88,-70.05977353,-77.76149882
108.89,-70.03815005,-77.74629492
108.9,-70.01653082,-77.73106746
108.91,-69.99491593,-77.71581659
108.92,-69.97330547,-77.70054243
108.93,-69.95169951,-77.68524513
108.94,-69.93009814,-77.66992481
108.95,-69.90850144,-77.65458161
108.96,-69.88690949,-77.63921568
108.97,-69.86532237,-77.62382713
108.98,-69.84374015,-77.60841612
108.99,-69.82216292,-77.59298277
109,-69.80059076,-77.57752723
109.01,-69.77902373,-77.56204963
109.02,-69.75746193,-77.54655011
109.03,-69.73590543,-77.53102881
109.04,-69.7143543,-77.51548586
109.05,-69.69280862,-77.49992141
109.06,-69.67126846,-77.4843356
109.07,-69.6497339,-77.46872856
109.08,-69.62820502,-77.45310044
109.09,-69.60668188,-77.43745138
109.1,-69.58516456,-77.42178151
109.11,-69.56365314,-77.40609099
109.12,-69.54214768,-77.39037994
109.13,-69.52064826,-77.37464851
109.14,-69.49915495,-77.35889685
109.15,-69.47766782,-77.3431251
109.16,-69.45618693,-77.32733339
109.17,-69.43471237,-77.31152188
109.18,-69.41324419,-77.2956907
109.19,-69.39178246,-77.27984
109.2,-69.37032726,-77.26396992
109.21,-69.34887865,-77.24808061
109.22,-69.3274367,-77.23217221
109.23,-69.30600147,-77.21624487
109.24,-69.28457303,-77.20029872
109.25,-69.26315145,-77.18433392
109.26,-69.24173678,-77.16835061
109.27,-69.2203291,-77.15234894
109.28,-69.19892846,-77.13632904
109.29,-69.17753493,-77.12029107
109.3,-69.15614858,-77.10423518
109.31,-69.13476945,-77.0881615
109.32,-69.11339763,-77.07207018
109.33,-69.09203315,-77.05596138
109.34,-69.07067609,-77.03983523
109.35,-69.04932651,-77.02369188
109.36,-69.02798446,-77.00753149
109.37,-69.00665,-76.99135419
109.38,-68.98532319,-76.97516014
109.39,-68.96400409,-76.95894948
109.4,-68.94269275,-76.94272235
109.41,-68.92138923,-76.92647891
109.42,-68.90009358,-76.91021931
109.43,-68.87880586,-76.89394368
109.44,-68.85752613,-76.87765219
109.45,-68.83625443,-76.86134496
109.46,-68.81499082,-76.84502217
109.47,-68.79373536,-76.82868394
109.48,-68.77248809,-76.81233043
109.49,-68.75124906,-76.79596179
109.5,-68.73001834,-76.77957816
109.51,-68.70879595,-76.7631797
109.52,-68.68758197,-76.74676654
109.53,-68.66637643,-76.73033884
109.54,-68.64517938,-76.71389675
109.55,-68.62399087,-76.69744041
109.56,-68.60281095,-76.68096998
109.57,-68.58163966,-76.66448559
109.58,-68.56047706,-76.6479874
109.59,-68.53932318,-76.63147556
109.6,-68.51817807,-76.6149502
109.61,-68.49704177,-76.59841149
109.62,-68.47591433,-76.58185957
109.63,-68.45479579,-76.56529458
109.64,-68.43368619,-76.54871668
109.65,-68.41258558,-76.532126
109.66,-68.39149399,-76.51552271
109.67,-68.37041147,-76.49890694
109.68,-68.34933805,-76.48227884
109.69,-68.32827377,-76.46563856
109.7,-68.30721868,-76.44898625
109.71,-68.28617281,-76.43232205
109.72,-68.26513619,-76.41564611
109.73,-68.24410887,-76.39895857
109.74,-68.22309088,-76.3822596
109.75,-68.20208225,-76.36554931
109.76,-68.18108302,-76.34882788
109.77,-68.16009323,-76.33209544
109.78,-68.1391129,-76.31535213
109.79,-68.11814208,-76.29859811
109.8,-68.09718078,-76.28183351
109.81,-68.07622905,-76.26505849
109.82,-68.05528691,-76.24827319
109.83,-68.0343544,-76.23147775
109.84,-68.01343155,-76.21467232
109.85,-67.99251837,-76.19785705
109.86,-67.97161491,-76.18103207
109.87,-67.95072119,-76.16419753
109.88,-67.92983724,-76.14735358
109.89,-67.90896307,-76.13050035
109.9,-67.88809873,-76.113638
109.91,-67.86724423,-76.09676666
109.92,-67.8463996,-76.07988648
109.93,-67.82556486,-76.06299761
109.94,-67.80474003,-76.04610017
109.95,-67.78392515,-76.02919432
109.96,-67.76312022,-76.0122802
109.97,-67.74232527,-75.99535794
109.98,-67.72154033,-75.9784277
109.99,-67.7007654,-75.96148961
110,-67.68000052,-75.9445438
110.01,-67.6592457,-75.92759043
110.02,-67.63850095,-75.91062963
110.03,-67.6177663,-75.89366154
110.04,-67.59704176,-75.8766863
110.05,-67.57632734,-75.85970405
110.06,-67.55562307,-75.84271493
110.07,-67.53492896,-75.82571908
110.08,-67.51424501,-75.80871663
110.09,-67.49357125,-75.79170772
110.1,-67.47290769,-75.77469249
110.11,-67.45225434,-75.75767108
110.12,-67.4316112,-75.74064362
110.13,-67.4109783,-75.72361025
110.14,-67.39035564,-75.7065711
110.15,-67.36974323,-75.68952632
110.16,-67.34914108,-75.67247603
110.17,-67.32854919,-75.65542037
110.18,-67.30796758,-75.63835947
110.19,-67.28739625,-75.62129347
110.2,-67.26683521,-75.6042225
110.21,-67.24628446,-75.5871467
110.22,-67.22574401,-75.57006619
110.23,-67.20521386,-75.55298111
110.24,-67.18469401,-75.53589159
110.25,-67.16418447,-75.51879776
110.26,-67.14368524,-75.50169976
110.27,-67.12319632,-75.4845977
110.28,-67.10271771,-75.46749173
110.29,-67.08224941,-75.45038197
110.3,-67.06179142,-75.43326856
110.31,-67.04134374,-75.41615161
110.32,-67.02090637,-75.39903126
110.33,-67.0004793,-75.38190763
110.34,-66.98006253,-75.36478086
110.35,-66.95965605,-75.34765106
110.36,-66.93925987,-75.33051837
110.37,-66.91887397,-75.31338291
110.38,-66.89849835,-75.2962448
110.39,-66.87813301,-75.27910417
110.4,-66.85777793,-75.26196115
110.41,-66.8374331,-75.24481585
110.42,-66.81709852,-75.22766841
110.43,-66.79677419,-75.21051893
110.44,-66.77646007,-75.19336756
110.45,-66.75615618,-75.17621439
110.46,-66.73586249,-75.15905957
110.47,-66.71557899,-75.1419032
110.48,-66.69530567,-75.12474541
110.49,-66.67504252,-75.10758631
110.5,-66.65478952,-75.09042603
110.51,-66.63454665,-75.07326469
110.52,-66.61431391,-75.05610239
110.53,-66.59409126,-75.03893927
110.54,-66.5738787,-75.02177542
110.55,-66.55367621,-75.00461098
110.56,-66.53348377,-74.98744605
110.57,-66.51330136,-74.97028076
110.58,-66.49312896,-74.9531152
110.59,-66.47296654,-74.93594951
110.6,-66.4528141,-74.91878378
110.61,-66.4326716,-74.90161814
110.62,-66.41253902,-74.8844527
110.63,-66.39241633,-74.86728756
110.64,-66.37230353,-74.85012283
110.65,-66.35220057,-74.83295864
110.66,-66.33210743,-74.81579508
110.67,-66.31202409,-74.79863226
110.68,-66.29195052,-74.7814703
110.69,-66.27188668,-74.76430929
110.7,-66.25183257,-74.74714936
110.71,-66.23178813,-74.7299906
110.72,-66.21175335,-74.71283311
110.73,-66.19172818,-74.69567701
110.74,-66.17171261,-74.6785224
110.75,-66.1517066,-74.66136938
110.76,-66.13171011,-74.64421806
110.77,-66.11172311,-74.62706853
110.78,-66.09174557,-74.6099209
110.79,-66.07177745,-74.59277527
110.8,-66.05181872,-74.57563174
110.81,-66.03186933,-74.55849041
110.82,-66.01192926,-74.54135139
110.83,-65.99199846,-74.52421476
110.84,-65.97207689,-74.50708062
110.85,-65.95216452,-74.48994908
110.86,-65.9322613,-74.47282022
110.87,-65.91236719,-74.45569415
110.88,-65.89248215,-74.43857096
110.89,-65.87260615,-74.42145075
110.9,-65.85273912,-74.4043336
110.91,-65.83288104,-74.38721962
110.92,-65.81303185,-74.37010888
110.93,-65.79319152,-74.35300149
110.94,-65.77335998,-74.33589754
110.95,-65.75353721,-74.31879712
110.96,-65.73372314,-74.3017003
110.97,-65.71391773,-74.2846072
110.98,-65.69412093,-74.26751788
110.99,-65.67433269,-74.25043245
111,-65.65455296,-74.23335098
111.01,-65.63478169,-74.21627357
111.02,-65.61501882,-74.19920029
111.03,-65.5952643,-74.18213124
111.04,-65.57551808,-74.16506649
111.05,-65.5557801,-74.14800613
111.06,-65.5360503,-74.13095025
111.07,-65.51632864,-74.11389892
111.08,-65.49661505,-74.09685222
111.09,-65.47690947,-74.07981024
111.1,-65.45721185,-74.06277305
111.11,-65.43752212,-74.04574074
111.12,-65.41784023,-74.02871338
111.13,-65.39816611,-74.01169104
111.14,-65.3784997,-73.99467382
111.15,-65.35884094,-73.97766177
111.16,-65.33918976,-73.96065498
111.17,-65.31954611,-73.94365352
111.18,-65.29990991,-73.92665747
111.19,-65.2802811,-73.90966689
111.2,-65.26065961,-73.89268187
111.21,-65.24104537,-73.87570246
111.22,-65.22143832,-73.85872875
111.23,-65.20183838,-73.84176079
111.24,-65.18224549,-73.82479867
111.25,-65.16265957,-73.80784245
111.26,-65.14308055,-73.79089219
111.27,-65.12350836,-73.77394797
111.28,-65.10394292,-73.75700985
111.29,-65.08438417,-73.74007789
111.3,-65.06483202,-73.72315217
111.31,-65.04528639,-73.70623273
111.32,-65.02574722,-73.68931966
111.33,-65.00621441,-73.672413
111.34,-64.9866879,-73.65551282
111.35,-64.96716761,-73.63861919
111.36,-64.94765344,-73.62173216
111.37,-64.92814533,-73.60485178
111.38,-64.90864318,-73.58797813
111.39,-64.88914691,-73.57111126
111.4,-64.86965645,-73.55425121
111.41,-64.8501717,-73.53739806
111.42,-64.83069258,-73.52055186
111.43,-64.81121899,-73.50371265
111.44,-64.79175086,-73.4868805
111.45,-64.77228809,-73.47005545
111.46,-64.7528306,-73.45323757
111.47,-64.73337829,-73.43642689
111.48,-64.71393106,-73.41962348
111.49,-64.69448883,-73.40282738
111.5,-64.67505151,-73.38603864
111.51,-64.65561899,-73.36925731
111.52,-64.63619119,-73.35248343
111.53,-64.61676799,-73.33571706
111.54,-64.59734932,-73.31895824
111.55,-64.57793506,-73.30220701
111.56,-64.55852513,-73.28546342
111.57,-64.53911941,-73.26872751
111.58,-64.5197178,-73.25199933
111.59,-64.50032021,-73.23527891
111.6,-64.48092652,-73.2185663
111.61,-64.46153664,-73.20186155
111.62,-64.44215046,-73.18516468
111.63,-64.42276786,-73.16847573
111.64,-64.40338875,-73.15179476
111.65,-64.38401301,-73.13512178
111.66,-64.36464053,-73.11845685
111.67,-64.3452712,-73.10179999
111.68,-64.32590491,-73.08515123
111.69,-64.30654154,-73.06851063
111.7,-64.28718099,-73.05187819
111.71,-64.26782312,-73.03525397
111.72,-64.24846784,-73.01863799
111.73,-64.22911501,-73.00203028
111.74,-64.20976452,-72.98543086
111.75,-64.19041624,-72.96883978
111.76,-64.17107007,-72.95225706
111.77,-64.15172586,-72.93568273
111.78,-64.13238351,-72.9191168
111.79,-64.11304288,-72.90255932
111.8,-64.09370385,-72.8860103
111.81,-64.07436629,-72.86946976
111.82,-64.05503007,-72.85293774
111.83,-64.03569506,-72.83641425
111.84,-64.01636113,-72.81989932
111.85,-63.99702815,-72.80339297
111.86,-63.97769598,-72.78689521
111.87,-63.95836449,-72.77040606
111.88,-63.93903354,-72.75392556
111.89,-63.91970299,-72.7374537
111.9,-63.90037271,-72.72099051
111.91,-63.88104254,-72.70453601
111.92,-63.86171237,-72.6880902
111.93,-63.84238202,-72.67165311
111.94,-63.82305138,-72.65522475
111.95,-63.80372027,-72.63880513
111.96,-63.78438857,-72.62239426
111.97,-63.76505612,-72.60599215
111.98,-63.74572278,-72.58959882
111.99,-63.72638838,-72.57321427
112,-63.70705277,-72.55683851
112.01,-63.68771581,-72.54047154
112.02,-63.66837733,-72.52411339
112.03,-63.64903718,-72.50776404
112.04,-63.6296952,-72.49142351
112.05,-63.61035123,-72.4750918
112.06,-63.5910051,-72.45876891
112.07,-63.57165665,-72.44245484
112.08,-63.55230572,-72.42614961
112.09,-63.53295213,-72.4098532
112.1,-63.51359573,-72.39356562
112.11,-63.49423634,-72.37728687
112.12,-63.47487378,-72.36101694
112.13,-63.45550789,-72.34475583
112.14,-63.43613849,-72.32850354
112.15,-63.4167654,-72.31226007
112.16,-63.39738844,-72.2960254
112.17,-63.37800743,-72.27979954
112.18,-63.3586222,-72.26358247
112.19,-63.33923255,-72.24737419
112.2,-63.3198383,-72.23117469
112.21,-63.30043926,-72.21498395
112.22,-63.28103525,-72.19880197
112.23,-63.26162607,-72.18262874
112.24,-63.24221152,-72.16646425
112.25,-63.22279142,-72.15030847
112.26,-63.20336556,-72.1341614
112.27,-63.18393374,-72.11802302
112.28,-63.16449578,-72.10189331
112.29,-63.14505145,-72.08577226
112.3,-63.12560056,-72.06965986
112.31,-63.10614289,-72.05355607
112.32,-63.08667825,-72.03746088
112.33,-63.06720641,-72.02137428
112.34,-63.04772717,-72.00529623
112.35,-63.02824031,-71.98922672
112.36,-63.0087456,-71.97316573
112.37,-62.98924283,-71.95711322
112.38,-62.96973178,-71.94106918
112.39,-62.95021222,-71.92503357
112.4,-62.93068393,-71.90900637
112.41,-62.91114667,-71.89298756
112.42,-62.89160021,-71.87697709
112.43,-62.87204432,-71.86097495
112.44,-62.85247877,-71.8449811
112.45,-62.8329033,-71.82899551
112.46,-62.81331769,-71.81301815
112.47,-62.79372168,-71.79704898
112.48,-62.77411503,-71.78108797
112.49,-62.75449749,-71.76513508
112.5,-62.7348688,-71.74919027
112.51,-62.71522872,-71.73325351
112.52,-62.69557698,-71.71732476
112.53,-62.67591333,-71.70140397
112.54,-62.6562375,-71.68549112
112.55,-62.63654923,-71.66958615
112.56,-62.61684824,-71.65368902
112.57,-62.59713426,-71.63779969
112.58,-62.57740702,-71.62191811
112.59,-62.55766625,-71.60604424
112.6,-62.53791166,-71.59017803
112.61,-62.51814296,-71.57431943
112.62,-62.49835988,-71.5584684
112.63,-62.47856211,-71.54262487
112.64,-62.45874937,-71.52678881
112.65,-62.43892136,-71.51096016
112.66,-62.41907778,-71.49513886
112.67,-62.39921833,-71.47932486
112.68,-62.3793427,-71.46351811
112.69,-62.35945058,-71.44771855
112.7,-62.33954165,-71.43192612
112.71,-62.3196156,-71.41614075
112.72,-62.29967211,-71.4003624
112.73,-62.27971085,-71.384591
112.74,-62.2597315,-71.36882649
112.75,-62.23973371,-71.3530688
112.76,-62.21971717,-71.33731787
112.77,-62.19968152,-71.32157364
112.78,-62.17962643,-71.30583603
112.79,-62.15955154,-71.29010498
112.8,-62.1394565,-71.27438042
112.81,-62.11934096,-71.25866227
112.82,-62.09920455,-71.24295047
112.83,-62.07904692,-71.22724495
112.84,-62.05886769,-71.21154563
112.85,-62.03866649,-71.19585242
112.86,-62.01844294,-71.18016527
112.87,-61.99819666,-71.16448408
112.88,-61.97792727,-71.14880879
112.89,-61.95763436,-71.1331393
112.9,-61.93731755,-71.11747554
112.91,-61.91697643,-71.10181742
112.92,-61.8966106,-71.08616486
112.93,-61.87621964,-71.07051778
112.94,-61.85580314,-71.05487608
112.95,-61.83536068,-71.03923968
112.96,-61.81489182,-71.02360849
112.97,-61.79439615,-71.00798241
112.98,-61.77387321,-70.99236136
112.99,-61.75332258,-70.97674524
113,-61.73274379,-70.96113395
113.01,-61.71213639,-70.9455274
113.02,-61.69149993,-70.92992549
113.03,-61.67083394,-70.91432812
113.04,-61.65013794,-70.89873518
113.05,-61.62941145,-70.88314658
113.06,-61.608654,-70.86756221
113.07,-61.58786509,-70.85198197
113.08,-61.56704423,-70.83640574
113.09,-61.5461909,-70.82083343
113.1,-61.5253046,-70.80526491
113.11,-61.50438482,-70.78970007
113.12,-61.48343102,-70.77413881
113.13,-61.46244269,-70.75858101
113.14,-61.44141926,-70.74302654
113.15,-61.42036022,-70.7274753
113.16,-61.39926499,-70.71192715
113.17,-61.37813302,-70.69638199
113.18,-61.35696375,-70.68083968
113.19,-61.33575659,-70.6653001
113.2,-61.31451096,-70.64976312
113.21,-61.29322627,-70.63422862
113.22,-61.27190192,-70.61869646
113.23,-61.25053731,-70.60316651
113.24,-61.22913181,-70.58763863
113.25,-61.20768479,-70.57211269
113.26,-61.18619564,-70.55658856
113.27,-61.16466369,-70.54106608
113.28,-61.14308831,-70.52554512
113.29,-61.12146882,-70.51002553
113.3,-61.09980456,-70.49450718
113.31,-61.07809484,-70.4789899
113.32,-61.05633898,-70.46347355
113.33,-61.03453627,-70.44795797
113.34,-61.012686,-70.43244302
113.35,-60.99078746,-70.41692854
113.36,-60.9688399,-70.40141436
113.37,-60.94684259,-70.38590033
113.38,-60.92479477,-70.37038629
113.39,-60.90269568,-70.35487206
113.4,-60.88054454,-70.33935748
113.41,-60.85834057,-70.32384238
113.42,-60.83608295,-70.30832659
113.43,-60.81377089,-70.29280993
113.44,-60.79140355,-70.27729223
113.45,-60.7689801,-70.2617733
113.46,-60.74649969,-70.24625297
113.47,-60.72396146,-70.23073105
113.48,-60.70136452,-70.21520735
113.49,-60.678708,-70.19968168
113.5,-60.65599098,-70.18415385
113.51,-60.63321254,-70.16862367
113.52,-60.61037177,-70.15309094
113.53,-60.5874677,-70.13755545
113.54,-60.56449937,-70.122017
113.55,-60.54146582,-70.1064754
113.56,-60.51836604,-70.09093042
113.57,-60.49519902,-70.07538185
113.58,-60.47196375,-70.05982949
113.59,-60.44865917,-70.04427311
113.6,-60.42528424,-70.02871249
113.61,-60.40183786,-70.01314741
113.62,-60.37831895,-69.99757764
113.63,-60.3547264,-69.98200294
113.64,-60.33105908,-69.9664231
113.65,-60.30731583,-69.95083785
113.66,-60.28349549,-69.93524698
113.67,-60.25959687,-69.91965023
113.68,-60.23561876,-69.90404735
113.69,-60.21155993,-69.8884381
113.7,-60.18741913,-69.87282222
113.71,-60.1631951,-69.85719944
113.72,-60.13888653,-69.84156952
113.73,-60.11449212,-69.82593217
113.74,-60.09001052,-69.81028714
113.75,-60.06544037,-69.79463414
113.76,-60.0407803,-69.7789729
113.77,-60.0160283,-69.76330314
113.78,-59.99118145,-69.74762458
113.79,-59.96623801,-69.73193691
113.8,-59.94119823,-69.71623984
113.81,-59.91606164,-69.70053309
113.82,-59.8908266,-69.68481633
113.83,-59.86549149,-69.66908927
113.84,-59.84005466,-69.6533516
113.85,-59.81451447,-69.63760298
113.86,-59.78886923,-69.62184311
113.87,-59.76311724,-69.60607165
113.88,-59.73725675,-69.59028827
113.89,-59.71128602,-69.57449263
113.9,-59.68520324,-69.55868439
113.91,-59.65900659,-69.54286321
113.92,-59.63269422,-69.52702872
113.93,-59.60626422,-69.51118057
113.94,-59.57971469,-69.4953184
113.95,-59.55304365,-69.47944183
113.96,-59.5262491,-69.46355048
113.97,-59.49932902,-69.44764398
113.98,-59.47228131,-69.43172194
113.99,-59.44510388,-69.41578396
114,-59.41779456,-69.39982964
114.01,-59.39035116,-69.38385858
114.02,-59.36277143,-69.36787036
114.03,-59.33505309,-69.35186455
114.04,-59.30719381,-69.33584074
114.05,-59.27919122,-69.31979849
114.06,-59.25104289,-69.30373737
114.07,-59.22274635,-69.28765691
114.08,-59.19429907,-69.27155667
114.09,-59.16569849,-69.25543618
114.1,-59.13694198,-69.23929497
114.11,-59.10802685,-69.22313257
114.12,-59.07895038,-69.20694849
114.13,-59.04970977,-69.19074223
114.14,-59.02030217,-69.17451329
114.15,-58.99072467,-69.15826117
114.16,-58.9609743,-69.14198533
114.17,-58.93104803,-69.12568526
114.18,-58.90094275,-69.10936041
114.19,-58.87065531,-69.09301024
114.2,-58.84018247,-69.07663419
114.21,-58.80952093,-69.0602317
114.22,-58.77866731,-69.04380219
114.23,-58.74761817,-69.02734507
114.24,-58.71636998,-69.01085975
114.25,-58.68491914,-68.99434562
114.26,-58.65326197,-68.97780206
114.27,-58.62139471,-68.96122845
114.28,-58.58931351,-68.94462414
114.29,-58.55701443,-68.92798849
114.3,-58.52449345,-68.91132083
114.31,-58.49174646,-68.89462049
114.32,-58.45876925,-68.87788677
114.33,-58.42555751,-68.86111898
114.34,-58.39210675,-68.84431641
114.35,-58.35841228,-68.82747833
114.36,-58.32446957,-68.810604
114.37,-58.290274,-68.79369266
114.38,-58.2558208,-68.77674355
114.39,-58.22110503,-68.75975589
114.4,-58.18612164,-68.74272888
114.41,-58.15086545,-68.7256617
114.42,-58.11533114,-68.70855353
114.43,-58.07951329,-68.69140353
114.44,-58.0434063,-68.67421083
114.45,-58.00700447,-68.65697456
114.46,-57.97030195,-68.63969383
114.47,-57.93329274,-68.62236771
114.48,-57.8959707,-68.60499529
114.49,-57.85832951,-68.58757562
114.5,-57.82036272,-68.57010772
114.51,-57.78206371,-68.55259061
114.52,-57.74342568,-68.53502329
114.53,-57.70444166,-68.51740472
114.54,-57.6651045,-68.49973387
114.55,-57.62540687,-68.48200966
114.56,-57.58534125,-68.46423099
114.57,-57.54489992,-68.44639677
114.58,-57.50407494,-68.42850584
114.59,-57.46285817,-68.41055705
114.6,-57.42124128,-68.39254922
114.61,-57.37921566,-68.37448113
114.62,-57.33677253,-68.35635156
114.63,-57.29390281,-68.33815922
114.64,-57.25059722,-68.31990285
114.65,-57.2068462,-68.30158112
114.66,-57.16263993,-68.28319268
114.67,-57.11796832,-68.26473616
114.68,-57.07282099,-68.24621016
114.69,-57.02718728,-68.22761323
114.7,-56.9810562,-68.20894392
114.71,-56.93441648,-68.19020071
114.72,-56.88725651,-68.17138208
114.73,-56.83956434,-68.15248646
114.74,-56.79132768,-68.13351224
114.75,-56.74253384,-68.11445777
114.76,-56.69316976,-68.09532138
114.77,-56.64322203,-68.07610136
114.78,-56.59267685,-68.05679593
114.79,-56.54152003,-68.03740331
114.8,-56.4897369,-68.01792165
114.81,-56.43731238,-67.99834906
114.82,-56.3842309,-67.97868362
114.83,-56.33047641,-67.95892335
114.84,-56.27603239,-67.93906623
114.85,-56.22088176,-67.91911017
114.86,-56.16500693,-67.89905306
114.87,-56.10838974,-67.87889272
114.88,-56.05101146,-67.85862692
114.89,-55.99285276,-67.83825337
114.9,-55.93389367,-67.81776974
114.91,-55.87411359,-67.79717362
114.92,-55.81349123,-67.77646255
114.93,-55.75200459,-67.755634
114.94,-55.68963098,-67.73468539
114.95,-55.6263469,-67.71361405
114.96,-55.56212809,-67.69241727
114.97,-55.49694947,-67.67109224
114.98,-55.43078508,-67.64963609
114.99,-55.36360808,-67.62804589
115,-55.29539071,-67.6063186
115.01,-55.22610423,-67.58445111
115.02,-55.15571888,-67.56244025
115.03,-55.08420388,-67.54028272
115.04,-55.01152731,-67.51797517
115.05,-54.93765613,-67.49551414
115.06,-54.86255609,-67.47289606
115.07,-54.78619169,-67.45011729
115.08,-54.70852615,-67.42717406
115.09,-54.62952133,-67.40406252
115.1,-54.54913766,-67.38077868
115.11,-54.4673341,-67.35731846
115.12,-54.38406803,-67.33367766
115.13,-54.29929524,-67.30985194
115.14,-54.2129698,-67.28583684
115.15,-54.12504401,-67.26162777
115.16,-54.03546832,-67.23722002
115.17,-53.94419122,-67.21260871
115.18,-53.85115916,-67.18778883
115.19,-53.75631649,-67.16275521
115.2,-53.65960529,-67.13750252
115.21,-53.56096531,-67.11202528
115.22,-53.46033383,-67.08631782
115.23,-53.35764559,-67.06037431
115.24,-53.25283259,-67.03418872
115.25,-53.14582401,-67.00775483
115.26,-53.03654604,-66.98106624
115.27,-52.92492178,-66.95411631
115.28,-52.810871,-66.9268982
115.29,-52.69431005,-66.89940486
115.3,-52.57515164,-66.87162899
115.31,-52.45330467,-66.84356303
115.32,-52.32867405,-66.81519921
115.33,-52.20116046,-66.78652944
115.34,-52.07066013,-66.75754541
115.35,-51.93706466,-66.72823847
115.36,-51.80026069,-66.69859971
115.37,-51.66012972,-66.66861989
115.38,-51.51654776,-66.63828944
115.39,-51.3693851,-66.60759845
115.4,-51.21850596,-66.57653666
115.41,-51.06376819,-66.54509343
115.42,-50.90502287,-66.51325773
115.43,-50.74211403,-66.48101812
115.44,-50.57487816,-66.44836275
115.45,-50.40314388,-66.4152793
115.46,-50.22673145,-66.38175501
115.47,-50.04545234,-66.3477766
115.48,-49.85910872,-66.31333029
115.49,-49.66749295,-66.27840178
115.5,-49.47038702,-66.24297617
115.51,-49.26756202,-66.207038
115.52,-49.05877746,-66.17057119
115.53,-48.84378068,-66.13355897
115.54,-48.62230613,-66.09598393
115.55,-48.39407468,-66.05782793
115.56,-48.15879288,-66.01907205
115.57,-47.91615211,-65.97969659
115.58,-47.66582782,-65.93968103
115.59,-47.4074786,-65.89900395
115.6,-47.14074529,-65.85764301
115.61,-46.86525005,-65.81557488
115.62,-46.58059534,-65.77277521
115.63,-46.28636289,-65.72921857
115.64,-45.98211267,-65.68487837
115.65,-45.66738177,-65.63972682
115.66,-45.34168328,-65.59373485
115.67,-45.00450517,-65.54687203
115.68,-44.65544606,-65.49910651
115.69,-44.29378846,-65.45040494
115.7,-43.91894183,-65.40073235
115.71,-43.53028461,-65.3500521
115.72,-43.12716368,-65.29832574
115.73,-42.70889369,-65.24551294
115.74,-42.27475622,-65.19157133
115.75,-41.82399911,-65.13645644
115.76,-41.35583583,-65.0801215
115.77,-40.86944512,-65.02251736
115.78,-40.36397079,-64.9635923
115.79,-39.83852193,-64.90329188
115.8,-39.2921734,-64.84155877
115.81,-38.7239669,-64.77833258
115.82,-38.1329125,-64.71354963
115.83,-37.51799313,-64.64714276
115.84,-36.87816305,-64.57904109
115.85,-36.21235374,-64.50916979
115.86,-35.51947954,-64.43744979
115.87,-34.79844395,-64.36379754
115.88,-34.04814741,-64.28812466
115.89,-33.26749659,-64.21033767
115.9,-32.45541636,-64.13033758
115.91,-31.61086184,-64.04801955
115.92,-30.73283395,-63.9632725
115.93,-29.82039762,-63.87597866
115.94,-28.87270257,-63.7860131
115.95,-27.88900678,-63.69324325
115.96,-26.86870286,-63.59752838
115.97,-25.81134733,-63.49871901
115.98,-24.71669262,-63.3966563
115.99,-23.58472173,-63.29117143
116,-22.4156849,-63.18208485
116.01,-21.21013782,-63.06920558
116.02,-19.96898038,-62.9523304
116.03,-18.6934947,-62.831243
116.04,-17.3853811,-62.70571308
116.05,-16.0467902,-62.57549541
116.06,-14.68034904,-62.44032877
116.07,-13.28917921,-62.29993491
116.08,-11.87690471,-62.15401738
116.09,-10.44764739,-62.00226036
116.1,-9.006008218,-61.84432731
116.11,-7.557032968,-61.67985963
116.12,-6.106161613,-61.50847531
116.13,-4.659161613,-61.32976739
116.14,-3.222046143,-61.14330241
116.15,-1.800979369,-60.94861872
116.16,-0.4021717844,-60.74522471
116.17,0.968230518,-60.53259704
116.18,2.304258255,-60.31017866
116.19,3.600228321,-60.07737678
116.2,4.850845478,-59.83356075
116.21,6.051292138,-59.57805977
116.22,7.197302741,-59.3101605
116.23,8.285220146,-59.02910451
116.24,9.312032591,-58.73408551
116.25,10.2753909,-58.42424644
116.26,11.1736067,-58.0986763
116.27,12.00563325,-57.75640678
116.28,12.77103148,-57.3964086
116.29,13.46992387,-57.01758757
116.3,14.10293947,-56.61878027
116.31,14.67115307,-56.19874939
116.32,15.17602149,-55.75617862
116.33,15.61931948,-55.28966717
116.34,16.00307759,-54.79772364
116.35,16.32952346,-54.27875952
116.36,16.60102794,-53.73108198
116.37,16.82005678,-53.15288612
116.38,16.98912827,-52.54224657
116.39,17.11077702,-51.89710834
116.4,17.18752356,-51.21527712
116.41,17.22184956,-50.49440884
116.42,17.21617817,-49.73199856
116.43,17.17285883,-48.92536895
116.44,17.09415613,-48.07165827
116.45,16.98224204,-47.16780822
116.46,16.83919103,-46.21055194
116.47,16.66697749,-45.19640274
116.48,16.46747512,-44.12164406
116.49,16.24245774,-42.98232182
116.5,15.99360132,-41.77424039
116.51,15.72248681,-40.49296383
116.52,15.43060364,-39.13382492
116.53,15.11935356,-37.69194478
116.54,14.79005484,-36.16226725
116.55,14.44394648,-34.53961276
116.56,14.08219256,-32.81875809
116.57,13.70588642,-30.99454943
116.58,13.31605488,-29.0620575
116.59,12.91366218,-27.01678475
116.6,12.49961387,-24.85493463
116.61,12.07476043,-22.5737522
116.62,11.63990073,-20.171942
116.63,11.1957853,-17.65016285
116.64,10.74311939,-15.0115888
116.65,10.28256583,-12.26251014
116.66,9.814747721,-9.41292935
116.67,9.34025096,-6.47708466
116.68,8.859626553,-3.473814187
116.69,8.373392807,-0.4266606926
116.7,7.882037359,2.636380583
116.71,7.386019074,5.683545137
116.72,6.885769804,8.680439837
116.73,6.381696032,11.59159884
116.74,5.87418041,14.38233484
116.75,5.363583189,17.02069657
116.76,4.850243561,19.47930241
116.77,4.334480913,21.73682243
116.78,3.816595987,23.77892966
116.79,3.296871996,25.5986258
116.8,2.775575651,27.19594707
116.81,2.252958114,28.5771461
116.82,1.729255923,29.75350873
116.83,1.204691815,30.73998864
116.84,0.6794755381,31.55383201
116.85,0.1538045671,32.21332772
116.86,-0.3721351892,32.73676998
116.87,-0.8981687736,33.14167251
116.88,-1.424131565,33.4442335
116.89,-1.949868756,33.65902403
116.9,-2.475234814,33.79885795
116.91,-3.000093043,33.87479699
116.92,-3.524315105,33.8962476
116.93,-4.047780646,33.87111293
116.94,-4.570376874,33.80597123
116.95,-5.091998229,33.70626032
116.96,-5.612546009,33.57645462
116.97,-6.131928065,33.42022684
116.98,-6.650058477,33.24059043
116.99,-7.166857252,33.04002182
117,-7.682250059,32.82056317
117.01,-8.196167933,32.58390735
117.02,-8.708547008,32.33146729
117.03,-9.219328288,32.06443212
117.04,-9.728457385,31.78381216
117.05,-10.23588429,31.49047484
117.06,-10.74156314,31.18517325
117.07,-11.24545202,30.86856869
117.08,-11.74751275,30.5412486
117.09,-12.24771073,30.20374064
117.1,-12.74601468,29.8565239
117.11,-13.24239655,29.50003767
117.12,-13.73683131,29.13468851
117.13,-14.22929683,28.76085573
117.14,-14.71977368,28.37889586
117.15,-15.20824507,27.98914614
117.16,-15.69469668,27.59192735
117.17,-16.17911654,27.18754602
117.18,-16.66149497,26.77629631
117.19,-17.14182446,26.35846138
117.2,-17.62009954,25.93431462
117.21,-18.09631676,25.50412059
117.22,-18.57047457,25.06813576
117.23,-19.0425733,24.62660916
117.24,-19.51261504,24.17978284
117.25,-19.98060364,23.72789236
117.26,-20.44654463,23.27116705
117.27,-20.91044518,22.80983031
117.28,-21.3723141,22.34409985
117.29,-21.83216177,21.87418786
117.3,-22.29000014,21.40030115
117.31,-22.74584268,20.92264132
117.32,-23.19970439,20.44140483
117.33,-23.65160181,19.95678312
117.34,-24.10155298,19.46896267
117.35,-24.54957744,18.97812507
117.36,-24.99569627,18.48444713
117.37,-25.43993206,17.98810088
117.38,-25.88230892,17.48925365
117.39,-26.32285251,16.98806814
117.4,-26.76159004,16.48470245
117.41,-27.19855029,15.97931014
117.42,-27.6337636,15.47204027
117.43,-28.06726199,14.96303749
117.44,-28.49907908,14.45244203
117.45,-28.92925013,13.94038982
117.46,-29.35781213,13.4270125
117.47,-29.78480373,12.91243749
117.48,-30.21026536,12.39678805
117.49,-30.63423916,11.88018334
117.5,-31.05676909,11.36273846
117.51,-31.4779009,10.84456457
117.52,-31.89768216,10.32576888
117.53,-32.31616229,9.806454751
117.54,-32.7333926,9.286721772
117.55,-33.14942626,8.766665799
117.56,-33.5643183,8.246379042
117.57,-33.97812574,7.725950129
117.58,-34.39090745,7.205464167
117.59,-34.80272422,6.685002824
117.6,-35.21363873,6.164644387
117.61,-35.62371562,5.644463842
117.62,-36.03302141,5.12453294
117.63,-36.44162446,4.604920264
117.64,-36.84959499,4.085691311
117.65,-37.25700503,3.566908546
117.66,-37.66392845,3.048631486
117.67,-38.07044084,2.530916767
117.68,-38.47661947,2.0138182
117.69,-38.88254323,1.49738686
117.7,-39.28829254,0.9816711441
117.71,-39.69394934,0.4667168291
117.72,-40.09959688,-0.04743284537
117.73,-40.50531975,-0.5607371123
117.74,-40.91120368,-1.073157634
117.75,-41.31733548,-1.58465842
117.76,-41.72380279,-2.095205764
117.77,-42.130694,-2.604768187
117.78,-42.53809804,-3.113316385
117.79,-42.94610418,-3.620823172
117.8,-43.35480184,-4.12726341
117.81,-43.76428037,-4.632613962
117.82,-44.17462882,-5.136853637
117.83,-44.58593561,-5.639963139
117.84,-44.99828819,-6.141925021
117.85,-45.41182003,-6.642723638
117.86,-45.82655834,-7.142345097
117.87,-46.24258843,-7.64077722
117.88,-46.65999238,-8.138009499
117.89,-47.07884899,-8.634033054
117.9,-47.49923346,-9.128840606
117.91,-47.92121689,-9.622426434
117.92,-48.34486601,-10.11478635
117.93,-48.77024244,-10.60591765
117.94,-49.19740228,-11.09581915
117.95,-49.6263953,-11.58449109
117.96,-50.05726453,-12.07193516
117.97,-50.49004531,-12.55815448
117.98,-50.92476473,-13.04315357
117.99,-51.36144079,-13.52693834
118,-51.80008159,-14.00951612
118.01,-52.24068449,-14.49089564
118.02,-52.68323542,-14.971087
118.03,-53.12770786,-15.45010175
118.04,-53.57406198,-15.92795282
118.05,-54.02224383,-16.40465461
118.06,-54.47218442,-16.88022296
118.07,-54.9237989,-17.35467521
118.08,-55.37698571,-17.82803022
118.09,-55.83162582,-18.30030838
118.1,-56.28758201,-18.77153169
118.11,-56.74469816,-19.24172384
118.12,-57.20279873,-19.71091014
118.13,-57.66168827,-20.17911773
118.14,-58.12115109,-20.64637554
118.15,-58.58095104,-21.11271441
118.16,-59.04083141,-21.57816717
118.17,-59.50051505,-22.0427687
118.18,-59.95970477,-22.50655604
118.19,-60.41808257,-22.9695685
118.2,-60.87531443,-23.43184776
118.21,-61.33104696,-23.89343797
118.22,-61.78491018,-24.35438586
118.23,-62.23651909,-24.81474093
118.24,-62.68547537,-25.27455554
118.25,-63.13136936,-25.73388507
118.26,-63.57378238,-26.19278802
118.27,-64.01228907,-26.65132625
118.28,-64.44646015,-27.10956509
118.29,-64.8758652,-27.56757356
118.3,-65.30007573,-28.02542452
118.31,-65.71866816,-28.48319487
118.32,-66.13122705,-28.94096572
118.33,-66.53734823,-29.39882262
118.34,-66.93664189,-29.85685574
118.35,-67.32873564,-30.31516019
118.36,-67.71327741,-30.77383611
118.37,-68.08993808,-31.23298898
118.38,-68.45841402,-31.69272981
118.39,-68.81842919,-32.15317535
118.4,-69.16973703,-32.61444844
118.41,-69.51212193,-33.0766782
118.42,-69.84540039,-33.54000027
118.43,-70.16942173,-34.00455698
118.44,-70.48406847,-34.47049773
118.45,-70.78925627,-34.93797918
118.46,-71.08493357,-35.40716545
118.47,-71.3710808,-35.87822838
118.48,-71.64770929,-36.3513478
118.49,-71.91485996,-36.82671164
118.5,-72.17260165,-37.30451628
118.51,-72.42102934,-37.78496656
118.52,-72.66026208,-38.26827606
118.53,-72.89044094,-38.75466714
118.54,-73.11172677,-39.24437102
118.55,-73.32429793,-39.73762791
118.56,-73.52834808,-40.23468697
118.57,-73.72408393,-40.73580621
118.58,-73.91172305,-41.24125233
118.59,-74.09149181,-41.75130054
118.6,-74.26362338,-42.26623426
118.61,-74.4283559,-42.78634475
118.62,-74.58593072,-43.31193041
118.63,-74.73659082,-43.84329715
118.64,-74.8805794,-44.38075517
118.65,-75.01813855,-44.92462508
118.66,-75.14950814,-45.47522013
118.67,-75.27492481,-46.03285927
118.68,-75.3946211,-46.59786275
118.69,-75.50882476,-47.17054913
118.7,-75.61775807,-47.75123284
118.71,-75.72163741,-48.34022096
118.72,-75.82067285,-48.93781038
118.73,-75.91506784,-49.54428391
118.74,-76.005019,-50.1599063
118.75,-76.09071602,-50.78491967
118.76,-76.17234154,-51.41953836
118.77,-76.25007115,-52.06394322
118.78,-76.32407344,-52.71827526
118.79,-76.39451007,-53.38262891
118.8,-76.46153589,-54.05704441
118.81,-76.52529907,-54.7414999
118.82,-76.58594126,-55.43590289
118.83,-76.6435978,-56.14008124
118.84,-76.69839787,-56.85377378
118.85,-76.75046476,-57.57662098
118.86,-76.79991602,-58.30815551
118.87,-76.84686374,-59.04779286
118.88,-76.89141471,-59.79482267
118.89,-76.93367067,-60.54840096
118.9,-76.97372853,-61.30754351
118.91,-77.01168057,-62.0711211
118.92,-77.04761464,-62.83785682
118.93,-77.08161438,-63.60632605
118.94,-77.11375941,-64.37495984
118.95,-77.14412551,-65.14205185
118.96,-77.1727848,-65.90576922
118.97,-77.19980593,-66.66416811
118.98,-77.22525424,-67.41521359
118.99,-77.24919188,-68.15680393
119,-77.27167804,-68.88679933
119.01,-77.29276902,-69.60305414
119.02,-77.31251841,-70.30345197
119.03,-77.33097721,-70.9859427
119.04,-77.34819394,-71.64857998
119.05,-77.36421478,-72.2895577
119.06,-77.3790837,-72.90724431
119.07,-77.39284252,-73.50021301
119.08,-77.40553106,-74.06726692
119.09,-77.41718722,-74.60745787
119.1,-77.42784709,-75.12009811
119.11,-77.43754503,-75.60476474
119.12,-77.44631379,-76.0612966
119.13,-77.45418457,-76.48978442
119.14,-77.46118712,-76.89055466
119.15,-77.46734983,-77.26414839
119.16,-77.47269981,-77.61129624
119.17,-77.47726297,-77.93289082
119.18,-77.48106411,-78.22995787
119.19,-77.48412695,-78.50362732
119.2,-77.48647428,-78.7551053
119.21,-77.48812796,-78.98564786
119.22,-77.48910905,-79.19653711
119.23,-77.4894378,-79.38906014
119.24,-77.48913378,-79.5644909
119.25,-77.48821591,-79.7240751
119.26,-77.48670251,-79.86901817
119.27,-77.48461133,-80.00047581
119.28,-77.48195964,-80.11954722
119.29,-77.47876423,-80.22727046
119.3,-77.47504148,-80.32461972
119.31,-77.47080735,-80.41250426
119.32,-77.46607744,-80.49176855
119.33,-77.460867,-80.56319357
119.34,-77.45519094,-80.62749881
119.35,-77.44906387,-80.68534491
119.36,-77.44250009,-80.73733669
119.37,-77.43551363,-80.78402645
119.38,-77.4281182,-80.82591738
119.39,-77.42032725,-80.86346702
119.4,-77.41215395,-80.89709075
119.41,-77.40361119,-80.92716506
119.42,-77.39471158,-80.95403083
119.43,-77.38546745,-80.97799633
119.44,-77.37589086,-80.99934012
119.45,-77.36599357,-81.01831371
119.46,-77.35578707,-81.03514409
119.47,-77.34528253,-81.050036
119.48,-77.33449087,-81.06317406
119.49,-77.32342267,-81.07472471
119.5,-77.31208825,-81.08483796
119.51,-77.30049761,-81.09364903
119.52,-77.28866045,-81.1012798
119.53,-77.27658617,-81.10784011
119.54,-77.26428388,-81.11342901
119.55,-77.25176237,-81.11813579
119.56,-77.23903016,-81.12204099
119.57,-77.22609545,-81.12521725
119.58,-77.21296616,-81.12773013
119.59,-77.19964991,-81.12963881
119.6,-77.18615404,-81.13099673
119.61,-77.17248561,-81.13185216
119.62,-77.1586514,-81.13224871
119.63,-77.14465792,-81.13222584
119.64,-77.13051143,-81.1318192
119.65,-77.1162179,-81.13106107
119.66,-77.10178308,-81.12998067
119.67,-77.08721246,-81.12860447
119.68,-77.0725113,-81.12695643
119.69,-77.05768461,-81.12505829
119.7,-77.0427372,-81.12292977
119.71,-77.02767365,-81.12058874
119.72,-77.01249833,-81.11805145
119.73,-76.99721543,-81.11533263
119.74,-76.98182891,-81.11244569
119.75,-76.96634258,-81.10940281
119.76,-76.95076003,-81.10621505
119.77,-76.93508473,-81.10289251
119.78,-76.91931993,-81.09944434
119.79,-76.90346876,-81.09587891
119.8,-76.88753419,-81.09220383
119.81,-76.87151903,-81.08842602
119.82,-76.85542596,-81.08455183
119.83,-76.83925753,-81.080587
119.84,-76.82301617,-81.07653681
119.85,-76.80670418,-81.07240607
119.86,-76.79032373,-81.06819915
119.87,-76.77387692,-81.06392008
119.88,-76.75736571,-81.05957251
119.89,-76.74079198,-81.05515978
119.9,-76.7241575,-81.05068497
119.91,-76.70746396,-81.04615086
119.92,-76.69071297,-81.04156003
119.93,-76.67390606,-81.03691481
119.94,-76.65704465,-81.03221735
119.95,-76.64013014,-81.02746961
119.96,-76.62316382,-81.02267339
119.97,-76.60614693,-81.01783033
119.98,-76.58908066,-81.01294195
119.99,-76.5719661,-81.00800962
120,-76.55480434,-81.0030346
120.01,-76.53759637,-80.99801806
120.02,-76.52034315,-80.99296105
120.03,-76.5030456,-80.98786454
120.04,-76.48570458,-80.98272942
120.05,-76.46832092,-80.97755651
120.06,-76.4508954,-80.97234654
120.07,-76.43342877,-80.9671002
120.08,-76.41592174,-80.96181812
120.09,-76.39837497,-80.95650085
120.1,-76.38078913,-80.95114891
120.11,-76.36316482,-80.94576279
120.12,-76.34550263,-80.94034291
120.13,-76.32780312,-80.93488967
120.14,-76.31006682,-80.92940342
120.15,-76.29229424,-80.92388449
120.16,-76.27448586,-80.91833318
120.17,-76.25664216,-80.91274975
120.18,-76.23876357,-80.90713445
120.19,-76.22085052,-80.90148748
120.2,-76.20290343,-80.89580907
120.21,-76.18492267,-80.89009936
120.22,-76.16690862,-80.88435854
120.23,-76.14886165,-80.87858673
120.24,-76.13078209,-80.87278406
120.25,-76.11267029,-80.86695064
120.26,-76.09452655,-80.86108658
120.27,-76.07635119,-80.85519194
120.28,-76.05814449,-80.84926682
120.29,-76.03990675,-80.84331126
120.3,-76.02163824,-80.83732532
120.31,-76.00333922,-80.83130905
120.32,-75.98500995,-80.82526247
120.33,-75.96665067,-80.81918562
120.34,-75.94826163,-80.81307852
120.35,-75.92984306,-80.80694117
120.36,-75.91139519,-80.80077358
120.37,-75.89291822,-80.79457576
120.38,-75.87441238,-80.7883477
120.39,-75.85587786,-80.78208939
120.4,-75.83731488,-80.77580081
120.41,-75.81872362,-80.76948195
120.42,-75.80010428,-80.76313279
120.43,-75.78145703,-80.75675329
120.44,-75.76278207,-80.75034344
120.45,-75.74407957,-80.74390319
120.46,-75.7253497,-80.73743251
120.47,-75.70659263,-80.73093136
120.48,-75.68780853,-80.72439971
120.49,-75.66899756,-80.71783751
120.5,-75.65015988,-80.71124472
120.51,-75.63129565,-80.70462128
120.52,-75.61240502,-80.69796716
120.53,-75.59348814,-80.6912823
120.54,-75.57454516,-80.68456665
120.55,-75.55557623,-80.67782015
120.56,-75.5365815,-80.67104276
120.57,-75.51756111,-80.66423442
120.58,-75.49851519,-80.65739508
120.59,-75.47944389,-80.65052467
120.6,-75.46034735,-80.64362313
120.61,-75.4412257,-80.63669042
120.62,-75.42207908,-80.62972647
120.63,-75.40290761,-80.62273122
120.64,-75.38371144,-80.61570462
120.65,-75.3644907,-80.60864659
120.66,-75.3452455,-80.60155709
120.67,-75.32597599,-80.59443604
120.68,-75.30668229,-80.5872834
120.69,-75.28736453,-80.58009909
120.7,-75.26802284,-80.57288306
120.71,-75.24865733,-80.56563524
120.72,-75.22926814,-80.55835557
120.73,-75.20985538,-80.55104399
120.74,-75.19041919,-80.54370045
120.75,-75.17095969,-80.53632486
120.76,-75.15147699,-80.52891719
120.77,-75.13197122,-80.52147735
120.78,-75.11244251,-80.5140053
120.79,-75.09289096,-80.50650098
120.8,-75.07331671,-80.49896431
120.81,-75.05371988,-80.49139524
120.82,-75.03410058,-80.48379371
120.83,-75.01445893,-80.47615966
120.84,-74.99479506,-80.46849303
120.85,-74.97510908,-80.46079376
120.86,-74.95540111,-80.4530618
120.87,-74.93567127,-80.44529708
120.88,-74.91591968,-80.43749954
120.89,-74.89614646,-80.42966913
120.9,-74.87635173,-80.42180579
120.91,-74.8565356,-80.41390946
120.92,-74.8366982,-80.40598009
120.93,-74.81683963,-80.39801763
120.94,-74.79696003,-80.39002201
120.95,-74.7770595,-80.38199318
120.96,-74.75713817,-80.37393109
120.97,-74.73719616,-80.36583568
120.98,-74.71723357,-80.3577069
120.99,-74.69725054,-80.34954471
121,-74.67724717,-80.34134904
121.01,-74.65722359,-80.33311984
121.02,-74.63717991,-80.32485707
121.03,-74.61711626,-80.31656068
121.04,-74.59703274,-80.30823061
121.05,-74.57692948,-80.29986682
121.06,-74.5568066,-80.29146926
121.07,-74.53666421,-80.28303788
121.08,-74.51650244,-80.27457264
121.09,-74.49632139,-80.26607349
121.1,-74.4761212,-80.25754038
121.11,-74.45590197,-80.24897327
121.12,-74.43566383,-80.24037212
121.13,-74.41540689,-80.23173688
121.14,-74.39513128,-80.22306752
121.15,-74.37483711,-80.21436398
121.16,-74.3545245,-80.20562623
121.17,-74.33419357,-80.19685423
121.18,-74.31384443,-80.18804795
121.19,-74.29347722,-80.17920733
121.2,-74.27309204,-80.17033235
121.21,-74.25268902,-80.16142296
121.22,-74.23226828,-80.15247914
121.23,-74.21182993,-80.14350084
121.24,-74.19137409,-80.13448804
121.25,-74.17090089,-80.12544069
121.26,-74.15041045,-80.11635877
121.27,-74.12990287,-80.10724224
121.28,-74.1093783,-80.09809107
121.29,-74.08883683,-80.08890524
121.3,-74.0682786,-80.07968471
121.31,-74.04770372,-80.07042945
121.32,-74.02711232,-80.06113944
121.33,-74.00650451,-80.05181465
121.34,-73.98588041,-80.04245505
121.35,-73.96524015,-80.03306063
121.36,-73.94458385,-80.02363134
121.37,-73.92391163,-80.01416718
121.38,-73.9032236,-80.00466812
121.39,-73.88251989,-79.99513413
121.4,-73.86180061,-79.98556521
121.41,-73.8410659,-79.97596131
121.42,-73.82031587,-79.96632244
121.43,-73.79955064,-79.95664857
121.44,-73.77877034,-79.94693968
121.45,-73.75797508,-79.93719576
121.46,-73.73716498,-79.92741679
121.47,-73.71634017,-79.91760276
121.48,-73.69550078,-79.90775366
121.49,-73.67464691,-79.89786947
121.5,-73.65377869,-79.88795017
121.51,-73.63289624,-79.87799577
121.52,-73.61199969,-79.86800625
121.53,-73.59108916,-79.85798161
121.54,-73.57016477,-79.84792183
121.55,-73.54922663,-79.8378269
121.56,-73.52827488,-79.82769683
121.57,-73.50730962,-79.81753161
121.58,-73.486331,-79.80733123
121.59,-73.46533912,-79.7970957
121.6,-73.44433411,-79.786825
121.61,-73.42331609,-79.77651914
121.62,-73.40228518,-79.76617812
121.63,-73.38124151,-79.75580194
121.64,-73.3601852,-79.74539061
121.65,-73.33911636,-79.73494411
121.66,-73.31803512,-79.72446247
121.67,-73.29694161,-79.71394568
121.68,-73.27583594,-79.70339375
121.69,-73.25471824,-79.69280668
121.7,-73.23358862,-79.68218449
121.71,-73.21244722,-79.67152719
121.72,-73.19129414,-79.66083478
121.73,-73.17012952,-79.65010727
121.74,-73.14895348,-79.63934468
121.75,-73.12776613,-79.62854701
121.76,-73.10656761,-79.61771429
121.77,-73.08535802,-79.60684653
121.78,-73.0641375,-79.59594374
121.79,-73.04290616,-79.58500595
121.8,-73.02166413,-79.57403316
121.81,-73.00041153,-79.5630254
121.82,-72.97914847,-79.55198269
121.83,-72.95787509,-79.54090504
121.84,-72.9365915,-79.52979249
121.85,-72.91529783,-79.51864504
121.86,-72.89399418,-79.50746274
121.87,-72.8726807,-79.4962456
121.88,-72.85135749,-79.48499364
121.89,-72.83002469,-79.4737069
121.9,-72.8086824,-79.4623854
121.91,-72.78733075,-79.45102917
121.92,-72.76596987,-79.43963825
121.93,-72.74459987,-79.42821266
121.94,-72.72322087,-79.41675243
121.95,-72.70183299,-79.4052576
121.96,-72.68043636,-79.3937282
121.97,-72.6590311,-79.38216426
121.98,-72.63761732,-79.37056583
121.99,-72.61619514,-79.35893294
122,-72.5947647,-79.34726562
122.01,-72.57332609,-79.33556392
122.02,-72.55187946,-79.32382788
122.03,-72.53042491,-79.31205753
122.04,-72.50896256,-79.30025292
122.05,-72.48749254,-79.28841409
122.06,-72.46601496,-79.27654109
122.07,-72.44452994,-79.26463396
122.08,-72.42303761,-79.25269275
122.09,-72.40153808,-79.2407175
122.1,-72.38003146,-79.22870826
122.11,-72.35851789,-79.21666508
122.12,-72.33699747,-79.20458801
122.13,-72.31547033,-79.1924771
122.14,-72.29393658,-79.18033241
122.15,-72.27239635,-79.16815398
122.16,-72.25084974,-79.15594187
122.17,-72.22929688,-79.14369613
122.18,-72.20773789,-79.13141683
122.19,-72.18617287,-79.11910401
122.2,-72.16460196,-79.10675774
122.21,-72.14302526,-79.09437807
122.22,-72.1214429,-79.08196506
122.23,-72.09985498,-79.06951878
122.24,-72.07826163,-79.05703928
122.25,-72.05666296,-79.04452663
122.26,-72.03505909,-79.03198089
122.27,-72.01345014,-79.01940213
122.28,-71.99183621,-79.00679041
122.29,-71.97021743,-78.99414579
122.3,-71.94859391,-78.98146835
122.31,-71.92696576,-78.96875816
122.32,-71.9053331,-78.95601527
122.33,-71.88369605,-78.94323977
122.34,-71.86205471,-78.93043172
122.35,-71.84040921,-78.9175912
122.36,-71.81875965,-78.90471827
122.37,-71.79710615,-78.89181302
122.38,-71.77544883,-78.87887552
122.39,-71.75378779,-78.86590584
122.4,-71.73212315,-78.85290405
122.41,-71.71045502,-78.83987025
122.42,-71.68878351,-78.8268045
122.43,-71.66710874,-78.81370688
122.44,-71.64543082,-78.80057748
122.45,-71.62374985,-78.78741638
122.46,-71.60206596,-78.77422365
122.47,-71.58037925,-78.76099939
122.48,-71.55868983,-78.74774367
122.49,-71.53699781,-78.73445658
122.5,-71.5153033,-78.7211382
122.51,-71.49360641,-78.70778863
122.52,-71.47190726,-78.69440794
122.53,-71.45020595,-78.68099623
122.54,-71.42850258,-78.66755359
122.55,-71.40679728,-78.6540801
122.56,-71.38509014,-78.64057586
122.57,-71.36338128,-78.62704096
122.58,-71.3416708,-78.61347549
122.59,-71.31995881,-78.59987954
122.6,-71.29824541,-78.58625321
122.61,-71.27653073,-78.57259659
122.62,-71.25481485,-78.55890978
122.63,-71.23309788,-78.54519288
122.64,-71.21137995,-78.53144598
122.65,-71.18966113,-78.51766917
122.66,-71.16794155,-78.50386257
122.67,-71.14622131,-78.49002627
122.68,-71.12450051,-78.47616036
122.69,-71.10277926,-78.46226496
122.7,-71.08105766,-78.44834016
122.71,-71.05933581,-78.43438606
122.72,-71.03761382,-78.42040278
122.73,-71.01589179,-78.40639041
122.74,-70.99416982,-78.39234905
122.75,-70.97244802,-78.37827883
122.76,-70.95072648,-78.36417983
122.77,-70.9290053,-78.35005217
122.78,-70.9072846,-78.33589596
122.79,-70.88556446,-78.32171131
122.8,-70.86384499,-78.30749832
122.81,-70.84212629,-78.29325711
122.82,-70.82040846,-78.27898778
122.83,-70.79869159,-78.26469046
122.84,-70.77697579,-78.25036524
122.85,-70.75526116,-78.23601225
122.86,-70.73354778,-78.2216316
122.87,-70.71183577,-78.2072234
122.88,-70.69012521,-78.19278777
122.89,-70.6684162,-78.17832482
122.9,-70.64670884,-78.16383467
122.91,-70.62500323,-78.14931744
122.92,-70.60329946,-78.13477324
122.93,-70.58159762,-78.1202022
122.94,-70.55989781,-78.10560443
122.95,-70.53820013,-78.09098005
122.96,-70.51650466,-78.07632919
122.97,-70.4948115,-78.06165196
122.98,-70.47312075,-78.04694848
122.99,-70.4514325,-78.03221888
123,-70.42974683,-78.01746329
123.01,-70.40806385,-78.00268181
123.02,-70.38638363,-77.98787459
123.03,-70.36470628,-77.97304174
123.04,-70.34303188,-77.95818338
123.05,-70.32136052,-77.94329965
123.06,-70.2996923,-77.92839067
123.07,-70.27802729,-77.91345656
123.08,-70.25636559,-77.89849746
123.09,-70.2347073,-77.88351349
123.1,-70.21305248,-77.86850478
123.11,-70.19140124,-77.85347146
123.12,-70.16975365,-77.83841366
123.13,-70.14810981,-77.8233315
123.14,-70.12646981,-77.80822513
123.15,-70.10483371,-77.79309466
123.16,-70.08320162,-77.77794024
123.17,-70.06157361,-77.76276199
123.18,-70.03994977,-77.74756005
123.19,-70.01833018,-77.73233455
123.2,-69.99671493,-77.71708561
123.21,-69.9751041,-77.70181339
123.22,-69.95349776,-77.68651801
123.23,-69.931896,-77.6711996
123.24,-69.91029891,-77.6558583
123.25,-69.88870656,-77.64049425
123.26,-69.86711903,-77.62510758
123.27,-69.8455364,-77.60969843
123.28,-69.82395875,-77.59426693
123.29,-69.80238616,-77.57881323
123.3,-69.7808187,-77.56333746
123.31,-69.75925646,-77.54783976
123.32,-69.73769951,-77.53232026
123.33,-69.71614793,-77.51677911
123.34,-69.69460179,-77.50121645
123.35,-69.67306117,-77.4856324
123.36,-69.65152614,-77.47002713
123.37,-69.62999678,-77.45440076
123.38,-69.60847316,-77.43875343
123.39,-69.58695535,-77.42308529
123.4,-69.56544343,-77.40739647
123.41,-69.54393748,-77.39168712
123.42,-69.52243755,-77.37595739
123.43,-69.50094372,-77.3602074
123.44,-69.47945607,-77.34443732
123.45,-69.45797466,-77.32864726
123.46,-69.43649957,-77.31283739
123.47,-69.41503085,-77.29700784
123.48,-69.39356858,-77.28115876
123.49,-69.37211284,-77.26529029
123.5,-69.35066367,-77.24940257
123.51,-69.32922116,-77.23349576
123.52,-69.30778537,-77.21756998
123.53,-69.28635636,-77.20162539
123.54,-69.2649342,-77.18566214
123.55,-69.24351896,-77.16968036
123.56,-69.22211069,-77.15368021
123.57,-69.20070946,-77.13766182
123.58,-69.17931534,-77.12162535
123.59,-69.15792838,-77.10557094
123.6,-69.13654865,-77.08949873
123.61,-69.11517621,-77.07340888
123.62,-69.09381112,-77.05730152
123.63,-69.07245344,-77.04117681
123.64,-69.05110323,-77.02503489
123.65,-69.02976055,-77.00887591
123.66,-69.00842546,-76.99270001
123.67,-68.98709801,-76.97650735
123.68,-68.96577826,-76.96029806
123.69,-68.94446627,-76.9440723
123.7,-68.92316209,-76.92783021
123.71,-68.90186578,-76.91157195
123.72,-68.8805774,-76.89529765
123.73,-68.859297,-76.87900746
123.74,-68.83802463,-76.86270155
123.75,-68.81676035,-76.84638004
123.76,-68.7955042,-76.83004309
123.77,-68.77425625,-76.81369084
123.78,-68.75301653,-76.79732345
123.79,-68.73178511,-76.78094107
123.8,-68.71056203,-76.76454383
123.81,-68.68934734,-76.74813189
123.82,-68.66814109,-76.7317054
123.83,-68.64694333,-76.7152645
123.84,-68.62575411,-76.69880934
123.85,-68.60457347,-76.68234007
123.86,-68.58340147,-76.66585684
123.87,-68.56223814,-76.64935979
123.88,-68.54108353,-76.63284907
123.89,-68.51993768,-76.61632484
123.9,-68.49880065,-76.59978723
123.91,-68.47767247,-76.5832364
123.92,-68.45655318,-76.5666725
123.93,-68.43544284,-76.55009566
123.94,-68.41434147,-76.53350604
123.95,-68.39324913,-76.51690379
123.96,-68.37216585,-76.50028905
123.97,-68.35109167,-76.48366197
123.98,-68.33002663,-76.4670227
123.99,-68.30897077,-76.45037138
124,-68.28792413,-76.43370817
124.01,-68.26688674,-76.4170332
124.02,-68.24585864,-76.40034663
124.03,-68.22483987,-76.38364859
124.04,-68.20383046,-76.36693925
124.05,-68.18283044,-76.35021873
124.06,-68.16183986,-76.3334872
124.07,-68.14085875,-76.31674479
124.08,-68.11988713,-76.29999166
124.09,-68.09892504,-76.28322793
124.1,-68.07797251,-76.26645377
124.11,-68.05702957,-76.24966932
124.12,-68.03609626,-76.23287472
124.13,-68.01517259,-76.21607012
124.14,-67.99425861,-76.19925565
124.15,-67.97335434,-76.18243148
124.16,-67.9524598,-76.16559773
124.17,-67.93157503,-76.14875455
124.18,-67.91070005,-76.13190209
124.19,-67.88983489,-76.1150405
124.2,-67.86897957,-76.0981699
124.21,-67.84813411,-76.08129045
124.22,-67.82729855,-76.06440229
124.23,-67.8064729,-76.04750556
124.24,-67.78565718,-76.03060041
124.25,-67.76485142,-76.01368697
124.26,-67.74405564,-75.99676538
124.27,-67.72326986,-75.9798358
124.28,-67.7024941,-75.96289835
124.29,-67.68172838,-75.94595319
124.3,-67.66097272,-75.92900044
124.31,-67.64022713,-75.91204025
124.32,-67.61949164,-75.89507276
124.33,-67.59876625,-75.87809811
124.34,-67.57805099,-75.86111644
124.35,-67.55734587,-75.84412789
124.36,-67.53665091,-75.82713259
124.37,-67.51596612,-75.81013068
124.38,-67.49529151,-75.7931223
124.39,-67.4746271,-75.7761076
124.4,-67.45397289,-75.75908669
124.41,-67.43332891,-75.74205973
124.42,-67.41269515,-75.72502685
124.43,-67.39207164,-75.70798818
124.44,-67.37145837,-75.69094385
124.45,-67.35085536,-75.67389402
124.46,-67.33026262,-75.6568388
124.47,-67.30968016,-75.63977833
124.48,-67.28910797,-75.62271275
124.49,-67.26854607,-75.60564219
124.5,-67.24799446,-75.58856678
124.51,-67.22745315,-75.57148666
124.52,-67.20692214,-75.55440196
124.53,-67.18640143,-75.5373128
124.54,-67.16589103,-75.52021933
124.55,-67.14539094,-75.50312166
124.56,-67.12490116,-75.48601994
124.57,-67.10442169,-75.46891429
124.58,-67.08395254,-75.45180484
124.59,-67.06349369,-75.43469173
124.6,-67.04304515,-75.41757507
124.61,-67.02260691,-75.40045499
124.62,-67.00217898,-75.38333163
124.63,-66.98176136,-75.36620512
124.64,-66.96135402,-75.34907557
124.65,-66.94095698,-75.33194311
124.66,-66.92057023,-75.31480788
124.67,-66.90019375,-75.29766998
124.68,-66.87982755,-75.28052956
124.69,-66.85947161,-75.26338673
124.7,-66.83912594,-75.24624162
124.71,-66.81879051,-75.22909435
124.72,-66.79846531,-75.21194504
124.73,-66.77815035,-75.19479382
124.74,-66.7578456,-75.1776408
124.75,-66.73755106,-75.16048611
124.76,-66.71726672,-75.14332986
124.77,-66.69699255,-75.12617218
124.78,-66.67672855,-75.10901319
124.79,-66.6564747,-75.09185301
124.8,-66.63623099,-75.07469175
124.81,-66.6159974,-75.05752953
124.82,-66.59577392,-75.04036646
124.83,-66.57556052,-75.02320268
124.84,-66.55535719,-75.00603828
124.85,-66.53516391,-74.98887339
124.86,-66.51498067,-74.97170812
124.87,-66.49480743,-74.95454258
124.88,-66.47464419,-74.93737689
124.89,-66.45449091,-74.92021117
124.9,-66.43434758,-74.90304552
124.91,-66.41421417,-74.88588005
124.92,-66.39409067,-74.86871488
124.93,-66.37397704,-74.85155012
124.94,-66.35387326,-74.83438587
124.95,-66.3337793,-74.81722226
124.96,-66.31369514,-74.80005937
124.97,-66.29362076,-74.78289734
124.98,-66.27355612,-74.76573625
124.99,-66.25350119,-74.74857622
125,-66.23345595,-74.73141736
125.01,-66.21342036,-74.71425976
125.02,-66.1933944,-74.69710354
125.03,-66.17337803,-74.6799488
125.04,-66.15337122,-74.66279565
125.05,-66.13337394,-74.64564418
125.06,-66.11338615,-74.6284945
125.07,-66.09340782,-74.61134671
125.08,-66.07343892,-74.59420091
125.09,-66.0534794,-74.5770572
125.1,-66.03352924,-74.55991569
125.11,-66.01358839,-74.54277646
125.12,-65.99365682,-74.52563963
125.13,-65.97373448,-74.50850528
125.14,-65.95382134,-74.49137352
125.15,-65.93391736,-74.47424444
125.16,-65.9140225,-74.45711814
125.17,-65.89413671,-74.4399947
125.18,-65.87425995,-74.42287424
125.19,-65.85439218,-74.40575683
125.2,-65.83453335,-74.38864258
125.21,-65.81468343,-74.37153157
125.22,-65.79484235,-74.3544239
125.23,-65.77501009,-74.33731966
125.24,-65.75518658,-74.32021894
125.25,-65.73537179,-74.30312182
125.26,-65.71556566,-74.28602841
125.27,-65.69576815,-74.26893877
125.28,-65.67597919,-74.25185301
125.29,-65.65619876,-74.23477121
125.3,-65.63642678,-74.21769346
125.31,-65.61666321,-74.20061983
125.32,-65.596908,-74.18355043
125.33,-65.57716109,-74.16648532
125.34,-65.55742242,-74.14942459
125.35,-65.53769195,-74.13236833
125.36,-65.51796961,-74.11531662
125.37,-65.49825535,-74.09826953
125.38,-65.4785491,-74.08122716
125.39,-65.45885082,-74.06418957
125.4,-65.43916044,-74.04715685
125.41,-65.41947789,-74.03012907
125.42,-65.39980313,-74.01310632
125.43,-65.38013608,-73.99608866
125.44,-65.36047668,-73.97907618
125.45,-65.34082488,-73.96206895
125.46,-65.3211806,-73.94506705
125.47,-65.30154378,-73.92807054
125.48,-65.28191436,-73.91107951
125.49,-65.26229226,-73.89409402
125.5,-65.24267742,-73.87711414
125.51,-65.22306977,-73.86013995
125.52,-65.20346924,-73.84317152
125.53,-65.18387577,-73.82620891
125.54,-65.16428927,-73.80925219
125.55,-65.14470968,-73.79230144
125.56,-65.12513692,-73.77535671
125.57,-65.10557092,-73.75841808
125.58,-65.08601161,-73.74148561
125.59,-65.06645891,-73.72455936
125.6,-65.04691275,-73.7076394
125.61,-65.02737304,-73.6907258
125.62,-65.0078397,-73.6738186
125.63,-64.98831267,-73.65691789
125.64,-64.96879186,-73.64002371
125.65,-64.94927719,-73.62313612
125.66,-64.92976857,-73.60625519
125.67,-64.91026593,-73.58938098
125.68,-64.89076918,-73.57251354
125.69,-64.87127823,-73.55565293
125.7,-64.85179301,-73.5387992
125.71,-64.83231342,-73.52195242
125.72,-64.81283938,-73.50511263
125.73,-64.79337079,-73.48827989
125.74,-64.77390758,-73.47145425
125.75,-64.75444965,-73.45463577
125.76,-64.73499691,-73.43782449
125.77,-64.71554926,-73.42102047
125.78,-64.69610662,-73.40422376
125.79,-64.67666889,-73.3874344
125.8,-64.65723597,-73.37065245
125.81,-64.63780778,-73.35387796
125.82,-64.61838421,-73.33711096
125.83,-64.59896516,-73.32035151
125.84,-64.57955054,-73.30359964
125.85,-64.56014024,-73.28685542
125.86,-64.54073418,-73.27011887
125.87,-64.52133223,-73.25339004
125.88,-64.50193431,-73.23666898
125.89,-64.4825403,-73.21995572
125.9,-64.4631501,-73.20325031
125.91,-64.44376361,-73.18655278
125.92,-64.42438072,-73.16986318
125.93,-64.40500132,-73.15318154
125.94,-64.38562531,-73.1365079
125.95,-64.36625256,-73.11984229
125.96,-64.34688297,-73.10318476
125.97,-64.32751643,-73.08653533
125.98,-64.30815282,-73.06989405
125.99,-64.28879204,-73.05326093
126,-64.26943395,-73.03663603
126.01,-64.25007845,-73.02001936
126.02,-64.23072542,-73.00341096
126.03,-64.21137474,-72.98681085
126.04,-64.19202629,-72.97021908
126.05,-64.17267994,-72.95363566
126.06,-64.15333558,-72.93706063
126.07,-64.13399307,-72.92049401
126.08,-64.1146523,-72.90393582
126.09,-64.09531314,-72.88738609
126.1,-64.07597546,-72.87084485
126.11,-64.05663914,-72.85431212
126.12,-64.03730403,-72.83778793
126.13,-64.01797002,-72.82127228
126.14,-63.99863696,-72.80476521
126.15,-63.97930473,-72.78826674
126.16,-63.95997318,-72.77177688
126.17,-63.94064219,-72.75529565
126.18,-63.92131161,-72.73882307
126.19,-63.90198131,-72.72235916
126.2,-63.88265114,-72.70590394
126.21,-63.86332097,-72.68945741
126.22,-63.84399064,-72.67301959
126.23,-63.82466003,-72.65659051
126.24,-63.80532897,-72.64017016
126.25,-63.78599732,-72.62375856
126.26,-63.76666494,-72.60735572
126.27,-63.74733167,-72.59096166
126.28,-63.72799736,-72.57457638
126.29,-63.70866186,-72.55819989
126.3,-63.68932502,-72.54183219
126.31,-63.66998667,-72.5254733
126.32,-63.65064666,-72.50912322
126.33,-63.63130484,-72.49278196
126.34,-63.61196104,-72.47644951
126.35,-63.59261509,-72.46012589
126.36,-63.57326684,-72.44381109
126.37,-63.55391612,-72.42750512
126.38,-63.53456276,-72.41120798
126.39,-63.5152066,-72.39491967
126.4,-63.49584746,-72.37864018
126.41,-63.47648517,-72.36236952
126.42,-63.45711956,-72.34610768
126.43,-63.43775046,-72.32985466
126.44,-63.41837768,-72.31361045
126.45,-63.39900105,-72.29737505
126.46,-63.37962039,-72.28114846
126.47,-63.36023551,-72.26493066
126.48,-63.34084623,-72.24872165
126.49,-63.32145237,-72.23252141
126.5,-63.30205374,-72.21632995
126.51,-63.28265015,-72.20014725
126.52,-63.2632414,-72.18397329
126.53,-63.2438273,-72.16780807
126.54,-63.22440767,-72.15165156
126.55,-63.2049823,-72.13550377
126.56,-63.18555099,-72.11936467
126.57,-63.16611354,-72.10323424
126.58,-63.14666974,-72.08711247
126.59,-63.12721941,-72.07099935
126.6,-63.10776231,-72.05489485
126.61,-63.08829826,-72.03879895
126.62,-63.06882702,-72.02271163
126.63,-63.04934841,-72.00663287
126.64,-63.02986218,-71.99056265
126.65,-63.01036813,-71.97450095
126.66,-62.99086605,-71.95844774
126.67,-62.97135569,-71.94240299
126.68,-62.95183685,-71.92636668
126.69,-62.93230929,-71.91033879
126.7,-62.91277278,-71.89431928
126.71,-62.8932271,-71.87830812
126.72,-62.873672,-71.86230529
126.73,-62.85410726,-71.84631075
126.74,-62.83453262,-71.83032448
126.75,-62.81494786,-71.81434643
126.76,-62.79535272,-71.79837658
126.77,-62.77574697,-71.78241489
126.78,-62.75613034,-71.76646133
126.79,-62.73650259,-71.75051585
126.8,-62.71686347,-71.73457842
126.81,-62.69721271,-71.71864901
126.82,-62.67755006,-71.70272756
126.83,-62.65787525,-71.68681405
126.84,-62.63818802,-71.67090843
126.85,-62.61848809,-71.65501065
126.86,-62.59877521,-71.63912067
126.87,-62.57904908,-71.62323845
126.88,-62.55930944,-71.60736394
126.89,-62.53955601,-71.5914971
126.9,-62.5197885,-71.57563787
126.91,-62.50000662,-71.5597862
126.92,-62.48021008,-71.54394206
126.93,-62.4603986,-71.52810538
126.94,-62.44057187,-71.51227611
126.95,-62.4207296,-71.49645421
126.96,-62.40087148,-71.4806396
126.97,-62.3809972,-71.46483225
126.98,-62.36110646,-71.44903209
126.99,-62.34119894,-71.43323907
127,-62.32127433,-71.41745312
127.01,-62.3013323,-71.40167419
127.02,-62.28137253,-71.38590222
127.03,-62.26139469,-71.37013713
127.04,-62.24139846,-71.35437888
127.05,-62.22138348,-71.33862739
127.06,-62.20134944,-71.3228826
127.07,-62.18129597,-71.30714445
127.08,-62.16122274,-71.29141285
127.09,-62.14112939,-71.27568775
127.1,-62.12101557,-71.25996908
127.11,-62.10088091,-71.24425676
127.12,-62.08072506,-71.22855071
127.13,-62.06054764,-71.21285088
127.14,-62.04034828,-71.19715717
127.15,-62.0201266,-71.18146952
127.16,-61.99988223,-71.16578784
127.17,-61.97961477,-71.15011205
127.18,-61.95932383,-71.13444209
127.19,-61.93900902,-71.11877785
127.2,-61.91866994,-71.10311927
127.21,-61.89830617,-71.08746625
127.22,-61.87791732,-71.07181872
127.23,-61.85750296,-71.05617658
127.24,-61.83706267,-71.04053974
127.25,-61.81659603,-71.02490812
127.26,-61.7961026,-71.00928162
127.27,-61.77558195,-70.99366015
127.28,-61.75503364,-70.97804363
127.29,-61.7344572,-70.96243194
127.3,-61.7138522,-70.946825
127.31,-61.69321818,-70.93122271
127.32,-61.67255466,-70.91562496
127.33,-61.65186117,-70.90003166
127.34,-61.63113724,-70.88444271
127.35,-61.61038238,-70.86885799
127.36,-61.58959611,-70.85327741
127.37,-61.56877792,-70.83770085
127.38,-61.54792731,-70.82212821
127.39,-61.52704377,-70.80655938
127.4,-61.50612679,-70.79099425
127.41,-61.48517585,-70.77543269
127.42,-61.4641904,-70.7598746
127.43,-61.44316992,-70.74431987
127.44,-61.42211385,-70.72876836
127.45,-61.40102165,-70.71321996
127.46,-61.37989276,-70.69767456
127.47,-61.35872661,-70.68213202
127.48,-61.33752262,-70.66659222
127.49,-61.31628022,-70.65105503
127.5,-61.2949988,-70.63552032
127.51,-61.27367777,-70.61998797
127.52,-61.25231653,-70.60445784
127.53,-61.23091445,-70.5889298
127.54,-61.20947091,-70.5734037
127.55,-61.18798529,-70.55787942
127.56,-61.16645692,-70.54235681
127.57,-61.14488518,-70.52683573
127.58,-61.12326938,-70.51131604
127.59,-61.10160887,-70.49579759
127.6,-61.07990296,-70.48028022
127.61,-61.05815096,-70.4647638
127.62,-61.03635217,-70.44924817
127.63,-61.01450589,-70.43373318
127.64,-60.99261138,-70.41821866
127.65,-60.97066793,-70.40270447
127.66,-60.94867479,-70.38719043
127.67,-60.9266312,-70.37167639
127.68,-60.9045364,-70.35616218
127.69,-60.88238962,-70.34064764
127.7,-60.86019007,-70.32513259
127.71,-60.83793694,-70.30961686
127.72,-60.81562944,-70.29410028
127.73,-60.79326673,-70.27858268
127.74,-60.77084798,-70.26306386
127.75,-60.74837234,-70.24754365
127.76,-60.72583895,-70.23202187
127.77,-60.70324693,-70.21649833
127.78,-60.68059539,-70.20097283
127.79,-60.65788344,-70.18544519
127.8,-60.63511015,-70.16991521
127.81,-60.61227459,-70.1543827
127.82,-60.58937582,-70.13884745
127.83,-60.56641288,-70.12330926
127.84,-60.54338479,-70.10776792
127.85,-60.52029055,-70.09222323
127.86,-60.49712917,-70.07667497
127.87,-60.47389961,-70.06112293
127.88,-60.45060084,-70.0455669
127.89,-60.42723179,-70.03000664
127.9,-60.4037914,-70.01444194
127.91,-60.38027857,-69.99887257
127.92,-60.35669218,-69.98329829
127.93,-60.33303112,-69.96771888
127.94,-60.30929423,-69.9521341
127.95,-60.28548035,-69.9365437
127.96,-60.26158828,-69.92094745
127.97,-60.23761683,-69.90534509
127.98,-60.21356476,-69.88973638
127.99,-60.18943083,-69.87412106
128,-60.16521377,-69.85849887
128.01,-60.14091228,-69.84286955
128.02,-60.11652506,-69.82723283
128.03,-60.09205076,-69.81158845
128.04,-60.06748803,-69.79593612
128.05,-60.04283549,-69.78027558
128.06,-60.01809127,-69.76460654
128.07,-59.99325244,-69.74892872
128.08,-59.96831698,-69.73324182
128.09,-59.94328519,-69.71754555
128.1,-59.91815671,-69.70183961
128.11,-59.89292992,-69.6861237
128.12,-59.86760319,-69.67039751
128.13,-59.84217489,-69.65466073
128.14,-59.81664336,-69.63891304
128.15,-59.79100692,-69.62315411
128.16,-59.76526387,-69.60738363
128.17,-59.73941247,-69.59160125
128.18,-59.71345097,-69.57580665
128.19,-59.68737758,-69.55999947
128.2,-59.66119047,-69.54417938
128.21,-59.63488779,-69.52834601
128.22,-59.60846766,-69.51249901
128.23,-59.58192814,-69.49663802
128.24,-59.55526727,-69.48076266
128.25,-59.52848308,-69.46487256
128.26,-59.50157351,-69.44896734
128.27,-59.4745365,-69.4330466
128.28,-59.44736994,-69.41710996
128.29,-59.42007167,-69.40115702
128.3,-59.3926395,-69.38518737
128.31,-59.36507119,-69.36920059
128.32,-59.33736447,-69.35319626
128.33,-59.30951701,-69.33717397
128.34,-59.28152642,-69.32113327
128.35,-59.25339031,-69.30507373
128.36,-59.22510619,-69.28899489
128.37,-59.19667154,-69.27289632
128.38,-59.16808381,-69.25677753
128.39,-59.13934037,-69.24063807
128.4,-59.11043854,-69.22447745
128.41,-59.08137559,-69.20829519
128.42,-59.05214874,-69.19209079
128.43,-59.02275513,-69.17586376
128.44,-58.99319188,-69.15961358
128.45,-58.963456,-69.14333974
128.46,-58.93354447,-69.12704171
128.47,-58.90345421,-69.11071894
128.48,-58.87318204,-69.0943709
128.49,-58.84272474,-69.07799702
128.5,-58.81207902,-69.06159675
128.51,-58.78124151,-69.04516951
128.52,-58.75020876,-69.02871471
128.53,-58.71897726,-69.01223176
128.54,-58.68754341,-68.99572005
128.55,-58.65590355,-68.97917896
128.56,-58.6240539,-68.96260788
128.57,-58.59199064,-68.94600615
128.58,-58.55970984,-68.92937313
128.59,-58.52720747,-68.91270816
128.6,-58.49447944,-68.89601056
128.61,-58.46152153,-68.87927964
128.62,-58.42832947,-68.86251472
128.63,-58.39489876,-68.84571507
128.64,-58.36122472,-68.82887997
128.65,-58.32730283,-68.81200868
128.66,-58.29312846,-68.79510045
128.67,-58.25869687,-68.77815451
128.68,-58.22400312,-68.76117008
128.69,-58.18904218,-68.74414637
128.7,-58.15380887,-68.72708257
128.71,-58.1182979,-68.70997784
128.72,-58.08250383,-68.69283135
128.73,-58.0464211,-68.67564224
128.74,-58.01004401,-68.65840963
128.75,-57.97336672,-68.64113263
128.76,-57.93638324,-68.62381033
128.77,-57.89908745,-68.60644179
128.78,-57.86147305,-68.58902608
128.79,-57.82353358,-68.57156223
128.8,-57.78526245,-68.55404926
128.81,-57.74665288,-68.53648615
128.82,-57.7076979,-68.51887189
128.83,-57.66839038,-68.50120542
128.84,-57.62872301,-68.48348569
128.85,-57.58868829,-68.46571159
128.86,-57.54827849,-68.44788203
128.87,-57.50748572,-68.42999587
128.88,-57.46630185,-68.41205194
128.89,-57.42471855,-68.39404906
128.9,-57.38272726,-68.37598603
128.91,-57.34031919,-68.35786162
128.92,-57.2974853,-68.33967455
128.93,-57.25421632,-68.32142356
128.94,-57.21050271,-68.30310731
128.95,-57.16633468,-68.28472447
128.96,-57.12170216,-68.26627367
128.97,-57.07659479,-68.2477535
128.98,-57.03100193,-68.22916253
128.99,-56.98491265,-68.21049929
129,-56.93831566,-68.19176229
129.01,-56.89119941,-68.17294999
129.02,-56.84355196,-68.15406083
129.03,-56.79536106,-68.13509321
129.04,-56.74661405,-68.11604548
129.05,-56.69729789,-68.09691597
129.06,-56.64739921,-68.07770296
129.07,-56.59690425,-68.05840471
129.08,-56.54579884,-68.03901941
129.09,-56.49406837,-68.01954523
129.1,-56.44169777,-67.99998028
129.11,-56.38867153,-67.98032263
129.12,-56.33497363,-67.96057033
129.13,-56.28058759,-67.94072133
129.14,-56.22549639,-67.92077358
129.15,-56.16968246,-67.90072496
129.16,-56.11312772,-67.88057329
129.17,-56.05581346,-67.86031634
129.18,-55.99772041,-67.83995185
129.19,-55.93882866,-67.81947746
129.2,-55.87911765,-67.79889079
129.21,-55.81856616,-67.77818937
129.22,-55.75715226,-67.75737069
129.23,-55.69485329,-67.73643216
129.24,-55.63164584,-67.71537114
129.25,-55.56750571,-67.69418489
129.26,-55.50240788,-67.67287064
129.27,-55.43632648,-67.65142551
129.28,-55.36923474,-67.62984657
129.29,-55.30110497,-67.6081308
129.3,-55.23190851,-67.58627509
129.31,-55.16161571,-67.56427627
129.32,-55.09019585,-67.54213107
129.33,-55.01761712,-67.51983613
129.34,-54.94384658,-67.49738799
129.35,-54.86885006,-67.47478311
129.36,-54.79259219,-67.45201785
129.37,-54.71503629,-67.42908844
129.38,-54.63614434,-67.40599105
129.39,-54.55587688,-67.38272169
129.4,-54.474193,-67.3592763
129.41,-54.39105022,-67.33565068
129.42,-54.30640446,-67.3118405
129.43,-54.22020993,-67.28784133
129.44,-54.13241909,-67.26364857
129.45,-54.04298255,-67.23925753
129.46,-53.95184895,-67.21466333
129.47,-53.85896493,-67.18986099
129.48,-53.76427501,-67.16484535
129.49,-53.66772146,-67.13961109
129.5,-53.56924423,-67.11415274
129.51,-53.46878083,-67.08846464
129.52,-53.36626619,-67.06254099
129.53,-53.26163254,-67.03637576
129.54,-53.15480932,-67.00996277
129.55,-53.04572298,-66.9832956
129.56,-52.93429685,-66.95636766
129.57,-52.820451,-66.92917213
129.58,-52.70410208,-66.90170195
129.59,-52.58516309,-66.87394986
129.6,-52.46354327,-66.84590832
129.61,-52.33914786,-66.81756957
129.62,-52.21187791,-66.78892557
129.63,-52.08163002,-66.75996799
129.64,-51.94829619,-66.73068825
129.65,-51.81176348,-66.70107743
129.66,-51.67191382,-66.67112633
129.67,-51.5286237,-66.64082541
129.68,-51.3817639,-66.61016479
129.69,-51.23119914,-66.57913423
129.7,-51.07678782,-66.54772314
129.71,-50.91838161,-66.5159205
129.72,-50.75582512,-66.48371493
129.73,-50.5889555,-66.4510946
129.74,-50.41760204,-66.41804723
129.75,-50.2415857,-66.38456009
129.76,-50.06071871,-66.35061996
129.77,-49.87480402,-66.3162131
129.78,-49.68363483,-66.28132524
129.79,-49.48699404,-66.24594155
129.8,-49.28465363,-66.21004661
129.81,-49.07637413,-66.17362438
129.82,-48.86190389,-66.13665818
129.83,-48.64097847,-66.09913062
129.84,-48.41331991,-66.06102363
129.85,-48.17863596,-66.02231837
129.86,-47.93661931,-65.98299521
129.87,-47.68694676,-65.94303369
129.88,-47.42927832,-65.90241246
129.89,-47.16325638,-65.86110925
129.9,-46.88850465,-65.81910084
129.91,-46.60462729,-65.77636296
129.92,-46.31120779,-65.73287027
129.93,-46.00780797,-65.68859627
129.94,-45.69396686,-65.64351328
129.95,-45.3691996,-65.59759233
129.96,-45.03299627,-65.55080312
129.97,-44.68487194,-65.50311392
129.98,-44.32420647,-65.4544915
129.99,-43.95040936,-65.40490103
130,-43.56285994,-65.354306
130.01,-43.16090659,-65.30266814
130.02,-42.74386576,-65.24994726
130.03,-42.31102109,-65.19610118
130.04,-41.86162269,-65.14108559
130.05,-41.39488641,-65.08485393
130.06,-40.90999349,-65.02735723
130.07,-40.40609027,-64.96854399
130.08,-39.88228841,-64.90836002
130.09,-39.3376653,-64.84674821
130.1,-38.77126511,-64.78364843
130.11,-38.18210022,-64.71899728
130.12,-37.56915352,-64.65272788
130.13,-36.93138128,-64.58476968
130.14,-36.26771712,-64.51504816
130.15,-35.57707695,-64.44348462
130.16,-34.85836516,-64.36999587
130.17,-34.11048224,-64.29449395
130.18,-33.33233403,-64.21688579
130.19,-32.52284277,-64.13707287
130.2,-31.68096015,-64.05495085
130.21,-30.80568269,-63.97040915
130.22,-29.89606948,-63.88333056
130.23,-28.95126262,-63.79359075
130.24,-27.97051046,-63.7010578
130.25,-26.95319367,-63.60559165
130.26,-25.89885431,-63.50704355
130.27,-24.80722763,-63.40525544
130.28,-23.67827652,-63.30005932
130.29,-22.51222804,-63.19127656
130.3,-21.30961157,-63.07871711
130.31,-20.07129751,-62.96217879
130.32,-18.79853546,-62.84144639
130.33,-17.49299047,-62.71629078
130.34,-16.1567754,-62.58646798
130.35,-14.79247774,-62.45171812
130.36,-13.4031784,-62.31176439
130.37,-11.9924605,-62.16631189
130.38,-10.56440592,-62.01504639
130.39,-9.123577765,-61.85763313
130.4,-7.674987346,-61.69371538
130.41,-6.224044917,-61.5229131
130.42,-4.776494243,-61.34482145
130.43,-3.338331985,-61.15900918
130.44,-1.915713925,-60.96501701
130.45,-0.5148509796,-60.76235587
130.46,0.858101204,-60.55050507
130.47,2.197154698,-60.32891041
130.48,3.496599085,-60.09698211
130.49,4.751103941,-59.85409269
130.5,5.955809739,-59.59957473
130.51,7.106403588,-59.33271844
130.52,8.199177163,-59.05276914
130.53,9.231065272,-58.75892452
130.54,10.19966465,-58.45033175
130.55,11.10323367,-58.12608433
130.56,11.94067452,-57.78521877
130.57,12.71150029,-57.42671093
130.58,13.41578979,-57.04947208
130.59,14.05413313,-56.65234465
130.6,14.62757127,-56.23409759
130.61,15.13753239,-55.79342128
130.62,15.58576784,-55.32892208
130.63,15.97428967,-54.83911629
130.64,16.30531162,-54.32242362
130.65,16.58119485,-53.77716009
130.66,16.80439911,-53.20153031
130.67,16.97743991,-52.59361912
130.68,17.10285179,-51.95138254
130.69,17.18315746,-51.27263807
130.7,17.22084261,-50.55505432
130.71,17.21833577,-49.79613999
130.72,17.1779929,-48.99323233
130.73,17.10208582,-48.14348517
130.74,16.9927943,-47.24385679
130.75,16.85220084,-46.29109789
130.76,16.68228806,-45.28174035
130.77,16.48493781,-44.21208667
130.78,16.261932,-43.07820244
130.79,16.01495444,-41.87591183
130.8,15.74559371,-40.60079841
130.81,15.45534652,-39.24821335
130.82,15.14562161,-37.81329407
130.83,14.81774386,-36.29099721
130.84,14.47295858,-34.67615075
130.85,14.11243575,-32.96353132
130.86,13.73727433,-31.14797422
130.87,13.34850637,-29.22452478
130.88,12.94710107,-27.18864088
130.89,12.5339686,-25.03645677
130.9,12.10996379,-22.76511755
130.91,11.67588957,-20.37319058
130.92,11.23250028,-17.86115431
130.93,10.78050476,-15.23195444
130.94,10.32056916,-12.49160316
130.95,9.853319748,-9.649777679
130.96,9.379345334,-6.720352782
130.97,8.899199679,-3.721781677
130.98,8.413403677,-0.6772258308
130.99,7.922447383,2.385664701
131,7.426791933,5.435397393
131.01,6.926871313,8.437740963
131.02,6.423094011,11.35725074
131.03,5.915844563,14.15910204
131.04,5.405484993,16.81104728
131.05,4.892356157,19.28526869
131.06,4.376779005,21.55989682
131.07,3.859055755,23.62001013
131.08,3.33947101,25.45801312
131.09,2.818292781,27.07339043
131.1,2.295773466,28.47192625
131.11,1.772150758,29.66454427
131.12,1.247648487,30.66595036
131.13,0.7224774309,31.49325235
131.14,0.1968360355,32.16469602
131.15,-0.329088873,32.69860821
131.16,-0.8551214697,33.11258998
131.17,-1.381096314,33.42296178
131.18,-1.906857818,33.64443503
131.19,-2.432259715,33.78996886
131.2,-2.957164603,33.87076583
131.21,-3.481443482,33.89636283
131.22,-4.00497536,33.8747796
131.23,-4.527646845,33.81269596
131.24,-5.0493518,33.7156363
131.25,-5.569990973,33.58814763
131.26,-6.089471699,33.4339627
131.27,-6.607707559,33.25614406
131.28,-7.124618093,33.05720801
131.29,-7.640128517,32.83922887
131.3,-8.154169433,32.6039253
131.31,-8.666676575,32.35273087
131.32,-9.17759056,32.08685122
131.33,-9.686856632,31.80730985
131.34,-10.19442443,31.51498472
131.35,-10.70024776,31.21063738
131.36,-11.20428439,30.8949359
131.37,-11.70649586,30.5684732
131.38,-12.20684727,30.23178138
131.39,-12.70530709,29.88534314
131.4,-13.20184701,29.52960075
131.41,-13.69644175,29.16496321
131.42,-14.18906893,28.79181191
131.43,-14.67970894,28.41050508
131.44,-15.16834477,28.02138143
131.45,-15.6549619,27.624763
131.46,-16.13954818,27.22095741
131.47,-16.62209374,26.81025977
131.48,-17.10259089,26.3929541
131.49,-17.581034,25.96931455
131.5,-18.05741946,25.53960637
131.51,-18.53174558,25.10408667
131.52,-19.00401252,24.66300506
131.53,-19.47422223,24.21660416
131.54,-19.94237843,23.76512003
131.55,-20.4084865,23.30878251
131.56,-20.87255349,22.84781548
131.57,-21.33458809,22.3824371
131.58,-21.79460052,21.91286
131.59,-22.25260261,21.43929145
131.6,-22.70860771,20.96193344
131.61,-23.16263072,20.48098288
131.62,-23.61468803,19.99663159
131.63,-24.06479758,19.50906646
131.64,-24.51297879,19.0184695
131.65,-24.95925259,18.52501788
131.66,-25.40364144,18.02888402
131.67,-25.84616933,17.53023566
131.68,-26.28686178,17.02923586
131.69,-26.72574588,16.52604309
131.7,-27.1628503,16.02081128
131.71,-27.59820525,15.51368988
131.72,-28.0318426,15.00482386
131.73,-28.46379583,14.49435385
131.74,-28.89410009,13.98241611
131.75,-29.3227922,13.46914263
131.76,-29.74991071,12.95466117
131.77,-30.17549585,12.43909534
131.78,-30.59958967,11.92256462
131.79,-31.02223594,11.40518446
131.8,-31.4434803,10.88706632
131.81,-31.86337015,10.36831774
131.82,-32.28195478,9.849042387
131.83,-32.69928533,9.329340167
131.84,-33.11541478,8.809307234
131.85,-33.53039808,8.289036096
131.86,-33.94429205,7.768615669
131.87,-34.35715539,7.248131347
131.88,-34.76904874,6.72766508
131.89,-35.18003467,6.207295425
131.9,-35.59017763,5.68709764
131.91,-35.99954395,5.167143735
131.92,-36.40820185,4.647502551
131.93,-36.81622143,4.128239837
131.94,-37.2236746,3.6094183
131.95,-37.63063507,3.0910977
131.96,-38.03717826,2.573334902
131.97,-38.4433813,2.056183948
131.98,-38.84932293,1.539696139
131.99,-39.25508346,1.023920083
132,-39.6607447,0.5089017695
132.01,-40.06638986,-0.005315350398
132.02,-40.47210343,-0.518690316
132.03,-40.87797105,-1.031184593
132.04,-41.2840794,-1.542761998
132.05,-41.69051606,-2.053388636
132.06,-42.09736935,-2.563032852
132.07,-42.50472813,-3.071665172
132.08,-42.9126817,-3.579258234
132.09,-43.3213195,-4.085786731
132.1,-43.73073092,-4.591227363
132.11,-44.14100501,-5.095558779
132.12,-44.55223019,-5.598761532
132.13,-44.96449404,-6.100818025
132.14,-45.37789711,-6.601712467
132.15,-45.79250699,-7.101430828
132.16,-46.20840729,-7.599960788
132.17,-46.6256791,-8.097291703
132.18,-47.04440057,-8.593414565
132.19,-47.46464647,-9.088321965
132.2,-47.8864878,-9.582008057
132.21,-48.30999121,-10.07446853
132.22,-48.73521846,-10.56570057
132.23,-49.16222585,-11.05570285
132.24,-49.59106352,-11.54447549
132.25,-50.02177487,-12.03202008
132.26,-50.45439582,-12.51833961
132.27,-50.88895401,-13.00343848
132.28,-51.32546813,-13.4873225
132.29,-51.76394711,-13.96999888
132.3,-52.20438917,-14.45147623
132.31,-52.64678111,-14.93176454
132.32,-53.0910974,-15.41087524
132.33,-53.53729934,-15.88882115
132.34,-53.98533415,-16.36561654
132.35,-54.43513408,-16.84127715
132.36,-54.8866156,-17.31582019
132.37,-55.33967854,-17.78926437
132.38,-55.79420533,-18.26162998
132.39,-56.25006024,-18.73293888
132.4,-56.70708871,-19.20321461
132.41,-57.16511687,-19.67248235
132.42,-57.62395092,-20.14076909
132.43,-58.08337683,-20.60810361
132.44,-58.54316009,-21.07451658
132.45,-59.00304565,-21.54004069
132.46,-59.46275805,-22.00471062
132.47,-59.92200176,-22.46856324
132.48,-60.38046162,-22.93163769
132.49,-60.83780358,-23.39397543
132.5,-61.29367571,-23.85562038
132.51,-61.74770937,-24.3166191
132.52,-62.19952076,-24.77702085
132.53,-62.64871259,-25.23687774
132.54,-63.09487609,-25.69624488
132.55,-63.53759321,-26.15518052
132.56,-63.97643909,-26.61374624
132.57,-64.41098468,-27.07200709
132.58,-64.84079957,-27.5300318
132.59,-65.26545495,-27.98789289
132.6,-65.68452676,-28.4456669
132.61,-66.09759874,-28.90343458
132.62,-66.50426565,-29.36128113
132.63,-66.90413638,-29.81929638
132.64,-67.296837,-30.27757498
132.65,-67.68201363,-30.73621667
132.66,-68.05933522,-31.19532645
132.67,-68.42849591,-31.65501484
132.68,-68.78921734,-32.11539817
132.69,-69.14125045,-32.57659877
132.7,-69.48437703,-33.03874524
132.71,-69.81841091,-33.50197262
132.72,-70.14319869,-33.9664227
132.73,-70.45862016,-34.43224434
132.74,-70.76458827,-34.89959356
132.75,-71.06104878,-35.36863383
132.76,-71.34797953,-35.83953644
132.77,-71.62538937,-36.3124805
132.78,-71.89331685,-36.78765334
132.79,-72.15182859,-37.26525057
132.8,-72.40101747,-37.74547637
132.81,-72.64100068,-38.22854353
132.82,-72.87191755,-38.71467374
132.83,-73.09392741,-39.20409749
132.84,-73.30720726,-39.69705421
132.85,-73.51194959,-40.19379256
132.86,-73.70836013,-40.69456993
132.87,-73.89665564,-41.19965233
132.88,-74.07706185,-41.70931419
132.89,-74.24981146,-42.22383843
132.9,-74.41514226,-42.74351556
132.91,-74.5732954,-43.26864328
132.92,-74.7245138,-43.79952945
132.93,-74.86904068,-44.33648267
132.94,-75.00711829,-44.87981641
132.95,-75.13898671,-45.4298482
132.96,-75.26488289,-45.98689802
132.97,-75.38503975,-46.55128636
132.98,-75.49968544,-47.12333199
132.99,-75.60904273,-47.7033497
133,-75.71332849,-48.29164722
133.01,-75.81275334,-48.8885223
133.02,-75.90752127,-49.49425905
133.03,-75.99782949,-50.10912381
133.04,-76.08386824,-50.73336074
133.05,-76.16582075,-51.36718666
133.06,-76.24386319,-52.01078536
133.07,-76.31816474,-52.66430138
133.08,-76.38888761,-53.32783321
133.09,-76.45618721,-54.00142584
133.1,-76.52021225,-54.68506279
133.11,-76.58110491,-55.37865771
133.12,-76.63900105,-56.08204533
133.13,-76.69403034,-56.79497217
133.14,-76.74631656,-57.5170871
133.15,-76.79597771,-58.24793195
133.16,-76.84312633,-58.9869321
133.17,-76.88786962,-59.73338785
133.18,-76.93030975,-60.48646639
133.19,-76.97054401,-61.24519519
133.2,-77.00866505,-62.00845695
133.21,-77.04476107,-62.77498689
133.22,-77.07891607,-63.54337246
133.23,-77.11120997,-64.31205631
133.24,-77.14171887,-65.07934296
133.25,-77.17051518,-65.84340946
133.26,-77.19766784,-66.60232032
133.27,-77.22324243,-67.35404714
133.28,-77.24730139,-68.0964927
133.29,-77.26990412,-68.82751914
133.3,-77.29110716,-69.54498003
133.31,-77.31096432,-70.24675519
133.32,-77.32952681,-70.93078764
133.33,-77.34684334,-71.59512114
133.34,-77.3629603,-72.23793676
133.35,-77.37792181,-72.85758747
133.36,-77.39176987,-73.45262868
133.37,-77.40454446,-74.02184386
133.38,-77.41628364,-74.56426397
133.39,-77.42702364,-75.07917966
133.4,-77.43679897,-75.56614637
133.41,-77.44564249,-76.0249818
133.42,-77.45358553,-76.45575657
133.43,-77.46065796,-76.8587786
133.44,-77.46688828,-77.23457227
133.45,-77.4723037,-77.58385373
133.46,-77.47693022,-77.9075034
133.47,-77.48079273,-78.20653722
133.48,-77.48391504,-78.48207767
133.49,-77.48632001,-78.73532566
133.5,-77.48802959,-78.96753409
133.51,-77.48906486,-79.17998377
133.52,-77.48944618,-79.37396212
133.53,-77.48919316,-79.55074476
133.54,-77.48832476,-79.71158023
133.55,-77.48685934,-79.85767762
133.56,-77.48481472,-79.99019701
133.57,-77.4822082,-80.11024243
133.58,-77.47905661,-80.21885708
133.59,-77.47537635,-80.31702043
133.6,-77.47118342,-80.40564706
133.61,-77.46649345,-80.48558673
133.62,-77.46132171,-80.55762554
133.63,-77.45568316,-80.62248792
133.64,-77.44959241,-80.68083922
133.65,-77.44306379,-80.73328873
133.66,-77.43611136,-80.78039288
133.67,-77.42874885,-80.82265878
133.68,-77.42098973,-80.86054757
133.69,-77.41284719,-80.89447796
133.7,-77.40433415,-80.9248295
133.71,-77.39546324,-80.95194585
133.72,-77.38624682,-80.97613786
133.73,-77.37669696,-80.99768641
133.74,-77.36682546,-81.01684513
133.75,-77.35664381,-81.03384293
133.76,-77.34616322,-81.04888629
133.77,-77.33539463,-81.06216139
133.78,-77.32434865,-81.07383609
133.79,-77.31303562,-81.0840617
133.8,-77.30146556,-81.09297459
133.81,-77.28964819,-81.10069766
133.82,-77.27759296,-81.10734171
133.83,-77.26530898,-81.11300663
133.84,-77.25280508,-81.11778246
133.85,-77.24008979,-81.12175042
133.86,-77.22717134,-81.12498377
133.87,-77.21405767,-81.12754864
133.88,-77.20075643,-81.12950468
133.89,-77.18727498,-81.13090579
133.9,-77.17362041,-81.13180064
133.91,-77.15979951,-81.13223321
133.92,-77.14581883,-81.13224327
133.93,-77.13168462,-81.13186677
133.94,-77.11740291,-81.13113627
133.95,-77.10297944,-81.13008122
133.96,-77.08841973,-81.12872829
133.97,-77.07372906,-81.12710165
133.98,-77.05891246,-81.12522321
133.99,-77.04397475,-81.12311284
134,-77.02892054,-81.12078857
134.01,-77.01375421,-81.11826677
134.02,-76.99847996,-81.11556229
134.03,-76.98310178,-81.11268863
134.04,-76.96762348,-81.10965808
134.05,-76.95204868,-81.10648179
134.06,-76.93638085,-81.10316992
134.07,-76.92062326,-81.09973171
134.08,-76.90477905,-81.09617559
134.09,-76.8888512,-81.09250921
134.1,-76.87284253,-81.08873957
134.11,-76.85675575,-81.08487303
134.12,-76.8405934,-81.08091542
134.13,-76.82435793,-81.07687204
134.14,-76.80805164,-81.07274772
134.15,-76.79167673,-81.06854688
134.16,-76.77523528,-81.06427357
134.17,-76.75872927,-81.05993148
134.18,-76.7421606,-81.05552397
134.19,-76.72553103,-81.05105413
134.2,-76.70884227,-81.04652478
134.21,-76.69209594,-81.0419385
134.22,-76.67529355,-81.03729765
134.23,-76.65843656,-81.03260439
134.24,-76.64152635,-81.0278607
134.25,-76.62456423,-81.02306839
134.26,-76.60755145,-81.01822911
134.27,-76.59048918,-81.01334439
134.28,-76.57337854,-81.00841561
134.29,-76.55622061,-81.00344404
134.3,-76.53901639,-80.99843086
134.31,-76.52176686,-80.99337713
134.32,-76.50447291,-80.98828382
134.33,-76.48713543,-80.98315184
134.34,-76.46975524,-80.97798199
134.35,-76.45233312,-80.97277503
134.36,-76.43486984,-80.96753165
134.37,-76.41736609,-80.96225247
134.38,-76.39982257,-80.95693807
134.39,-76.38223991,-80.95158895
134.4,-76.36461874,-80.94620562
134.41,-76.34695964,-80.94078849
134.42,-76.32926317,-80.93533797
134.43,-76.31152987,-80.92985441
134.44,-76.29376025,-80.92433815
134.45,-76.27595479,-80.91878948
134.46,-76.25811397,-80.91320868
134.47,-76.24023823,-80.90759598
134.48,-76.222328,-80.9019516
134.49,-76.20438368,-80.89627576
134.5,-76.18640567,-80.89056861
134.51,-76.16839435,-80.88483033
134.52,-76.15035007,-80.87906106
134.53,-76.13227318,-80.87326092
134.54,-76.11416401,-80.86743002
134.55,-76.09602288,-80.86156846
134.56,-76.0778501,-80.85567633
134.57,-76.05964597,-80.8497537
134.58,-76.04141077,-80.84380064
134.59,-76.02314477,-80.83781719
134.6,-76.00484825,-80.8318034
134.61,-75.98652146,-80.82575931
134.62,-75.96816464,-80.81968494
134.63,-75.94977804,-80.81358032
134.64,-75.93136188,-80.80744545
134.65,-75.91291641,-80.80128034
134.66,-75.89444182,-80.795085
134.67,-75.87593834,-80.78885942
134.68,-75.85740618,-80.78260359
134.69,-75.83884553,-80.7763175
134.7,-75.82025658,-80.77000112
134.71,-75.80163954,-80.76365444
134.72,-75.78299458,-80.75727744
134.73,-75.76432189,-80.75087007
134.74,-75.74562164,-80.74443231
134.75,-75.72689402,-80.73796413
134.76,-75.70813918,-80.73146549
134.77,-75.68935729,-80.72493634
134.78,-75.67054852,-80.71837665
134.79,-75.65171303,-80.71178636
134.8,-75.63285097,-80.70516544
134.81,-75.6139625,-80.69851384
134.82,-75.59504778,-80.6918315
134.83,-75.57610694,-80.68511838
134.84,-75.55714014,-80.67837442
134.85,-75.53814752,-80.67159956
134.86,-75.51912923,-80.66479376
134.87,-75.5000854,-80.65795696
134.88,-75.48101619,-80.6510891
134.89,-75.46192171,-80.64419012
134.9,-75.44280212,-80.63725997
134.91,-75.42365754,-80.63029858
134.92,-75.40448812,-80.6233059
134.93,-75.38529397,-80.61628187
134.94,-75.36607524,-80.60922643
134.95,-75.34683205,-80.60213951
134.96,-75.32756453,-80.59502105
134.97,-75.30827281,-80.587871
134.98,-75.28895702,-80.58068929
134.99,-75.26961729,-80.57347587
135,-75.25025373,-80.56623066
135.01,-75.23086648,-80.5589536
135.02,-75.21145566,-80.55164465
135.03,-75.19202139,-80.54430372
135.04,-75.17256379,-80.53693077
135.05,-75.153083,-80.52952573
135.06,-75.13357912,-80.52208854
135.07,-75.11405228,-80.51461913
135.08,-75.09450261,-80.50711745
135.09,-75.07493022,-80.49958344
135.1,-75.05533524,-80.49201703
135.11,-75.03571778,-80.48441817
135.12,-75.01607796,-80.47678679
135.13,-74.99641591,-80.46912283
135.14,-74.97673174,-80.46142625
135.15,-74.95702557,-80.45369696
135.16,-74.93729753,-80.44593493
135.17,-74.91754772,-80.43814009
135.18,-74.89777627,-80.43031238
135.19,-74.8779833,-80.42245174
135.2,-74.85816892,-80.41455812
135.21,-74.83833326,-80.40663147
135.22,-74.81847643,-80.39867172
135.23,-74.79859855,-80.39067882
135.24,-74.77869974,-80.38265272
135.25,-74.75878011,-80.37459336
135.26,-74.73883979,-80.36650068
135.27,-74.71887889,-80.35837465
135.28,-74.69889753,-80.35021519
135.29,-74.67889583,-80.34202227
135.3,-74.6588739,-80.33379583
135.31,-74.63883187,-80.32553582
135.32,-74.61876985,-80.31724218
135.33,-74.59868796,-80.30891488
135.34,-74.57858632,-80.30055386
135.35,-74.55846504,-80.29215907
135.36,-74.53832425,-80.28373047
135.37,-74.51816406,-80.275268
135.38,-74.49798459,-80.26677163
135.39,-74.47778597,-80.25824131
135.4,-74.4575683,-80.249677
135.41,-74.4373317,-80.24107864
135.42,-74.4170763,-80.2324462
135.43,-74.39680222,-80.22377963
135.44,-74.37650957,-80.2150789
135.45,-74.35619846,-80.20634396
135.46,-74.33586903,-80.19757478
135.47,-74.31552139,-80.1887713
135.48,-74.29515565,-80.17993351
135.49,-74.27477195,-80.17106134
135.5,-74.25437039,-80.16215478
135.51,-74.23395109,-80.15321379
135.52,-74.21351418,-80.14423832
135.53,-74.19305978,-80.13522835
135.54,-74.172588,-80.12618383
135.55,-74.15209896,-80.11710475
135.56,-74.13159279,-80.10799106
135.57,-74.1110696,-80.09884274
135.58,-74.09052951,-80.08965975
135.59,-74.06997265,-80.08044206
135.6,-74.04939914,-80.07118966
135.61,-74.02880908,-80.0619025
135.62,-74.00820261,-80.05258056
135.63,-73.98757985,-80.04322382
135.64,-73.96694091,-80.03383225
135.65,-73.94628592,-80.02440583
135.66,-73.925615,-80.01494453
135.67,-73.90492826,-80.00544833
135.68,-73.88422583,-79.99591722
135.69,-73.86350783,-79.98635115
135.7,-73.84277438,-79.97675013
135.71,-73.8220256,-79.96711413
135.72,-73.80126161,-79.95744313
135.73,-73.78048254,-79.94773712
135.74,-73.7596885,-79.93799607
135.75,-73.73887962,-79.92821998
135.76,-73.71805601,-79.91840883
135.77,-73.6972178,-79.9085626
135.78,-73.67636511,-79.89868129
135.79,-73.65549807,-79.88876487
135.8,-73.63461678,-79.87881336
135.81,-73.61372139,-79.86882672
135.82,-73.59281199,-79.85880495
135.83,-73.57188873,-79.84874806
135.84,-73.55095171,-79.83865602
135.85,-73.53000107,-79.82852883
135.86,-73.50903692,-79.81836649
135.87,-73.48805939,-79.808169
135.88,-73.46706859,-79.79793635
135.89,-73.44606465,-79.78766854
135.9,-73.42504769,-79.77736556
135.91,-73.40401784,-79.76702743
135.92,-73.3829752,-79.75665413
135.93,-73.36191992,-79.74624568
135.94,-73.3408521,-79.73580207
135.95,-73.31977188,-79.72532331
135.96,-73.29867936,-79.7148094
135.97,-73.27757469,-79.70426035
135.98,-73.25645796,-79.69367617
135.99,-73.23532932,-79.68305687
136,-73.21418887,-79.67240244
136.01,-73.19303675,-79.66171291
136.02,-73.17187307,-79.65098828
136.03,-73.15069796,-79.64022857
136.04,-73.12951153,-79.62943378
136.05,-73.10831392,-79.61860394
136.06,-73.08710523,-79.60773905
136.07,-73.0658856,-79.59683914
136.08,-73.04465514,-79.58590421
136.09,-73.02341398,-79.57493429
136.1,-73.00216224,-79.5639294
136.11,-72.98090003,-79.55288955
136.12,-72.95962749,-79.54181478
136.13,-72.93834473,-79.53070508
136.14,-72.91705187,-79.5195605
136.15,-72.89574904,-79.50838106
136.16,-72.87443636,-79.49716677
136.17,-72.85311394,-79.48591767
136.18,-72.83178191,-79.47463378
136.19,-72.8104404,-79.46331514
136.2,-72.78908951,-79.45196176
136.21,-72.76772938,-79.44057368
136.22,-72.74636011,-79.42915093
136.23,-72.72498185,-79.41769354
136.24,-72.70359469,-79.40620155
136.25,-72.68219877,-79.39467498
136.26,-72.66079421,-79.38311388
136.27,-72.63938112,-79.37151828
136.28,-72.61795963,-79.35988821
136.29,-72.59652985,-79.34822372
136.3,-72.57509191,-79.33652484
136.31,-72.55364592,-79.32479161
136.32,-72.53219201,-79.31302408
136.33,-72.5107303,-79.30122228
136.34,-72.4892609,-79.28938626
136.35,-72.46778393,-79.27751606
136.36,-72.44629952,-79.26561173
136.37,-72.42480777,-79.25367331
136.38,-72.40330882,-79.24170085
136.39,-72.38180278,-79.2296944
136.4,-72.36028977,-79.217654
136.41,-72.33876991,-79.20557971
136.42,-72.31724331,-79.19347158
136.43,-72.2957101,-79.18132965
136.44,-72.27417038,-79.16915399
136.45,-72.25262429,-79.15694464
136.46,-72.23107194,-79.14470167
136.47,-72.20951344,-79.13242511
136.48,-72.18794891,-79.12011504
136.49,-72.16637847,-79.10777151
136.5,-72.14480224,-79.09539458
136.51,-72.12322033,-79.08298431
136.52,-72.10163286,-79.07054075
136.53,-72.08003995,-79.05806398
136.54,-72.05844171,-79.04555405
136.55,-72.03683826,-79.03301102
136.56,-72.01522971,-79.02043496
136.57,-71.99361618,-79.00782594
136.58,-71.97199779,-78.99518403
136.59,-71.95037465,-78.98250928
136.6,-71.92874687,-78.96980177
136.61,-71.90711457,-78.95706156
136.62,-71.88547787,-78.94428873
136.63,-71.86383688,-78.93148335
136.64,-71.8421917,-78.91864549
136.65,-71.82054247,-78.90577523
136.66,-71.79888929,-78.89287262
136.67,-71.77723227,-78.87993776
136.68,-71.75557152,-78.86697072
136.69,-71.73390717,-78.85397157
136.7,-71.71223932,-78.84094039
136.71,-71.69056808,-78.82787726
136.72,-71.66889357,-78.81478225
136.73,-71.64721589,-78.80165546
136.74,-71.62553517,-78.78849695
136.75,-71.6038515,-78.77530682
136.76,-71.58216501,-78.76208514
136.77,-71.5604758,-78.748832
136.78,-71.53878399,-78.73554748
136.79,-71.51708968,-78.72223166
136.8,-71.49539298,-78.70888465
136.81,-71.473694,-78.69550651
136.82,-71.45199285,-78.68209735
136.83,-71.43028965,-78.66865724
136.84,-71.40858449,-78.65518628
136.85,-71.3868775,-78.64168456
136.86,-71.36516877,-78.62815217
136.87,-71.34345841,-78.6145892
136.88,-71.32174653,-78.60099575
136.89,-71.30003325,-78.58737191
136.9,-71.27831865,-78.57371777
136.91,-71.25660286,-78.56003344
136.92,-71.23488598,-78.546319
136.93,-71.21316811,-78.53257456
136.94,-71.19144936,-78.5188002
136.95,-71.16972984,-78.50499604
136.96,-71.14800964,-78.49116217
136.97,-71.12628888,-78.47729869
136.98,-71.10456765,-78.46340571
136.99,-71.08284607,-78.44948331
137,-71.06112423,-78.43553162
137.01,-71.03940224,-78.42155073
137.02,-71.0176802,-78.40754074
137.03,-70.99595822,-78.39350176
137.04,-70.97423639,-78.3794339
137.05,-70.95251482,-78.36533726
137.06,-70.93079361,-78.35121195
137.07,-70.90907285,-78.33705808
137.08,-70.88735266,-78.32287576
137.09,-70.86563313,-78.30866509
137.1,-70.84391435,-78.29442619
137.11,-70.82219644,-78.28015917
137.12,-70.80047949,-78.26586413
137.13,-70.77876359,-78.2515412
137.14,-70.75704885,-78.23719049
137.15,-70.73533536,-78.2228121
137.16,-70.71362322,-78.20840616
137.17,-70.69191253,-78.19397277
137.18,-70.67020339,-78.17951206
137.19,-70.64849588,-78.16502414
137.2,-70.62679012,-78.15050913
137.21,-70.60508618,-78.13596714
137.22,-70.58338418,-78.12139829
137.23,-70.56168419,-78.10680271
137.24,-70.53998632,-78.09218052
137.25,-70.51829067,-78.07753182
137.26,-70.49659731,-78.06285675
137.27,-70.47490635,-78.04815542
137.28,-70.45321788,-78.03342796
137.29,-70.43153199,-78.0186745
137.3,-70.40984878,-78.00389514
137.31,-70.38816833,-77.98909003
137.32,-70.36649073,-77.97425927
137.33,-70.34481608,-77.959403
137.34,-70.32314446,-77.94452135
137.35,-70.30147597,-77.92961444
137.36,-70.27981069,-77.91468239
137.37,-70.25814871,-77.89972533
137.38,-70.23649012,-77.8847434
137.39,-70.21483501,-77.86973671
137.4,-70.19318346,-77.85470541
137.41,-70.17153557,-77.83964961
137.42,-70.14989141,-77.82456945
137.43,-70.12825108,-77.80946506
137.44,-70.10661466,-77.79433657
137.45,-70.08498222,-77.7791841
137.46,-70.06335387,-77.76400781
137.47,-70.04172968,-77.7488078
137.48,-70.02010973,-77.73358423
137.49,-69.99849412,-77.71833721
137.5,-69.97688291,-77.7030669
137.51,-69.95527619,-77.68777341
137.52,-69.93367405,-77.67245688
137.53,-69.91207656,-77.65711746
137.54,-69.89048381,-77.64175527
137.55,-69.86889588,-77.62637045
137.56,-69.84731283,-77.61096314
137.57,-69.82573477,-77.59553348
137.58,-69.80416175,-77.58008159
137.59,-69.78259386,-77.56460763
137.6,-69.76103118,-77.54911172
137.61,-69.73947379,-77.53359401
137.62,-69.71792176,-77.51805463
137.63,-69.69637516,-77.50249372
137.64,-69.67483408,-77.48691143
137.65,-69.65329858,-77.47130789
137.66,-69.63176874,-77.45568325
137.67,-69.61024464,-77.44003763
137.68,-69.58872635,-77.42437119
137.69,-69.56721394,-77.40868407
137.7,-69.54570748,-77.3929764
137.71,-69.52420705,-77.37724834
137.72,-69.50271271,-77.36150001
137.73,-69.48122455,-77.34573156
137.74,-69.45974261,-77.32994315
137.75,-69.43826699,-77.3141349
137.76,-69.41679774,-77.29830696
137.77,-69.39533494,-77.28245947
137.78,-69.37387864,-77.26659259
137.79,-69.35242893,-77.25070645
137.8,-69.33098586,-77.23480119
137.81,-69.30954951,-77.21887697
137.82,-69.28811994,-77.20293392
137.83,-69.2666972,-77.18697219
137.84,-69.24528138,-77.17099193
137.85,-69.22387253,-77.15499328
137.86,-69.20247072,-77.13897638
137.87,-69.181076,-77.12294139
137.88,-69.15968845,-77.10688844
137.89,-69.13830811,-77.09081769
137.9,-69.11693507,-77.07472928
137.91,-69.09556936,-77.05862336
137.92,-69.07421107,-77.04250006
137.93,-69.05286023,-77.02635955
137.94,-69.03151693,-77.01020196
137.95,-69.0101812,-76.99402745
137.96,-68.98885311,-76.97783615
137.97,-68.96753272,-76.96162823
137.98,-68.94622008,-76.94540381
137.99,-68.92491526,-76.92916306
138,-68.9036183,-76.91290612
138.01,-68.88232926,-76.89663313
138.02,-68.86104819,-76.88034424
138.03,-68.83977515,-76.86403961
138.04,-68.81851019,-76.84771938
138.05,-68.79725337,-76.83138369
138.06,-68.77600473,-76.81503269
138.07,-68.75476433,-76.79866654
138.08,-68.73353222,-76.78228538
138.09,-68.71230845,-76.76588936
138.1,-68.69109306,-76.74947862
138.11,-68.66988611,-76.73305331
138.12,-68.64868765,-76.71661359
138.13,-68.62749772,-76.7001596
138.14,-68.60631636,-76.68369148
138.15,-68.58514364,-76.66720939
138.16,-68.56397959,-76.65071347
138.17,-68.54282425,-76.63420387
138.18,-68.52167768,-76.61768074
138.19,-68.50053991,-76.60114423
138.2,-68.479411,-76.58459448
138.21,-68.45829097,-76.56803164
138.22,-68.43717989,-76.55145586
138.23,-68.41607778,-76.53486728
138.24,-68.39498468,-76.51826606
138.25,-68.37390065,-76.50165234
138.26,-68.35282571,-76.48502627
138.27,-68.33175992,-76.468388
138.28,-68.31070329,-76.45173766
138.29,-68.28965588,-76.43507542
138.3,-68.26861773,-76.41840141
138.31,-68.24758886,-76.40171578
138.32,-68.22656931,-76.38501868
138.33,-68.20555912,-76.36831026
138.34,-68.18455833,-76.35159066
138.35,-68.16356697,-76.33486002
138.36,-68.14258506,-76.3181185
138.37,-68.12161266,-76.30136624
138.38,-68.10064978,-76.28460338
138.39,-68.07969645,-76.26783008
138.4,-68.05875272,-76.25104646
138.41,-68.03781861,-76.23425269
138.42,-68.01689414,-76.2174489
138.43,-67.99597936,-76.20063524
138.44,-67.97507428,-76.18381186
138.45,-67.95417894,-76.16697889
138.46,-67.93329336,-76.15013648
138.47,-67.91241757,-76.13328478
138.48,-67.89155159,-76.11642393
138.49,-67.87069545,-76.09955406
138.5,-67.84984918,-76.08267534
138.51,-67.82901279,-76.06578789
138.52,-67.80818632,-76.04889186
138.53,-67.78736978,-76.03198739
138.54,-67.7665632,-76.01507462
138.55,-67.74576659,-75.9981537
138.56,-67.72497998,-75.98122477
138.57,-67.70420339,-75.96428796
138.58,-67.68343684,-75.94734342
138.59,-67.66268034,-75.93039129
138.6,-67.64193392,-75.91343171
138.61,-67.62119759,-75.89646482
138.62,-67.60047136,-75.87949075
138.63,-67.57975527,-75.86250965
138.64,-67.55904931,-75.84552166
138.65,-67.5383535,-75.82852691
138.66,-67.51766787,-75.81152554
138.67,-67.49699242,-75.79451769
138.68,-67.47632716,-75.77750349
138.69,-67.45567211,-75.76048309
138.7,-67.43502728,-75.74345662
138.71,-67.41439267,-75.72642422
138.72,-67.39376831,-75.70938602
138.73,-67.3731542,-75.69234216
138.74,-67.35255034,-75.67529277
138.75,-67.33195675,-75.65823798
138.76,-67.31137343,-75.64117794
138.77,-67.29080039,-75.62411278
138.78,-67.27023764,-75.60704262
138.79,-67.24968518,-75.58996761
138.8,-67.22914302,-75.57288787
138.81,-67.20861115,-75.55580353
138.82,-67.18808959,-75.53871474
138.83,-67.16757834,-75.52162162
138.84,-67.1470774,-75.50452429
138.85,-67.12658676,-75.4874229
138.86,-67.10610644,-75.47031757
138.87,-67.08563643,-75.45320843
138.88,-67.06517673,-75.4360956
138.89,-67.04472733,-75.41897923
138.9,-67.02428825,-75.40185943
138.91,-67.00385947,-75.38473634
138.92,-66.98344098,-75.36761008
138.93,-66.9630328,-75.35048077
138.94,-66.94263491,-75.33334855
138.95,-66.9222473,-75.31621354
138.96,-66.90186997,-75.29907586
138.97,-66.88150292,-75.28193564
138.98,-66.86114614,-75.264793
138.99,-66.84079961,-75.24764808
139,-66.82046333,-75.23050098
139.01,-66.80013729,-75.21335183
139.02,-66.77982148,-75.19620076
139.03,-66.75951589,-75.17904788
139.04,-66.73922051,-75.16189332
139.05,-66.71893532,-75.1447372
139.06,-66.69866031,-75.12757964
139.07,-66.67839547,-75.11042075
139.08,-66.65814078,-75.09326066
139.09,-66.63789623,-75.07609948
139.1,-66.6176618,-75.05893734
139.11,-66.59743748,-75.04177434
139.12,-66.57722325,-75.02461061
139.13,-66.55701909,-75.00744626
139.14,-66.53682498,-74.9902814
139.15,-66.5166409,-74.97311616
139.16,-66.49646684,-74.95595064
139.17,-66.47630277,-74.93878496
139.18,-66.45614867,-74.92161923
139.19,-66.43600451,-74.90445357
139.2,-66.41587029,-74.88728809
139.21,-66.39574596,-74.87012289
139.22,-66.37563151,-74.85295809
139.23,-66.35552692,-74.8357938
139.24,-66.33543215,-74.81863012
139.25,-66.31534719,-74.80146718
139.26,-66.29527199,-74.78430507
139.27,-66.27520654,-74.7671439
139.28,-66.25515081,-74.74998378
139.29,-66.23510477,-74.73282482
139.3,-66.21506839,-74.71566711
139.31,-66.19504163,-74.69851078
139.32,-66.17502446,-74.68135591
139.33,-66.15501686,-74.66420262
139.34,-66.1350188,-74.64705101
139.35,-66.11503022,-74.62990118
139.36,-66.09505111,-74.61275323
139.37,-66.07508143,-74.59560727
139.38,-66.05512114,-74.57846338
139.39,-66.0351702,-74.56132169
139.4,-66.01522858,-74.54418227
139.41,-65.99529624,-74.52704524
139.42,-65.97537314,-74.50991068
139.43,-65.95545924,-74.49277871
139.44,-65.93555451,-74.4756494
139.45,-65.91565889,-74.45852287
139.46,-65.89577235,-74.44139919
139.47,-65.87589484,-74.42427848
139.48,-65.85602633,-74.40716082
139.49,-65.83616676,-74.39004631
139.5,-65.8163161,-74.37293503
139.51,-65.7964743,-74.35582708
139.52,-65.7766413,-74.33872256
139.53,-65.75681707,-74.32162154
139.54,-65.73700156,-74.30452413
139.55,-65.71719472,-74.2874304
139.56,-65.69739649,-74.27034046
139.57,-65.67760683,-74.25325438
139.58,-65.65782569,-74.23617225
139.59,-65.63805301,-74.21909416
139.6,-65.61828875,-74.20202019
139.61,-65.59853285,-74.18495044
139.62,-65.57878525,-74.16788497
139.63,-65.5590459,-74.15082388
139.64,-65.53931475,-74.13376725
139.65,-65.51959174,-74.11671517
139.66,-65.49987681,-74.0996677
139.67,-65.4801699,-74.08262493
139.68,-65.46047096,-74.06558695
139.69,-65.44077992,-74.04855382
139.7,-65.42109673,-74.03152564
139.71,-65.40142132,-74.01450247
139.72,-65.38175364,-73.99748439
139.73,-65.36209361,-73.98047149
139.74,-65.34244118,-73.96346382
139.75,-65.32279628,-73.94646148
139.76,-65.30315884,-73.92946453
139.77,-65.28352881,-73.91247304
139.78,-65.2639061,-73.89548709
139.79,-65.24429066,-73.87850675
139.8,-65.22468242,-73.86153209
139.81,-65.2050813,-73.84456319
139.82,-65.18548724,-73.8276001
139.83,-65.16590017,-73.81064289
139.84,-65.14632001,-73.79369165
139.85,-65.12674668,-73.77674642
139.86,-65.10718013,-73.75980729
139.87,-65.08762027,-73.74287431
139.88,-65.06806702,-73.72594755
139.89,-65.04852031,-73.70902707
139.9,-65.02898007,-73.69211294
139.91,-65.00944621,-73.67520522
139.92,-64.98991866,-73.65830397
139.93,-64.97039733,-73.64140925
139.94,-64.95088215,-73.62452112
139.95,-64.93137303,-73.60763965
139.96,-64.9118699,-73.59076488
139.97,-64.89237266,-73.57389688
139.98,-64.87288123,-73.55703571
139.99,-64.85339554,-73.54018141
140,-64.83391548,-73.52333406
140.01,-64.81444098,-73.50649369
140.02,-64.79497195,-73.48966037
140.03,-64.77550829,-73.47283415
140.04,-64.75604992,-73.45601508
140.05,-64.73659675,-73.43920321
140.06,-64.71714869,-73.42239859
140.07,-64.69770563,-73.40560128
140.08,-64.67826749,-73.38881132
140.09,-64.65883418,-73.37202876
140.1,-64.63940559,-73.35525365
140.11,-64.61998164,-73.33848603
140.12,-64.60056222,-73.32172596
140.13,-64.58114723,-73.30497347
140.14,-64.56173658,-73.28822862
140.15,-64.54233016,-73.27149144
140.16,-64.52292788,-73.25476197
140.17,-64.50352962,-73.23804027
140.18,-64.48413529,-73.22132637
140.19,-64.46474478,-73.20462032
140.2,-64.44535798,-73.18792214
140.21,-64.42597479,-73.17123189
140.22,-64.4065951,-73.15454959
140.23,-64.38721881,-73.13787529
140.24,-64.36784579,-73.12120903
140.25,-64.34847594,-73.10455083
140.26,-64.32910915,-73.08790073
140.27,-64.3097453,-73.07125878
140.28,-64.29038427,-73.05462499
140.29,-64.27102597,-73.03799941
140.3,-64.25167025,-73.02138206
140.31,-64.23231702,-73.00477298
140.32,-64.21296614,-72.9881722
140.33,-64.1936175,-72.97157974
140.34,-64.17427098,-72.95499564
140.35,-64.15492645,-72.93841991
140.36,-64.1355838,-72.9218526
140.37,-64.11624288,-72.90529372
140.38,-64.09690359,-72.8887433
140.39,-64.07756579,-72.87220136
140.4,-64.05822935,-72.85566793
140.41,-64.03889414,-72.83914303
140.42,-64.01956003,-72.82262668
140.43,-64.00022689,-72.80611891
140.44,-63.98089459,-72.78961973
140.45,-63.96156299,-72.77312916
140.46,-63.94223195,-72.75664722
140.47,-63.92290134,-72.74017394
140.48,-63.90357101,-72.72370932
140.49,-63.88424083,-72.70725338
140.5,-63.86491066,-72.69080613
140.51,-63.84558035,-72.6743676
140.52,-63.82624975,-72.6579378
140.53,-63.80691873,-72.64151673
140.54,-63.78758713,-72.62510442
140.55,-63.76825481,-72.60870086
140.56,-63.74892161,-72.59230608
140.57,-63.72958739,-72.57592007
140.58,-63.71025198,-72.55954286
140.59,-63.69091525,-72.54317444
140.6,-63.67157702,-72.52681483
140.61,-63.65223715,-72.51046403
140.62,-63.63289548,-72.49412204
140.63,-63.61355184,-72.47778887
140.64,-63.59420607,-72.46146452
140.65,-63.57485801,-72.445149
140.66,-63.55550749,-72.42884231
140.67,-63.53615435,-72.41254444
140.68,-63.51679842,-72.3962554
140.69,-63.49743952,-72.37997519
140.7,-63.47807749,-72.3637038
140.71,-63.45871216,-72.34744124
140.72,-63.43934334,-72.33118749
140.73,-63.41997086,-72.31494256
140.74,-63.40059455,-72.29870644
140.75,-63.38121422,-72.28247912
140.76,-63.36182969,-72.2662606
140.77,-63.34244077,-72.25005087
140.78,-63.32304729,-72.23384992
140.79,-63.30364905,-72.21765773
140.8,-63.28424586,-72.20147431
140.81,-63.26483754,-72.18529964
140.82,-63.24542388,-72.1691337
140.83,-63.2260047,-72.15297648
140.84,-63.2065798,-72.13682797
140.85,-63.18714898,-72.12068816
140.86,-63.16771203,-72.10455702
140.87,-63.14826876,-72.08843454
140.88,-63.12881896,-72.07232071
140.89,-63.10936243,-72.0562155
140.9,-63.08989894,-72.04011889
140.91,-63.0704283,-72.02403087
140.92,-63.05095029,-72.00795141
140.93,-63.03146469,-71.99188049
140.94,-63.01197129,-71.97581809
140.95,-62.99246986,-71.95976418
140.96,-62.97296019,-71.94371874
140.97,-62.95344205,-71.92768174
140.98,-62.9339152,-71.91165316
140.99,-62.91437943,-71.89563296
141,-62.89483451,-71.87962112
141.01,-62.87528018,-71.8636176
141.02,-62.85571623,-71.84762239
141.03,-62.83614241,-71.83163543
141.04,-62.81655849,-71.81565671
141.05,-62.7969642,-71.79968619
141.06,-62.77735932,-71.78372383
141.07,-62.75774359,-71.7677696
141.08,-62.73811676,-71.75182346
141.09,-62.71847857,-71.73588538
141.1,-62.69882877,-71.71995531
141.11,-62.6791671,-71.70403321
141.12,-62.65949329,-71.68811904
141.13,-62.63980708,-71.67221277
141.14,-62.6201082,-71.65631435
141.15,-62.60039638,-71.64042373
141.16,-62.58067135,-71.62454088
141.17,-62.56093283,-71.60866574
141.18,-62.54118053,-71.59279827
141.19,-62.52141417,-71.57693841
141.2,-62.50163348,-71.56108613
141.21,-62.48183815,-71.54524137
141.22,-62.4620279,-71.52940408
141.23,-62.44220243,-71.51357421
141.24,-62.42236144,-71.4977517
141.25,-62.40250462,-71.4819365
141.26,-62.38263167,-71.46612855
141.27,-62.36274229,-71.4503278
141.28,-62.34283615,-71.4345342
141.29,-62.32291295,-71.41874767
141.3,-62.30297235,-71.40296817
141.31,-62.28301405,-71.38719562
141.32,-62.2630377,-71.37142997
141.33,-62.24304298,-71.35567116
141.34,-62.22302955,-71.33991912
141.35,-62.20299707,-71.32417378
141.36,-62.18294521,-71.30843508
141.37,-62.1628736,-71.29270295
141.38,-62.14278191,-71.27697732
141.39,-62.12266978,-71.26125812
141.4,-62.10253684,-71.24554528
141.41,-62.08238273,-71.22983873
141.42,-62.06220709,-71.21413838
141.43,-62.04200954,-71.19844417
141.44,-62.0217897,-71.18275602
141.45,-62.0015472,-71.16707386
141.46,-61.98128164,-71.15139759
141.47,-61.96099264,-71.13572715
141.48,-61.94067979,-71.12006245
141.49,-61.92034271,-71.1044034
141.5,-61.89998098,-71.08874993
141.51,-61.8795942,-71.07310195
141.52,-61.85918194,-71.05745937
141.53,-61.83874379,-71.0418221
141.54,-61.81827932,-71.02619005
141.55,-61.7977881,-71.01056314
141.56,-61.77726969,-70.99494126
141.57,-61.75672365,-70.97932433
141.58,-61.73614954,-70.96371225
141.59,-61.7155469,-70.94810492
141.6,-61.69491526,-70.93250225
141.61,-61.67425417,-70.91690413
141.62,-61.65356315,-70.90131047
141.63,-61.63284173,-70.88572116
141.64,-61.61208943,-70.8701361
141.65,-61.59130574,-70.85455518
141.66,-61.57049018,-70.8389783
141.67,-61.54964225,-70.82340534
141.68,-61.52876143,-70.8078362
141.69,-61.5078472,-70.79227077
141.7,-61.48689906,-70.77670892
141.71,-61.46591645,-70.76115056
141.72,-61.44489886,-70.74559555
141.73,-61.42384573,-70.73004378
141.74,-61.40275651,-70.71449513
141.75,-61.38163064,-70.69894948
141.76,-61.36046756,-70.68340671
141.77,-61.3392667,-70.66786669
141.78,-61.31802746,-70.65232929
141.79,-61.29674926,-70.63679438
141.8,-61.2754315,-70.62126184
141.81,-61.25407357,-70.60573154
141.82,-61.23267486,-70.59020332
141.83,-61.21123474,-70.57467707
141.84,-61.18975258,-70.55915265
141.85,-61.16822775,-70.54362991
141.86,-61.14665958,-70.5281087
141.87,-61.12504741,-70.5125889
141.88,-61.10339059,-70.49707035
141.89,-61.08168842,-70.4815529
141.9,-61.05994022,-70.46603641
141.91,-61.0381453,-70.45052072
141.92,-61.01630293,-70.43500568
141.93,-60.9944124,-70.41949112
141.94,-60.97247299,-70.40397691
141.95,-60.95048394,-70.38846286
141.96,-60.92844451,-70.37294883
141.97,-60.90635394,-70.35743464
141.98,-60.88421145,-70.34192013
141.99,-60.86201625,-70.32640513
142,-60.83976754,-70.31088946
142.01,-60.81746452,-70.29537296
142.02,-60.79510637,-70.27985544
142.03,-60.77269224,-70.26433673
142.04,-60.75022129,-70.24881664
142.05,-60.72769266,-70.23329499
142.06,-60.70510548,-70.2177716
142.07,-60.68245886,-70.20224627
142.08,-60.65975189,-70.18671881
142.09,-60.63698366,-70.17118903
142.1,-60.61415324,-70.15565673
142.11,-60.59125968,-70.14012171
142.12,-60.56830203,-70.12458377
142.13,-60.54527932,-70.10904269
142.14,-60.52219054,-70.09349829
142.15,-60.4990347,-70.07795033
142.16,-60.47581076,-70.06239861
142.17,-60.4525177,-70.0468429
142.18,-60.42915446,-70.031283
142.19,-60.40571995,-70.01571867
142.2,-60.3822131,-70.00014969
142.21,-60.35863278,-69.98457582
142.22,-60.33497788,-69.96899684
142.23,-60.31124725,-69.9534125
142.24,-60.28743972,-69.93782258
142.25,-60.26355411,-69.92222681
142.26,-60.2395892,-69.90662496
142.27,-60.21554379,-69.89101678
142.28,-60.19141661,-69.87540201
142.29,-60.16720641,-69.85978039
142.3,-60.14291189,-69.84415166
142.31,-60.11853175,-69.82851556
142.32,-60.09406464,-69.81287181
142.33,-60.06950921,-69.79722015
142.34,-60.04486408,-69.78156029
142.35,-60.02012752,-69.76589196
142.36,-59.99529658,-69.75021487
142.37,-59.97036899,-69.73452872
142.38,-59.94534505,-69.71883323
142.39,-59.92022456,-69.70312809
142.4,-59.89500588,-69.68741301
142.41,-59.86968741,-69.67168767
142.42,-59.84426749,-69.65595177
142.43,-59.81874449,-69.64020498
142.44,-59.79311671,-69.62444699
142.45,-59.76738246,-69.60867746
142.46,-59.74154001,-69.59289608
142.47,-59.7155876,-69.57710249
142.48,-59.68952345,-69.56129635
142.49,-59.66334573,-69.54547733
142.5,-59.6370526,-69.52964506
142.51,-59.61064216,-69.51379919
142.52,-59.5841125,-69.49793936
142.53,-59.55746166,-69.48206519
142.54,-59.53068764,-69.46617631
142.55,-59.50378843,-69.45027234
142.56,-59.47676194,-69.4343529
142.57,-59.44960608,-69.41841757
142.58,-59.42231869,-69.40246598
142.59,-59.39489758,-69.38649771
142.6,-59.36734052,-69.37051235
142.61,-59.33964523,-69.35450948
142.62,-59.31180939,-69.33848867
142.63,-59.28383063,-69.3224495
142.64,-59.25570654,-69.30639152
142.65,-59.22743464,-69.29031428
142.66,-59.19901243,-69.27421734
142.67,-59.17043735,-69.25810022
142.68,-59.14170677,-69.24196247
142.69,-59.11281803,-69.2258036
142.7,-59.08376839,-69.20962313
142.71,-59.05455508,-69.19342057
142.72,-59.02517526,-69.17719541
142.73,-58.99562602,-69.16094715
142.74,-58.9659044,-69.14467527
142.75,-58.93600739,-69.12837923
142.76,-58.9059319,-69.11205852
142.77,-58.87567476,-69.09571256
142.78,-58.84523277,-69.07934083
142.79,-58.81460262,-69.06294274
142.8,-58.78378096,-69.04651773
142.81,-58.75276435,-69.03006521
142.82,-58.72154928,-69.01358459
142.83,-58.69013216,-68.99707526
142.84,-58.65850932,-68.9805366
142.85,-58.62667702,-68.963968
142.86,-58.59463142,-68.94736881
142.87,-58.5623686,-68.93073838
142.88,-58.52988455,-68.91407605
142.89,-58.49717517,-68.89738115
142.9,-58.46423628,-68.88065299
142.91,-58.43106357,-68.86389088
142.92,-58.3976526,-68.8470941
142.93,-58.3639987,-68.83026193
142.94,-58.33009731,-68.81339364
142.95,-58.29594384,-68.79648846
142.96,-58.26153354,-68.77954564
142.97,-58.22686149,-68.7625644
142.98,-58.19192267,-68.74554394
142.99,-58.15671191,-68.72848346
143,-58.12122392,-68.71138212
143.01,-58.08545329,-68.69423908
143.02,-58.04939446,-68.67705349
143.03,-58.01304175,-68.65982448
143.04,-57.97638931,-68.64255115
143.05,-57.93943119,-68.6252326
143.06,-57.90216126,-68.60786789
143.07,-57.86457323,-68.59045608
143.08,-57.82666069,-68.57299621
143.09,-57.78841702,-68.5554873
143.1,-57.74983547,-68.53792834
143.11,-57.7109091,-68.52031831
143.12,-57.67163078,-68.50265616
143.13,-57.63199322,-68.48494084
143.14,-57.59198892,-68.46717124
143.15,-57.55161019,-68.44934627
143.16,-57.51084914,-68.43146479
143.17,-57.46969767,-68.41352564
143.18,-57.42814746,-68.39552764
143.19,-57.38618996,-68.37746959
143.2,-57.34381642,-68.35935025
143.21,-57.30101781,-68.34116837
143.22,-57.25778487,-68.32292266
143.23,-57.21410811,-68.30461182
143.24,-57.16997773,-68.28623449
143.25,-57.1253837,-68.26778931
143.26,-57.08031568,-68.24927488
143.27,-57.03476307,-68.23068977
143.28,-56.98871492,-68.21203252
143.29,-56.94216002,-68.19330162
143.3,-56.89508681,-68.17449556
143.31,-56.84748339,-68.15561276
143.32,-56.79933754,-68.13665163
143.33,-56.75063664,-68.11761053
143.34,-56.70136766,-68.09848779
143.35,-56.65151728,-68.0792817
143.36,-56.60107177,-68.0599905
143.37,-56.55001698,-68.04061241
143.38,-56.49833834,-68.02114558
143.39,-56.44602083,-68.00158815
143.4,-56.39304897,-67.98193818
143.41,-56.33940678,-67.96219371
143.42,-56.28507783,-67.94235272
143.43,-56.23004512,-67.92241315
143.44,-56.17429116,-67.90237288
143.45,-56.11779788,-67.88222974
143.46,-56.06054664,-67.86198152
143.47,-56.00251822,-67.84162593
143.48,-55.94369275,-67.82116064
143.49,-55.88404974,-67.80058327
143.5,-55.82356801,-67.77989136
143.51,-55.7622257,-67.75908239
143.52,-55.7000002,-67.73815379
143.53,-55.63686818,-67.71710291
143.54,-55.57280549,-67.69592704
143.55,-55.50778718,-67.67462339
143.56,-55.44178746,-67.6531891
143.57,-55.37477963,-67.63162125
143.58,-55.30673608,-67.60991681
143.59,-55.23762822,-67.5880727
143.6,-55.1674265,-67.56608575
143.61,-55.09610027,-67.54395267
143.62,-55.02361784,-67.52167014
143.63,-54.94994633,-67.4992347
143.64,-54.8750517,-67.47664281
143.65,-54.79889866,-67.45389084
143.66,-54.72145066,-67.43097504
143.67,-54.64266977,-67.40789157
143.68,-54.56251667,-67.38463647
143.69,-54.48095055,-67.36120568
143.7,-54.39792909,-67.33759499
143.71,-54.31340832,-67.31380012
143.72,-54.22734261,-67.28981661
143.73,-54.13968455,-67.26563991
143.74,-54.05038491,-67.24126531
143.75,-53.9593925,-67.21668797
143.76,-53.86665413,-67.19190289
143.77,-53.77211449,-67.16690494
143.78,-53.67571605,-67.14168881
143.79,-53.57739894,-67.11624905
143.8,-53.47710088,-67.09058002
143.81,-53.37475702,-67.06467591
143.82,-53.27029982,-67.03853072
143.83,-53.16365894,-67.01213829
143.84,-53.05476109,-66.98549222
143.85,-52.94352986,-66.95858592
143.86,-52.8298856,-66.93141259
143.87,-52.71374522,-66.90396521
143.88,-52.59502206,-66.87623652
143.89,-52.47362566,-66.84821901
143.9,-52.3494616,-66.81990494
143.91,-52.22243126,-66.79128628
143.92,-52.09243165,-66.76235474
143.93,-51.95935513,-66.73310175
143.94,-51.82308919,-66.70351843
143.95,-51.68351618,-66.6735956
143.96,-51.54051306,-66.64332374
143.97,-51.39395107,-66.612693
143.98,-51.24369546,-66.58169318
143.99,-51.08960515,-66.5503137
144,-50.93153237,-66.5185436
144.01,-50.76932234,-66.48637151
144.02,-50.60281283,-66.45378565
144.03,-50.43183378,-66.42077378
144.04,-50.25620686,-66.3873232
144.05,-50.07574504,-66.35342073
144.06,-49.89025204,-66.31905267
144.07,-49.69952189,-66.28420481
144.08,-49.50333834,-66.24886236
144.09,-49.30147431,-66.21300995
144.1,-49.09369126,-66.17663158
144.11,-48.8797386,-66.13971063
144.12,-48.65935295,-66.10222978
144.13,-48.43225748,-66.06417101
144.14,-48.19816115,-66.02551555
144.15,-47.95675791,-65.98624382
144.16,-47.7077259,-65.94633544
144.17,-47.45072654,-65.90576914
144.18,-47.1854037,-65.86452272
144.19,-46.91138266,-65.82257305
144.2,-46.62826922,-65.77989593
144.21,-46.3356486,-65.73646612
144.22,-46.03308444,-65.69225723
144.23,-45.72011769,-65.64724165
144.24,-45.39626548,-65.60139055
144.25,-45.06102,-65.55467372
144.26,-44.71384734,-65.50705956
144.27,-44.35418634,-65.45851495
144.28,-43.9814474,-65.40900522
144.29,-43.59501142,-65.35849399
144.3,-43.19422862,-65.30694313
144.31,-42.7784176,-65.25431262
144.32,-42.3468643,-65.20056045
144.33,-41.89882125,-65.14564248
144.34,-41.43350795,-65.08951233
144.35,-40.95010757,-65.03212126
144.36,-40.44776887,-64.97341796
144.37,-39.92560602,-64.91334846
144.38,-39.38269899,-64.85185591
144.39,-38.81809443,-64.78888042
144.4,-38.23080715,-64.72435885
144.41,-37.61982223,-64.65822464
144.42,-36.98409789,-64.59040752
144.43,-36.32256936,-64.52083331
144.44,-35.63415371,-64.44942366
144.45,-34.91775594,-64.37609577
144.46,-34.1722765,-64.30076205
144.47,-33.39662038,-64.22332988
144.48,-32.58970798,-64.14370118
144.49,-31.75048806,-64.0617721
144.5,-30.87795281,-63.97743259
144.51,-29.97115552,-63.890566
144.52,-29.02923068,-63.80104859
144.53,-28.05141709,-63.70874908
144.54,-27.03708362,-63.61352809
144.55,-25.98575807,-63.51523759
144.56,-24.89715877,-63.41372033
144.57,-23.77122878,-63.30880912
144.58,-22.60817232,-63.20032623
144.59,-21.40849281,-63.08808256
144.6,-20.17303152,-62.97187696
144.61,-18.90300592,-62.85149529
144.62,-17.60004607,-62.72670961
144.63,-16.26622742,-62.59727718
144.64,-14.90409813,-62.46293947
144.65,-13.5166986,-62.32342109
144.66,-12.10757118,-62.17842865
144.67,-10.68075773,-62.02764956
144.68,-9.240783339,-61.87075077
144.69,-7.792624573,-61.7073774
144.7,-6.341661547,-61.53715139
144.71,-4.893613781,-61.35966996
144.72,-3.454460751,-61.17450409
144.73,-2.030349087,-60.98119683
144.74,-0.6274892826,-60.77926161
144.75,0.7479543465,-60.56818039
144.76,2.089976121,-60.34740175
144.77,3.392839172,-60.11633882
144.78,4.651178696,-59.87436734
144.79,5.860093934,-59.62082325
144.8,7.01522525,-59.35500031
144.81,8.112813586,-59.07614761
144.82,9.149740627,-58.78346682
144.83,10.12354919,-58.47610935
144.84,11.03244441,-58.15317321
144.85,11.87527731,-57.81369968
144.86,12.65151296,-57.45666971
144.87,13.36118622,-57.08099999
144.88,14.0048479,-56.68553874
144.89,14.58350473,-56.26906109
144.9,15.09855588,-55.83026403
144.91,15.55172884,-55.36776099
144.92,15.94501674,-54.88007585
144.93,16.28061907,-54.36563646
144.94,16.5608869,-53.82276759
144.95,16.78827365,-53.24968325
144.96,16.96529176,-52.64447837
144.97,17.09447542,-52.00511983
144.98,17.17834933,-51.32943682
144.99,17.21940296,-50.61511291
145,17.22007012,-49.85967107
145.01,17.18271311,-49.06046278
145.02,17.10961092,-48.21465671
145.03,17.00295099,-47.31922701
145.04,16.86482386,-46.37094131
145.05,16.69722026,-45.36635701
145.06,16.50203024,-44.30179018
145.07,16.28104372,-43.17332408
145.08,16.0359524,-41.97680205
145.09,15.76835242,-40.70782696
145.1,15.47974783,-39.36176844
145.11,15.17155435,-37.93378044
145.12,14.84510351,-36.41883281
145.13,14.50164689,-34.81176162
145.14,14.14236045,-33.10734416
145.15,13.76834873,-31.30040596
145.16,13.38064907,-29.3859684
145.17,12.98023563,-27.35944666
145.18,12.56802321,-25.21690816
145.19,12.14487101,-22.95540094
145.2,11.71158605,-20.57335874
145.21,11.26892651,-18.07108353
145.22,10.81760478,-15.45129703
145.23,10.35829041,-12.71973765
145.24,9.89161277,-9.88576128
145.25,9.418163647,-6.962882224
145.26,8.938499557,-3.96917006
145.27,8.453143982,-0.9274038474
145.28,7.962589413,2.135115607
145.29,7.467299264,5.187175017
145.3,6.967709663,8.194715219
145.31,6.464231108,11.12232523
145.32,5.957250027,13.93505652
145.33,5.447130221,16.60037817
145.34,4.934214216,19.09004708
145.35,4.41882453,21.38166163
145.36,3.901264864,23.45970884
145.37,3.381821213,25.31599491
145.38,2.860762896,26.949448
145.39,2.338343545,28.36537639
145.4,1.814802012,29.57433262
145.41,1.290363225,30.59076555
145.42,0.7652389916,31.43163617
145.43,0.2396287356,32.11513994
145.44,-0.2862798008,32.65963081
145.45,-0.8123099184,33.08279329
145.46,-1.338295358,33.40106774
145.47,-1.864079746,33.62930478
145.48,-2.389516082,33.78060864
145.49,-2.914466257,33.86632323
145.5,-3.438800608,33.89611667
145.51,-3.962397504,33.87812645
145.52,-4.485142952,33.81913506
145.53,-5.006930237,33.72475461
145.54,-5.527659563,33.59960572
145.55,-6.047237739,33.44748207
145.56,-6.565577846,33.27149615
145.57,-7.082598957,33.07420478
145.58,-7.598225835,32.85771496
145.59,-8.112388649,32.62377162
145.6,-8.625022736,32.37382935
145.61,-9.136068321,32.10911058
145.62,-9.645470277,31.83065223
145.63,-10.15317789,31.539343
145.64,-10.65914464,31.235953
145.65,-11.163328,30.92115724
145.66,-11.6656892,30.59555419
145.67,-12.16619304,30.25968046
145.68,-12.66480775,29.91402243
145.69,-13.16150473,29.55902539
145.7,-13.65625849,29.19510085
145.71,-14.14904642,28.82263224
145.72,-14.63984865,28.44197957
145.73,-15.12864799,28.05348303
145.74,-15.61542972,27.65746591
145.75,-16.10018151,27.25423697
145.76,-16.5828933,26.84409225
145.77,-17.06355722,26.42731666
145.78,-17.54216749,26.0041851
145.79,-18.01872033,25.57496351
145.8,-18.49321391,25.13990966
145.81,-18.96564821,24.69927375
145.82,-19.43602508,24.25329895
145.83,-19.90434806,23.80222184
145.84,-20.37062242,23.34627277
145.85,-20.83485507,22.88567609
145.86,-21.29705455,22.42065042
145.87,-21.75723098,21.95140884
145.88,-22.21539605,21.47815904
145.89,-22.67156299,21.00110347
145.9,-23.12574658,20.52043942
145.91,-23.57796309,20.03635913
145.92,-24.02823032,19.54904991
145.93,-24.47656757,19.05869414
145.94,-24.92299566,18.56546941
145.95,-25.36753693,18.06954851
145.96,-25.81021522,17.57109956
145.97,-26.25105595,17.070286
145.98,-26.69008605,16.56726669
145.99,-27.12733406,16.06219591
146,-27.5628301,15.55522348
146.01,-27.99660588,15.04649476
146.02,-28.42869476,14.5361507
146.03,-28.85913175,14.02432792
146.04,-29.28795353,13.51115876
146.05,-29.7151985,12.99677134
146.06,-30.14090678,12.48128958
146.07,-30.56512025,11.96483332
146.08,-30.98788255,11.44751833
146.09,-31.40923915,10.92945639
146.1,-31.82923732,10.41075535
146.11,-32.24792619,9.891519217
146.12,-32.66535672,9.371848179
146.13,-33.0815818,8.851838703
146.14,-33.49665619,8.331583595
146.15,-33.91063652,7.811172057
146.16,-34.32358138,7.290689772
146.17,-34.73555126,6.770218965
146.18,-35.14660856,6.249838472
146.19,-35.55681754,5.72962382
146.2,-35.96624442,5.209647275
146.21,-36.37495729,4.689977942
146.22,-36.78302608,4.170681813
146.23,-37.19052254,3.651821846
146.24,-37.59752021,3.133458042
146.25,-38.00409437,2.615647493
146.26,-38.41032202,2.098444474
146.27,-38.81628181,1.581900509
146.28,-39.22205394,1.066064416
146.29,-39.6277201,0.5509824041
146.3,-40.03336337,0.0366981309
146.31,-40.43906811,-0.4767472509
146.32,-40.84491987,-0.9893150069
146.33,-41.25100524,-1.500968759
146.34,-41.65741172,-2.011674428
146.35,-42.06422761,-2.521400188
146.36,-42.4715418,-3.030116383
146.37,-42.87944352,-3.537795477
146.38,-43.28802221,-4.044411997
146.39,-43.69736722,-4.549942478
146.4,-44.10756763,-5.054365414
146.41,-44.51871196,-5.55766121
146.42,-44.93088792,-6.059812121
146.43,-45.34418196,-6.560802212
146.44,-45.75867901,-7.060617306
146.45,-46.17446212,-7.559244945
146.46,-46.59161205,-8.056674347
146.47,-47.01020678,-8.552896369
146.48,-47.4303211,-9.04790347
146.49,-47.85202773,-9.541689677
146.5,-48.27539228,-10.03425056
146.51,-48.70047643,-10.52558319
146.52,-49.12733659,-11.01568611
146.53,-49.5560234,-11.50455934
146.54,-49.98658072,-11.99220433
146.55,-50.41904506,-12.47862395
146.56,-50.85344479,-12.96382251
146.57,-51.28979928,-13.4478057
146.58,-51.72811829,-13.9305806
146.59,-52.16840098,-14.41215571
146.6,-52.61063513,-14.89254092
146.61,-53.05479621,-15.37174752
146.62,-53.5008466,-15.84978824
146.63,-53.94873467,-16.32667722
146.64,-54.39839395,-16.80243007
146.65,-54.84974221,-17.27706388
146.66,-55.30268069,-17.75059725
146.67,-55.75709327,-18.22305033
146.68,-56.21284576,-18.69444486
146.69,-56.66978519,-19.16480422
146.7,-57.12773925,-19.63415349
146.71,-57.58651577,-20.10251948
146.72,-58.04590235,-20.56993081
146.73,-58.50566614,-21.03641804
146.74,-58.96555379,-21.50201364
146.75,-59.42529153,-21.96675215
146.76,-59.88458543,-22.43067026
146.77,-60.34312187,-22.89380692
146.78,-60.80056833,-23.35620337
146.79,-61.25657431,-23.81790336
146.8,-61.71077255,-24.27895322
146.81,-62.16278045,-24.73940198
146.82,-62.61220173,-25.19930151
146.83,-63.05862845,-25.65870665
146.84,-63.50164321,-26.11767543
146.85,-63.94082155,-26.57626915
146.86,-64.37573466,-27.03455257
146.87,-64.80595213,-27.49259408
146.88,-65.23104491,-27.95046587
146.89,-65.6505884,-28.40824417
146.9,-66.06416559,-28.86600939
146.91,-66.47137024,-29.32384637
146.92,-66.87180996,-29.78184454
146.93,-67.26510928,-30.24009814
146.94,-67.65091257,-30.69870646
146.95,-68.02888678,-31.15777405
146.96,-68.39872396,-31.61741104
146.97,-68.76014342,-32.07773326
146.98,-69.11289367,-32.53886253
146.99,-69.45675395,-33.00092688
147,-69.79153544,-33.46406082
147.01,-70.11708205,-33.92840563
147.02,-70.43327088,-34.39410954
147.03,-70.74001216,-34.86132795
147.04,-71.03724902,-35.3302238
147.05,-71.3249567,-35.80096771
147.06,-71.6031416,-36.27373816
147.07,-71.87183987,-36.74872183
147.08,-72.13111594,-37.22611363
147.09,-72.38106062,-37.70611705
147.1,-72.6217892,-38.18894416
147.11,-72.85343929,-38.67481588
147.12,-73.07616865,-39.16396201
147.13,-73.29015295,-39.65662126
147.14,-73.49558351,-40.15304139
147.15,-73.69266505,-40.65347902
147.16,-73.88161351,-41.15819946
147.17,-74.06265398,-41.66747654
147.18,-74.23601865,-42.18159342
147.19,-74.40194498,-42.70084006
147.2,-74.56067389,-43.22551327
147.21,-74.71244822,-43.75591661
147.22,-74.85751123,-44.29235946
147.23,-74.99610527,-44.83515622
147.24,-75.12847066,-45.38462496
147.25,-75.25484464,-45.9410859
147.26,-75.37546048,-46.50485966
147.27,-75.49054674,-47.07626529
147.28,-75.60032666,-47.65561791
147.29,-75.70501762,-48.24322589
147.3,-75.80483073,-48.83938785
147.31,-75.89997055,-49.44438911
147.32,-75.99063485,-50.05849759
147.33,-76.07701444,-50.68195939
147.34,-76.15929312,-51.31499375
147.35,-76.23764765,-51.95778736
147.36,-76.31224775,-52.61048817
147.37,-76.38325622,-53.27319872
147.38,-76.45082901,-53.94596866
147.39,-76.51511538,-54.62878683
147.4,-76.57625802,-55.32157291
147.41,-76.6343933,-56.02416841
147.42,-76.68965141,-56.73632742
147.43,-76.74215656,-57.45770719
147.44,-76.79202726,-58.1878586
147.45,-76.83937645,-58.92621692
147.46,-76.88431178,-59.67209296
147.47,-76.92693582,-60.42466507
147.48,-76.96734623,-61.18297233
147.49,-77.00563604,-61.94590946
147.5,-77.04189382,-62.7122237
147.51,-77.07620389,-63.48051452
147.52,-77.1086465,-64.24923624
147.53,-77.13929805,-65.01670425
147.54,-77.16823125,-65.78110558
147.55,-77.19551531,-66.54051331
147.56,-77.22121608,-67.29290579
147.57,-77.24539625,-68.0361904
147.58,-77.26811546,-68.76823144
147.59,-77.28943049,-69.48688189
147.6,-77.30939536,-70.19001805
147.61,-77.32806147,-70.8755764
147.62,-77.34547776,-71.54159105
147.63,-77.36169077,-72.1862305
147.64,-77.37674483,-72.80783246
147.65,-77.3906821,-73.40493473
147.66,-77.40354272,-73.97630135
147.67,-77.4153649,-74.52094247
147.68,-77.42618502,-75.03812723
147.69,-77.43603771,-75.52738939
147.7,-77.44495598,-75.98852549
147.71,-77.45297128,-76.42158599
147.72,-77.46011359,-76.82686012
147.73,-77.46641152,-77.20485546
147.74,-77.47189238,-77.55627345
147.75,-77.47658227,-77.88198219
147.76,-77.48050616,-78.18298761
147.77,-77.48368795,-78.46040459
147.78,-77.48615058,-78.71542861
147.79,-77.48791605,-78.94930927
147.8,-77.48900555,-79.16332596
147.81,-77.48943945,-79.35876626
147.82,-77.48923744,-79.5369074
147.83,-77.48841854,-79.69900062
147.84,-77.48700115,-79.84625863
147.85,-77.48500312,-79.97984584
147.86,-77.4824418,-80.10087104
147.87,-77.47933406,-80.21038254
147.88,-77.47569632,-80.3093651
147.89,-77.47154463,-80.39873862
147.9,-77.46689464,-80.4793581
147.91,-77.46176165,-80.55201481
147.92,-77.45616063,-80.61743812
147.93,-77.45010624,-80.67629811
147.94,-77.44361284,-80.72920851
147.95,-77.43669447,-80.77672997
147.96,-77.42936492,-80.81937349
147.97,-77.42163768,-80.85760385
147.98,-77.41352595,-80.89184308
147.99,-77.40504268,-80.92247382
148,-77.39620052,-80.94984256
148.01,-77.38701184,-80.97426271
148.02,-77.37748876,-80.99601748
148.03,-77.36764308,-81.01536266
148.04,-77.35748633,-81.03252907
148.05,-77.34702974,-81.04772495
148.06,-77.33628426,-81.06113807
148.07,-77.32526054,-81.07293771
148.08,-77.31396893,-81.08327647
148.09,-77.30241949,-81.09229188
148.1,-77.29062196,-81.10010791
148.11,-77.2785858,-81.10683628
148.12,-77.26632017,-81.11257773
148.13,-77.2538339,-81.11742308
148.14,-77.24113556,-81.12145423
148.15,-77.2282334,-81.12474506
148.16,-77.21513539,-81.12736225
148.17,-77.20184919,-81.12936597
148.18,-77.18838219,-81.13081054
148.19,-77.17474149,-81.13174506
148.2,-77.16093393,-81.13221388
148.21,-77.14696606,-81.13225707
148.22,-77.13284416,-81.13191092
148.23,-77.11857427,-81.13120821
148.24,-77.10416217,-81.13017865
148.25,-77.08961339,-81.12884912
148.26,-77.07493322,-81.12724401
148.27,-77.06012672,-81.12538538
148.28,-77.04519873,-81.12329327
148.29,-77.03015387,-81.12098585
148.3,-77.01499654,-81.11847961
148.31,-76.99973095,-81.11578954
148.32,-76.98436111,-81.11292924
148.33,-76.96889085,-81.10991108
148.34,-76.9533238,-81.1067463
148.35,-76.93766344,-81.10344516
148.36,-76.92191306,-81.10001695
148.37,-76.90607581,-81.09647016
148.38,-76.89015468,-81.09281252
148.39,-76.87415252,-81.08905107
148.4,-76.85807201,-81.08519223
148.41,-76.84191575,-81.08124186
148.42,-76.82568616,-81.0772053
148.43,-76.80938556,-81.07308742
148.44,-76.79301617,-81.06889268
148.45,-76.77658008,-81.06462515
148.46,-76.76007928,-81.06028855
148.47,-76.74351565,-81.05588626
148.48,-76.72689099,-81.05142141
148.49,-76.71020701,-81.04689682
148.5,-76.69346531,-81.0423151
148.51,-76.67666745,-81.03767863
148.52,-76.65981486,-81.03298957
148.53,-76.64290895,-81.02824993
148.54,-76.62595102,-81.02346153
148.55,-76.60894233,-81.01862603
148.56,-76.59188406,-81.01374496
148.57,-76.57477733,-81.00881973
148.58,-76.55762322,-81.00385162
148.59,-76.54042274,-80.9988418
148.6,-76.52317687,-80.99379134
148.61,-76.50588652,-80.98870123
148.62,-76.48855256,-80.98357237
148.63,-76.47117582,-80.97840559
148.64,-76.4537571,-80.97320164
148.65,-76.43629715,-80.96796121
148.66,-76.41879668,-80.96268493
148.67,-76.40125638,-80.95737338
148.68,-76.38367689,-80.95202708
148.69,-76.36605884,-80.94664652
148.7,-76.34840281,-80.94123214
148.71,-76.33070938,-80.93578433
148.72,-76.31297906,-80.93030346
148.73,-76.29521239,-80.92478986
148.74,-76.27740984,-80.91924383
148.75,-76.25957189,-80.91366564
148.76,-76.24169898,-80.90805553
148.77,-76.22379155,-80.90241374
148.78,-76.20585,-80.89674045
148.79,-76.18787472,-80.89103586
148.8,-76.1698661,-80.88530012
148.81,-76.1518245,-80.87953337
148.82,-76.13375026,-80.87373574
148.83,-76.11564371,-80.86790735
148.84,-76.09750518,-80.86204829
148.85,-76.07933497,-80.85615866
148.86,-76.06113339,-80.85023852
148.87,-76.04290071,-80.84428793
148.88,-76.02463722,-80.83830697
148.89,-76.00634317,-80.83229565
148.9,-75.98801884,-80.82625404
148.91,-75.96966446,-80.82018214
148.92,-75.95128028,-80.81407998
148.93,-75.93286653,-80.80794758
148.94,-75.91442344,-80.80178495
148.95,-75.89595122,-80.79559208
148.96,-75.87745009,-80.78936896
148.97,-75.85892026,-80.7831156
148.98,-75.84036192,-80.77683198
148.99,-75.82177528,-80.77051808
149,-75.80316052,-80.76417388
149.01,-75.78451784,-80.75779934
149.02,-75.7658474,-80.75139446
149.03,-75.7471494,-80.74495919
149.04,-75.728424,-80.73849349
149.05,-75.70967137,-80.73199733
149.06,-75.69089168,-80.72547068
149.07,-75.6720851,-80.71891348
149.08,-75.65325178,-80.7123257
149.09,-75.63439189,-80.70570728
149.1,-75.61550557,-80.69905818
149.11,-75.59659298,-80.69237836
149.12,-75.57765426,-80.68566775
149.13,-75.55868958,-80.6789263
149.14,-75.53969906,-80.67215398
149.15,-75.52068286,-80.6653507
149.16,-75.50164111,-80.65851643
149.17,-75.48257396,-80.65165111
149.18,-75.46348154,-80.64475468
149.19,-75.44436399,-80.63782707
149.2,-75.42522145,-80.63086824
149.21,-75.40605404,-80.62387812
149.22,-75.38686191,-80.61685665
149.23,-75.36764517,-80.60980377
149.24,-75.34840397,-80.60271942
149.25,-75.32913844,-80.59560354
149.26,-75.30984869,-80.58845607
149.27,-75.29053486,-80.58127695
149.28,-75.27119707,-80.57406611
149.29,-75.25183545,-80.5668235
149.3,-75.23245013,-80.55954905
149.31,-75.21304122,-80.5522427
149.32,-75.19360886,-80.54490439
149.33,-75.17415317,-80.53753406
149.34,-75.15467426,-80.53013164
149.35,-75.13517226,-80.52269707
149.36,-75.11564729,-80.5152303
149.37,-75.09609948,-80.50773126
149.38,-75.07652894,-80.50019988
149.39,-75.05693579,-80.49263612
149.4,-75.03732016,-80.48503991
149.41,-75.01768216,-80.47741119
149.42,-74.99802192,-80.4697499
149.43,-74.97833955,-80.46205597
149.44,-74.95863517,-80.45432936
149.45,-74.9389089,-80.44657001
149.46,-74.91916087,-80.43877784
149.47,-74.89939118,-80.43095282
149.48,-74.87959996,-80.42309487
149.49,-74.85978732,-80.41520395
149.5,-74.83995339,-80.40727999
149.51,-74.82009828,-80.39932295
149.52,-74.80022212,-80.39133276
149.53,-74.78032501,-80.38330937
149.54,-74.76040707,-80.37525272
149.55,-74.74046843,-80.36716277
149.56,-74.72050921,-80.35903946
149.57,-74.70052951,-80.35088274
149.58,-74.68052946,-80.34269255
149.59,-74.66050918,-80.33446885
149.6,-74.64046878,-80.32621158
149.61,-74.62040839,-80.31792069
149.62,-74.60032812,-80.30959614
149.63,-74.58022808,-80.30123787
149.64,-74.5601084,-80.29284584
149.65,-74.5399692,-80.28442
149.66,-74.51981059,-80.2759603
149.67,-74.49963269,-80.2674667
149.68,-74.47943562,-80.25893915
149.69,-74.45921949,-80.25037761
149.7,-74.43898444,-80.24178204
149.71,-74.41873057,-80.23315238
149.72,-74.398458,-80.2244886
149.73,-74.37816686,-80.21579066
149.74,-74.35785726,-80.20705852
149.75,-74.33752932,-80.19829213
149.76,-74.31718315,-80.18949146
149.77,-74.29681889,-80.18065646
149.78,-74.27643664,-80.17178711
149.79,-74.25603653,-80.16288336
149.8,-74.23561868,-80.15394517
149.81,-74.2151832,-80.14497252
149.82,-74.19473022,-80.13596536
149.83,-74.17425985,-80.12692367
149.84,-74.15377222,-80.11784741
149.85,-74.13326744,-80.10873655
149.86,-74.11274563,-80.09959105
149.87,-74.09220692,-80.0904109
149.88,-74.07165142,-80.08119605
149.89,-74.05107926,-80.07194647
149.9,-74.03049055,-80.06266215
149.91,-74.00988542,-80.05334306
149.92,-73.98926398,-80.04398916
149.93,-73.96862635,-80.03460044
149.94,-73.94797267,-80.02517686
149.95,-73.92730304,-80.01571841
149.96,-73.90661758,-80.00622506
149.97,-73.88591643,-79.99669679
149.98,-73.86519969,-79.98713358
149.99,-73.8444675,-79.97753542
150,-73.82371996,-79.96790227
150.01,-73.80295721,-79.95823413
150.02,-73.78217936,-79.94853097
150.03,-73.76138654,-79.93879279
150.04,-73.74057886,-79.92901956
150.05,-73.71975645,-79.91921127
150.06,-73.69891943,-79.90936791
150.07,-73.67806792,-79.89948946
150.08,-73.65720204,-79.88957591
150.09,-73.63632191,-79.87962726
150.1,-73.61542766,-79.86964349
150.11,-73.5945194,-79.85962459
150.12,-73.57359726,-79.84957056
150.13,-73.55266136,-79.83948139
150.14,-73.53171183,-79.82935707
150.15,-73.51074877,-79.81919761
150.16,-73.48977233,-79.80900298
150.17,-73.4687826,-79.7987732
150.18,-73.44777973,-79.78850826
150.19,-73.42676383,-79.77820816
150.2,-73.40573502,-79.76787289
150.21,-73.38469343,-79.75750247
150.22,-73.36363917,-79.74709688
150.23,-73.34257237,-79.73665614
150.24,-73.32149315,-79.72618025
150.25,-73.30040164,-79.71566921
150.26,-73.27929794,-79.70512304
150.27,-73.2581822,-79.69454172
150.28,-73.23705452,-79.68392528
150.29,-73.21591503,-79.67327372
150.3,-73.19476386,-79.66258706
150.31,-73.17360111,-79.65186529
150.32,-73.15242693,-79.64110844
150.33,-73.13124142,-79.63031652
150.34,-73.11004471,-79.61948954
150.35,-73.08883692,-79.60862751
150.36,-73.06761818,-79.59773045
150.37,-73.0463886,-79.58679839
150.38,-73.02514831,-79.57583132
150.39,-73.00389742,-79.56482929
150.4,-72.98263606,-79.55379229
150.41,-72.96136436,-79.54272036
150.42,-72.94008243,-79.53161352
150.43,-72.91879039,-79.52047179
150.44,-72.89748837,-79.50929519
150.45,-72.87617648,-79.49808375
150.46,-72.85485485,-79.48683749
150.47,-72.8335236,-79.47555644
150.48,-72.81218286,-79.46424063
150.49,-72.79083273,-79.45289008
150.5,-72.76947334,-79.44150483
150.51,-72.74810482,-79.43008491
150.52,-72.72672728,-79.41863035
150.53,-72.70534085,-79.40714118
150.54,-72.68394564,-79.39561744
150.55,-72.66254177,-79.38405915
150.56,-72.64112937,-79.37246637
150.57,-72.61970856,-79.36083911
150.58,-72.59827945,-79.34917743
150.59,-72.57684217,-79.33748135
150.6,-72.55539684,-79.32575093
150.61,-72.53394357,-79.31398619
150.62,-72.51248248,-79.30218719
150.63,-72.4910137,-79.29035396
150.64,-72.46953735,-79.27848655
150.65,-72.44805354,-79.266585
150.66,-72.42656239,-79.25464936
150.67,-72.40506402,-79.24267968
150.68,-72.38355855,-79.230676
150.69,-72.36204611,-79.21863838
150.7,-72.3405268,-79.20656685
150.71,-72.31900074,-79.19446148
150.72,-72.29746806,-79.18232231
150.73,-72.27592888,-79.1701494
150.74,-72.2543833,-79.1579428
150.75,-72.23283145,-79.14570256
150.76,-72.21127344,-79.13342875
150.77,-72.1897094,-79.12112141
150.78,-72.16813944,-79.10878061
150.79,-72.14656368,-79.09640641
150.8,-72.12498222,-79.08399885
150.81,-72.1033952,-79.07155801
150.82,-72.08180273,-79.05908395
150.83,-72.06020492,-79.04657672
150.84,-72.03860189,-79.03403639
150.85,-72.01699375,-79.02146303
150.86,-71.99538062,-79.0088567
150.87,-71.97376262,-78.99621746
150.88,-71.95213986,-78.98354539
150.89,-71.93051246,-78.97084055
150.9,-71.90888052,-78.95810301
150.91,-71.88724418,-78.94533285
150.92,-71.86560353,-78.93253012
150.93,-71.84395869,-78.91969491
150.94,-71.82230978,-78.90682728
150.95,-71.80065692,-78.89392732
150.96,-71.7790002,-78.88099509
150.97,-71.75733976,-78.86803067
150.98,-71.73567569,-78.85503413
150.99,-71.71400812,-78.84200556
151,-71.69233715,-78.82894504
151.01,-71.6706629,-78.81585263
151.02,-71.64898548,-78.80272843
151.03,-71.627305,-78.78957251
151.04,-71.60562157,-78.77638495
151.05,-71.58393531,-78.76316585
151.06,-71.56224632,-78.74991527
151.07,-71.54055471,-78.73663331
151.08,-71.51886059,-78.72332005
151.09,-71.49716408,-78.70997557
151.1,-71.47546529,-78.69659997
151.11,-71.45376431,-78.68319334
151.12,-71.43206127,-78.66975575
151.13,-71.41035627,-78.65628731
151.14,-71.38864942,-78.6427881
151.15,-71.36694082,-78.62925821
151.16,-71.3452306,-78.61569773
151.17,-71.32351884,-78.60210677
151.18,-71.30180566,-78.5884854
151.19,-71.28009117,-78.57483373
151.2,-71.25837547,-78.56115186
151.21,-71.23665867,-78.54743988
151.22,-71.21494088,-78.53369788
151.23,-71.1932222,-78.51992596
151.24,-71.17150273,-78.50612423
151.25,-71.14978258,-78.49229278
151.26,-71.12806186,-78.47843171
151.27,-71.10634067,-78.46454113
151.28,-71.08461911,-78.45062114
151.29,-71.06289729,-78.43667183
151.3,-71.04117531,-78.42269332
151.31,-71.01945327,-78.4086857
151.32,-70.99773127,-78.39464908
151.33,-70.97600943,-78.38058357
151.34,-70.95428783,-78.36648928
151.35,-70.93256658,-78.35236631
151.36,-70.91084579,-78.33821476
151.37,-70.88912554,-78.32403476
151.38,-70.86740595,-78.3098264
151.39,-70.84568711,-78.2955898
151.4,-70.82396912,-78.28132507
151.41,-70.80225209,-78.26703232
151.42,-70.7805361,-78.25271166
151.43,-70.75882126,-78.23836321
151.44,-70.73710766,-78.22398708
151.45,-70.71539541,-78.20958338
151.46,-70.6936846,-78.19515223
151.47,-70.67197532,-78.18069374
151.48,-70.65026768,-78.16620804
151.49,-70.62856177,-78.15169523
151.5,-70.60685768,-78.13715544
151.51,-70.58515551,-78.12258879
151.52,-70.56345536,-78.10799538
151.53,-70.54175731,-78.09337535
151.54,-70.52006147,-78.07872882
151.55,-70.49836792,-78.06405589
151.56,-70.47667676,-78.04935671
151.57,-70.45498809,-78.03463138
151.58,-70.43330198,-78.01988003
151.59,-70.41161854,-78.00510278
151.6,-70.38993786,-77.99029976
151.61,-70.36826003,-77.9754711
151.62,-70.34658513,-77.96061691
151.63,-70.32491326,-77.94573732
151.64,-70.30324451,-77.93083246
151.65,-70.28157896,-77.91590246
151.66,-70.25991671,-77.90094744
151.67,-70.23825784,-77.88596753
151.68,-70.21660244,-77.87096286
151.69,-70.1949506,-77.85593356
151.7,-70.17330241,-77.84087976
151.71,-70.15165794,-77.82580158
151.72,-70.13001729,-77.81069916
151.73,-70.10838054,-77.79557263
151.74,-70.08674778,-77.78042212
151.75,-70.06511909,-77.76524777
151.76,-70.04349456,-77.75004969
151.77,-70.02187426,-77.73482804
151.78,-70.00025828,-77.71958293
151.79,-69.97864671,-77.70431451
151.8,-69.95703963,-77.68902291
151.81,-69.93543711,-77.67370826
151.82,-69.91383924,-77.6583707
151.83,-69.89224609,-77.64301036
151.84,-69.87065776,-77.62762739
151.85,-69.84907432,-77.61222191
151.86,-69.82749584,-77.59679406
151.87,-69.80592241,-77.58134399
151.88,-69.7843541,-77.56587182
151.89,-69.76279099,-77.55037769
151.9,-69.74123316,-77.53486176
151.91,-69.71968069,-77.51932414
151.92,-69.69813364,-77.50376499
151.93,-69.6765921,-77.48818444
151.94,-69.65505615,-77.47258263
151.95,-69.63352585,-77.4569597
151.96,-69.61200127,-77.44131579
151.97,-69.5904825,-77.42565105
151.98,-69.56896961,-77.40996561
151.99,-69.54746266,-77.39425961
152,-69.52596174,-77.3785332
152.01,-69.5044669,-77.36278652
152.02,-69.48297822,-77.34701972
152.03,-69.46149578,-77.33123292
152.04,-69.44001964,-77.31542628
152.05,-69.41854986,-77.29959995
152.06,-69.39708653,-77.28375405
152.07,-69.3756297,-77.26788875
152.08,-69.35417945,-77.25200417
152.09,-69.33273584,-77.23610047
152.1,-69.31129893,-77.22017779
152.11,-69.2898688,-77.20423627
152.12,-69.26844551,-77.18827606
152.13,-69.24702912,-77.17229731
152.14,-69.22561969,-77.15630015
152.15,-69.2042173,-77.14028474
152.16,-69.182822,-77.12425122
152.17,-69.16143386,-77.10819973
152.18,-69.14005294,-77.09213043
152.19,-69.11867929,-77.07604345
152.2,-69.09731299,-77.05993895
152.21,-69.07595408,-77.04381707
152.22,-69.05460264,-77.02767796
152.23,-69.03325871,-77.01152176
152.24,-69.01192236,-76.99534862
152.25,-68.99059365,-76.97915869
152.26,-68.96927263,-76.96295212
152.27,-68.94795936,-76.94672904
152.28,-68.92665389,-76.93048962
152.29,-68.90535628,-76.91423399
152.3,-68.88406659,-76.8979623
152.31,-68.86278487,-76.88167471
152.32,-68.84151118,-76.86537136
152.33,-68.82024556,-76.84905239
152.34,-68.79898807,-76.83271796
152.35,-68.77773876,-76.81636821
152.36,-68.75649768,-76.80000329
152.37,-68.73526489,-76.78362335
152.38,-68.71404043,-76.76722853
152.39,-68.69282436,-76.75081899
152.4,-68.67161672,-76.73439487
152.41,-68.65041756,-76.71795631
152.42,-68.62922693,-76.70150348
152.43,-68.60804488,-76.68503651
152.44,-68.58687144,-76.66855555
152.45,-68.56570668,-76.65206076
152.46,-68.54455063,-76.63555227
152.47,-68.52340334,-76.61903024
152.48,-68.50226486,-76.60249481
152.49,-68.48113522,-76.58594613
152.5,-68.46001446,-76.56938436
152.51,-68.43890265,-76.55280963
152.52,-68.4177998,-76.53622209
152.53,-68.39670597,-76.5196219
152.54,-68.37562119,-76.50300919
152.55,-68.35454551,-76.48638412
152.56,-68.33347897,-76.46974684
152.57,-68.31242159,-76.45309748
152.58,-68.29137343,-76.43643621
152.59,-68.27033451,-76.41976315
152.6,-68.24930488,-76.40307847
152.61,-68.22828458,-76.3863823
152.62,-68.20727362,-76.36967479
152.63,-68.18627206,-76.3529561
152.64,-68.16527993,-76.33622636
152.65,-68.14429725,-76.31948572
152.66,-68.12332406,-76.30273433
152.67,-68.1023604,-76.28597233
152.68,-68.0814063,-76.26919987
152.69,-68.06046178,-76.25241709
152.7,-68.03952688,-76.23562415
152.71,-68.01860163,-76.21882117
152.72,-67.99768605,-76.20200831
152.73,-67.97678018,-76.18518571
152.74,-67.95588404,-76.16835352
152.75,-67.93499766,-76.15151188
152.76,-67.91412107,-76.13466093
152.77,-67.89325429,-76.11780082
152.78,-67.87239735,-76.10093169
152.79,-67.85155027,-76.08405368
152.8,-67.83071307,-76.06716693
152.81,-67.80988579,-76.0502716
152.82,-67.78906844,-76.03336781
152.83,-67.76826104,-76.01645572
152.84,-67.74746362,-75.99953546
152.85,-67.72667619,-75.98260717
152.86,-67.70589878,-75.965671
152.87,-67.68513141,-75.94872709
152.88,-67.66437409,-75.93177557
152.89,-67.64362684,-75.91481659
152.9,-67.62288969,-75.89785029
152.91,-67.60216264,-75.88087681
152.92,-67.58144571,-75.86389627
152.93,-67.56073892,-75.84690884
152.94,-67.54004229,-75.82991463
152.95,-67.51935582,-75.8129138
152.96,-67.49867954,-75.79590647
152.97,-67.47801345,-75.77889279
152.98,-67.45735756,-75.76187289
152.99,-67.4367119,-75.74484691
153,-67.41607646,-75.72781499
153.01,-67.39545126,-75.71077725
153.02,-67.3748363,-75.69373385
153.03,-67.35423161,-75.6766849
153.04,-67.33363718,-75.65963056
153.05,-67.31305302,-75.64257094
153.06,-67.29247914,-75.62550619
153.07,-67.27191555,-75.60843643
153.08,-67.25136225,-75.59136181
153.09,-67.23081925,-75.57428245
153.1,-67.21028654,-75.55719849
153.11,-67.18976414,-75.54011005
153.12,-67.16925205,-75.52301727
153.13,-67.14875026,-75.50592029
153.14,-67.12825878,-75.48881922
153.15,-67.10777762,-75.47171421
153.16,-67.08730676,-75.45460537
153.17,-67.06684622,-75.43749284
153.18,-67.04639598,-75.42037675
153.19,-67.02595606,-75.40325723
153.2,-67.00552643,-75.3861344
153.21,-66.98510711,-75.36900839
153.22,-66.96469808,-75.35187933
153.23,-66.94429935,-75.33474734
153.24,-66.9239109,-75.31761255
153.25,-66.90353274,-75.30047509
153.26,-66.88316485,-75.28333507
153.27,-66.86280722,-75.26619263
153.28,-66.84245986,-75.24904788
153.29,-66.82212274,-75.23190095
153.3,-66.80179587,-75.21475197
153.31,-66.78147922,-75.19760105
153.32,-66.7611728,-75.18044832
153.33,-66.74087658,-75.16329389
153.34,-66.72059056,-75.14613789
153.35,-66.70031472,-75.12898044
153.36,-66.68004905,-75.11182166
153.37,-66.65979353,-75.09466166
153.38,-66.63954815,-75.07750057
153.39,-66.6193129,-75.06033849
153.4,-66.59908775,-75.04317556
153.41,-66.5788727,-75.02601188
153.42,-66.55866771,-75.00884758
153.43,-66.53847278,-74.99168276
153.44,-66.51828789,-74.97451754
153.45,-66.49811301,-74.95735204
153.46,-66.47794812,-74.94018637
153.47,-66.45779321,-74.92302064
153.48,-66.43764824,-74.90585497
153.49,-66.4175132,-74.88868947
153.5,-66.39738807,-74.87152424
153.51,-66.37727282,-74.85435941
153.52,-66.35716742,-74.83719507
153.53,-66.33707185,-74.82003134
153.54,-66.31698608,-74.80286833
153.55,-66.29691009,-74.78570615
153.56,-66.27684385,-74.7685449
153.57,-66.25678733,-74.75138469
153.58,-66.23674049,-74.73422563
153.59,-66.21670332,-74.71706782
153.6,-66.19667578,-74.69991136
153.61,-66.17665783,-74.68275638
153.62,-66.15664945,-74.66560295
153.63,-66.1366506,-74.6484512
153.64,-66.11666126,-74.63130122
153.65,-66.09668138,-74.61415311
153.66,-66.07671092,-74.59700698
153.67,-66.05674987,-74.57986292
153.68,-66.03679817,-74.56272104
153.69,-66.01685579,-74.54558144
153.7,-65.99692269,-74.52844421
153.71,-65.97699884,-74.51130945
153.72,-65.95708419,-74.49417725
153.73,-65.9371787,-74.47704773
153.74,-65.91728234,-74.45992096
153.75,-65.89739506,-74.44279705
153.76,-65.87751682,-74.42567609
153.77,-65.85764757,-74.40855818
153.78,-65.83778728,-74.3914434
153.79,-65.81793589,-74.37433186
153.8,-65.79809336,-74.35722364
153.81,-65.77825965,-74.34011883
153.82,-65.7584347,-74.32301752
153.83,-65.73861848,-74.30591981
153.84,-65.71881093,-74.28882578
153.85,-65.699012,-74.27173552
153.86,-65.67922164,-74.25464912
153.87,-65.65943981,-74.23756667
153.88,-65.63966644,-74.22048825
153.89,-65.61990149,-74.20341394
153.9,-65.60014491,-74.18634384
153.91,-65.58039663,-74.16927802
153.92,-65.56065662,-74.15221657
153.93,-65.5409248,-74.13515957
153.94,-65.52120112,-74.11810711
153.95,-65.50148553,-74.10105926
153.96,-65.48177797,-74.08401611
153.97,-65.46207838,-74.06697773
153.98,-65.4423867,-74.04994421
153.99,-65.42270287,-74.03291561
154,-65.40302683,-74.01589203
154.01,-65.38335851,-73.99887354
154.02,-65.36369786,-73.9818602
154.03,-65.34404481,-73.96485211
154.04,-65.3243993,-73.94784933
154.05,-65.30476125,-73.93085193
154.06,-65.28513062,-73.91386
154.07,-65.26550731,-73.89687359
154.08,-65.24589128,-73.87989279
154.09,-65.22628245,-73.86291767
154.1,-65.20668076,-73.84594829
154.11,-65.18708612,-73.82898472
154.12,-65.16749848,-73.81202703
154.13,-65.14791775,-73.7950753
154.14,-65.12834388,-73.77812958
154.15,-65.10877677,-73.76118995
154.16,-65.08921636,-73.74425646
154.17,-65.06966258,-73.72732919
154.18,-65.05011534,-73.7104082
154.19,-65.03057457,-73.69349355
154.2,-65.01104019,-73.6765853
154.21,-64.99151213,-73.65968352
154.22,-64.97199029,-73.64278826
154.23,-64.95247461,-73.62589959
154.24,-64.932965,-73.60901757
154.25,-64.91346138,-73.59214225
154.26,-64.89396366,-73.5752737
154.27,-64.87447177,-73.55841196
154.28,-64.8549856,-73.54155711
154.29,-64.83550509,-73.52470918
154.3,-64.81603014,-73.50786824
154.31,-64.79656066,-73.49103434
154.32,-64.77709657,-73.47420754
154.33,-64.75763777,-73.45738788
154.34,-64.73818418,-73.44057542
154.35,-64.71873569,-73.42377021
154.36,-64.69929223,-73.4069723
154.37,-64.6798537,-73.39018174
154.38,-64.66041999,-73.37339857
154.39,-64.64099102,-73.35662285
154.4,-64.62156669,-73.33985462
154.41,-64.6021469,-73.32309393
154.42,-64.58273156,-73.30634082
154.43,-64.56332055,-73.28959534
154.44,-64.54391379,-73.27285753
154.45,-64.52451117,-73.25612744
154.46,-64.50511259,-73.2394051
154.47,-64.48571794,-73.22269056
154.48,-64.46632712,-73.20598386
154.49,-64.44694002,-73.18928504
154.5,-64.42755654,-73.17259414
154.51,-64.40817657,-73.15591119
154.52,-64.3888,-73.13923624
154.53,-64.36942671,-73.12256931
154.54,-64.35005661,-73.10591046
154.55,-64.33068957,-73.0892597
154.56,-64.31132548,-73.07261708
154.57,-64.29196423,-73.05598262
154.58,-64.27260571,-73.03935637
154.59,-64.25324979,-73.02273835
154.6,-64.23389635,-73.00612859
154.61,-64.21454528,-72.98952713
154.62,-64.19519647,-72.97293399
154.63,-64.17584977,-72.9563492
154.64,-64.15650509,-72.93977279
154.65,-64.13716228,-72.92320479
154.66,-64.11782123,-72.90664522
154.67,-64.09848181,-72.89009411
154.68,-64.07914388,-72.87355148
154.69,-64.05980734,-72.85701735
154.7,-64.04047203,-72.84049175
154.71,-64.02113784,-72.82397471
154.72,-64.00180463,-72.80746623
154.73,-63.98247226,-72.79096635
154.74,-63.9631406,-72.77447507
154.75,-63.94380952,-72.75799243
154.76,-63.92447888,-72.74151844
154.77,-63.90514853,-72.72505311
154.78,-63.88581834,-72.70859646
154.79,-63.86648817,-72.6921485
154.8,-63.84715788,-72.67570926
154.81,-63.82782731,-72.65927874
154.82,-63.80849632,-72.64285696
154.83,-63.78916477,-72.62644393
154.84,-63.76983251,-72.61003966
154.85,-63.75049939,-72.59364416
154.86,-63.73116526,-72.57725744
154.87,-63.71182996,-72.56087951
154.88,-63.69249333,-72.54451037
154.89,-63.67315524,-72.52815004
154.9,-63.6538155,-72.51179851
154.91,-63.63447398,-72.49545581
154.92,-63.6151305,-72.47912192
154.93,-63.59578491,-72.46279685
154.94,-63.57643704,-72.44648061
154.95,-63.55708673,-72.43017319
154.96,-63.53773381,-72.4138746
154.97,-63.51837811,-72.39758484
154.98,-63.49901946,-72.38130391
154.99,-63.47965769,-72.3650318
155,-63.46029263,-72.34876852
155.01,-63.4409241,-72.33251405
155.02,-63.42155193,-72.3162684
155.03,-63.40217593,-72.30003156
155.04,-63.38279593,-72.28380352
155.05,-63.36341175,-72.26758428
155.06,-63.34402319,-72.25137383
155.07,-63.32463009,-72.23517216
155.08,-63.30523224,-72.21897926
155.09,-63.28582946,-72.20279513
155.1,-63.26642156,-72.18661974
155.11,-63.24700835,-72.17045308
155.12,-63.22758963,-72.15429515
155.13,-63.2081652,-72.13814593
155.14,-63.18873487,-72.12200541
155.15,-63.16929843,-72.10587356
155.16,-63.14985568,-72.08975038
155.17,-63.13040642,-72.07363584
155.18,-63.11095043,-72.05752993
155.19,-63.09148752,-72.04143262
155.2,-63.07201747,-72.0253439
155.21,-63.05254007,-72.00926374
155.22,-63.0330551,-71.99319212
155.23,-63.01356234,-71.97712903
155.24,-62.99406157,-71.96107442
155.25,-62.97455258,-71.94502829
155.26,-62.95503513,-71.9289906
155.27,-62.935509,-71.91296133
155.28,-62.91597397,-71.89694045
155.29,-62.89642979,-71.88092793
155.3,-62.87687624,-71.86492373
155.31,-62.85731309,-71.84892784
155.32,-62.83774008,-71.83294021
155.33,-62.81815698,-71.81696082
155.34,-62.79856355,-71.80098963
155.35,-62.77895954,-71.78502661
155.36,-62.7593447,-71.76907171
155.37,-62.73971878,-71.75312491
155.38,-62.72008153,-71.73718617
155.39,-62.70043268,-71.72125544
155.4,-62.68077199,-71.7053327
155.41,-62.66109918,-71.68941789
155.42,-62.64141399,-71.67351097
155.43,-62.62171615,-71.65761191
155.44,-62.6020054,-71.64172066
155.45,-62.58228145,-71.62583717
155.46,-62.56254403,-71.6099614
155.47,-62.54279287,-71.5940933
155.48,-62.52302767,-71.57823283
155.49,-62.50324815,-71.56237993
155.5,-62.48345403,-71.54653455
155.51,-62.463645,-71.53069666
155.52,-62.44382078,-71.51486618
155.53,-62.42398106,-71.49904307
155.54,-62.40412555,-71.48322727
155.55,-62.38425393,-71.46741874
155.56,-62.36436589,-71.4516174
155.57,-62.34446113,-71.43582321
155.58,-62.32453933,-71.42003611
155.59,-62.30460016,-71.40425603
155.6,-62.28464331,-71.38848292
155.61,-62.26466844,-71.37271671
155.62,-62.24467523,-71.35695735
155.63,-62.22466334,-71.34120475
155.64,-62.20463243,-71.32545887
155.65,-62.18458216,-71.30971963
155.66,-62.16451217,-71.29398696
155.67,-62.14442213,-71.27826081
155.68,-62.12431167,-71.26254108
155.69,-62.10418044,-71.24682772
155.7,-62.08402807,-71.23112066
155.71,-62.0638542,-71.21541981
155.72,-62.04365845,-71.1997251
155.73,-62.02344044,-71.18403646
155.74,-62.0031998,-71.16835381
155.75,-61.98293613,-71.15267706
155.76,-61.96264905,-71.13700615
155.77,-61.94233817,-71.12134098
155.78,-61.92200308,-71.10568147
155.79,-61.90164337,-71.09002755
155.8,-61.88125864,-71.07437912
155.81,-61.86084848,-71.0587361
155.82,-61.84041245,-71.0430984
155.83,-61.81995014,-71.02746593
155.84,-61.79946112,-71.0118386
155.85,-61.77894494,-70.99621631
155.86,-61.75840117,-70.98059898
155.87,-61.73782936,-70.9649865
155.88,-61.71722906,-70.94937879
155.89,-61.69659981,-70.93377574
155.9,-61.67594113,-70.91817726
155.91,-61.65525257,-70.90258324
155.92,-61.63453365,-70.88699357
155.93,-61.61378388,-70.87140817
155.94,-61.59300277,-70.85582692
155.95,-61.57218982,-70.84024971
155.96,-61.55134455,-70.82467643
155.97,-61.53046642,-70.80910698
155.98,-61.50955494,-70.79354125
155.99,-61.48860958,-70.77797911
156,-61.4676298,-70.76242046
156.01,-61.44661508,-70.74686518
156.02,-61.42556487,-70.73131315
156.03,-61.40447861,-70.71576425
156.04,-61.38335575,-70.70021836
156.05,-61.36219573,-70.68467536
156.06,-61.34099796,-70.66913512
156.07,-61.31976187,-70.65359751
156.08,-61.29848687,-70.6380624
156.09,-61.27717235,-70.62252967
156.1,-61.25581772,-70.60699919
156.11,-61.23442236,-70.59147081
156.12,-61.21298564,-70.5759444
156.13,-61.19150693,-70.56041983
156.14,-61.1699856,-70.54489696
156.15,-61.14842098,-70.52937563
156.16,-61.12681243,-70.51385572
156.17,-61.10515927,-70.49833707
156.18,-61.08346083,-70.48281954
156.19,-61.06171641,-70.46730297
156.2,-61.03992531,-70.45178722
156.21,-61.01808684,-70.43627213
156.22,-60.99620027,-70.42075754
156.23,-60.97426486,-70.4052433
156.24,-60.95227989,-70.38972925
156.25,-60.9302446,-70.37421522
156.26,-60.90815822,-70.35870104
156.27,-60.88601999,-70.34318656
156.28,-60.86382911,-70.32767161
156.29,-60.8415848,-70.312156
156.3,-60.81928624,-70.29663957
156.31,-60.79693261,-70.28112214
156.32,-60.77452308,-70.26560353
156.33,-60.75205679,-70.25008356
156.34,-60.7295329,-70.23456204
156.35,-60.70695052,-70.2190388
156.36,-60.68430877,-70.20351363
156.37,-60.66160676,-70.18798635
156.38,-60.63884355,-70.17245677
156.39,-60.61601824,-70.15692468
156.4,-60.59312987,-70.14138989
156.41,-60.57017748,-70.12585219
156.42,-60.5471601,-70.11031138
156.43,-60.52407675,-70.09476725
156.44,-60.50092641,-70.07921959
156.45,-60.47770807,-70.06366818
156.46,-60.45442068,-70.04811281
156.47,-60.43106319,-70.03255325
156.48,-60.40763454,-70.01698929
156.49,-60.38413362,-70.00142069
156.5,-60.36055934,-69.98584724
156.51,-60.33691056,-69.97026868
156.52,-60.31318615,-69.95468479
156.53,-60.28938493,-69.93909532
156.54,-60.26550572,-69.92350004
156.55,-60.24154733,-69.9078987
156.56,-60.21750853,-69.89229104
156.57,-60.19338806,-69.87667681
156.58,-60.16918468,-69.86105576
156.59,-60.14489708,-69.84542762
156.6,-60.12052396,-69.82979213
156.61,-60.09606399,-69.81414901
156.62,-60.07151582,-69.79849801
156.63,-60.04687805,-69.78283883
156.64,-60.0221491,-69.76717119
156.65,-59.997326,-69.75149482
156.66,-59.97240622,-69.73580942
156.67,-59.94739008,-69.7201147
156.68,-59.92227752,-69.70441037
156.69,-59.89706691,-69.6886961
156.7,-59.87175664,-69.67297161
156.71,-59.84634505,-69.65723658
156.72,-59.82083051,-69.64149069
156.73,-59.79521134,-69.62573362
156.74,-59.76948583,-69.60996505
156.75,-59.74365227,-69.59418464
156.76,-59.71770889,-69.57839206
156.77,-59.69165391,-69.56258696
156.78,-59.66548552,-69.546769
156.79,-59.63920186,-69.53093782
156.8,-59.61280106,-69.51509308
156.81,-59.58628119,-69.49923439
156.82,-59.5596403,-69.48336141
156.83,-59.5328764,-69.46747374
156.84,-59.50598747,-69.45157102
156.85,-59.47897144,-69.43565284
156.86,-59.4518262,-69.41971883
156.87,-59.42454962,-69.40376858
156.88,-59.39713949,-69.38780168
156.89,-59.3695936,-69.37181772
156.9,-59.34190966,-69.3558163
156.91,-59.31408537,-69.33979697
156.92,-59.28611835,-69.32375931
156.93,-59.25800619,-69.30770287
156.94,-59.22974644,-69.29162722
156.95,-59.20133658,-69.2755319
156.96,-59.17277406,-69.25941645
156.97,-59.14405625,-69.2432804
156.98,-59.1151805,-69.22712327
156.99,-59.08614409,-69.21094458
157,-59.05694422,-69.19474383
157.01,-59.02757808,-69.17852054
157.02,-58.99804276,-69.16227418
157.03,-58.96833532,-69.14600424
157.04,-58.93845272,-69.12971019
157.05,-58.90839189,-69.1133915
157.06,-58.87814968,-69.09704763
157.07,-58.84772288,-69.08067802
157.08,-58.81710819,-69.0642821
157.09,-58.78630227,-69.0478593
157.1,-58.75530169,-69.03140905
157.11,-58.72410293,-69.01493074
157.12,-58.69270242,-68.99842377
157.13,-58.66109649,-68.98188753
157.14,-58.62928141,-68.96532139
157.15,-58.59725334,-68.94872471
157.16,-58.56500838,-68.93209685
157.17,-58.53254251,-68.91543715
157.18,-58.49985166,-68.89874493
157.19,-58.46693164,-68.88201951
157.2,-58.43377816,-68.86526019
157.21,-58.40038678,-68.84846626
157.22,-58.36675286,-68.83163701
157.23,-58.33287183,-68.81477168
157.24,-58.29873911,-68.79786954
157.25,-58.26434994,-68.78092982
157.26,-58.22969944,-68.76395174
157.27,-58.19478258,-68.74693451
157.28,-58.15959421,-68.72987732
157.29,-58.12412904,-68.71277934
157.3,-58.08838168,-68.69563973
157.31,-58.05234657,-68.67845765
157.32,-58.01601805,-68.66123221
157.33,-57.97939029,-68.64396252
157.34,-57.94245734,-68.62664769
157.35,-57.90521308,-68.60928678
157.36,-57.86765124,-68.59187884
157.37,-57.82976542,-68.57442293
157.38,-57.79154901,-68.55691805
157.39,-57.75299529,-68.53936321
157.4,-57.7140973,-68.52175738
157.41,-57.67484797,-68.50409952
157.42,-57.63523999,-68.48638857
157.43,-57.59526589,-68.46862344
157.44,-57.55491799,-68.45080303
157.45,-57.51418843,-68.4329262
157.46,-57.47306911,-68.41499179
157.47,-57.43155175,-68.39699864
157.48,-57.3896278,-68.37894553
157.49,-57.34728852,-68.36083123
157.5,-57.30452493,-68.3426545
157.51,-57.26132777,-68.32441405
157.52,-57.21768757,-68.30610856
157.53,-57.17359457,-68.28773671
157.54,-57.12903874,-68.26929711
157.55,-57.08400978,-68.25078838
157.56,-57.03849709,-68.23220909
157.57,-56.99248978,-68.21355777
157.58,-56.94597664,-68.19483294
157.59,-56.89894614,-68.17603306
157.6,-56.85138643,-68.15715658
157.61,-56.80328529,-68.1382019
157.62,-56.75463014,-68.11916738
157.63,-56.70540799,-68.10005137
157.64,-56.65560554,-68.08085214
157.65,-56.60520908,-68.06156795
157.66,-56.55420453,-68.04219701
157.67,-56.50257733,-68.02273749
157.68,-56.4503125,-68.00318751
157.69,-56.3973946,-67.98354516
157.7,-56.3438077,-67.96380848
157.71,-56.28953538,-67.94397544
157.72,-56.23456072,-67.92404398
157.73,-56.17886625,-67.904012
157.74,-56.12243396,-67.88387734
157.75,-56.06524526,-67.86363777
157.76,-56.00728096,-67.84329102
157.77,-55.94852126,-67.82283477
157.78,-55.88894571,-67.80226663
157.79,-55.8285332,-67.78158416
157.8,-55.76726191,-67.76078483
157.81,-55.70510931,-67.73986608
157.82,-55.64205211,-67.71882528
157.83,-55.57806625,-67.6976597
157.84,-55.51312684,-67.67636658
157.85,-55.44720815,-67.65494306
157.86,-55.38028356,-67.63338621
157.87,-55.31232554,-67.61169303
157.88,-55.24330559,-67.58986043
157.89,-55.17319421,-67.56788524
157.9,-55.10196087,-67.54576421
157.91,-55.02957395,-67.523494
157.92,-54.95600068,-67.50107116
157.93,-54.88120711,-67.47849216
157.94,-54.80515806,-67.45575339
157.95,-54.72781708,-67.43285109
157.96,-54.64914635,-67.40978144
157.97,-54.56910667,-67.38654049
157.98,-54.48765737,-67.36312418
157.99,-54.40475622,-67.33952833
158,-54.32035942,-67.31574865
158.01,-54.23442146,-67.2917807
158.02,-54.1468951,-67.26761992
158.03,-54.05773123,-67.24326164
158.04,-53.96687884,-67.21870102
158.05,-53.87428492,-67.19393308
158.06,-53.77989431,-67.16895268
158.07,-53.68364968,-67.14375455
158.08,-53.58549136,-67.11833324
158.09,-53.48535725,-67.09268312
158.1,-53.38318273,-67.06679841
158.11,-53.27890049,-67.04067312
158.12,-53.17244041,-67.01430108
158.13,-53.06372945,-66.98767594
158.14,-52.95269147,-66.96079112
158.15,-52.83924707,-66.93363983
158.16,-52.72331347,-66.90621508
158.17,-52.60480428,-66.87850961
158.18,-52.48362938,-66.85051594
158.19,-52.35969467,-66.82222635
158.2,-52.23290189,-66.79363284
158.21,-52.1031484,-66.76472714
158.22,-51.97032696,-66.7355007
158.23,-51.83432546,-66.70594466
158.24,-51.69502669,-66.67604987
158.25,-51.55230805,-66.64580684
158.26,-51.40604126,-66.61520574
158.27,-51.25609207,-66.58423641
158.28,-51.10231993,-66.5528883
158.29,-50.94457764,-66.52115048
158.3,-50.78271099,-66.48901162
158.31,-50.61655837,-66.45645995
158.32,-50.44595038,-66.42348329
158.33,-50.2707094,-66.39006898
158.34,-50.09064909,-66.35620386
158.35,-49.90557398,-66.32187431
158.36,-49.71527889,-66.28706612
158.37,-49.51954843,-66.25176457
158.38,-49.31815643,-66.21595433
158.39,-49.11086531,-66.17961947
158.4,-48.89742547,-66.14274341
158.41,-48.67757462,-66.10530888
158.42,-48.45103705,-66.06729794
158.43,-48.21752291,-66.02869185
158.44,-47.97672739,-65.98947113
158.45,-47.72832996,-65.94961545
158.46,-47.47199345,-65.90910362
158.47,-47.20736317,-65.86791352
158.48,-46.93406598,-65.82602208
158.49,-46.65170928,-65.78340521
158.5,-46.35988003,-65.74003775
158.51,-46.05814366,-65.6958934
158.52,-45.746043,-65.65094467
158.53,-45.42309718,-65.60516281
158.54,-45.08880047,-65.55851774
158.55,-44.74262112,-65.51097796
158.56,-44.38400024,-65.4625105
158.57,-44.0123506,-65.4130808
158.58,-43.62705553,-65.36265264
158.59,-43.22746781,-65.31118802
158.6,-42.81290864,-65.25864709
158.61,-42.38266666,-65.204988
158.62,-41.93599717,-65.15016679
158.63,-41.47213026,-65.09413728
158.64,-40.99024731,-65.03685091
158.65,-40.489498,-64.97825659
158.66,-39.96899848,-64.91830058
158.67,-39.42783113,-64.85692627
158.68,-38.86504513,-64.79407402
158.69,-38.27965776,-64.72968098
158.7,-37.67065644,-64.66368086
158.71,-37.03700147,-64.59600371
158.72,-36.37762982,-64.52657568
158.73,-35.69145987,-64.45531879
158.74,-34.97739739,-64.38215059
158.75,-34.23434293,-64.30698392
158.76,-33.46120074,-64.22972656
158.77,-32.65688957,-64.15028092
158.78,-31.82035531,-64.06854362
158.79,-30.95058605,-63.98440515
158.8,-30.04662937,-63.8977494
158.81,-29.10761234,-63.80845324
158.82,-28.13276429,-63.71638603
158.83,-27.12144244,-63.62140907
158.84,-26.07316061,-63.52337507
158.85,-24.98762046,-63.42212754
158.86,-23.86474539,-63.31750014
158.87,-22.70471689,-63.20931602
158.88,-21.50801242,-63.09738706
158.89,-20.27544412,-62.98151311
158.9,-19.00819723,-62.86148115
158.91,-17.70786669,-62.7370644
158.92,-16.37649037,-62.60802138
158.93,-15.01657684,-62.4740949
158.94,-13.63112566,-62.335011
158.95,-12.22363797,-62.19047779
158.96,-10.79811512,-62.04018434
158.97,-9.359043573,-61.8837993
158.98,-7.911364479,-61.72096966
158.99,-6.460427062,-61.55131931
159,-5.011925789,-61.37444757
159.01,-3.57182212,-61.1899276
159.02,-2.146252704,-60.99730481
159.03,-0.7414268098,-60.79609512
159.04,0.6364833059,-60.58578313
159.05,1.981454835,-60.36582024
159.06,3.287724959,-60.13562233
159.07,4.549894836,-59.89456846
159.08,5.763022645,-59.64199793
159.09,6.922702007,-59.37720808
159.1,8.025122948,-59.09945176
159.11,9.067113689,-58.80793461
159.12,10.04616264,-58.50181228
159.13,10.9604211,-58.18018727
159.14,11.80868823,-57.84210563
159.15,12.59038033,-57.48655338
159.16,13.30548748,-57.11245264
159.17,13.95452045,-56.71865741
159.18,14.53845095,-56.30394895
159.19,15.05864842,-55.8670311
159.2,15.5168158,-55.40652463
159.21,15.91492674,-54.92096125
159.22,16.25516591,-54.40877706
159.23,16.53987386,-53.8683056
159.24,16.77149731,-53.29777022
159.25,16.95254529,-52.69527588
159.26,17.08555147,-52.05880023
159.27,17.17304229,-51.38618405
159.28,17.21751095,-50.67512096
159.29,17.22139642,-49.92314652
159.3,17.18706735,-49.12762678
159.31,17.11680986,-48.28574638
159.32,17.01281913,-47.39449638
159.33,16.87719373,-46.4506622
159.34,16.71193264,-45.45081209
159.35,16.51893412,-44.39128676
159.36,16.29999623,-43.268191
159.37,16.05681862,-42.07738858
159.38,15.79100514,-40.8145021
159.39,15.50406721,-39.47491976
159.4,15.19742765,-38.05381213
159.41,14.87242471,-36.54616243
159.42,14.53031637,-34.94681512
159.43,14.17228461,-33.25054865
159.44,13.79943966,-31.45217956
159.45,13.41282422,-29.54670643
159.46,13.01341745,-27.52950332
159.47,12.60213892,-25.3965729
159.48,12.17985221,-23.14486883
159.49,11.7473685,-20.77269436
159.5,11.30544986,-18.28017883
159.51,10.85481231,-15.66982405
159.52,10.39612881,-12.94709894
159.53,9.930031924,-10.12104206
159.54,9.457116423,-7.204810326
159.55,8.977941633,-4.216091231
159.56,8.493033658,-1.177280732
159.57,8.002887458,1.884673126
159.58,7.507968762,4.938842937
159.59,7.008715869,7.951351263
159.6,6.505541316,10.88683273
159.61,5.998833448,13.71022798
159.62,5.488957867,16.38873544
159.63,4.976258788,18.89369736
159.64,4.461060326,21.20218737
159.65,3.943667684,23.29810447
159.66,3.424368263,25.1726557
159.67,2.903432713,26.82420838
159.68,2.381115919,28.25758771
159.69,1.857657906,29.48296651
159.7,1.333284717,30.5145277
159.71,0.8082092015,31.36907715
159.72,0.2826317748,32.06475302
159.73,-0.2432588923,32.61993094
159.74,-0.7692852142,33.05237513
159.75,-1.295280102,33.37864353
159.76,-1.821086387,33.61372492
159.77,-2.346556325,33.77086848
159.78,-2.871551088,33.86155993
159.79,-3.395940344,33.89559957
159.8,-3.919601813,33.88124367
159.81,-4.442420897,33.82537859
159.82,-4.964290292,33.73370525
159.83,-5.485109653,33.61091892
159.84,-6.004785256,33.46087515
159.85,-6.523229681,33.28673711
159.86,-7.040361522,33.09110282
159.87,-7.556105082,32.87611254
159.88,-8.070390103,32.64353789
159.89,-8.583151506,32.39485484
159.9,-9.094329124,32.1313029
159.91,-9.603867454,31.85393264
159.92,-10.11171543,31.56364368
159.93,-10.61782622,31.26121486
159.94,-11.12215694,30.9473282
159.95,-11.62466855,30.62258782
159.96,-12.12532555,30.28753495
159.97,-12.62409589,29.94265966
159.98,-13.12095074,29.58841033
159.99,-13.61586434,29.22520098
160,-14.10881385,28.85341716
160.01,-14.5997792,28.47342064
160.02,-15.08874296,28.0855531
160.03,-15.57569022,27.69013914
160.04,-16.06060846,27.2874886
160.05,-16.54348745,26.87789854
160.06,-17.02431913,26.46165469
160.07,-17.50309756,26.03903275
160.08,-17.97981879,25.61029936
160.09,-18.45448083,25.17571292
160.1,-18.92708353,24.73552423
160.11,-19.39762858,24.28997703
160.12,-19.86611938,23.83930842
160.13,-20.33256107,23.38374923
160.14,-20.79696043,22.92352431
160.15,-21.25932585,22.45885274
160.16,-21.71966734,21.98994804
160.17,-22.17799645,21.51701834
160.18,-22.63432631,21.0402665
160.19,-23.08867154,20.55989024
160.2,-23.54104829,20.07608222
160.21,-23.99147425,19.58903013
160.22,-24.43996858,19.09891676
160.23,-24.88655198,18.60592008
160.24,-25.33124668,18.11021329
160.25,-25.7740764,17.61196487
160.26,-26.21506642,17.11133866
160.27,-26.65424357,16.60849386
160.28,-27.09163622,16.10358517
160.29,-27.52727438,15.59676273
160.3,-27.96118962,15.08817228
160.31,-28.39341518,14.57795512
160.32,-28.8239859,14.06624824
160.33,-29.25293837,13.55318431
160.34,-29.6803108,13.0388918
160.35,-30.1061432,12.52349498
160.36,-30.53047728,12.007114
160.37,-30.95335657,11.48986498
160.38,-31.37482635,10.97186001
160.39,-31.79493377,10.45320728
160.4,-32.21372778,9.934011086
160.41,-32.63125924,9.414371936
160.42,-33.04758085,8.894386596
160.43,-33.46274719,8.37414817
160.44,-33.87681478,7.853746152
160.45,-34.28984205,7.333266513
160.46,-34.70188931,6.812791754
160.47,-35.11301877,6.292400988
160.48,-35.52329461,5.772170007
160.49,-35.93278288,5.252171343
160.5,-36.34155149,4.732474361
160.51,-36.74967021,4.213145298
160.52,-37.15721063,3.694247362
160.53,-37.56424617,3.175840791
160.54,-37.970852,2.657982911
160.55,-38.377105,2.140728232
160.56,-38.78308364,1.62412849
160.57,-39.188868,1.108232728
160.58,-39.59453963,0.5930873686
160.59,-40.00018149,0.07873626855
160.6,-40.40587783,-0.4347792152
160.61,-40.81171414,-0.9474201489
160.62,-41.21777697,-1.459149961
160.63,-41.62415377,-1.969934398
160.64,-42.03093275,-2.479741447
160.65,-42.43820273,-2.988541275
160.66,-42.8460529,-3.496306172
160.67,-43.25457268,-4.003010496
160.68,-43.66385147,-4.508630627
160.69,-44.07397841,-5.013144905
160.7,-44.48504209,-5.516533579
160.71,-44.89713024,-6.018778756
160.72,-45.31032941,-6.51986435
160.73,-45.72472471,-7.019776042
160.74,-46.14039937,-7.518501235
160.75,-46.55743433,-8.01602901
160.76,-46.9759078,-8.512350092
160.77,-47.39589489,-9.007456806
160.78,-47.81747033,-9.501343052
160.79,-48.24069889,-9.994004267
160.8,-48.66564212,-10.48543741
160.81,-49.09235681,-10.97564091
160.82,-49.52089398,-11.46461466
160.83,-49.95129813,-11.95236
160.84,-50.38360636,-12.43887968
160.85,-50.81784863,-12.9241779
160.86,-51.25404495,-13.40826022
160.87,-51.69220553,-13.89113362
160.88,-52.13233022,-14.37280649
160.89,-52.57440767,-14.8532886
160.9,-53.01841438,-15.33259111
160.91,-53.46431381,-15.81072665
160.92,-53.91205551,-16.28770925
160.93,-54.36157426,-16.76355438
160.94,-54.81278916,-17.23827901
160.95,-55.26560286,-17.71190163
160.96,-55.71990068,-18.18444225
160.97,-56.17554996,-18.65592248
160.98,-56.63239928,-19.12636556
160.99,-57.09027792,-19.59579644
161,-57.54899537,-20.06424176
161.01,-58.00834087,-20.53173003
161.02,-58.46808333,-20.99829162
161.03,-58.92797109,-21.46395883
161.04,-59.38773203,-21.92876606
161.05,-59.84707382,-22.39274981
161.06,-60.30568442,-22.85594881
161.07,-60.76323284,-23.31840415
161.08,-61.21937002,-23.78015936
161.09,-61.67373,-24.24126055
161.1,-62.12593133,-24.70175651
161.11,-62.5755788,-25.16169887
161.12,-63.02226535,-25.62114225
161.13,-63.46557428,-26.08014441
161.14,-63.90508165,-26.53876635
161.15,-64.34035884,-26.99707254
161.16,-64.77097542,-27.45513106
161.17,-65.19650215,-27.91301381
161.18,-65.61651395,-28.37079668
161.19,-66.03059312,-28.82855974
161.2,-66.43833245,-29.28638744
161.21,-66.83933829,-29.7443688
161.22,-67.23323371,-30.20259767
161.23,-67.61966139,-30.66117292
161.24,-67.99828635,-31.12019872
161.25,-68.36879847,-31.5797847
161.26,-68.73091478,-32.0400462
161.27,-69.08438134,-32.50110453
161.28,-69.42897482,-32.9630872
161.29,-69.76450376,-33.42612823
161.3,-70.09080937,-33.89036833
161.31,-70.40776601,-34.3559551
161.32,-70.71528125,-34.82304338
161.33,-71.01329553,-35.29179548
161.34,-71.30178152,-35.7623813
161.35,-71.58074308,-36.23497872
161.36,-71.85021404,-36.70977366
161.37,-72.11025653,-37.18696041
161.38,-72.3609593,-37.66674171
161.39,-72.6024357,-38.14932897
161.4,-72.83482161,-38.63494235
161.41,-73.05827323,-39.12381098
161.42,-73.27296486,-39.61617285
161.43,-73.47908662,-40.11227491
161.44,-73.67684221,-40.61237296
161.45,-73.86644676,-41.11673161
161.46,-74.04812466,-41.62562405
161.47,-74.22210761,-42.13933179
161.48,-74.38863269,-42.65814414
161.49,-74.54794063,-43.18235779
161.5,-74.70027414,-43.71227616
161.51,-74.8458765,-44.2482085
161.52,-74.9849902,-44.79046899
161.53,-75.11785574,-45.33937555
161.54,-75.24471066,-45.89524832
161.55,-75.36578857,-46.45840793
161.56,-75.48131845,-47.02917367
161.57,-75.59152398,-47.60786102
161.58,-75.69662305,-48.19477897
161.59,-75.79682728,-48.79022705
161.6,-75.89234178,-49.39449178
161.61,-75.98336487,-50.00784262
161.62,-76.07008795,-50.63052764
161.63,-76.15269538,-51.26276847
161.64,-76.23136448,-51.90475466
161.65,-76.30626557,-52.55663757
161.66,-76.37756199,-53.21852372
161.67,-76.44541025,-53.89046739
161.68,-76.50996015,-54.57246274
161.69,-76.57135491,-55.26443541
161.7,-76.6297314,-55.96623364
161.71,-76.68522031,-56.67761906
161.72,-76.73794634,-57.39825722
161.73,-76.78802845,-58.12770804
161.74,-76.83558002,-58.86541664
161.75,-76.88070913,-59.61070434
161.76,-76.92351875,-60.3627606
161.77,-76.96410694,-61.12063616
161.78,-77.0025671,-61.88323774
161.79,-77.03898815,-62.64932474
161.8,-77.07345474,-63.41750862
161.81,-77.10604747,-64.18625547
161.82,-77.13684303,-64.95389178
161.83,-77.16591443,-65.7186145
161.84,-77.19333116,-66.47850545
161.85,-77.21915933,-67.23154996
161.86,-77.24346189,-67.97566021
161.87,-77.26629873,-68.70870289
161.88,-77.28772684,-69.42853058
161.89,-77.30780047,-70.13301636
161.9,-77.32657124,-70.82009038
161.91,-77.34408826,-71.48777732
161.92,-77.36039829,-72.13423336
161.93,-77.37554581,-72.75778107
161.94,-77.38957318,-73.35694082
161.95,-77.40252068,-73.93045726
161.96,-77.41442668,-74.47731979
161.97,-77.4253277,-74.996776
161.98,-77.43525853,-75.4883379
161.99,-77.44425229,-75.95178077
162,-77.45234056,-76.38713473
162.01,-77.45955343,-76.79467014
162.02,-77.46591963,-77.17487755
162.03,-77.47146657,-77.52844353
162.04,-77.47622044,-77.85622355
162.05,-77.4802063,-78.15921334
162.06,-77.48344815,-78.4385199
162.07,-77.48596898,-78.69533316
162.08,-77.48779089,-78.93089921
162.09,-77.48893511,-79.14649585
162.1,-77.4894221,-79.34341072
162.11,-77.48927158,-79.52292251
162.12,-77.48850263,-79.68628513
162.13,-77.48713371,-79.83471484
162.14,-77.4851827,-79.9693803
162.15,-77.48266699,-80.09139509
162.16,-77.47960349,-80.20181261
162.17,-77.47600867,-80.30162288
162.18,-77.47189859,-80.39175115
162.19,-77.46728893,-80.47305772
162.2,-77.46219503,-80.546339
162.21,-77.45663189,-80.61232936
162.22,-77.45061418,-80.67170363
162.23,-77.44415629,-80.72508003
162.24,-77.43727229,-80.77302346
162.25,-77.42997599,-80.81604882
162.26,-77.4222809,-80.85462458
162.27,-77.41420025,-80.88917614
162.28,-77.405747,-80.92008924
162.29,-77.39693383,-80.94771322
162.3,-77.38777315,-80.97236408
162.31,-77.37827707,-80.99432742
162.32,-77.36845743,-81.01386117
162.33,-77.35832579,-81.0311981
162.34,-77.3478934,-81.04654822
162.35,-77.33717123,-81.06010091
162.36,-77.32616995,-81.07202689
162.37,-77.31489995,-81.08248007
162.38,-77.3033713,-81.09159915
162.39,-77.29159377,-81.09950916
162.4,-77.27957685,-81.10632278
162.41,-77.26732971,-81.11214162
162.42,-77.25486123,-81.11705724
162.43,-77.24217998,-81.12115227
162.44,-77.22929424,-81.12450121
162.45,-77.21621201,-81.12717129
162.46,-77.20294096,-81.12922319
162.47,-77.18948853,-81.1307117
162.48,-77.17586183,-81.13168632
162.49,-77.16206771,-81.13219175
162.5,-77.14811275,-81.13226844
162.51,-77.13400326,-81.13195293
162.52,-77.11974529,-81.1312783
162.53,-77.10534464,-81.13027449
162.54,-77.09080687,-81.12896862
162.55,-77.07613729,-81.12738524
162.56,-77.06134097,-81.12554662
162.57,-77.04642276,-81.12347295
162.58,-77.03138732,-81.12118254
162.59,-77.01623905,-81.11869202
162.6,-77.00098219,-81.11601649
162.61,-76.98562075,-81.11316967
162.62,-76.97015858,-81.11016401
162.63,-76.95459934,-81.10701087
162.64,-76.9389465,-81.10372054
162.65,-76.92320339,-81.10030242
162.66,-76.90737315,-81.09676505
162.67,-76.89145878,-81.09311623
162.68,-76.87546316,-81.08936304
162.69,-76.85938898,-81.08551196
162.7,-76.84323883,-81.08156889
162.71,-76.82701516,-81.0775392
162.72,-76.8107203,-81.07342782
162.73,-76.79435647,-81.06923922
162.74,-76.77792577,-81.06497752
162.75,-76.7614302,-81.06064644
162.76,-76.74487165,-81.05624942
162.77,-76.72825192,-81.05178959
162.78,-76.71157274,-81.0472698
162.79,-76.69483571,-81.04269267
162.8,-76.67804239,-81.0380606
162.81,-76.66119424,-81.03337578
162.82,-76.64429264,-81.02864022
162.83,-76.62733893,-81.02385574
162.84,-76.61033435,-81.01902404
162.85,-76.59328009,-81.01414666
162.86,-76.57617729,-81.009225
162.87,-76.55902703,-81.00426036
162.88,-76.54183031,-80.99925391
162.89,-76.52458812,-80.99420674
162.9,-76.50730137,-80.98911985
162.91,-76.48997095,-80.98399414
162.92,-76.47259769,-80.97883043
162.93,-76.45518238,-80.9736295
162.94,-76.43772578,-80.96839203
162.95,-76.4202286,-80.96311867
162.96,-76.40269153,-80.95780999
162.97,-76.38511523,-80.95246653
162.98,-76.36750031,-80.94708876
162.99,-76.34984737,-80.94167713
163,-76.33215697,-80.93623205
163.01,-76.31442966,-80.93075387
163.02,-76.29666594,-80.92524294
163.03,-76.27886631,-80.91969956
163.04,-76.26103124,-80.91412399
163.05,-76.24316118,-80.90851649
163.06,-76.22525655,-80.90287729
163.07,-76.20731778,-80.89720658
163.08,-76.18934525,-80.89150454
163.09,-76.17133935,-80.88577134
163.1,-76.15330043,-80.88000713
163.11,-76.13522884,-80.87421203
163.12,-76.11712493,-80.86838616
163.13,-76.098989,-80.86252961
163.14,-76.08082137,-80.85664248
163.15,-76.06262235,-80.85072483
163.16,-76.0443922,-80.84477674
163.17,-76.02613122,-80.83879826
163.18,-76.00783967,-80.83278944
163.19,-75.9895178,-80.8267503
163.2,-75.97116587,-80.82068088
163.21,-75.95278412,-80.81458121
163.22,-75.93437278,-80.80845128
163.23,-75.91593208,-80.80229112
163.24,-75.89746224,-80.79610073
163.25,-75.87896347,-80.78988009
163.26,-75.86043597,-80.78362921
163.27,-75.84187996,-80.77734807
163.28,-75.82329563,-80.77103665
163.29,-75.80468316,-80.76469493
163.3,-75.78604275,-80.75832289
163.31,-75.76737458,-80.75192049
163.32,-75.74867883,-80.7454877
163.33,-75.72995566,-80.7390245
163.34,-75.71120525,-80.73253084
163.35,-75.69242778,-80.72600669
163.36,-75.67362339,-80.71945199
163.37,-75.65479225,-80.71286672
163.38,-75.63593452,-80.70625081
163.39,-75.61705036,-80.69960423
163.4,-75.59813991,-80.69292692
163.41,-75.57920333,-80.68621884
163.42,-75.56024076,-80.67947992
163.43,-75.54125235,-80.67271013
163.44,-75.52223824,-80.66590939
163.45,-75.50319858,-80.65907766
163.46,-75.4841335,-80.65221489
163.47,-75.46504314,-80.645321
163.48,-75.44592765,-80.63839595
163.49,-75.42678714,-80.63143968
163.5,-75.40762176,-80.62445212
163.51,-75.38843165,-80.61743322
163.52,-75.36921692,-80.61038292
163.53,-75.34997772,-80.60330115
163.54,-75.33071417,-80.59618786
163.55,-75.31142639,-80.58904298
163.56,-75.29211453,-80.58186646
163.57,-75.2727787,-80.57465822
163.58,-75.25341902,-80.56741821
163.59,-75.23403563,-80.56014637
163.6,-75.21462865,-80.55284264
163.61,-75.19519821,-80.54550695
163.62,-75.17574441,-80.53813924
163.63,-75.1562674,-80.53073945
163.64,-75.13676728,-80.52330752
163.65,-75.11724419,-80.51584339
163.66,-75.09769824,-80.50834699
163.67,-75.07812955,-80.50081827
163.68,-75.05853825,-80.49325716
163.69,-75.03892446,-80.48566361
163.7,-75.01928828,-80.47803756
163.71,-74.99962985,-80.47037893
163.72,-74.97994929,-80.46268769
163.73,-74.96024671,-80.45496376
163.74,-74.94052223,-80.44720708
163.75,-74.92077597,-80.43941761
163.76,-74.90100805,-80.43159528
163.77,-74.88121858,-80.42374003
163.78,-74.8614077,-80.41585181
163.79,-74.8415755,-80.40793056
163.8,-74.82172212,-80.39997623
163.81,-74.80184767,-80.39198876
163.82,-74.78195227,-80.38396809
163.83,-74.76203604,-80.37591417
163.84,-74.74209909,-80.36782695
163.85,-74.72214154,-80.35970638
163.86,-74.70216351,-80.35155239
163.87,-74.68216513,-80.34336495
163.88,-74.6621465,-80.33514399
163.89,-74.64210774,-80.32688947
163.9,-74.62204898,-80.31860134
163.91,-74.60197033,-80.31027955
163.92,-74.5818719,-80.30192404
163.93,-74.56175383,-80.29353478
163.94,-74.54161622,-80.28511171
163.95,-74.52145919,-80.27665479
163.96,-74.50128286,-80.26816397
163.97,-74.48108736,-80.2596392
163.98,-74.46087279,-80.25108045
163.99,-74.44063928,-80.24248766
164,-74.42038694,-80.2338608
164.01,-74.4001159,-80.22519982
164.02,-74.37982627,-80.21650467
164.03,-74.35951818,-80.20777533
164.04,-74.33919173,-80.19901175
164.05,-74.31884706,-80.19021389
164.06,-74.29848427,-80.1813817
164.07,-74.27810349,-80.17251517
164.08,-74.25770484,-80.16361423
164.09,-74.23728843,-80.15467887
164.1,-74.21685439,-80.14570904
164.11,-74.19640284,-80.13670472
164.12,-74.17593389,-80.12766585
164.13,-74.15544766,-80.11859243
164.14,-74.13494428,-80.1094844
164.15,-74.11442386,-80.10034174
164.16,-74.09388653,-80.09116442
164.17,-74.0733324,-80.08195242
164.18,-74.0527616,-80.07270569
164.19,-74.03217424,-80.06342422
164.2,-74.01157044,-80.05410797
164.21,-73.99095033,-80.04475692
164.22,-73.97031403,-80.03537105
164.23,-73.94966165,-80.02595033
164.24,-73.92899332,-80.01649474
164.25,-73.90830916,-80.00700425
164.26,-73.88760928,-79.99747884
164.27,-73.86689382,-79.9879185
164.28,-73.84616289,-79.97832319
164.29,-73.8254166,-79.96869291
164.3,-73.80465509,-79.95902764
164.31,-73.78387847,-79.94932735
164.32,-73.76308687,-79.93959204
164.33,-73.7422804,-79.92982168
164.34,-73.7214592,-79.92001626
164.35,-73.70062336,-79.91017577
164.36,-73.67977303,-79.90030019
164.37,-73.65890833,-79.89038952
164.38,-73.63802936,-79.88044375
164.39,-73.61713626,-79.87046285
164.4,-73.59622914,-79.86044683
164.41,-73.57530814,-79.85039568
164.42,-73.55437336,-79.84030939
164.43,-73.53342494,-79.83018795
164.44,-73.51246299,-79.82003136
164.45,-73.49148763,-79.80983962
164.46,-73.47049899,-79.79961272
164.47,-73.44949719,-79.78935065
164.48,-73.42848235,-79.77905343
164.49,-73.40745459,-79.76872105
164.5,-73.38641404,-79.7583535
164.51,-73.36536082,-79.7479508
164.52,-73.34429504,-79.73751294
164.53,-73.32321683,-79.72703992
164.54,-73.30212632,-79.71653177
164.55,-73.28102362,-79.70598846
164.56,-73.25990886,-79.69541003
164.57,-73.23878215,-79.68479646
164.58,-73.21764363,-79.67414778
164.59,-73.1964934,-79.66346399
164.6,-73.1753316,-79.6527451
164.61,-73.15415835,-79.64199112
164.62,-73.13297376,-79.63120207
164.63,-73.11177797,-79.62037796
164.64,-73.09057108,-79.6095188
164.65,-73.06935323,-79.59862461
164.66,-73.04812453,-79.58769541
164.67,-73.02688511,-79.57673122
164.68,-73.00563509,-79.56573204
164.69,-72.98437459,-79.55469791
164.7,-72.96310373,-79.54362884
164.71,-72.94182263,-79.53252486
164.72,-72.92053141,-79.52138598
164.73,-72.8992302,-79.51021224
164.74,-72.87791912,-79.49900365
164.75,-72.85659829,-79.48776024
164.76,-72.83526782,-79.47648204
164.77,-72.81392785,-79.46516907
164.78,-72.79257848,-79.45382137
164.79,-72.77121985,-79.44243897
164.8,-72.74985207,-79.43102188
164.81,-72.72847527,-79.41957016
164.82,-72.70708956,-79.40808382
164.83,-72.68569506,-79.39656291
164.84,-72.66429191,-79.38500745
164.85,-72.6428802,-79.37341749
164.86,-72.62146007,-79.36179305
164.87,-72.60003164,-79.35013419
164.88,-72.57859503,-79.33844093
164.89,-72.55715035,-79.32671331
164.9,-72.53569772,-79.31495139
164.91,-72.51423728,-79.30315519
164.92,-72.49276912,-79.29132476
164.93,-72.47129338,-79.27946015
164.94,-72.44981018,-79.2675614
164.95,-72.42831963,-79.25562855
164.96,-72.40682185,-79.24366165
164.97,-72.38531696,-79.23166075
164.98,-72.36380508,-79.21962591
164.99,-72.34228633,-79.20755716
165,-72.32076082,-79.19545455
165.01,-72.29922868,-79.18331815
165.02,-72.27769002,-79.171148
165.03,-72.25614497,-79.15894416
165.04,-72.23459363,-79.14670668
165.05,-72.21303612,-79.13443561
165.06,-72.19147257,-79.12213102
165.07,-72.16990309,-79.10979295
165.08,-72.1483278,-79.09742148
165.09,-72.12674681,-79.08501665
165.1,-72.10516024,-79.07257854
165.11,-72.08356821,-79.06010719
165.12,-72.06197083,-79.04760268
165.13,-72.04036823,-79.03506506
165.14,-72.0187605,-79.0224944
165.15,-71.99714778,-79.00989076
165.16,-71.97553018,-78.99725422
165.17,-71.9539078,-78.98458484
165.18,-71.93228078,-78.97188268
165.19,-71.91064921,-78.95914782
165.2,-71.88901322,-78.94638032
165.21,-71.86737292,-78.93358026
165.22,-71.84572843,-78.9207477
165.23,-71.82407985,-78.90788273
165.24,-71.8024273,-78.89498541
165.25,-71.7807709,-78.88205582
165.26,-71.75911076,-78.86909403
165.27,-71.73744699,-78.85610012
165.28,-71.7157797,-78.84307418
165.29,-71.69410901,-78.83001626
165.3,-71.67243503,-78.81692647
165.31,-71.65075786,-78.80380486
165.32,-71.62907763,-78.79065154
165.33,-71.60739444,-78.77746657
165.34,-71.5857084,-78.76425004
165.35,-71.56401963,-78.75100204
165.36,-71.54232823,-78.73772265
165.37,-71.52063432,-78.72441194
165.38,-71.49893801,-78.71107002
165.39,-71.4772394,-78.69769697
165.4,-71.4555386,-78.68429287
165.41,-71.43383572,-78.67085782
165.42,-71.41213088,-78.6573919
165.43,-71.39042418,-78.6438952
165.44,-71.36871572,-78.63036782
165.45,-71.34700563,-78.61680985
165.46,-71.32529399,-78.60322137
165.47,-71.30358093,-78.5896025
165.48,-71.28186654,-78.57595331
165.49,-71.26015094,-78.5622739
165.5,-71.23843423,-78.54856438
165.51,-71.21671652,-78.53482483
165.52,-71.1949979,-78.52105537
165.53,-71.1732785,-78.50725607
165.54,-71.15155841,-78.49342705
165.55,-71.12983773,-78.47956841
165.56,-71.10811657,-78.46568024
165.57,-71.08639504,-78.45176265
165.58,-71.06467324,-78.43781574
165.59,-71.04295127,-78.42383961
165.6,-71.02122924,-78.40983437
165.61,-70.99950724,-78.39580013
165.62,-70.97778538,-78.38173698
165.63,-70.95606376,-78.36764504
165.64,-70.93434248,-78.35352441
165.65,-70.91262164,-78.33937521
165.66,-70.89090135,-78.32519753
165.67,-70.86918171,-78.31099149
165.68,-70.8474628,-78.2967572
165.69,-70.82574474,-78.28249476
165.7,-70.80402763,-78.2682043
165.71,-70.78231155,-78.25388593
165.72,-70.76059662,-78.23953975
165.73,-70.73888292,-78.22516588
165.74,-70.71717055,-78.21076443
165.75,-70.69545962,-78.19633553
165.76,-70.67375022,-78.18187927
165.77,-70.65204244,-78.16739579
165.78,-70.63033639,-78.1528852
165.79,-70.60863215,-78.13834762
165.8,-70.58692982,-78.12378316
165.81,-70.5652295,-78.10919194
165.82,-70.54353128,-78.09457409
165.83,-70.52183526,-78.07992971
165.84,-70.50014152,-78.06525895
165.85,-70.47845017,-78.05056191
165.86,-70.45676128,-78.03583871
165.87,-70.43507497,-78.02108949
165.88,-70.41339131,-78.00631436
165.89,-70.3917104,-77.99151345
165.9,-70.37003233,-77.97668688
165.91,-70.3483572,-77.96183477
165.92,-70.32668508,-77.94695726
165.93,-70.30501607,-77.93205447
165.94,-70.28335026,-77.91712652
165.95,-70.26168774,-77.90217354
165.96,-70.24002859,-77.88719567
165.97,-70.21837291,-77.87219302
165.98,-70.19672077,-77.85716573
165.99,-70.17507228,-77.84211393
166,-70.15342751,-77.82703774
166.01,-70.13178654,-77.81193731
166.02,-70.11014947,-77.79681275
166.03,-70.08851639,-77.78166419
166.04,-70.06688736,-77.76649178
166.05,-70.04526249,-77.75129565
166.06,-70.02364184,-77.73607592
166.07,-70.00202551,-77.72083273
166.08,-69.98041358,-77.70556621
166.09,-69.95880613,-77.6902765
166.1,-69.93720323,-77.67496374
166.11,-69.91560498,-77.65962805
166.12,-69.89401145,-77.64426957
166.13,-69.87242272,-77.62888844
166.14,-69.85083888,-77.6134848
166.15,-69.82925999,-77.59805878
166.16,-69.80768615,-77.58261052
166.17,-69.78611742,-77.56714015
166.18,-69.76455389,-77.55164782
166.19,-69.74299562,-77.53613367
166.2,-69.72144271,-77.52059782
166.21,-69.69989522,-77.50504043
166.22,-69.67835323,-77.48946162
166.23,-69.65681682,-77.47386155
166.24,-69.63528605,-77.45824034
166.25,-69.61376101,-77.44259815
166.26,-69.59224177,-77.4269351
166.27,-69.57072839,-77.41125135
166.28,-69.54922096,-77.39554704
166.29,-69.52771954,-77.37982229
166.3,-69.5062242,-77.36407727
166.31,-69.48473502,-77.3483121
166.32,-69.46325207,-77.33252694
166.33,-69.44177541,-77.31672192
166.34,-69.42030512,-77.30089719
166.35,-69.39884126,-77.28505289
166.36,-69.3773839,-77.26918917
166.37,-69.35593311,-77.25330617
166.38,-69.33448895,-77.23740403
166.39,-69.3130515,-77.22148289
166.4,-69.29162081,-77.20554291
166.41,-69.27019696,-77.18958423
166.42,-69.24878,-77.17360699
166.43,-69.22737001,-77.15761133
166.44,-69.20596704,-77.14159741
166.45,-69.18457116,-77.12556537
166.46,-69.16318244,-77.10951535
166.47,-69.14180092,-77.0934475
166.48,-69.12042668,-77.07736196
166.49,-69.09905978,-77.06125889
166.5,-69.07770027,-77.04513843
166.51,-69.05634821,-77.02900072
166.52,-69.03500367,-77.01284592
166.53,-69.0136667,-76.99667416
166.54,-68.99233736,-76.9804856
166.55,-68.97101571,-76.96428038
166.56,-68.94970181,-76.94805865
166.57,-68.9283957,-76.93182056
166.58,-68.90709745,-76.91556625
166.59,-68.88580711,-76.89929588
166.6,-68.86452474,-76.88300958
166.61,-68.84325039,-76.86670751
166.62,-68.82198411,-76.85038982
166.63,-68.80072596,-76.83405665
166.64,-68.77947598,-76.81770814
166.65,-68.75823423,-76.80134446
166.66,-68.73700076,-76.78496574
166.67,-68.71577562,-76.76857214
166.68,-68.69455887,-76.7521638
166.69,-68.67335054,-76.73574086
166.7,-68.65215068,-76.71930349
166.71,-68.63095936,-76.70285182
166.72,-68.6097766,-76.686386
166.73,-68.58860246,-76.66990618
166.74,-68.56743699,-76.65341251
166.75,-68.54628023,-76.63690514
166.76,-68.52513222,-76.62038421
166.77,-68.50399302,-76.60384987
166.78,-68.48286265,-76.58730228
166.79,-68.46174118,-76.57074157
166.8,-68.44062863,-76.55416789
166.81,-68.41952505,-76.5375814
166.82,-68.39843048,-76.52098224
166.83,-68.37734497,-76.50437055
166.84,-68.35626854,-76.48774649
166.85,-68.33520125,-76.4711102
166.86,-68.31414313,-76.45446183
166.87,-68.29309421,-76.43780152
166.88,-68.27205454,-76.42112942
166.89,-68.25102415,-76.40444568
166.9,-68.23000308,-76.38775045
166.91,-68.20899136,-76.37104387
166.92,-68.18798904,-76.35432608
166.93,-68.16699613,-76.33759724
166.94,-68.14601268,-76.32085749
166.95,-68.12503872,-76.30410698
166.96,-68.10407428,-76.28734584
166.97,-68.0831194,-76.27057423
166.98,-68.0621741,-76.25379229
166.99,-68.04123841,-76.23700017
167,-68.02031237,-76.22019801
167.01,-67.999396,-76.20338595
167.02,-67.97848934,-76.18656415
167.03,-67.95759241,-76.16973274
167.04,-67.93670523,-76.15289186
167.05,-67.91582784,-76.13604167
167.06,-67.89496026,-76.1191823
167.07,-67.87410251,-76.1023139
167.08,-67.85325462,-76.08543662
167.09,-67.83241662,-76.06855058
167.1,-67.81158853,-76.05165594
167.11,-67.79077037,-76.03475284
167.12,-67.76996215,-76.01784143
167.13,-67.74916392,-76.00092183
167.14,-67.72837568,-75.98399419
167.15,-67.70759745,-75.96705867
167.16,-67.68682926,-75.95011538
167.17,-67.66607112,-75.93316448
167.18,-67.64532305,-75.91620611
167.19,-67.62458507,-75.8992404
167.2,-67.60385719,-75.8822675
167.21,-67.58313944,-75.86528754
167.22,-67.56243183,-75.84830066
167.23,-67.54173436,-75.831307
167.24,-67.52104707,-75.8143067
167.25,-67.50036995,-75.7972999
167.26,-67.47970303,-75.78028674
167.27,-67.45904631,-75.76326734
167.28,-67.43839981,-75.74624186
167.29,-67.41776353,-75.72921041
167.3,-67.3971375,-75.71217315
167.31,-67.37652171,-75.6951302
167.32,-67.35591618,-75.67808171
167.33,-67.33532091,-75.6610278
167.34,-67.31473592,-75.6439686
167.35,-67.2941612,-75.62690427
167.36,-67.27359677,-75.60983492
167.37,-67.25304263,-75.59276069
167.38,-67.23249878,-75.57568171
167.39,-67.21196524,-75.55859812
167.4,-67.19144199,-75.54151004
167.41,-67.17092906,-75.52441762
167.42,-67.15042643,-75.50732097
167.43,-67.12993411,-75.49022023
167.44,-67.10945211,-75.47311554
167.45,-67.08898041,-75.45600701
167.46,-67.06851903,-75.43889478
167.47,-67.04806795,-75.42177898
167.48,-67.02762718,-75.40465973
167.49,-67.00719672,-75.38753717
167.5,-66.98677655,-75.37041141
167.51,-66.96636669,-75.35328259
167.52,-66.94596711,-75.33615084
167.53,-66.92557783,-75.31901628
167.54,-66.90519883,-75.30187902
167.55,-66.8848301,-75.28473921
167.56,-66.86447164,-75.26759696
167.57,-66.84412343,-75.2504524
167.58,-66.82378548,-75.23330565
167.59,-66.80345777,-75.21615683
167.6,-66.78314029,-75.19900606
167.61,-66.76283303,-75.18185347
167.62,-66.74253598,-75.16469918
167.63,-66.72224913,-75.1475433
167.64,-66.70197246,-75.13038597
167.65,-66.68170596,-75.11322729
167.66,-66.66144961,-75.09606738
167.67,-66.64120341,-75.07890637
167.68,-66.62096733,-75.06174438
167.69,-66.60074136,-75.04458151
167.7,-66.58052548,-75.02741789
167.71,-66.56031968,-75.01025363
167.72,-66.54012393,-74.99308885
167.73,-66.51993822,-74.97592366
167.74,-66.49976252,-74.95875818
167.75,-66.47959682,-74.94159252
167.76,-66.45944109,-74.92442679
167.77,-66.43929531,-74.90726111
167.78,-66.41915947,-74.89009559
167.79,-66.39903353,-74.87293033
167.8,-66.37891747,-74.85576546
167.81,-66.35881127,-74.83860108
167.82,-66.3387149,-74.8214373
167.83,-66.31862833,-74.80427422
167.84,-66.29855154,-74.78711197
167.85,-66.27848451,-74.76995064
167.86,-66.25842719,-74.75279034
167.87,-66.23837957,-74.73563118
167.88,-66.21834161,-74.71847326
167.89,-66.19831328,-74.70131669
167.9,-66.17829455,-74.68416158
167.91,-66.15828539,-74.66700803
167.92,-66.13828577,-74.64985613
167.93,-66.11829565,-74.632706
167.94,-66.098315,-74.61555774
167.95,-66.07834378,-74.59841144
167.96,-66.05838195,-74.58126721
167.97,-66.03842949,-74.56412515
167.98,-66.01848635,-74.54698535
167.99,-65.9985525,-74.52984792
168,-65.9786279,-74.51271295
168.01,-65.9587125,-74.49558055
168.02,-65.93880627,-74.4784508
168.03,-65.91890916,-74.4613238
168.04,-65.89902114,-74.44419965
168.05,-65.87914216,-74.42707845
168.06,-65.85927218,-74.40996028
168.07,-65.83941116,-74.39284525
168.08,-65.81955905,-74.37573343
168.09,-65.7997158,-74.35862494
168.1,-65.77988137,-74.34151984
168.11,-65.76005571,-74.32441825
168.12,-65.74023878,-74.30732024
168.13,-65.72043052,-74.2902259
168.14,-65.70063089,-74.27313533
168.15,-65.68083984,-74.25604861
168.16,-65.66105731,-74.23896583
168.17,-65.64128325,-74.22188707
168.18,-65.62151762,-74.20481243
168.19,-65.60176036,-74.18774198
168.2,-65.58201141,-74.1706758
168.21,-65.56227072,-74.15361399
168.22,-65.54253823,-74.13655663
168.23,-65.52281389,-74.11950379
168.24,-65.50309765,-74.10245556
168.25,-65.48338943,-74.08541202
168.26,-65.4636892,-74.06837325
168.27,-65.44399687,-74.05133932
168.28,-65.4243124,-74.03431032
168.29,-65.40463573,-74.01728633
168.3,-65.38496679,-74.00026741
168.31,-65.36530551,-73.98325366
168.32,-65.34565184,-73.96624513
168.33,-65.32600572,-73.94924191
168.34,-65.30636707,-73.93224407
168.35,-65.28673583,-73.91525168
168.36,-65.26711193,-73.89826482
168.37,-65.24749531,-73.88128356
168.38,-65.2278859,-73.86430797
168.39,-65.20828362,-73.84733811
168.4,-65.18868841,-73.83037407
168.41,-65.1691002,-73.8134159
168.42,-65.14951892,-73.79646367
168.43,-65.12994448,-73.77951746
168.44,-65.11037683,-73.76257732
168.45,-65.09081588,-73.74564333
168.46,-65.07126156,-73.72871555
168.47,-65.05171379,-73.71179404
168.48,-65.03217249,-73.69487887
168.49,-65.0126376,-73.67797009
168.5,-64.99310902,-73.66106778
168.51,-64.97358668,-73.64417198
168.52,-64.9540705,-73.62728277
168.53,-64.9345604,-73.61040021
168.54,-64.91505629,-73.59352434
168.55,-64.8955581,-73.57665523
168.56,-64.87606573,-73.55979293
168.57,-64.8565791,-73.54293751
168.58,-64.83709813,-73.52608901
168.59,-64.81762273,-73.5092475
168.6,-64.79815281,-73.49241302
168.61,-64.77868828,-73.47558563
168.62,-64.75922906,-73.45876539
168.63,-64.73977504,-73.44195234
168.64,-64.72032615,-73.42514653
168.65,-64.70088228,-73.40834802
168.66,-64.68144335,-73.39155685
168.67,-64.66200925,-73.37477308
168.68,-64.6425799,-73.35799674
168.69,-64.6231552,-73.3412279
168.7,-64.60373504,-73.32446659
168.71,-64.58431934,-73.30771286
168.72,-64.56490799,-73.29096675
168.73,-64.54550088,-73.27422831
168.74,-64.52609793,-73.25749758
168.75,-64.50669902,-73.24077461
168.76,-64.48730406,-73.22405943
168.77,-64.46791293,-73.20735209
168.78,-64.44852553,-73.19065262
168.79,-64.42914176,-73.17396107
168.8,-64.40976151,-73.15727747
168.81,-64.39038467,-73.14060186
168.82,-64.37101112,-73.12393427
168.83,-64.35164076,-73.10727475
168.84,-64.33227348,-73.09062333
168.85,-64.31290916,-73.07398004
168.86,-64.29354768,-73.05734492
168.87,-64.27418894,-73.04071799
168.88,-64.25483281,-73.02409929
168.89,-64.23547918,-73.00748886
168.9,-64.21612792,-72.99088671
168.91,-64.19677893,-72.97429289
168.92,-64.17743207,-72.95770742
168.93,-64.15808722,-72.94113032
168.94,-64.13874427,-72.92456163
168.95,-64.11940308,-72.90800137
168.96,-64.10006353,-72.89144956
168.97,-64.0807255,-72.87490623
168.98,-64.06138884,-72.85837141
168.99,-64.04205344,-72.84184511
169,-64.02271917,-72.82532737
169.01,-64.00338588,-72.80881819
169.02,-63.98405345,-72.7923176
169.03,-63.96472174,-72.77582562
169.04,-63.94539062,-72.75934227
169.05,-63.92605995,-72.74286757
169.06,-63.90672959,-72.72640153
169.07,-63.88739939,-72.70994416
169.08,-63.86806923,-72.6934955
169.09,-63.84873895,-72.67705554
169.1,-63.82940841,-72.66062431
169.11,-63.81007747,-72.64420181
169.12,-63.79074597,-72.62778806
169.13,-63.77141378,-72.61138307
169.14,-63.75208073,-72.59498685
169.15,-63.73274669,-72.57859941
169.16,-63.71341149,-72.56222076
169.17,-63.69407498,-72.5458509
169.18,-63.67473701,-72.52948985
169.19,-63.65539742,-72.5131376
169.2,-63.63605605,-72.49679417
169.21,-63.61671275,-72.48045956
169.22,-63.59736734,-72.46413377
169.23,-63.57801966,-72.4478168
169.24,-63.55866956,-72.43150867
169.25,-63.53931685,-72.41520935
169.26,-63.51996139,-72.39891887
169.27,-63.50060299,-72.38263721
169.28,-63.48124149,-72.36636438
169.29,-63.4618767,-72.35010038
169.3,-63.44250847,-72.33384519
169.31,-63.4231366,-72.31759882
169.32,-63.40376093,-72.30136125
169.33,-63.38438126,-72.2851325
169.34,-63.36499743,-72.26891254
169.35,-63.34560925,-72.25270137
169.36,-63.32621652,-72.23649898
169.37,-63.30681907,-72.22030536
169.38,-63.28741671,-72.2041205
169.39,-63.26800923,-72.1879444
169.4,-63.24859647,-72.17177703
169.41,-63.2291782,-72.15561839
169.42,-63.20975425,-72.13946845
169.43,-63.19032441,-72.12332722
169.44,-63.17088848,-72.10719466
169.45,-63.15144626,-72.09107077
169.46,-63.13199754,-72.07495552
169.47,-63.11254212,-72.0588489
169.48,-63.09307978,-72.04275089
169.49,-63.07361033,-72.02666146
169.5,-63.05413353,-72.0105806
169.51,-63.03464919,-71.99450829
169.52,-63.01515708,-71.9784445
169.53,-62.99565698,-71.9623892
169.54,-62.97614867,-71.94634237
169.55,-62.95663192,-71.930304
169.56,-62.93710651,-71.91427404
169.57,-62.91757222,-71.89825247
169.58,-62.8980288,-71.88223926
169.59,-62.87847603,-71.86623438
169.6,-62.85891367,-71.85023781
169.61,-62.83934148,-71.83424951
169.62,-62.81975922,-71.81826944
169.63,-62.80016665,-71.80229758
169.64,-62.78056351,-71.78633389
169.65,-62.76094957,-71.77037833
169.66,-62.74132457,-71.75443087
169.67,-62.72168826,-71.73849147
169.68,-62.70204037,-71.72256009
169.69,-62.68238066,-71.70663669
169.7,-62.66270885,-71.69072123
169.71,-62.64302469,-71.67481367
169.72,-62.6233279,-71.65891397
169.73,-62.60361821,-71.64302207
169.74,-62.58389536,-71.62713795
169.75,-62.56415905,-71.61126155
169.76,-62.54440903,-71.59539283
169.77,-62.52464499,-71.57953173
169.78,-62.50486666,-71.56367821
169.79,-62.48507374,-71.54783222
169.8,-62.46526595,-71.53199371
169.81,-62.44544298,-71.51616263
169.82,-62.42560455,-71.50033892
169.83,-62.40575034,-71.48452253
169.84,-62.38588005,-71.4687134
169.85,-62.36599337,-71.45291148
169.86,-62.34608999,-71.4371167
169.87,-62.3261696,-71.42132902
169.88,-62.30623187,-71.40554837
169.89,-62.28627648,-71.38977469
169.9,-62.2663031,-71.37400792
169.91,-62.2463114,-71.35824799
169.92,-62.22630105,-71.34249485
169.93,-62.20627171,-71.32674842
169.94,-62.18622304,-71.31100864
169.95,-62.16615468,-71.29527544
169.96,-62.1460663,-71.27954875
169.97,-62.12595753,-71.2638285
169.98,-62.10582801,-71.24811462
169.99,-62.08567739,-71.23240704
170,-62.06550529,-71.21670569
170.01,-62.04531134,-71.20101048
170.02,-62.02509517,-71.18532134
170.03,-62.0048564,-71.1696382
170.04,-61.98459464,-71.15396097
170.05,-61.96430949,-71.13828958
170.06,-61.94400057,-71.12262395
170.07,-61.92366748,-71.10696398
170.08,-61.9033098,-71.09130961
170.09,-61.88292714,-71.07566073
170.1,-61.86251907,-71.06001727
170.11,-61.84208518,-71.04437914
170.12,-61.82162504,-71.02874624
170.13,-61.80113822,-71.01311849
170.14,-61.78062429,-70.99749579
170.15,-61.76008279,-70.98187806
170.16,-61.7395133,-70.96626519
170.17,-61.71891535,-70.95065709
170.18,-61.69828848,-70.93505366
170.19,-61.67763224,-70.91945481
170.2,-61.65694614,-70.90386043
170.21,-61.63622972,-70.88827041
170.22,-61.61548249,-70.87268466
170.23,-61.59470397,-70.85710307
170.24,-61.57389365,-70.84152553
170.25,-61.55305104,-70.82595194
170.26,-61.53217563,-70.81038218
170.27,-61.5112669,-70.79481615
170.28,-61.49032433,-70.77925372
170.29,-61.46934739,-70.76369479
170.3,-61.44833555,-70.74813924
170.31,-61.42728827,-70.73258695
170.32,-61.40620498,-70.7170378
170.33,-61.38508514,-70.70149166
170.34,-61.36392818,-70.68594843
170.35,-61.34273353,-70.67040796
170.36,-61.3215006,-70.65487014
170.37,-61.3002288,-70.63933484
170.38,-61.27891755,-70.62380192
170.39,-61.25756623,-70.60827125
170.4,-61.23617422,-70.5927427
170.41,-61.21474091,-70.57721614
170.42,-61.19326567,-70.56169143
170.43,-61.17174785,-70.54616842
170.44,-61.1501868,-70.53064697
170.45,-61.12858187,-70.51512695
170.46,-61.10693239,-70.4996082
170.47,-61.08523768,-70.48409058
170.48,-61.06349705,-70.46857394
170.49,-61.04170981,-70.45305813
170.5,-61.01987524,-70.43754299
170.51,-60.99799263,-70.42202836
170.52,-60.97606125,-70.4065141
170.53,-60.95408037,-70.39100004
170.54,-60.93204922,-70.37548601
170.55,-60.90996706,-70.35997186
170.56,-60.8878331,-70.34445741
170.57,-60.86564657,-70.3289425
170.58,-60.84340666,-70.31342695
170.59,-60.82111257,-70.29791059
170.6,-60.79876348,-70.28239325
170.61,-60.77635856,-70.26687474
170.62,-60.75389695,-70.25135489
170.63,-60.73137781,-70.23583351
170.64,-60.70880025,-70.22031041
170.65,-60.6861634,-70.20478541
170.66,-60.66346635,-70.18925831
170.67,-60.64070819,-70.17372892
170.68,-60.617888,-70.15819704
170.69,-60.59500483,-70.14266248
170.7,-60.57205772,-70.12712503
170.71,-60.5490457,-70.11158448
170.72,-60.52596778,-70.09604063
170.73,-60.50282297,-70.08049326
170.74,-60.47961023,-70.06494217
170.75,-60.45632853,-70.04938713
170.76,-60.43297683,-70.03382793
170.77,-60.40955404,-70.01826433
170.78,-60.38605908,-70.00269613
170.79,-60.36249084,-69.98712307
170.8,-60.33884821,-69.97154494
170.81,-60.31513003,-69.9559615
170.82,-60.29133514,-69.9403725
170.83,-60.26746237,-69.9247777
170.84,-60.24351051,-69.90917686
170.85,-60.21947833,-69.89356973
170.86,-60.1953646,-69.87795605
170.87,-60.17116805,-69.86233557
170.88,-60.1468874,-69.84670802
170.89,-60.12252133,-69.83107314
170.9,-60.09806852,-69.81543066
170.91,-60.07352762,-69.7997803
170.92,-60.04889724,-69.7841218
170.93,-60.02417592,-69.76845487
170.94,-59.99936068,-69.75277923
170.95,-59.97444873,-69.73709458
170.96,-59.94944042,-69.72140063
170.97,-59.92433582,-69.70569709
170.98,-59.8991333,-69.68998365
170.99,-59.87383124,-69.67426001
171,-59.84842801,-69.65852586
171.01,-59.82292196,-69.64278087
171.02,-59.79731142,-69.62702473
171.03,-59.77159468,-69.61125711
171.04,-59.74577003,-69.59547768
171.05,-59.71983571,-69.5796861
171.06,-59.69378993,-69.56388204
171.07,-59.66763089,-69.54806515
171.08,-59.64135674,-69.53223507
171.09,-59.6149656,-69.51639145
171.1,-59.58845555,-69.50053392
171.11,-59.56182464,-69.48466212
171.12,-59.53507089,-69.46877567
171.13,-59.50819227,-69.45287419
171.14,-59.48118672,-69.43695729
171.15,-59.45405214,-69.42102459
171.16,-59.42678638,-69.40507568
171.17,-59.39938727,-69.38911016
171.18,-59.37185257,-69.37312762
171.19,-59.34418003,-69.35712764
171.2,-59.31636731,-69.34110979
171.21,-59.28841206,-69.32507364
171.22,-59.26031188,-69.30901877
171.23,-59.2320643,-69.29294471
171.24,-59.20366682,-69.27685101
171.25,-59.17511689,-69.26073722
171.26,-59.1464119,-69.24460288
171.27,-59.11754918,-69.22844749
171.28,-59.08852601,-69.21227058
171.29,-59.05933964,-69.19607166
171.3,-59.02998721,-69.17985023
171.31,-59.00046585,-69.16360578
171.32,-58.97077261,-69.14733779
171.33,-58.94090446,-69.13104574
171.34,-58.91085834,-69.11472909
171.35,-58.8806311,-69.09838729
171.36,-58.85021952,-69.08201981
171.37,-58.81962034,-69.06562606
171.38,-58.7888302,-69.04920549
171.39,-58.75784568,-69.03275751
171.4,-58.72666328,-69.01628151
171.41,-58.69527941,-68.99977691
171.42,-58.66369044,-68.98324309
171.43,-58.63189262,-68.96667942
171.44,-58.59988213,-68.95008527
171.45,-58.56765507,-68.93345999
171.46,-58.53520744,-68.91680292
171.47,-58.50253516,-68.90011339
171.48,-58.46963406,-68.88339071
171.49,-58.43649985,-68.86663419
171.5,-58.40312812,-68.84984312
171.51,-58.36951423,-68.83301679
171.52,-58.33565361,-68.81615444
171.53,-58.30154168,-68.79925535
171.54,-58.26717371,-68.78231873
171.55,-58.2325448,-68.76534382
171.56,-58.19764995,-68.74832982
171.57,-58.16248402,-68.73127593
171.58,-58.12704173,-68.71418132
171.59,-58.09131769,-68.69704516
171.6,-58.05530637,-68.67986658
171.61,-58.0190021,-68.66264472
171.62,-57.98239907,-68.6453787
171.63,-57.94549135,-68.62806759
171.64,-57.90827281,-68.61071049
171.65,-57.87073723,-68.59330644
171.66,-57.83287819,-68.57585449
171.67,-57.79468911,-68.55835366
171.68,-57.75616327,-68.54080295
171.69,-57.71729374,-68.52320133
171.7,-57.67807345,-68.50554777
171.71,-57.63849512,-68.48784121
171.72,-57.59855129,-68.47008055
171.73,-57.5582343,-68.45226471
171.74,-57.5175363,-68.43439254
171.75,-57.47644921,-68.41646289
171.76,-57.43496476,-68.39847459
171.77,-57.39307443,-68.38042643
171.78,-57.3507695,-68.3623172
171.79,-57.308041,-68.34414562
171.8,-57.2648797,-68.32591044
171.81,-57.22127614,-68.30761033
171.82,-57.17722059,-68.28924395
171.83,-57.13270305,-68.27080996
171.84,-57.08771322,-68.25230694
171.85,-57.04224055,-68.23373348
171.86,-56.99627416,-68.21508812
171.87,-56.94980287,-68.19636936
171.88,-56.90281518,-68.17757569
171.89,-56.85529925,-68.15870554
171.9,-56.80724291,-68.13975732
171.91,-56.75863361,-68.1207294
171.92,-56.70945838,-68.10162012
171.93,-56.65970395,-68.08242777
171.94,-56.60935665,-68.06315061
171.95,-56.55840242,-68.04378684
171.96,-56.50682675,-68.02433464
171.97,-56.45461469,-68.00479215
171.98,-56.40175084,-67.98515744
171.99,-56.34821931,-67.96542855
172,-56.29400373,-67.94560347
172.01,-56.23908722,-67.92568016
172.02,-56.18345234,-67.90565649
172.03,-56.12708114,-67.88553032
172.04,-56.06995507,-67.86529942
172.05,-56.01205499,-67.84496154
172.06,-55.95336116,-67.82451434
172.07,-55.89385318,-67.80395546
172.08,-55.83350999,-67.78328244
172.09,-55.77230984,-67.76249277
172.1,-55.71023025,-67.7415839
172.11,-55.647248,-67.72055319
172.12,-55.58333909,-67.69939794
172.13,-55.51847869,-67.67811537
172.14,-55.45264115,-67.65670263
172.15,-55.38579993,-67.63515681
172.16,-55.31792756,-67.61347491
172.17,-55.24899563,-67.59165384
172.18,-55.17897474,-67.56969045
172.19,-55.10783442,-67.54758148
172.2,-55.03554315,-67.52532361
172.21,-54.96206826,-67.5029134
172.22,-54.88737589,-67.48034732
172.23,-54.81143097,-67.45762177
172.24,-54.73419715,-67.434733
172.25,-54.65563673,-67.41167721
172.26,-54.57571063,-67.38845043
172.27,-54.49437829,-67.36504863
172.28,-54.41159762,-67.34146764
172.29,-54.32732494,-67.31770317
172.3,-54.2415149,-67.2937508
172.31,-54.15412038,-67.26960599
172.32,-54.06509245,-67.24526406
172.33,-53.97438026,-67.22072019
172.34,-53.88193095,-67.19596941
172.35,-53.78768955,-67.17100661
172.36,-53.6915989,-67.14582651
172.37,-53.59359954,-67.12042368
172.38,-53.49362958,-67.09479251
172.39,-53.39162458,-67.06892722
172.4,-53.28751748,-67.04282186
172.41,-53.18123839,-67.01647026
172.42,-53.07271451,-66.98986608
172.43,-52.96186996,-66.96300278
172.44,-52.84862562,-66.93587357
172.45,-52.73289899,-66.90847147
172.46,-52.61460398,-66.88078925
172.47,-52.49365078,-66.85281947
172.48,-52.36994563,-66.82455441
172.49,-52.24339061,-66.79598608
172.5,-52.11388346,-66.76710626
172.51,-51.98131732,-66.7379064
172.52,-51.84558048,-66.70837769
172.53,-51.70655617,-66.67851098
172.54,-51.56412222,-66.64829683
172.55,-51.41815086,-66.61772542
172.56,-51.26850832,-66.58678663
172.57,-51.11505457,-66.55546994
172.58,-50.95764299,-66.52376444
172.59,-50.79611994,-66.49165885
172.6,-50.63032444,-66.45914143
172.61,-50.46008774,-66.42620003
172.62,-50.28523291,-66.39282203
172.63,-50.10557435,-66.35899433
172.64,-49.92091734,-66.32470332
172.65,-49.73105752,-66.28993487
172.66,-49.53578036,-66.25467428
172.67,-49.33486059,-66.21890627
172.68,-49.1280616,-66.18261497
172.69,-48.91513479,-66.14578385
172.7,-48.69581893,-66.10839572
172.71,-48.46983944,-66.07043265
172.72,-48.23690766,-66.03187601
172.73,-47.99672003,-65.99270635
172.74,-47.74895735,-65.95290344
172.75,-47.49328383,-65.91244613
172.76,-47.22934625,-65.87131241
172.77,-46.95677303,-65.82947928
172.78,-46.6751732,-65.78692273
172.79,-46.38413541,-65.74361768
172.8,-46.08322692,-65.69953794
172.81,-45.77199245,-65.65465612
172.82,-45.4499531,-65.60894357
172.83,-45.11660521,-65.56237032
172.84,-44.77141923,-65.51490501
172.85,-44.41383852,-65.46651476
172.86,-44.04327821,-65.41716517
172.87,-43.65912409,-65.36682015
172.88,-43.26073148,-65.31544185
172.89,-42.8474242,-65.26299058
172.9,-42.41849359,-65.20942465
172.91,-41.9731977,-65.15470028
172.92,-41.51076715,-65.09877148
172.93,-41.03038751,-65.04158989
172.94,-40.53121189,-64.98310463
172.95,-40.0123595,-64.92326219
172.96,-39.47291563,-64.86200619
172.97,-38.91193218,-64.79927726
172.98,-38.32842902,-64.73501281
172.99,-37.72139589,-64.66914684
173,-37.08979519,-64.60160971
173.01,-36.43256565,-64.53232791
173.02,-35.74862692,-64.46122377
173.03,-35.03688556,-64.38821526
173.04,-34.2962422,-64.31321558
173.05,-33.52560043,-64.23613297
173.06,-32.72387731,-64.15687027
173.07,-31.890016,-64.07532459
173.08,-31.02300049,-63.99138693
173.09,-30.12187278,-63.90494176
173.1,-29.18575262,-63.81586653
173.11,-28.21386004,-63.72403122
173.12,-27.20554077,-63.62929782
173.13,-26.16029469,-63.53151977
173.14,-25.07780683,-63.43054135
173.15,-23.95798113,-63.32619706
173.16,-22.80097655,-63.21831092
173.17,-21.60724488,-63.10669577
173.18,-20.37756945,-62.99115247
173.19,-19.11310357,-62.87146909
173.2,-17.81540736,-62.74742001
173.21,-16.48648133,-62.61876499
173.22,-15.12879469,-62.48524815
173.23,-13.74530632,-62.34659696
173.24,-12.3394762,-62.20252104
173.25,-10.91526516,-62.05271105
173.26,-9.477120922,-61.89683738
173.27,-8.029948987,-61.73454884
173.28,-6.579067359,-61.56547125
173.29,-5.130145018,-61.389206
173.3,-3.68912488,-61.20532846
173.31,-2.262133003,-61.01338637
173.32,-0.8553767776,-60.81289811
173.33,0.5249642921,-60.60335091
173.34,1.872850958,-60.38419897
173.35,3.182495111,-60.15486096
173.36,4.448464466,-59.91471918
173.37,5.665776661,-59.66311634
173.38,6.829978985,-59.3993533
173.39,7.937210856,-59.12268665
173.4,8.984247208,-58.83232602
173.41,9.968522106,-58.52743123
173.42,10.88813299,-58.20710927
173.43,11.74182699,-57.87041093
173.44,12.52897143,-57.51632729
173.45,13.24951135,-57.14378584
173.46,13.90391712,-56.75164633
173.47,14.49312511,-56.33869614
173.48,15.01847464,-55.90364545
173.49,15.48164381,-55.44512174
173.5,15.8845864,-54.96166397
173.51,16.22947197,-54.45171619
173.52,16.5186303,-53.91362054
173.53,16.75450113,-53.34560969
173.54,16.93958994,-52.74579868
173.55,17.07642962,-52.11217597
173.56,17.16754828,-51.44259399
173.57,17.21544269,-50.73475884
173.58,17.22255693,-49.9862195
173.59,17.19126589,-49.19435635
173.6,17.12386282,-48.35636933
173.61,17.02255057,-47.4692658
173.62,16.88943577,-46.52984845
173.63,16.7265256,-45.53470369
173.64,16.53572654,-44.48019116
173.65,16.31884481,-43.36243517
173.66,16.07758801,-42.17731928
173.67,15.8135677,-40.92048564
173.68,15.52830273,-39.58734111
173.69,15.223223,-38.17307313
173.7,14.89967353,-36.67267865
173.71,14.5589187,-35.08101114
173.72,14.20214653,-33.39285102
173.73,13.83047298,-31.60300693
173.74,13.44494609,-29.7064561
173.75,13.0465501,-27.69853332
173.76,12.63620928,-25.57517886
173.77,12.21479167,-23.33325485
173.78,11.78311261,-20.97093752
173.79,11.34193805,-18.48818749
173.8,10.89198768,-15.887291
173.81,10.43393787,-13.17345187
173.82,9.968424387,-10.3553954
173.83,9.496045007,-7.445924311
173.84,9.017361867,-4.462345647
173.85,8.532903711,-1.426671625
173.86,8.043167966,1.634505975
173.87,7.548622688,4.690552299
173.88,7.049708354,7.707781378
173.89,6.546839552,10.65088559
173.9,6.040406545,13.48470816
173.91,5.530776739,16.17618999
173.92,5.018296055,18.69626994
173.93,4.503290206,21.02150495
173.94,3.986065901,23.13520989
173.95,3.466911954,25.02799237
173.96,2.946100348,26.69765465
173.97,2.423887224,28.14853189
173.98,1.900513789,29.39040856
173.99,1.376207202,30.43719256
174,0.8511813571,31.30552608
174.01,0.3256376655,32.01348269
174.02,-0.2002342714,32.57945396
174.03,-0.7262559797,33.02127971
174.04,-1.252259538,33.35563292
174.05,-1.778086985,33.5976392
174.06,-2.303589825,33.76069239
174.07,-2.828628517,33.85642037
174.08,-3.353072053,33.89475642
174.09,-3.876797505,33.88407663
174.1,-4.399689665,33.83137233
174.11,-4.921640639,33.74243436
174.12,-5.442549534,33.62203365
174.13,-5.962322091,33.47408851
174.14,-6.480870391,33.30181362
174.15,-6.998112546,33.10784886
174.16,-7.513972396,32.89436828
174.17,-8.028379257,32.66317065
174.18,-8.541267636,32.41575371
174.19,-9.052576966,32.15337433
174.2,-9.562251375,31.87709699
174.21,-10.07023945,31.58783237
174.22,-10.57649401,31.28636823
174.23,-11.08097188,30.97339371
174.24,-11.58363368,30.6495187
174.25,-12.08444364,30.31528904
174.26,-12.58336944,29.97119865
174.27,-13.08038199,29.61769898
174.28,-13.57545528,29.25520661
174.29,-14.06856625,28.88410924
174.3,-14.5596946,28.50477043
174.31,-15.04882269,28.11753338
174.32,-15.5359354,27.72272398
174.33,-16.02102002,27.32065321
174.34,-16.50406615,26.9116191
174.35,-16.98506555,26.49590825
174.36,-17.4640121,26.07379715
174.37,-17.94090172,25.64555315
174.38,-18.41573223,25.21143529
174.39,-18.88850335,24.77169496
174.4,-19.35921661,24.32657647
174.41,-19.82787528,23.87631745
174.42,-20.29448436,23.42114923
174.43,-20.75905048,22.96129712
174.44,-21.22158192,22.49698068
174.45,-21.68208856,22.02841388
174.46,-22.14058181,21.55580528
174.47,-22.59707467,21.07935817
174.48,-23.05158164,20.59927068
174.49,-23.50411875,20.11573588
174.5,-23.95470356,19.62894186
174.51,-24.40335512,19.13907182
174.52,-24.850094,18.64630411
174.53,-25.29494229,18.15081232
174.54,-25.7379236,17.65276531
174.55,-26.17906309,17.1523273
174.56,-26.61838747,16.64965788
174.57,-27.05592499,16.14491209
174.58,-27.49170549,15.63824046
174.59,-27.92576044,15.12978907
174.6,-28.35812292,14.6196996
174.61,-28.78882767,14.10810937
174.62,-29.21791109,13.59515143
174.63,-29.64541131,13.08095457
174.64,-30.07136814,12.56564339
174.65,-30.49582319,12.0493384
174.66,-30.9188198,11.53215603
174.67,-31.34040315,11.01420871
174.68,-31.76062021,10.49560493
174.69,-32.17951979,9.976449307
174.7,-32.59715259,9.456842661
174.71,-33.01357114,8.936882062
174.72,-33.4288299,8.416660905
174.73,-33.84298524,7.896268978
174.74,-34.25609537,7.37579254
174.75,-34.66822048,6.855314368
174.76,-35.07942267,6.334913855
174.77,-35.48976592,5.814667055
174.78,-35.89931611,5.294646769
174.79,-36.30814098,4.774922614
174.8,-36.71631019,4.255561082
174.81,-37.12389521,3.736625629
174.82,-37.5309693,3.218176726
174.83,-37.93760747,2.700271939
174.84,-38.34388644,2.182966008
174.85,-38.74988455,1.666310886
174.86,-39.15568173,1.150355837
174.87,-39.56135946,0.6351474995
174.88,-39.9670006,0.120729928
174.89,-40.37268933,-0.3928553142
174.9,-40.77851103,-0.9055690937
174.91,-41.18455213,-1.417374655
174.92,-41.5909,-1.928237558
174.93,-41.99764279,-2.438125605
174.94,-42.40486925,-2.947008784
174.95,-42.8126686,-3.454859213
174.96,-43.22113027,-3.961651091
174.97,-43.63034367,-4.467360636
174.98,-44.04039795,-4.97196603
174.99,-44.45138173,-5.475447365
175,-44.86338281,-5.977786595
175.01,-45.27648791,-6.478967488
175.02,-45.69078227,-6.978975584
175.03,-46.10634925,-7.477798146
175.04,-46.52326998,-7.975424121
175.05,-46.94162297,-8.471844101
175.06,-47.36148355,-8.967050282
175.07,-47.78292409,-9.461036435
175.08,-48.20601171,-9.953797874
175.09,-48.63080909,-10.44533142
175.1,-49.05737377,-10.9356354
175.11,-49.48575733,-11.42470958
175.12,-49.91600486,-11.91255519
175.13,-50.34815409,-12.39917487
175.14,-50.78223536,-12.88457267
175.15,-51.21826948,-13.36875408
175.16,-51.65626755,-13.85172595
175.17,-52.09623031,-14.33349654
175.18,-52.53814732,-14.81407552
175.19,-52.98199613,-15.29347395
175.2,-53.42774131,-15.77170431
175.21,-53.87533358,-16.24878053
175.22,-54.32470894,-16.72471796
175.23,-54.7757878,-17.19953346
175.24,-55.22847415,-17.67324536
175.25,-55.68265477,-18.14587358
175.26,-56.13819844,-18.61743958
175.27,-56.59495531,-19.08796648
175.28,-57.05275624,-19.55747906
175.29,-57.51141235,-20.02600384
175.3,-57.97071461,-20.49356919
175.31,-58.43043359,-20.96020528
175.32,-58.89031926,-21.42594429
175.33,-59.35010116,-21.89082044
175.34,-59.80948859,-22.35487003
175.35,-60.26817117,-22.81813162
175.36,-60.7258194,-23.28064611
175.37,-61.18208563,-23.74245683
175.38,-61.63660522,-24.20360964
175.39,-62.08899792,-24.66415312
175.4,-62.53886957,-25.1241387
175.41,-62.98581402,-25.58362072
175.42,-63.42941527,-26.04265667
175.43,-63.86924988,-26.50130728
175.44,-64.30488956,-26.95963673
175.45,-64.73590382,-27.41771281
175.46,-65.16186325,-27.87560712
175.47,-65.58234233,-28.3333952
175.48,-65.99692266,-28.79115675
175.49,-66.40519599,-29.24897586
175.5,-66.80676751,-29.70694115
175.51,-67.20125879,-30.16514612
175.52,-67.58831082,-30.62368923
175.53,-67.96758669,-31.08267418
175.54,-68.33877419,-31.54221015
175.55,-68.70158802,-32.00241198
175.56,-69.05577178,-32.46340049
175.57,-69.40109958,-32.92530273
175.58,-69.73737731,-33.38825215
175.59,-70.0644435,-33.85238885
175.6,-70.38216978,-34.3178599
175.61,-70.69046099,-34.78481955
175.62,-70.98925491,-35.25342946
175.63,-71.27852158,-35.72385891
175.64,-71.55826239,-36.19628512
175.65,-71.82850873,-36.67089334
175.66,-72.0893205,-37.14787718
175.67,-72.34078434,-37.62743866
175.68,-72.58301166,-38.10978853
175.69,-72.81613656,-38.59514622
175.7,-73.04031368,-39.08374006
175.71,-73.2557159,-39.57580738
175.72,-73.46253213,-40.07159437
175.73,-73.66096506,-40.57135615
175.74,-73.85122893,-41.07535659
175.75,-74.03354747,-41.58386819
175.76,-74.20815185,-42.0971717
175.77,-74.37527877,-42.61555581
175.78,-74.53516873,-43.1393167
175.79,-74.68806434,-43.66875725
175.8,-74.83420888,-44.20418633
175.81,-74.97384494,-44.74591773
175.82,-75.10721324,-45.29426911
175.83,-75.23455158,-45.8495605
175.84,-75.35609394,-46.41211258
175.85,-75.47206969,-46.98224484
175.86,-75.58270299,-47.56027315
175.87,-75.68821218,-48.14650716
175.88,-75.78880945,-48.74124726
175.89,-75.88470043,-49.34478119
175.9,-75.97608401,-49.95737996
175.91,-76.06315215,-50.57929357
175.92,-76.14608979,-51.21074602
175.93,-76.22507486,-51.85192968
175.94,-76.3002782,-52.50299927
175.95,-76.37186376,-53.16406524
175.96,-76.43998859,-53.83518647
175.97,-76.50480302,-54.51636233
175.98,-76.56645083,-55.20752436
175.99,-76.62506939,-55.90852747
176,-76.68078988,-56.61914072
176.01,-76.7337375,-57.33903787
176.02,-76.78403166,-58.06778787
176.03,-76.83178619,-58.80484551
176.04,-76.87710961,-59.54954249
176.05,-76.92010528,-60.30107933
176.06,-76.96087167,-61.05851835
176.07,-76.99950255,-61.82077822
176.08,-77.0360872,-62.58663047
176.09,-77.07071062,-63.35469863
176.1,-77.10345371,-64.1234604
176.11,-77.1343935,-64.89125344
176.12,-77.16360328,-65.65628479
176.13,-77.19115283,-66.41664499
176.14,-77.21710853,-67.17032644
176.15,-77.24153357,-67.91524634
176.16,-77.2644881,-68.64927395
176.17,-77.28602935,-69.37026172
176.18,-77.30621177,-70.07607976
176.19,-77.32508719,-70.76465213
176.2,-77.34270494,-71.43399437
176.21,-77.35911196,-72.08225058
176.22,-77.37435291,-72.7077285
176.23,-77.38847032,-73.30893126
176.24,-77.40150463,-73.88458434
176.25,-77.41349438,-74.43365651
176.26,-77.42447622,-74.95537396
176.27,-77.43448509,-75.44922704
176.28,-77.44355424,-75.91496971
176.29,-77.45171537,-76.35261178
176.3,-77.4589987,-76.76240463
176.31,-77.46543305,-77.1448217
176.32,-77.47104594,-77.50053451
176.33,-77.47586367,-77.83038579
176.34,-77.47991139,-78.13536094
176.35,-77.48321316,-78.41655892
176.36,-77.48579207,-78.67516391
176.37,-77.48767028,-78.91241837
176.38,-77.4888691,-79.12959837
176.39,-77.48940904,-79.32799149
176.4,-77.48930989,-79.5088778
176.41,-77.48859077,-79.67351372
176.42,-77.48727019,-79.82311904
176.43,-77.48536608,-79.95886658
176.44,-77.48289587,-80.08187468
176.45,-77.4798765,-80.19320176
176.46,-77.47632448,-80.29384315
176.47,-77.4722559,-80.38472936
176.48,-77.46768648,-80.466726
176.49,-77.46263158,-80.54063463
176.5,-77.45710622,-80.60719461
176.51,-77.4511251,-80.66708552
176.52,-77.44470264,-80.7209301
176.53,-77.43785293,-80.76929747
176.54,-77.4305898,-80.8127065
176.55,-77.42292679,-80.8516293
176.56,-77.41487715,-80.88649468
176.57,-77.40645386,-80.91769149
176.58,-77.39766963,-80.94557193
176.59,-77.38853687,-80.9704546
176.6,-77.37906775,-80.9926275
176.61,-77.36927411,-81.0123507
176.62,-77.35916753,-81.02985895
176.63,-77.34875929,-81.04536404
176.64,-77.33806039,-81.05905694
176.65,-77.32708152,-81.07110985
176.66,-77.31583309,-81.08167797
176.67,-77.3043252,-81.09090119
176.68,-77.29256765,-81.0989056
176.69,-77.28056994,-81.10580485
176.7,-77.26834127,-81.1117014
176.71,-77.25589054,-81.11668761
176.72,-77.24322636,-81.12084679
176.73,-77.23035703,-81.12425407
176.74,-77.21729055,-81.12697725
176.75,-77.20403465,-81.12907753
176.76,-77.19059677,-81.13061015
176.77,-77.17698404,-81.13162502
176.78,-77.16320335,-81.13216722
176.79,-77.14926129,-81.13227751
176.8,-77.1351642,-81.13199276
176.81,-77.12091814,-81.13134631
176.82,-77.10652894,-81.13036835
176.83,-77.09200217,-81.1290862
176.84,-77.07734317,-81.12752463
176.85,-77.06255702,-81.12570608
176.86,-77.0476486,-81.1236509
176.87,-77.03262256,-81.12137756
176.88,-77.01748335,-81.11890281
176.89,-77.00223521,-81.11624186
176.9,-76.98688217,-81.11340855
176.91,-76.9714281,-81.11041543
176.92,-76.95587666,-81.10727394
176.93,-76.94023134,-81.10399445
176.94,-76.92449548,-81.10058644
176.95,-76.90867225,-81.09705852
176.96,-76.89276465,-81.09341853
176.97,-76.87677556,-81.08967362
176.98,-76.86070771,-81.08583031
176.99,-76.84456367,-81.08189454
177,-76.82834592,-81.07787174
177.01,-76.8120568,-81.07376686
177.02,-76.79569853,-81.06958442
177.03,-76.77927322,-81.06532854
177.04,-76.76278287,-81.06100301
177.05,-76.7462294,-81.05661125
177.06,-76.72961462,-81.05215644
177.07,-76.71294023,-81.04764145
177.08,-76.69620788,-81.04306892
177.09,-76.6794191,-81.03844125
177.1,-76.66257538,-81.03376066
177.11,-76.6456781,-81.02902918
177.12,-76.6287286,-81.02424864
177.13,-76.61172814,-81.01942074
177.14,-76.5946779,-81.01454703
177.15,-76.57757903,-81.00962894
177.16,-76.5604326,-81.00466777
177.17,-76.54323965,-80.99966469
177.18,-76.52600114,-80.99462082
177.19,-76.50871801,-80.98953714
177.2,-76.49139113,-80.98441456
177.21,-76.47402134,-80.97925394
177.22,-76.45660944,-80.97405602
177.23,-76.43915618,-80.96882152
177.24,-76.4216623,-80.96355107
177.25,-76.40412847,-80.95824525
177.26,-76.38655535,-80.95290461
177.27,-76.36894357,-80.94752963
177.28,-76.35129372,-80.94212076
177.29,-76.33360637,-80.93667839
177.3,-76.31588205,-80.93120291
177.31,-76.29812129,-80.92569465
177.32,-76.28032458,-80.9201539
177.33,-76.26249239,-80.91458096
177.34,-76.24462518,-80.90897606
177.35,-76.22672337,-80.90333944
177.36,-76.20878737,-80.8976713
177.37,-76.19081759,-80.89197182
177.38,-76.1728144,-80.88624117
177.39,-76.15477817,-80.88047948
177.4,-76.13670925,-80.8746869
177.41,-76.11860796,-80.86886354
177.42,-76.10047465,-80.8630095
177.43,-76.0823096,-80.85712486
177.44,-76.06411313,-80.85120971
177.45,-76.04588552,-80.84526411
177.46,-76.02762706,-80.83928811
177.47,-76.009338,-80.83328176
177.48,-75.9910186,-80.82724511
177.49,-75.97266912,-80.82117816
177.5,-75.9542898,-80.81508096
177.51,-75.93588088,-80.80895351
177.52,-75.91744257,-80.80279582
177.53,-75.8989751,-80.7966079
177.54,-75.88047869,-80.79038974
177.55,-75.86195354,-80.78414133
177.56,-75.84339986,-80.77786266
177.57,-75.82481783,-80.77155372
177.58,-75.80620766,-80.76521448
177.59,-75.78756953,-80.75884492
177.6,-75.76890363,-80.752445
177.61,-75.75021012,-80.7460147
177.62,-75.73148919,-80.73955399
177.63,-75.71274101,-80.73306282
177.64,-75.69396574,-80.72654116
177.65,-75.67516355,-80.71998897
177.66,-75.6563346,-80.7134062
177.67,-75.63747904,-80.7067928
177.68,-75.61859703,-80.70014873
177.69,-75.59968873,-80.69347393
177.7,-75.58075428,-80.68676837
177.71,-75.56179383,-80.68003197
177.72,-75.54280753,-80.6732647
177.73,-75.52379552,-80.6664665
177.74,-75.50475795,-80.65963731
177.75,-75.48569494,-80.65277708
177.76,-75.46660665,-80.64588574
177.77,-75.4474932,-80.63896324
177.78,-75.42835474,-80.63200952
177.79,-75.40919139,-80.62502453
177.8,-75.3900033,-80.61800819
177.81,-75.37079058,-80.61096046
177.82,-75.35155338,-80.60388127
177.83,-75.33229181,-80.59677055
177.84,-75.31300602,-80.58962826
177.85,-75.29369612,-80.58245432
177.86,-75.27436224,-80.57524868
177.87,-75.25500452,-80.56801128
177.88,-75.23562307,-80.56074204
177.89,-75.21621801,-80.55344092
177.9,-75.19678948,-80.54610784
177.91,-75.17733759,-80.53874276
177.92,-75.15786247,-80.53134559
177.93,-75.13836424,-80.52391629
177.94,-75.11884303,-80.5164548
177.95,-75.09929894,-80.50896104
177.96,-75.07973211,-80.50143497
177.97,-75.06014266,-80.49387651
177.98,-75.0405307,-80.48628562
177.99,-75.02089635,-80.47866222
178,-75.00123974,-80.47100626
178.01,-74.98156098,-80.46331769
178.02,-74.9618602,-80.45559643
178.03,-74.94213751,-80.44784244
178.04,-74.92239303,-80.44005565
178.05,-74.90262687,-80.43223601
178.06,-74.88283917,-80.42438345
178.07,-74.86303003,-80.41649793
178.08,-74.84319958,-80.40857939
178.09,-74.82334793,-80.40062776
178.1,-74.8034752,-80.392643
178.11,-74.7835815,-80.38462505
178.12,-74.76366697,-80.37657385
178.13,-74.74373171,-80.36848936
178.14,-74.72377585,-80.36037151
178.15,-74.70379949,-80.35222026
178.16,-74.68380277,-80.34403556
178.17,-74.66378579,-80.33581734
178.18,-74.64374868,-80.32756557
178.19,-74.62369155,-80.31928019
178.2,-74.60361452,-80.31096115
178.21,-74.58351771,-80.3026084
178.22,-74.56340124,-80.2942219
178.23,-74.54326522,-80.2858016
178.24,-74.52310978,-80.27734745
178.25,-74.50293503,-80.2688594
178.26,-74.48274109,-80.26033742
178.27,-74.46252807,-80.25178144
178.28,-74.44229611,-80.24319144
178.29,-74.42204531,-80.23456737
178.3,-74.4017758,-80.22590918
178.31,-74.38148769,-80.21721683
178.32,-74.3611811,-80.20849029
178.33,-74.34085615,-80.19972951
178.34,-74.32051296,-80.19093445
178.35,-74.30015165,-80.18210508
178.36,-74.27977234,-80.17324135
178.37,-74.25937515,-80.16434323
178.38,-74.23896019,-80.15541068
178.39,-74.21852759,-80.14644368
178.4,-74.19807746,-80.13744217
178.41,-74.17760993,-80.12840614
178.42,-74.15712511,-80.11933554
178.43,-74.13662313,-80.11023034
178.44,-74.11610411,-80.10109052
178.45,-74.09556815,-80.09191603
178.46,-74.07501539,-80.08270687
178.47,-74.05444595,-80.07346298
178.48,-74.03385994,-80.06418435
178.49,-74.01325749,-80.05487095
178.5,-73.99263871,-80.04552275
178.51,-73.97200373,-80.03613973
178.52,-73.95135266,-80.02672186
178.53,-73.93068563,-80.01726912
178.54,-73.91000276,-80.00778148
178.55,-73.88930417,-79.99825893
178.56,-73.86858997,-79.98870144
178.57,-73.8478603,-79.979109
178.58,-73.82711527,-79.96948158
178.59,-73.806355,-79.95981917
178.6,-73.78557961,-79.95012175
178.61,-73.76478923,-79.9403893
178.62,-73.74398398,-79.9306218
178.63,-73.72316397,-79.92081925
178.64,-73.70232933,-79.91098163
178.65,-73.68148018,-79.90110893
178.66,-73.66061665,-79.89120113
178.67,-73.63973884,-79.88125822
178.68,-73.61884689,-79.8712802
178.69,-73.59794092,-79.86126706
178.7,-73.57702105,-79.85121878
178.71,-73.55608739,-79.84113536
178.72,-73.53514008,-79.8310168
178.73,-73.51417923,-79.82086308
178.74,-73.49320497,-79.81067421
178.75,-73.47221741,-79.80045019
178.76,-73.45121669,-79.790191
178.77,-73.43020291,-79.77989665
178.78,-73.4091762,-79.76956715
178.79,-73.38813669,-79.75920248
178.8,-73.3670845,-79.74880265
178.81,-73.34601975,-79.73836766
178.82,-73.32494255,-79.72789753
178.83,-73.30385304,-79.71739224
178.84,-73.28275133,-79.70685181
178.85,-73.26163755,-79.69627625
178.86,-73.24051182,-79.68566556
178.87,-73.21937426,-79.67501975
178.88,-73.19822499,-79.66433883
178.89,-73.17706413,-79.65362281
178.9,-73.15589181,-79.6428717
178.91,-73.13470815,-79.63208552
178.92,-73.11351326,-79.62126427
178.93,-73.09230728,-79.61040798
178.94,-73.07109032,-79.59951666
178.95,-73.04986251,-79.58859032
178.96,-73.02862396,-79.57762899
178.97,-73.0073748,-79.56663267
178.98,-72.98611515,-79.5556014
178.99,-72.96484513,-79.54453519
179,-72.94356487,-79.53343406
179.01,-72.92227448,-79.52229803
179.02,-72.90097408,-79.51112714
179.03,-72.8796638,-79.4999214
179.04,-72.85834376,-79.48868084
179.05,-72.83701408,-79.47740548
179.06,-72.81567488,-79.46609536
179.07,-72.79432628,-79.4547505
179.08,-72.7729684,-79.44337093
179.09,-72.75160137,-79.43195668
179.1,-72.7302253,-79.42050779
179.11,-72.70884031,-79.40902428
179.12,-72.68744653,-79.39750619
179.13,-72.66604407,-79.38595356
179.14,-72.64463306,-79.37436642
179.15,-72.62321362,-79.3627448
179.16,-72.60178586,-79.35108875
179.17,-72.58034991,-79.33939831
179.18,-72.55890589,-79.3276735
179.19,-72.53745391,-79.31591438
179.2,-72.5159941,-79.30412098
179.21,-72.49452657,-79.29229335
179.22,-72.47305145,-79.28043153
179.23,-72.45156885,-79.26853557
179.24,-72.4300789,-79.25660551
179.25,-72.4085817,-79.2446414
179.26,-72.38707739,-79.23264328
179.27,-72.36556608,-79.22061121
179.28,-72.34404789,-79.20854523
179.29,-72.32252293,-79.19644539
179.3,-72.30099133,-79.18431175
179.31,-72.2794532,-79.17214436
179.32,-72.25790866,-79.15994327
179.33,-72.23635783,-79.14770854
179.34,-72.21480082,-79.13544022
179.35,-72.19323776,-79.12313836
179.36,-72.17166876,-79.11080304
179.37,-72.15009394,-79.09843429
179.38,-72.12851341,-79.08603219
179.39,-72.1069273,-79.0735968
179.4,-72.08533571,-79.06112817
179.41,-72.06373877,-79.04862636
179.42,-72.04213658,-79.03609145
179.43,-72.02052927,-79.02352349
179.44,-71.99891696,-79.01092255
179.45,-71.97729975,-78.9982887
179.46,-71.95567776,-78.985622
179.47,-71.93405111,-78.97292252
179.48,-71.91241991,-78.96019032
179.49,-71.89078428,-78.94742549
179.5,-71.86914433,-78.93462809
179.51,-71.84750017,-78.92179819
179.52,-71.82585192,-78.90893587
179.53,-71.8041997,-78.89604119
179.54,-71.78254361,-78.88311424
179.55,-71.76088377,-78.87015508
179.56,-71.73922029,-78.8571638
179.57,-71.71755328,-78.84414047
179.58,-71.69588286,-78.83108517
179.59,-71.67420914,-78.81799798
179.6,-71.65253224,-78.80487897
179.61,-71.63085225,-78.79172824
179.62,-71.6091693,-78.77854586
179.63,-71.58748349,-78.76533191
179.64,-71.56579494,-78.75208648
179.65,-71.54410375,-78.73880965
179.66,-71.52241004,-78.7255015
179.67,-71.50071392,-78.71216213
179.68,-71.47901549,-78.69879162
179.69,-71.45731487,-78.68539006
179.7,-71.43561216,-78.67195753
179.71,-71.41390747,-78.65849414
179.72,-71.39220092,-78.64499995
179.73,-71.3704926,-78.63147508
179.74,-71.34878263,-78.6179196
179.75,-71.32707112,-78.60433362
179.76,-71.30535817,-78.59071723
179.77,-71.28364389,-78.57707051
179.78,-71.26192838,-78.56339358
179.79,-71.24021176,-78.54968652
179.8,-71.21849412,-78.53594942
179.81,-71.19677558,-78.5221824
179.82,-71.17505623,-78.50838554
179.83,-71.15333619,-78.49455895
179.84,-71.13161556,-78.48070272
179.85,-71.10989444,-78.46681697
179.86,-71.08817293,-78.45290178
179.87,-71.06645115,-78.43895726
179.88,-71.04472919,-78.42498352
179.89,-71.02300715,-78.41098066
179.9,-71.00128515,-78.39694878
179.91,-70.97956327,-78.382888
179.92,-70.95784163,-78.36879841
179.93,-70.93612032,-78.35468012
179.94,-70.91439944,-78.34053325
179.95,-70.8926791,-78.3263579
179.96,-70.8709594,-78.31215417
179.97,-70.84924043,-78.29792219
179.98,-70.8275223,-78.28366205
179.99,-70.8058051,-78.26937388
180,-70.78408894,-78.25505778
180.01,-70.7623739,-78.24071387
180.02,-70.7406601,-78.22634226
180.03,-70.71894762,-78.21194307
180.04,-70.69723657,-78.19751641
180.05,-70.67552704,-78.18306239
180.06,-70.65381912,-78.16858113
180.07,-70.63211292,-78.15407275
180.08,-70.61040853,-78.13953737
180.09,-70.58870604,-78.1249751
180.1,-70.56700555,-78.11038607
180.11,-70.54530716,-78.09577039
180.12,-70.52361095,-78.08112818
180.13,-70.50191702,-78.06645957
180.14,-70.48022547,-78.05176468
180.15,-70.45853638,-78.03704362
180.16,-70.43684985,-78.02229652
180.17,-70.41516597,-78.0075235
180.18,-70.39348483,-77.99272469
180.19,-70.37180653,-77.97790022
180.2,-70.35013115,-77.9630502
180.21,-70.32845878,-77.94817476
180.22,-70.30678951,-77.93327403
180.23,-70.28512344,-77.91834813
180.24,-70.26346064,-77.9033972
180.25,-70.24180121,-77.88842136
180.26,-70.22014524,-77.87342073
180.27,-70.19849282,-77.85839546
180.28,-70.17684402,-77.84334565
180.29,-70.15519894,-77.82827146
180.3,-70.13355766,-77.813173
180.31,-70.11192027,-77.79805041
180.32,-70.09028685,-77.78290381
180.33,-70.06865749,-77.76773335
180.34,-70.04703227,-77.75253915
180.35,-70.02541128,-77.73732134
180.36,-70.00379459,-77.72208007
180.37,-69.98218229,-77.70681545
180.38,-69.96057447,-77.69152764
180.39,-69.9389712,-77.67621675
180.4,-69.91737256,-77.66088293
180.41,-69.89577865,-77.64552632
180.42,-69.87418952,-77.63014704
180.43,-69.85260527,-77.61474523
180.44,-69.83102598,-77.59932104
180.45,-69.80945172,-77.58387459
180.46,-69.78788257,-77.56840603
180.47,-69.7663186,-77.55291549
180.48,-69.74475991,-77.53740311
180.49,-69.72320655,-77.52186904
180.5,-69.70165862,-77.5063134
180.51,-69.68011617,-77.49073634
180.52,-69.6585793,-77.475138
180.53,-69.63704807,-77.45951852
180.54,-69.61552256,-77.44387804
180.55,-69.59400283,-77.42821669
180.56,-69.57248898,-77.41253463
180.57,-69.55098105,-77.39683199
180.58,-69.52947914,-77.38110891
180.59,-69.5079833,-77.36536554
180.6,-69.48649361,-77.34960202
180.61,-69.46501015,-77.33381849
180.62,-69.44353297,-77.31801509
180.63,-69.42206215,-77.30219197
180.64,-69.40059776,-77.28634926
180.65,-69.37913987,-77.27048712
180.66,-69.35768853,-77.25460569
180.67,-69.33624383,-77.23870511
180.68,-69.31480583,-77.22278553
180.69,-69.29337458,-77.20684708
180.7,-69.27195017,-77.19088992
180.71,-69.25053265,-77.1749142
180.72,-69.22912208,-77.15892004
180.73,-69.20771854,-77.14290761
180.74,-69.18632207,-77.12687704
180.75,-69.16493276,-77.11082849
180.76,-69.14355065,-77.09476209
180.77,-69.12217581,-77.078678
180.78,-69.1008083,-77.06257636
180.79,-69.07944818,-77.04645731
180.8,-69.05809552,-77.03032101
180.81,-69.03675036,-77.01416759
180.82,-69.01541277,-76.99799722
180.83,-68.9940828,-76.98181003
180.84,-68.97276052,-76.96560617
180.85,-68.95144598,-76.94938578
180.86,-68.93013923,-76.93314902
180.87,-68.90884034,-76.91689604
180.88,-68.88754935,-76.90062697
180.89,-68.86626632,-76.88434197
180.9,-68.84499131,-76.86804119
180.91,-68.82372437,-76.85172477
180.92,-68.80246554,-76.83539286
180.93,-68.7812149,-76.8190456
180.94,-68.75997247,-76.80268316
180.95,-68.73873832,-76.78630566
180.96,-68.7175125,-76.76991327
180.97,-68.69629505,-76.75350613
180.98,-68.67508603,-76.73708438
180.99,-68.65388548,-76.72064818
181,-68.63269345,-76.70419768
181.01,-68.61151,-76.68773301
181.02,-68.59033515,-76.67125433
181.03,-68.56916897,-76.65476179
181.04,-68.54801149,-76.63825553
181.05,-68.52686277,-76.62173571
181.06,-68.50572284,-76.60520247
181.07,-68.48459175,-76.58865595
181.08,-68.46346954,-76.57209631
181.09,-68.44235626,-76.55552369
181.1,-68.42125195,-76.53893824
181.11,-68.40015664,-76.52234011
181.12,-68.37907038,-76.50572944
181.13,-68.35799321,-76.48910638
181.14,-68.33692517,-76.47247109
181.15,-68.31586629,-76.4558237
181.16,-68.29481662,-76.43916436
181.17,-68.27377619,-76.42249322
181.18,-68.25274504,-76.40581043
181.19,-68.23172321,-76.38911613
181.2,-68.21071072,-76.37241048
181.21,-68.18970762,-76.3556936
181.22,-68.16871394,-76.33896566
181.23,-68.14772972,-76.3222268
181.24,-68.12675498,-76.30547716
181.25,-68.10578976,-76.28871688
181.26,-68.08483409,-76.27194613
181.27,-68.063888,-76.25516503
181.28,-68.04295153,-76.23837373
181.29,-68.0220247,-76.22157239
181.3,-68.00110754,-76.20476114
181.31,-67.98020008,-76.18794012
181.32,-67.95930235,-76.17110949
181.33,-67.93841437,-76.15426939
181.34,-67.91753618,-76.13741995
181.35,-67.89666779,-76.12056133
181.36,-67.87580924,-76.10369366
181.37,-67.85496054,-76.0868171
181.38,-67.83412173,-76.06993177
181.39,-67.81329283,-76.05303784
181.4,-67.79247385,-76.03613542
181.41,-67.77166482,-76.01922468
181.42,-67.75086577,-76.00230575
181.43,-67.73007671,-75.98537877
181.44,-67.70929766,-75.96844388
181.45,-67.68852864,-75.95150122
181.46,-67.66776968,-75.93455094
181.47,-67.64702078,-75.91759317
181.48,-67.62628198,-75.90062806
181.49,-67.60555327,-75.88365574
181.5,-67.58483469,-75.86667635
181.51,-67.56412625,-75.84969004
181.52,-67.54342795,-75.83269693
181.53,-67.52273982,-75.81569717
181.54,-67.50206187,-75.7986909
181.55,-67.48139411,-75.78167825
181.56,-67.46073656,-75.76465936
181.57,-67.44008922,-75.74763436
181.58,-67.41945211,-75.7306034
181.59,-67.39882523,-75.71356661
181.6,-67.37820861,-75.69652412
181.61,-67.35760223,-75.67947608
181.62,-67.33700612,-75.6624226
181.63,-67.31642029,-75.64536384
181.64,-67.29584473,-75.62829992
181.65,-67.27527946,-75.61123098
181.66,-67.25472447,-75.59415714
181.67,-67.23417978,-75.57707855
181.68,-67.21364539,-75.55999533
181.69,-67.19312131,-75.54290762
181.7,-67.17260753,-75.52581554
181.71,-67.15210406,-75.50871923
181.72,-67.1316109,-75.49161883
181.73,-67.11112804,-75.47451445
181.74,-67.0906555,-75.45740623
181.75,-67.07019327,-75.4402943
181.76,-67.04974135,-75.42317878
181.77,-67.02929974,-75.40605981
181.78,-67.00886843,-75.38893752
181.79,-66.98844743,-75.37181202
181.8,-66.96803672,-75.35468345
181.81,-66.9476363,-75.33755193
181.82,-66.92724617,-75.32041759
181.83,-66.90686633,-75.30328055
181.84,-66.88649676,-75.28614095
181.85,-66.86613746,-75.26899889
181.86,-66.84578841,-75.25185451
181.87,-66.82544962,-75.23470794
181.88,-66.80512107,-75.21755928
181.89,-66.78480276,-75.20040867
181.9,-66.76449466,-75.18325622
181.91,-66.74419678,-75.16610207
181.92,-66.72390909,-75.14894632
181.93,-66.70363158,-75.1317891
181.94,-66.68336425,-75.11463052
181.95,-66.66310708,-75.09747072
181.96,-66.64286004,-75.08030979
181.97,-66.62262313,-75.06314787
181.98,-66.60239634,-75.04598507
181.99,-66.58217963,-75.02882151
182,-66.561973,-75.0116573
182.01,-66.54177643,-74.99449256
182.02,-66.5215899,-74.9773274
182.03,-66.50141338,-74.96016194
182.04,-66.48124686,-74.94299629
182.05,-66.46109032,-74.92583056
182.06,-66.44094373,-74.90866487
182.07,-66.42080707,-74.89149933
182.08,-66.40068032,-74.87433405
182.09,-66.38056345,-74.85716914
182.1,-66.36045644,-74.84000472
182.11,-66.34035927,-74.82284088
182.12,-66.3202719,-74.80567775
182.13,-66.30019431,-74.78851542
182.14,-66.28012648,-74.77135401
182.15,-66.26006837,-74.75419362
182.16,-66.24001995,-74.73703437
182.17,-66.2199812,-74.71987635
182.18,-66.19995209,-74.70271967
182.19,-66.17993258,-74.68556443
182.2,-66.15992263,-74.66841074
182.21,-66.13992223,-74.65125871
182.22,-66.11993133,-74.63410843
182.23,-66.09994991,-74.61696001
182.24,-66.07997792,-74.59981355
182.25,-66.06001532,-74.58266915
182.26,-66.0400621,-74.5655269
182.27,-66.0201182,-74.54838692
182.28,-66.00018358,-74.53124929
182.29,-65.98025822,-74.51411412
182.3,-65.96034207,-74.4969815
182.31,-65.94043509,-74.47985153
182.32,-65.92053724,-74.46272431
182.33,-65.90064848,-74.44559992
182.34,-65.88076876,-74.42847848
182.35,-65.86089805,-74.41136006
182.36,-65.84103629,-74.39424476
182.37,-65.82118345,-74.37713268
182.38,-65.80133948,-74.36002391
182.39,-65.78150433,-74.34291854
182.4,-65.76167795,-74.32581665
182.41,-65.74186031,-74.30871834
182.42,-65.72205134,-74.29162371
182.43,-65.70225101,-74.27453282
182.44,-65.68245925,-74.25744579
182.45,-65.66267603,-74.24036268
182.46,-65.64290128,-74.22328359
182.47,-65.62313496,-74.20620861
182.48,-65.60337701,-74.18913781
182.49,-65.58362738,-74.17207128
182.5,-65.56388602,-74.15500911
182.51,-65.54415286,-74.13795138
182.52,-65.52442786,-74.12089817
182.53,-65.50471095,-74.10384956
182.54,-65.48500208,-74.08680563
182.55,-65.46530119,-74.06976647
182.56,-65.44560822,-74.05273215
182.57,-65.42592311,-74.03570274
182.58,-65.4062458,-74.01867833
182.59,-65.38657623,-74.001659
182.6,-65.36691433,-73.98464482
182.61,-65.34726004,-73.96763586
182.62,-65.3276133,-73.95063221
182.63,-65.30797404,-73.93363392
182.64,-65.2883422,-73.91664109
182.65,-65.2687177,-73.89965378
182.66,-65.24910049,-73.88267205
182.67,-65.22949048,-73.86569599
182.68,-65.20988763,-73.84872567
182.69,-65.19029184,-73.83176114
182.7,-65.17070306,-73.81480249
182.71,-65.15112121,-73.79784978
182.72,-65.13154622,-73.78090307
182.73,-65.11197801,-73.76396243
182.74,-65.09241651,-73.74702794
182.75,-65.07286165,-73.73009965
182.76,-65.05331335,-73.71317762
182.77,-65.03377153,-73.69626193
182.78,-65.01423611,-73.67935263
182.79,-64.99470702,-73.66244978
182.8,-64.97518417,-73.64555346
182.81,-64.95566749,-73.6286637
182.82,-64.9361569,-73.61178059
182.83,-64.9166523,-73.59490417
182.84,-64.89715362,-73.57803451
182.85,-64.87766078,-73.56117165
182.86,-64.85817369,-73.54431566
182.87,-64.83869226,-73.5274666
182.88,-64.8192164,-73.51062451
182.89,-64.79974604,-73.49378946
182.9,-64.78028107,-73.47696149
182.91,-64.76082141,-73.46014066
182.92,-64.74136697,-73.44332702
182.93,-64.72191766,-73.42652062
182.94,-64.70247339,-73.40972151
182.95,-64.68303405,-73.39292974
182.96,-64.66359957,-73.37614536
182.97,-64.64416983,-73.35936842
182.98,-64.62474475,-73.34259896
182.99,-64.60532423,-73.32583703
183,-64.58590816,-73.30908268
183.01,-64.56649645,-73.29233594
183.02,-64.54708901,-73.27559688
183.03,-64.52768572,-73.25886552
183.04,-64.50828648,-73.24214191
183.05,-64.4888912,-73.22542609
183.06,-64.46949976,-73.2087181
183.07,-64.45011206,-73.19201799
183.08,-64.430728,-73.17532579
183.09,-64.41134746,-73.15864154
183.1,-64.39197034,-73.14196527
183.11,-64.37259653,-73.12529703
183.12,-64.35322591,-73.10863685
183.13,-64.33385838,-73.09198476
183.14,-64.31449382,-73.07534081
183.15,-64.29513212,-73.05870502
183.16,-64.27577315,-73.04207742
183.17,-64.25641681,-73.02545805
183.18,-64.23706298,-73.00884694
183.19,-64.21771154,-72.99224411
183.2,-64.19836236,-72.97564961
183.21,-64.17901533,-72.95906345
183.22,-64.15967033,-72.94248567
183.23,-64.14032722,-72.92591629
183.24,-64.12098589,-72.90935534
183.25,-64.10164621,-72.89280284
183.26,-64.08230806,-72.87625882
183.27,-64.06297129,-72.8597233
183.28,-64.0436358,-72.8431963
183.29,-64.02430143,-72.82667786
183.3,-64.00496807,-72.81016798
183.31,-63.98563557,-72.79366668
183.32,-63.96630381,-72.777174
183.33,-63.94697265,-72.76068994
183.34,-63.92764194,-72.74421453
183.35,-63.90831156,-72.72774778
183.36,-63.88898136,-72.71128971
183.37,-63.86965119,-72.69484033
183.38,-63.85032093,-72.67839967
183.39,-63.83099042,-72.66196772
183.4,-63.81165951,-72.64554451
183.41,-63.79232807,-72.62913004
183.42,-63.77299594,-72.61272434
183.43,-63.75366297,-72.5963274
183.44,-63.73432901,-72.57993924
183.45,-63.71499391,-72.56355987
183.46,-63.69565752,-72.54718929
183.47,-63.67631967,-72.53082752
183.48,-63.65698022,-72.51447455
183.49,-63.637639,-72.4981304
183.5,-63.61829586,-72.48179507
183.51,-63.59895062,-72.46546856
183.52,-63.57960314,-72.44915087
183.53,-63.56025324,-72.43284201
183.54,-63.54090076,-72.41654198
183.55,-63.52154552,-72.40025077
183.56,-63.50218737,-72.38396839
183.57,-63.48282613,-72.36769484
183.58,-63.46346162,-72.35143011
183.59,-63.44409367,-72.3351742
183.6,-63.42472211,-72.31892711
183.61,-63.40534675,-72.30268883
183.62,-63.38596742,-72.28645935
183.63,-63.36658394,-72.27023867
183.64,-63.34719611,-72.25402678
183.65,-63.32780377,-72.23782368
183.66,-63.30840671,-72.22162934
183.67,-63.28900475,-72.20544377
183.68,-63.26959771,-72.18926695
183.69,-63.25018538,-72.17309887
183.7,-63.23076757,-72.15693951
183.71,-63.21134409,-72.14078887
183.72,-63.19191474,-72.12464692
183.73,-63.17247931,-72.10851365
183.74,-63.15303761,-72.09238905
183.75,-63.13358943,-72.0762731
183.76,-63.11413457,-72.06016577
183.77,-63.09467281,-72.04406706
183.78,-63.07520394,-72.02797693
183.79,-63.05572776,-72.01189538
183.8,-63.03624404,-71.99582236
183.81,-63.01675257,-71.97975787
183.82,-62.99725313,-71.96370188
183.83,-62.9777455,-71.94765437
183.84,-62.95822945,-71.9316153
183.85,-62.93870476,-71.91558465
183.86,-62.9191712,-71.8995624
183.87,-62.89962854,-71.88354851
183.88,-62.88007654,-71.86754295
183.89,-62.86051498,-71.8515457
183.9,-62.8409436,-71.83555673
183.91,-62.82136217,-71.81957599
183.92,-62.80177045,-71.80360346
183.93,-62.78216819,-71.7876391
183.94,-62.76255514,-71.77168288
183.95,-62.74293106,-71.75573476
183.96,-62.72329568,-71.7397947
183.97,-62.70364875,-71.72386266
183.98,-62.68399001,-71.70793861
183.99,-62.6643192,-71.6920225
184,-62.64463606,-71.6761143
184.01,-62.62494031,-71.66021395
184.02,-62.60523169,-71.64432143
184.03,-62.58550992,-71.62843667
184.04,-62.56577473,-71.61255964
184.05,-62.54602584,-71.59669029
184.06,-62.52626296,-71.58082857
184.07,-62.5064858,-71.56497444
184.08,-62.48669409,-71.54912783
184.09,-62.46688753,-71.53328872
184.1,-62.44706581,-71.51745703
184.11,-62.42722865,-71.50163271
184.12,-62.40737575,-71.48581573
184.13,-62.38750678,-71.470006
184.14,-62.36762146,-71.4542035
184.15,-62.34771946,-71.43840814
184.16,-62.32780047,-71.42261988
184.17,-62.30786417,-71.40683866
184.18,-62.28791023,-71.39106441
184.19,-62.26793834,-71.37529708
184.2,-62.24794815,-71.3595366
184.21,-62.22793934,-71.3437829
184.22,-62.20791157,-71.32803592
184.23,-62.18786449,-71.3122956
184.24,-62.16779776,-71.29656186
184.25,-62.14771103,-71.28083464
184.26,-62.12760394,-71.26511387
184.27,-62.10747613,-71.24939948
184.28,-62.08732725,-71.23369138
184.29,-62.06715692,-71.21798952
184.3,-62.04696478,-71.20229381
184.31,-62.02675044,-71.18660418
184.32,-62.00651353,-71.17092056
184.33,-61.98625366,-71.15524285
184.34,-61.96597044,-71.13957099
184.35,-61.94566348,-71.12390488
184.36,-61.92533238,-71.10824446
184.37,-61.90497673,-71.09258963
184.38,-61.88459613,-71.0769403
184.39,-61.86419016,-71.0612964
184.4,-61.84375839,-71.04565784
184.41,-61.82330042,-71.03002452
184.42,-61.80281579,-71.01439635
184.43,-61.78230409,-70.99877325
184.44,-61.76176487,-70.98315511
184.45,-61.74119769,-70.96754185
184.46,-61.72060208,-70.95193336
184.47,-61.6999776,-70.93632956
184.48,-61.67932377,-70.92073033
184.49,-61.65864014,-70.90513559
184.5,-61.63792622,-70.88954522
184.51,-61.61718153,-70.87395912
184.52,-61.59640558,-70.8583772
184.53,-61.57559789,-70.84279933
184.54,-61.55475794,-70.82722542
184.55,-61.53388523,-70.81165535
184.56,-61.51297924,-70.79608902
184.57,-61.49203946,-70.7805263
184.58,-61.47106536,-70.76496709
184.59,-61.45005639,-70.74941127
184.6,-61.42901203,-70.73385871
184.61,-61.40793171,-70.71830931
184.62,-61.38681488,-70.70276294
184.63,-61.36566098,-70.68721947
184.64,-61.34446943,-70.67167878
184.65,-61.32323965,-70.65614075
184.66,-61.30197106,-70.64060525
184.67,-61.28066306,-70.62507214
184.68,-61.25931503,-70.60954129
184.69,-61.23792638,-70.59401258
184.7,-61.21649648,-70.57848586
184.71,-61.19502469,-70.562961
184.72,-61.17351037,-70.54743785
184.73,-61.15195289,-70.53191628
184.74,-61.13035158,-70.51639615
184.75,-61.10870576,-70.5008773
184.76,-61.08701478,-70.4853596
184.77,-61.06527793,-70.46984288
184.78,-61.04349453,-70.45432701
184.79,-61.02166386,-70.43881182
184.8,-60.99978521,-70.42329716
184.81,-60.97785785,-70.40778288
184.82,-60.95588104,-70.3922688
184.83,-60.93385404,-70.37675478
184.84,-60.91177608,-70.36124064
184.85,-60.88964639,-70.34572623
184.86,-60.86746419,-70.33021136
184.87,-60.84522868,-70.31469587
184.88,-60.82293905,-70.29917959
184.89,-60.80059449,-70.28366233
184.9,-60.77819417,-70.26814393
184.91,-60.75573723,-70.25262419
184.92,-60.73322283,-70.23710294
184.93,-60.71065008,-70.22157999
184.94,-60.68801812,-70.20605515
184.95,-60.66532603,-70.19052823
184.96,-60.6425729,-70.17499904
184.97,-60.61975782,-70.15946738
184.98,-60.59687984,-70.14393304
184.99,-60.573938,-70.12839583
185,-60.55093132,-70.11285554
185.01,-60.52785884,-70.09731197
185.02,-60.50471953,-70.0817649
185.03,-60.48151239,-70.06621412
185.04,-60.45823638,-70.05065942
185.05,-60.43489044,-70.03510056
185.06,-60.41147351,-70.01953734
185.07,-60.3879845,-70.00396951
185.08,-60.3644223,-69.98839687
185.09,-60.34078579,-69.97281916
185.1,-60.31707384,-69.95723616
185.11,-60.29328527,-69.94164762
185.12,-60.26941892,-69.92605331
185.13,-60.24547357,-69.91045298
185.14,-60.22144801,-69.89484637
185.15,-60.197341,-69.87923324
185.16,-60.17315128,-69.86361332
185.17,-60.14887755,-69.84798636
185.18,-60.12451853,-69.83235209
185.19,-60.10007287,-69.81671024
185.2,-60.07553922,-69.80106054
185.21,-60.05091622,-69.78540272
185.22,-60.02620245,-69.76973649
185.23,-60.00139501,-69.75406157
185.24,-59.97649101,-69.73837767
185.25,-59.95149062,-69.72268449
185.26,-59.92639397,-69.70698175
185.27,-59.90119954,-69.69126913
185.28,-59.8759057,-69.67554634
185.29,-59.85051083,-69.65981306
185.3,-59.82501326,-69.64406897
185.31,-59.79941134,-69.62831375
185.32,-59.77370337,-69.61254708
185.33,-59.74788763,-69.59676863
185.34,-59.72196236,-69.58097806
185.35,-59.69592578,-69.56517504
185.36,-59.66977609,-69.54935921
185.37,-59.64351144,-69.53353022
185.38,-59.61712995,-69.51768772
185.39,-59.59062971,-69.50183134
185.4,-59.56400878,-69.48596072
185.41,-59.53726516,-69.47007549
185.42,-59.51039685,-69.45417525
185.43,-59.48340177,-69.43825963
185.44,-59.45627784,-69.42232824
185.45,-59.42902291,-69.40638067
185.46,-59.4016348,-69.39041653
185.47,-59.3741113,-69.3744354
185.48,-59.34645012,-69.35843686
185.49,-59.31864897,-69.34242049
185.5,-59.29070549,-69.32638586
185.51,-59.26261726,-69.31033253
185.52,-59.23438185,-69.29426006
185.53,-59.20599674,-69.27816799
185.54,-59.17745939,-69.26205586
185.55,-59.1487672,-69.24592321
185.56,-59.11991749,-69.22976957
185.57,-59.09090757,-69.21359444
185.58,-59.06173466,-69.19739734
185.59,-59.03239595,-69.18117777
185.6,-59.00288853,-69.16493522
185.61,-58.97320947,-69.14866918
185.62,-58.94335576,-69.13237912
185.63,-58.91332433,-69.1160645
185.64,-58.88311203,-69.09972479
185.65,-58.85271568,-69.08335943
185.66,-58.82213198,-69.06696786
185.67,-58.79135761,-69.0505495
185.68,-58.76038913,-69.03410378
185.69,-58.72922306,-69.01763011
185.7,-58.69785583,-69.00112787
185.71,-58.66628379,-68.98459647
185.72,-58.63450321,-68.96803526
185.73,-58.60251028,-68.95144363
185.74,-58.5703011,-68.93482092
185.75,-58.53787169,-68.91816648
185.76,-58.50521796,-68.90147963
185.77,-58.47233575,-68.88475969
185.78,-58.43922078,-68.86800597
185.79,-58.40586868,-68.85121776
185.8,-58.3722748,-68.83439434
185.81,-58.33843456,-68.81753497
185.82,-58.3043434,-68.80063891
185.83,-58.26999659,-68.7837054
185.84,-58.23538926,-68.76673365
185.85,-58.20051639,-68.74972288
185.86,-58.16537287,-68.73267229
185.87,-58.12995343,-68.71558104
185.88,-58.09425268,-68.69844831
185.89,-58.05826511,-68.68127324
185.9,-58.02198506,-68.66405496
185.91,-57.98540673,-68.64679258
185.92,-57.9485242,-68.6294852
185.93,-57.91133136,-68.6121319
185.94,-57.87382199,-68.59473173
185.95,-57.83598969,-68.57728374
185.96,-57.79782791,-68.55978695
185.97,-57.75932991,-68.54224036
185.98,-57.7204888,-68.52464295
185.99,-57.68129752,-68.50699368
186,-57.6417488,-68.4892915
186.01,-57.60183519,-68.47153532
186.02,-57.56154906,-68.45372403
186.03,-57.52088257,-68.43585652
186.04,-57.47982766,-68.41793162
186.05,-57.43837607,-68.39994817
186.06,-57.39651932,-68.38190496
186.07,-57.35424869,-68.36380077
186.08,-57.31155522,-68.34563435
186.09,-57.26842972,-68.32740442
186.1,-57.22486275,-68.30910967
186.11,-57.1808446,-68.29074878
186.12,-57.13636527,-68.27232038
186.13,-57.09141453,-68.25382307
186.14,-57.04598181,-68.23525543
186.15,-57.00005627,-68.21661601
186.16,-56.95362676,-68.19790332
186.17,-56.90668181,-68.17911584
186.18,-56.8592096,-68.16025201
186.19,-56.81119798,-68.14131024
186.2,-56.76263445,-68.12228892
186.21,-56.71350607,-68.10318636
186.22,-56.66379958,-68.08400088
186.23,-56.61350135,-68.06473073
186.24,-56.56259735,-68.04537412
186.25,-56.51107312,-68.02592923
186.26,-56.45891374,-68.0063942
186.27,-56.40610384,-67.98676712
186.28,-56.35262759,-67.96704602
186.29,-56.29846864,-67.9472289
186.3,-56.24361016,-67.9273137
186.31,-56.18803477,-67.90729834
186.32,-56.13172454,-67.88718064
186.33,-56.07466098,-67.8669584
186.34,-56.01682501,-67.84662937
186.35,-55.95819693,-67.82619121
186.36,-55.89875639,-67.80564156
186.37,-55.83848239,-67.78497798
186.38,-55.77735324,-67.76419797
186.39,-55.71534652,-67.74329896
186.4,-55.65243906,-67.72227832
186.41,-55.58860694,-67.70113337
186.42,-55.5238254,-67.67986133
186.43,-55.45806886,-67.65845936
186.44,-55.39131083,-67.63692455
186.45,-55.32352395,-67.6152539
186.46,-55.25467986,-67.59344435
186.47,-55.18474926,-67.57149273
186.48,-55.11370177,-67.54939581
186.49,-55.04150594,-67.52715026
186.5,-54.96812922,-67.50475265
186.51,-54.89353784,-67.48219947
186.52,-54.81769683,-67.45948711
186.53,-54.74056993,-67.43661185
186.54,-54.66211959,-67.41356988
186.55,-54.58230681,-67.39035725
186.56,-54.50109117,-67.36696994
186.57,-54.4184307,-67.34340378
186.58,-54.33428187,-67.3196545
186.59,-54.24859945,-67.29571768
186.6,-54.16133648,-67.2715888
186.61,-54.07244418,-67.24726319
186.62,-53.98187185,-67.22273603
186.63,-53.8895668,-67.19800238
186.64,-53.79547425,-67.17305714
186.65,-53.69953722,-67.14789503
186.66,-53.60169643,-67.12251064
186.67,-53.5018902,-67.09689838
186.68,-53.40005431,-67.07105248
186.69,-53.29612191,-67.044967
186.7,-53.19002335,-67.0186358
186.71,-53.08168607,-66.99205255
186.72,-52.97103446,-66.96521071
186.73,-52.85798966,-66.93810353
186.74,-52.74246946,-66.91072404
186.75,-52.62438807,-66.88306503
186.76,-52.50365599,-66.85511908
186.77,-52.38017978,-66.82687849
186.78,-52.2538619,-66.7983353
186.79,-52.12460042,-66.76948129
186.8,-51.99228888,-66.74030797
186.81,-51.85681598,-66.71080651
186.82,-51.71806536,-66.68096783
186.83,-51.57591532,-66.65078248
186.84,-51.43023855,-66.62024071
186.85,-51.28090178,-66.58933239
186.86,-51.12776553,-66.55804704
186.87,-50.97068369,-66.52637379
186.88,-50.80950324,-66.49430139
186.89,-50.64406381,-66.46181814
186.9,-50.4741973,-66.42891192
186.91,-50.29972746,-66.39557016
186.92,-50.12046943,-66.36177978
186.93,-49.93622924,-66.32752723
186.94,-49.74680335,-66.29279841
186.95,-49.55197808,-66.25757868
186.96,-49.35152906,-66.22185281
186.97,-49.14522063,-66.18560497
186.98,-48.9328052,-66.14881869
186.99,-48.71402261,-66.11147682
187,-48.48859938,-66.07356152
187.01,-48.25624805,-66.03505419
187.02,-48.0166663,-65.99593548
187.03,-47.76953624,-65.95618519
187.04,-47.51452348,-65.91578228
187.05,-47.25127626,-65.87470479
187.06,-46.97942454,-65.83292981
187.07,-46.69857896,-65.79043341
187.08,-46.40832991,-65.74719061
187.09,-46.10824642,-65.70317531
187.1,-45.7978751,-65.65836022
187.11,-45.47673902,-65.61271679
187.12,-45.14433661,-65.56621517
187.13,-44.80014047,-65.5188241
187.14,-44.44359621,-65.47051086
187.15,-44.07412134,-65.42124115
187.16,-43.69110408,-65.37097902
187.17,-43.29390228,-65.3196868
187.18,-42.88184239,-65.26732491
187.19,-42.45421844,-65.21385186
187.2,-42.01029122,-65.15922404
187.21,-41.54928758,-65.10339564
187.22,-41.07039985,-65.0463185
187.23,-40.57278559,-64.98794197
187.24,-40.05556758,-64.92821273
187.25,-39.51783417,-64.86707467
187.26,-38.95864011,-64.80446865
187.27,-38.37700787,-64.74033236
187.28,-37.77192955,-64.67460009
187.29,-37.14236968,-64.6072025
187.3,-36.48726869,-64.53806639
187.31,-35.80554759,-64.46711448
187.32,-35.09611371,-64.39426505
187.33,-34.35786784,-64.31943175
187.34,-33.5897129,-64.2425232
187.35,-32.79056439,-64.16344271
187.36,-31.95936279,-64.08208786
187.37,-31.09508812,-63.99835018
187.38,-30.19677691,-63.91211467
187.39,-29.26354172,-63.82325938
187.4,-28.29459347,-63.73165491
187.41,-27.28926657,-63.63716394
187.42,-26.24704703,-63.53964061
187.43,-25.16760337,-63.43892998
187.44,-24.05082023,-63.33486737
187.45,-22.89683433,-63.22727768
187.46,-21.70607211,-63.1159747
187.47,-20.47928841,-63.00076027
187.48,-19.21760496,-62.88142356
187.49,-17.92254741,-62.75774007
187.5,-16.59607922,-62.6294708
187.51,-15.24063048,-62.49636117
187.52,-13.85911953,-62.35814004
187.53,-12.45496537,-62.21451853
187.54,-11.03208828,-62.06518888
187.55,-9.594897171,-61.90982318
187.56,-8.148261695,-61.74807205
187.57,-6.697468324,-61.57956325
187.58,-5.248160129,-61.40390021
187.59,-3.806260955,-61.22066048
187.6,-2.377885658,-61.02939413
187.61,-0.9692390691,-60.82962193
187.62,0.4134927732,-60.62083373
187.63,1.764254912,-60.40248654
187.64,3.07723465,-60.1740021
187.65,4.346966915,-59.93476575
187.66,5.568429376,-59.68412346
187.67,6.737123469,-59.4213796
187.68,7.849138365,-59.14579444
187.69,8.901195961,-58.85658157
187.7,9.890676101,-58.55290498
187.71,10.81562237,-58.23387609
187.72,11.67472976,-57.89855042
187.73,12.46731646,-57.54592405
187.74,13.19328222,-57.17492983
187.75,13.85305671,-56.78443317
187.76,14.44754062,-56.37322757
187.77,14.97804284,-55.94002969
187.78,15.44621623,-55.48347398
187.79,15.85399442,-55.00210687
187.8,16.20353155,-54.49438039
187.81,16.4971463,-53.95864528
187.82,16.73727123,-53.39314391
187.83,16.92640799,-52.79600163
187.84,17.06708856,-52.16521776
187.85,17.16184255,-51.49865621
187.86,17.21317016,-50.79403534
187.87,17.2235205,-50.04891726
187.88,17.19527463,-49.26069645
187.89,17.13073287,-48.42658794
187.9,17.0321057,-47.54361518
187.91,16.90150778,-46.60859798
187.92,16.74095449,-45.61814078
187.93,16.55236055,-44.56862208
187.94,16.33754032,-43.45618565
187.95,16.09820936,-42.27673481
187.96,15.83598696,-41.02593131
187.97,15.55239941,-39.6992008
187.98,15.24888373,-38.29174776
187.99,14.92679169,-36.79858324
188,14.5873941,-35.21457014
188.01,14.23188505,-33.53449151
188.02,13.86138622,-31.75314902
188.03,13.47695104,-29.86549974
188.04,13.07956881,-27.86684081
188.05,12.67016854,-25.75305214
188.06,12.24962273,-23.52090688
188.07,11.81875089,-21.16845726
188.08,11.37832287,-18.69549866
188.09,10.92906203,-16.10410557
188.1,10.47164816,-13.3992206
188.11,10.00672024,-10.58925933
188.12,9.534879058,-7.686672937
188.13,9.05668956,-4.708389188
188.14,8.572683138,-1.676035525
188.15,8.083359698,1.384156314
188.16,7.589189616,4.441850847
188.17,7.090615555,7.463563296
188.18,6.588054152,10.41405578
188.19,6.081897597,13.25808719
188.2,5.572515109,15.96235359
188.21,5.060254311,18.49740118
188.22,4.545442519,20.83927754
188.23,4.028387946,22.97071672
188.24,3.509380822,24.88172576
188.25,2.988694468,26.56953709
188.26,2.466586275,28.03798812
188.27,1.943298639,29.29646575
188.28,1.41905983,30.3585933
188.29,0.8940847975,31.2408404
188.3,0.3685759404,31.96120846
188.31,-0.1572761998,32.53809914
188.32,-0.6832922686,32.98942379
188.33,-1.209303502,33.33196796
188.34,-1.735151151,33.58099296
188.35,-2.260685961,33.75003711
188.36,-2.785767685,33.85087107
188.37,-3.310264628,33.89356207
188.38,-3.834053225,33.88660727
188.39,-4.357017648,33.83710427
188.4,-4.879049423,33.75093509
188.41,-5.400047097,33.6329475
188.42,-5.919915876,33.48712362
188.43,-6.438567345,33.3167305
188.44,-6.955919128,33.12445064
188.45,-7.471894615,32.91249251
188.46,-7.986422685,32.68268256
188.47,-8.499437425,32.43654069
188.48,-9.010877874,32.1753415
188.49,-9.520687798,31.9001636
188.5,-10.02881543,31.61192901
188.51,-10.53521324,31.31143452
188.52,-11.03983772,30.99937655
188.53,-11.54264922,30.67637084
188.54,-12.04361166,30.34296799
188.55,-12.54269246,29.99966575
188.56,-13.03986225,29.64691875
188.57,-13.5350948,29.28514617
188.58,-14.0283668,28.91473787
188.59,-14.51965774,28.53605924
188.6,-15.00894978,28.14945502
188.61,-15.49622758,27.75525241
188.62,-15.98147824,27.35376353
188.63,-16.46469117,26.9452874
188.64,-16.94585797,26.53011152
188.65,-17.42497234,26.10851315
188.66,-17.90203003,25.68076037
188.67,-18.37702872,25.24711285
188.68,-18.84996798,24.8078226
188.69,-19.32084918,24.36313448
188.7,-19.78967547,23.91328666
188.71,-20.2564517,23.45851097
188.72,-20.72118436,22.99903321
188.73,-21.18388162,22.53507338
188.74,-21.6445532,22.06684592
188.75,-22.10321041,21.59455982
188.76,-22.5598661,21.1184188
188.77,-23.01453467,20.6386214
188.78,-23.46723203,20.15536111
188.79,-23.91797561,19.66882641
188.8,-24.36678433,19.17920091
188.81,-24.81367864,18.68666334
188.82,-25.25868051,18.1913877
188.83,-25.70181342,17.69354321
188.84,-26.14310237,17.19329448
188.85,-26.58257396,16.69080148
188.86,-27.02025632,16.18621961
188.87,-27.45617918,15.67969977
188.88,-27.89037385,15.1713884
188.89,-28.32287328,14.66142754
188.9,-28.75371209,14.14995487
188.91,-29.18292653,13.63710377
188.92,-29.61055458,13.12300339
188.93,-30.03663595,12.60777867
188.94,-30.46121206,12.09155044
188.95,-30.88432615,11.57443548
188.96,-31.30602322,11.05654652
188.97,-31.72635008,10.53799239
188.98,-32.14535543,10.01887801
188.99,-32.56308976,9.49930452
189,-32.97960551,8.979369283
189.01,-33.39495696,8.459165993
189.02,-33.80920028,7.938784734
189.03,-34.22239358,7.418312044
189.04,-34.63459691,6.897830987
189.05,-35.04587216,6.37742123
189.06,-35.45628315,5.857159095
189.07,-35.86589563,5.337117649
189.08,-36.27477723,4.817366762
189.09,-36.68299742,4.297973182
189.1,-37.09062753,3.779000612
189.11,-37.49774063,3.260509758
189.12,-37.9044116,2.742558428
189.13,-38.31071702,2.225201583
189.14,-38.71673516,1.708491404
189.15,-39.12254582,1.192477377
189.16,-39.52823035,0.677206345
189.17,-39.93387149,0.1627225733
189.18,-40.33955328,-0.3509321692
189.19,-40.74536101,-0.8637185518
189.2,-41.15138102,-1.375599636
189.21,-41.5577006,-1.886540792
189.22,-41.96440788,-2.396509636
189.23,-42.37159162,-2.90547598
189.24,-42.77934098,-3.413411776
189.25,-43.18774537,-3.920291058
189.26,-43.59689418,-4.426089879
189.27,-44.00687658,-4.930786258
189.28,-44.41778126,-5.434360131
189.29,-44.82969615,-5.936793302
189.3,-45.24270806,-6.438069393
189.31,-45.65690229,-6.9381738
189.32,-46.07236242,-7.437093649
189.33,-46.4891698,-7.934817752
189.34,-46.90740314,-8.431336569
189.35,-47.32713803,-8.926642168
189.36,-47.74844656,-9.420728194
189.37,-48.17139662,-9.913589833
189.38,-48.59605153,-10.40522379
189.39,-49.02246929,-10.89562825
189.4,-49.45070209,-11.38480287
189.41,-49.88079547,-11.87274877
189.42,-50.31278786,-12.35946847
189.43,-50.74670966,-12.84496592
189.44,-51.18258248,-13.32924646
189.45,-51.62041853,-13.81231686
189.46,-52.0602196,-14.29418525
189.47,-52.5019763,-14.77486118
189.48,-52.94566719,-15.25435561
189.49,-53.39125795,-15.7326809
189.5,-53.83870048,-16.20985086
189.51,-54.28793203,-16.68588071
189.52,-54.73887431,-17.1607872
189.53,-55.19143266,-17.63458855
189.54,-55.64549528,-18.10730452
189.55,-56.10093244,-18.57895646
189.56,-56.55759582,-19.04956735
189.57,-57.01531791,-19.51916181
189.58,-57.47391152,-19.98776627
189.59,-57.93316929,-20.45540889
189.6,-58.39286342,-20.92211972
189.61,-58.85274556,-21.38793077
189.62,-59.31254687,-21.85287608
189.63,-59.77197832,-22.31699179
189.64,-60.23073108,-22.78031627
189.65,-60.68847714,-23.24289022
189.66,-61.14487029,-23.70475675
189.67,-61.59954717,-24.16596153
189.68,-62.05212875,-24.62655294
189.69,-62.50222196,-25.08658212
189.7,-62.94942155,-25.5461032
189.71,-63.39331222,-26.00517337
189.72,-63.83347107,-26.46385311
189.73,-64.26947009,-26.92220633
189.74,-64.70087901,-27.38030053
189.75,-65.12726812,-27.83820695
189.76,-65.54821149,-28.29600081
189.77,-65.96328993,-28.75376145
189.78,-66.3720943,-29.2115726
189.79,-66.77422853,-29.66952256
189.8,-67.16931277,-30.12770438
189.81,-67.55698627,-30.58621611
189.82,-67.93691022,-31.04516102
189.83,-68.30877029,-31.50464778
189.84,-68.67227891,-31.96479083
189.85,-69.02717727,-32.42571049
189.86,-69.37323693,-32.88753329
189.87,-69.71026115,-33.3503921
189.88,-70.03808574,-33.81442648
189.89,-70.35657962,-34.27978295
189.9,-70.66564492,-34.74661517
189.91,-70.96521675,-35.21508413
189.92,-71.25526257,-35.68535854
189.93,-71.53578121,-36.15761493
189.94,-71.80680169,-36.6320379
189.95,-72.06838164,-37.10882036
189.96,-72.32060558,-37.58816365
189.97,-72.56358299,-38.07027777
189.98,-72.79744618,-38.55538148
189.99,-73.02234821,-39.04370235
190,-73.23846054,-39.53547695
190.01,-73.44597087,-40.03095079
190.02,-73.64508083,-40.53037825
190.03,-73.83600382,-41.0340225
190.04,-74.01896285,-41.54215532
190.05,-74.19418858,-42.05505681
190.06,-74.36191732,-42.57301506
190.07,-74.52238932,-43.09632564
190.08,-74.67584707,-43.62529088
190.09,-74.82253387,-44.16021925
190.1,-74.9626924,-44.70142418
190.11,-75.09656357,-45.24922302
190.12,-75.22438548,-45.80393565
190.13,-75.34639242,-46.36588283
190.14,-75.4628142,-46.93538422
190.15,-75.5738754,-47.51275605
190.16,-75.67979488,-48.0983086
190.17,-75.78078532,-48.69234312
190.18,-75.87705292,-49.29514853
190.19,-75.96879711,-49.90699738
190.2,-76.05621044,-50.52814156
190.21,-76.13947843,-51.1588074
190.22,-76.21877956,-51.79919005
190.23,-76.29428527,-52.44944755
190.24,-76.36616006,-53.10969423
190.25,-76.43456153,-53.77999348
190.26,-76.49964058,-54.46034984
190.27,-76.5615415,-55.1507007
190.28,-76.62040218,-55.85090754
190.29,-76.67635431,-56.5607468
190.3,-76.72952357,-57.27990041
190.31,-76.78002981,-58.00794627
190.32,-76.82798735,-58.74434847
190.33,-76.8735051,-59.48844924
190.34,-76.91668686,-60.23946025
190.35,-76.95763147,-60.99645537
190.36,-76.99643309,-61.75836513
190.37,-77.03318136,-62.52397317
190.38,-77.0679616,-63.29191514
190.39,-77.10085508,-64.06068048
190.4,-77.1319391,-64.82861793
190.41,-77.16128727,-65.59394481
190.42,-77.18896964,-66.35476047
190.43,-77.21505288,-67.10906452
190.44,-77.23960042,-67.85477933
190.45,-77.26267265,-68.58977696
190.46,-77.28432703,-69.31191007
190.47,-77.30461825,-70.0190459
190.48,-77.32359834,-70.70910272
190.49,-77.34131682,-71.38008718
190.5,-77.35782084,-72.03013154
190.51,-77.37315523,-72.65752893
190.52,-77.38736268,-73.26076541
190.53,-77.40048382,-73.83854746
190.54,-77.41255732,-74.38982332
190.55,-77.42362,-74.91379779
190.56,-77.43370692,-75.40993962
190.57,-77.44285147,-75.8779814
190.58,-77.45108548,-76.31791249
190.59,-77.45843927,-76.72996522
190.6,-77.46494179,-77.11459573
190.61,-77.47062066,-77.47246033
190.62,-77.47550227,-77.80438883
190.63,-77.47961185,-78.11135605
190.64,-77.48297356,-78.39445276
190.65,-77.48561058,-78.65485723
190.66,-77.48754512,-78.8938081
190.67,-77.48879856,-79.11257956
190.68,-77.48939148,-79.31245903
190.69,-77.48934373,-79.49472781
190.7,-77.48867447,-79.6606448
190.71,-77.48740226,-79.81143318
190.72,-77.48554509,-79.94826996
190.73,-77.48312041,-80.07227812
190.74,-77.48014521,-80.18452117
190.75,-77.47663603,-80.28599963
190.76,-77.472609,-80.37764935
190.77,-77.46807986,-80.46034121
190.78,-77.46306399,-80.53488196
190.79,-77.45757646,-80.60201594
190.8,-77.45163198,-80.66242751
190.81,-77.445245,-80.71674395
190.82,-77.43842963,-80.76553861
190.83,-77.43119972,-80.80933435
190.84,-77.42356884,-80.84860697
190.85,-77.41555025,-80.88378869
190.86,-77.40715697,-80.91527149
190.87,-77.39840173,-80.94341045
190.88,-77.38929696,-80.96852681
190.89,-77.37985484,-80.99091095
190.9,-77.37008724,-81.01082513
190.91,-77.36000578,-81.02850608
190.92,-77.34962174,-81.04416738
190.93,-77.33894616,-81.05800162
190.94,-77.32798975,-81.07018246
190.95,-77.31676294,-81.08086642
190.96,-77.30527586,-81.0901946
190.97,-77.29353832,-81.09829415
190.98,-77.28155987,-81.1052797
190.99,-77.26934972,-81.11125456
191,-77.25691679,-81.1163119
191.01,-77.24426972,-81.12053572
191.02,-77.23141683,-81.12400179
191.03,-77.21836615,-81.12677847
191.04,-77.20512544,-81.12892749
191.05,-77.19170214,-81.13050454
191.06,-77.17810343,-81.13155995
191.07,-77.1643362,-81.13213918
191.08,-77.15040707,-81.13228333
191.09,-77.1363224,-81.13202955
191.1,-77.12208829,-81.13141148
191.11,-77.10771057,-81.13045953
191.12,-77.09319483,-81.12920127
191.13,-77.07854642,-81.12766165
191.14,-77.06377047,-81.12586331
191.15,-77.04887186,-81.12382674
191.16,-77.03385526,-81.12157057
191.17,-77.01872513,-81.11911168
191.18,-77.00348573,-81.11646541
191.19,-76.98814111,-81.11364569
191.2,-76.97269515,-81.11066519
191.21,-76.95715152,-81.10753541
191.22,-76.94151375,-81.10426683
191.23,-76.92578516,-81.10086898
191.24,-76.90996895,-81.09735055
191.25,-76.89406814,-81.09371944
191.26,-76.8780856,-81.08998285
191.27,-76.86202407,-81.08614734
191.28,-76.84588617,-81.08221892
191.29,-76.82967435,-81.07820303
191.3,-76.81339097,-81.07410468
191.31,-76.79703827,-81.06992841
191.32,-76.78061836,-81.06567839
191.33,-76.76413325,-81.06135841
191.34,-76.74758487,-81.05697194
191.35,-76.73097503,-81.05252217
191.36,-76.71430545,-81.04801199
191.37,-76.69757777,-81.04344406
191.38,-76.68079355,-81.03882081
191.39,-76.66395426,-81.03414447
191.4,-76.64706131,-81.02941706
191.41,-76.63011603,-81.02464046
191.42,-76.61311968,-81.01981637
191.43,-76.59607347,-81.01494635
191.44,-76.57897853,-81.01003184
191.45,-76.56183595,-81.00507413
191.46,-76.54464676,-81.00007444
191.47,-76.52741194,-80.99503385
191.48,-76.51013242,-80.98995339
191.49,-76.49280908,-80.98483396
191.5,-76.47544277,-80.97967641
191.51,-76.45803428,-80.97448151
191.52,-76.44058438,-80.96924997
191.53,-76.42309379,-80.96398243
191.54,-76.4055632,-80.95867948
191.55,-76.38799327,-80.95334166
191.56,-76.37038462,-80.94796947
191.57,-76.35273786,-80.94256335
191.58,-76.33505355,-80.9371237
191.59,-76.31733223,-80.93165091
191.6,-76.29957444,-80.92614531
191.61,-76.28178065,-80.92060721
191.62,-76.26395134,-80.91503688
191.63,-76.24608697,-80.90943458
191.64,-76.22818797,-80.90380055
191.65,-76.21025475,-80.89813497
191.66,-76.19228772,-80.89243804
191.67,-76.17428725,-80.88670993
191.68,-76.1562537,-80.88095077
191.69,-76.13818744,-80.87516071
191.7,-76.12008879,-80.86933986
191.71,-76.10195808,-80.86348831
191.72,-76.08379561,-80.85760617
191.73,-76.0656017,-80.85169351
191.74,-76.04737663,-80.84575039
191.75,-76.02912067,-80.83977687
191.76,-76.0108341,-80.833773
191.77,-75.99251718,-80.82773881
191.78,-75.97417015,-80.82167434
191.79,-75.95579326,-80.81557961
191.8,-75.93738674,-80.80945463
191.81,-75.91895083,-80.80329941
191.82,-75.90048574,-80.79711395
191.83,-75.88199168,-80.79089826
191.84,-75.86346887,-80.78465232
191.85,-75.84491751,-80.77837612
191.86,-75.8263378,-80.77206965
191.87,-75.80772992,-80.76573288
191.88,-75.78909407,-80.75936579
191.89,-75.77043043,-80.75296836
191.9,-75.75173917,-80.74654054
191.91,-75.73302048,-80.74008231
191.92,-75.71427452,-80.73359363
191.93,-75.69550146,-80.72707446
191.94,-75.67670146,-80.72052476
191.95,-75.65787469,-80.71394449
191.96,-75.6390213,-80.70733359
191.97,-75.62014145,-80.70069202
191.98,-75.60123529,-80.69401974
191.99,-75.58230297,-80.68731668
192,-75.56334464,-80.68058281
192.01,-75.54436045,-80.67381806
192.02,-75.52535054,-80.66702239
192.03,-75.50631505,-80.66019573
192.04,-75.48725411,-80.65333803
192.05,-75.46816788,-80.64644923
192.06,-75.44905649,-80.63952928
192.07,-75.42992006,-80.63257811
192.08,-75.41075875,-80.62559567
192.09,-75.39157267,-80.6185819
192.1,-75.37236196,-80.61153673
192.11,-75.35312675,-80.60446011
192.12,-75.33386717,-80.59735197
192.13,-75.31458335,-80.59021225
192.14,-75.29527542,-80.5830409
192.15,-75.2759435,-80.57583785
192.16,-75.25658772,-80.56860304
192.17,-75.2372082,-80.56133641
192.18,-75.21780507,-80.55403789
192.19,-75.19837845,-80.54670742
192.2,-75.17892847,-80.53934495
192.21,-75.15945525,-80.53195041
192.22,-75.1399589,-80.52452373
192.23,-75.12043956,-80.51706487
192.24,-75.10089734,-80.50957375
192.25,-75.08133236,-80.50205031
192.26,-75.06174475,-80.4944945
192.27,-75.04213463,-80.48690626
192.28,-75.02250211,-80.47928551
192.29,-75.00284731,-80.47163222
192.3,-74.98317036,-80.46394631
192.31,-74.96347137,-80.45622772
192.32,-74.94375046,-80.4484764
192.33,-74.92400776,-80.44069229
192.34,-74.90424337,-80.43287533
192.35,-74.88445742,-80.42502547
192.36,-74.86465003,-80.41714264
192.37,-74.84482132,-80.40922679
192.38,-74.82497139,-80.40127787
192.39,-74.80510038,-80.39329581
192.4,-74.7852084,-80.38528057
192.41,-74.76529557,-80.37723209
192.42,-74.745362,-80.36915032
192.43,-74.72540781,-80.3610352
192.44,-74.70543313,-80.35288667
192.45,-74.68543806,-80.3447047
192.46,-74.66542273,-80.33648922
192.47,-74.64538726,-80.32824019
192.48,-74.62533176,-80.31995756
192.49,-74.60525636,-80.31164127
192.5,-74.58516116,-80.30329127
192.51,-74.56504629,-80.29490753
192.52,-74.54491187,-80.28648999
192.53,-74.52475801,-80.2780386
192.54,-74.50458483,-80.26955332
192.55,-74.48439245,-80.26103411
192.56,-74.46418099,-80.25248091
192.57,-74.44395057,-80.24389369
192.58,-74.42370131,-80.2352724
192.59,-74.40343332,-80.22661699
192.6,-74.38314672,-80.21792744
192.61,-74.36284164,-80.20920369
192.62,-74.34251819,-80.2004457
192.63,-74.32217649,-80.19165344
192.64,-74.30181665,-80.18282687
192.65,-74.28143881,-80.17396595
192.66,-74.26104307,-80.16507064
192.67,-74.24062956,-80.15614091
192.68,-74.2201984,-80.14717671
192.69,-74.1997497,-80.13817802
192.7,-74.17928358,-80.12914481
192.71,-74.15880018,-80.12007703
192.72,-74.13829959,-80.11097466
192.73,-74.11778195,-80.10183766
192.74,-74.09724738,-80.09266601
192.75,-74.07669599,-80.08345968
192.76,-74.0561279,-80.07421862
192.77,-74.03554324,-80.06494283
192.78,-74.01494213,-80.05563227
192.79,-73.99432468,-80.04628691
192.8,-73.97369102,-80.03690673
192.81,-73.95304126,-80.02749171
192.82,-73.93237553,-80.01804181
192.83,-73.91169395,-80.00855703
192.84,-73.89099664,-79.99903733
192.85,-73.87028371,-79.9894827
192.86,-73.8495553,-79.97989311
192.87,-73.82881152,-79.97026854
192.88,-73.80805249,-79.96060899
192.89,-73.78727833,-79.95091442
192.9,-73.76648917,-79.94118483
192.91,-73.74568513,-79.9314202
192.92,-73.72486632,-79.92162051
192.93,-73.70403287,-79.91178576
192.94,-73.68318491,-79.90191591
192.95,-73.66232254,-79.89201098
192.96,-73.6414459,-79.88207094
192.97,-73.6205551,-79.87209579
192.98,-73.59965027,-79.86208551
192.99,-73.57873153,-79.8520401
193,-73.55779899,-79.84195955
193.01,-73.53685279,-79.83184385
193.02,-73.51589305,-79.82169301
193.03,-73.49491987,-79.81150701
193.04,-73.4739334,-79.80128585
193.05,-73.45293374,-79.79102954
193.06,-73.43192102,-79.78073806
193.07,-73.41089537,-79.77041142
193.08,-73.3898569,-79.76004962
193.09,-73.36880574,-79.74965266
193.1,-73.34774201,-79.73922055
193.11,-73.32666583,-79.72875328
193.12,-73.30557732,-79.71825087
193.13,-73.2844766,-79.70771331
193.14,-73.2633638,-79.69714061
193.15,-73.24223904,-79.68653279
193.16,-73.22110244,-79.67588984
193.17,-73.19995412,-79.66521179
193.18,-73.17879421,-79.65449863
193.19,-73.15762282,-79.64375039
193.2,-73.13644008,-79.63296707
193.21,-73.1152461,-79.62214869
193.22,-73.09404102,-79.61129525
193.23,-73.07282496,-79.60040679
193.24,-73.05159802,-79.58948331
193.25,-73.03036035,-79.57852483
193.26,-73.00911205,-79.56753137
193.27,-72.98785325,-79.55650295
193.28,-72.96658408,-79.54543959
193.29,-72.94530464,-79.53434131
193.3,-72.92401507,-79.52320814
193.31,-72.90271549,-79.51204009
193.32,-72.88140601,-79.50083719
193.33,-72.86008677,-79.48959947
193.34,-72.83875787,-79.47832695
193.35,-72.81741944,-79.46701967
193.36,-72.7960716,-79.45567764
193.37,-72.77471448,-79.4443009
193.38,-72.75334818,-79.43288949
193.39,-72.73197285,-79.42144342
193.4,-72.71058858,-79.40996274
193.41,-72.68919552,-79.39844747
193.42,-72.66779376,-79.38689766
193.43,-72.64638345,-79.37531333
193.44,-72.62496469,-79.36369453
193.45,-72.60353761,-79.35204129
193.46,-72.58210232,-79.34035365
193.47,-72.56065895,-79.32863164
193.48,-72.53920762,-79.31687532
193.49,-72.51774844,-79.30508472
193.5,-72.49628154,-79.29325989
193.51,-72.47480703,-79.28140086
193.52,-72.45332504,-79.26950768
193.53,-72.43183568,-79.2575804
193.54,-72.41033907,-79.24561906
193.55,-72.38883534,-79.23362372
193.56,-72.36732459,-79.22159442
193.57,-72.34580696,-79.2095312
193.58,-72.32428254,-79.19743413
193.59,-72.30275148,-79.18530325
193.6,-72.28121388,-79.17313861
193.61,-72.25966986,-79.16094027
193.62,-72.23811954,-79.14870828
193.63,-72.21656303,-79.1364427
193.64,-72.19500046,-79.12414358
193.65,-72.17343194,-79.11181099
193.66,-72.15185759,-79.09944497
193.67,-72.13027752,-79.08704559
193.68,-72.10869186,-79.07461291
193.69,-72.08710071,-79.06214699
193.7,-72.0655042,-79.04964789
193.71,-72.04390244,-79.03711568
193.72,-72.02229554,-79.02455041
193.73,-72.00068363,-79.01195216
193.74,-71.97906682,-78.999321
193.75,-71.95744521,-78.98665697
193.76,-71.93581894,-78.97396017
193.77,-71.91418811,-78.96123064
193.78,-71.89255283,-78.94846847
193.79,-71.87091323,-78.93567373
193.8,-71.84926941,-78.92284648
193.81,-71.82762149,-78.9099868
193.82,-71.80596958,-78.89709476
193.83,-71.7843138,-78.88417044
193.84,-71.76265426,-78.87121391
193.85,-71.74099108,-78.85822525
193.86,-71.71932436,-78.84520453
193.87,-71.69765421,-78.83215184
193.88,-71.67598076,-78.81906725
193.89,-71.6543041,-78.80595084
193.9,-71.63262436,-78.79280269
193.91,-71.61094165,-78.77962289
193.92,-71.58925607,-78.76641151
193.93,-71.56756774,-78.75316865
193.94,-71.54587676,-78.73989438
193.95,-71.52418325,-78.72658879
193.96,-71.50248732,-78.71325196
193.97,-71.48078907,-78.69988399
193.98,-71.45908862,-78.68648496
193.99,-71.43738608,-78.67305496
194,-71.41568155,-78.65959408
194.01,-71.39397514,-78.6461024
194.02,-71.37226697,-78.63258003
194.03,-71.35055713,-78.61902705
194.04,-71.32884574,-78.60544356
194.05,-71.3071329,-78.59182964
194.06,-71.28541872,-78.5781854
194.07,-71.26370331,-78.56451093
194.08,-71.24198677,-78.55080632
194.09,-71.22026921,-78.53707168
194.1,-71.19855074,-78.52330709
194.11,-71.17683145,-78.50951267
194.12,-71.15511146,-78.4956885
194.13,-71.13339087,-78.48183469
194.14,-71.11166979,-78.46795134
194.15,-71.08994831,-78.45403855
194.16,-71.06822654,-78.44009642
194.17,-71.04650459,-78.42612507
194.18,-71.02478256,-78.41212458
194.19,-71.00306054,-78.39809507
194.2,-70.98133865,-78.38403664
194.21,-70.95961698,-78.36994939
194.22,-70.93789564,-78.35583345
194.23,-70.91617473,-78.3416889
194.24,-70.89445434,-78.32751587
194.25,-70.87273458,-78.31331446
194.26,-70.85101554,-78.29908478
194.27,-70.82929734,-78.28482694
194.28,-70.80758006,-78.27054105
194.29,-70.7858638,-78.25622723
194.3,-70.76414867,-78.24188558
194.31,-70.74243476,-78.22751623
194.32,-70.72072217,-78.21311929
194.33,-70.699011,-78.19869486
194.34,-70.67730134,-78.18424307
194.35,-70.65559329,-78.16976403
194.36,-70.63388694,-78.15525786
194.37,-70.6121824,-78.14072468
194.38,-70.59047975,-78.12616461
194.39,-70.56877909,-78.11157775
194.4,-70.54708052,-78.09696425
194.41,-70.52538413,-78.0823242
194.42,-70.50369001,-78.06765774
194.43,-70.48199826,-78.05296498
194.44,-70.46030896,-78.03824606
194.45,-70.43862222,-78.02350108
194.46,-70.41693812,-78.00873017
194.47,-70.39525675,-77.99393347
194.48,-70.37357821,-77.97911108
194.49,-70.35190258,-77.96426314
194.5,-70.33022996,-77.94938977
194.51,-70.30856044,-77.9344911
194.52,-70.2868941,-77.91956726
194.53,-70.26523103,-77.90461837
194.54,-70.24357132,-77.88964455
194.55,-70.22191507,-77.87464595
194.56,-70.20026234,-77.85962268
194.57,-70.17861325,-77.84457487
194.58,-70.15696786,-77.82950266
194.59,-70.13532626,-77.81440618
194.6,-70.11368855,-77.79928555
194.61,-70.0920548,-77.78414091
194.62,-70.07042511,-77.76897239
194.63,-70.04879954,-77.75378013
194.64,-70.0271782,-77.73856424
194.65,-70.00556116,-77.72332488
194.66,-69.9839485,-77.70806216
194.67,-69.9623403,-77.69277624
194.68,-69.94073666,-77.67746723
194.69,-69.91913764,-77.66213528
194.7,-69.89754333,-77.64678052
194.71,-69.87595381,-77.63140308
194.72,-69.85436916,-77.61600311
194.73,-69.83278945,-77.60058074
194.74,-69.81121477,-77.5851361
194.75,-69.7896452,-77.56966934
194.76,-69.76808081,-77.55418059
194.77,-69.74652168,-77.53866999
194.78,-69.72496789,-77.52313768
194.79,-69.7034195,-77.5075838
194.8,-69.68187661,-77.49200849
194.81,-69.66033927,-77.47641188
194.82,-69.63880758,-77.46079412
194.83,-69.61728159,-77.44515535
194.84,-69.59576139,-77.4294957
194.85,-69.57424705,-77.41381532
194.86,-69.55273864,-77.39811436
194.87,-69.53123623,-77.38239295
194.88,-69.50973989,-77.36665123
194.89,-69.4882497,-77.35088934
194.9,-69.46676572,-77.33510744
194.91,-69.44528802,-77.31930566
194.92,-69.42381668,-77.30348414
194.93,-69.40235176,-77.28764303
194.94,-69.38089333,-77.27178247
194.95,-69.35944146,-77.25590261
194.96,-69.33799621,-77.24000359
194.97,-69.31655765,-77.22408555
194.98,-69.29512585,-77.20814864
194.99,-69.27370088,-77.192193
195,-69.25228279,-77.17621879
195.01,-69.23087165,-77.16022613
195.02,-69.20946753,-77.14421519
195.03,-69.18807048,-77.12818609
195.04,-69.16668058,-77.112139
195.05,-69.14529788,-77.09607406
195.06,-69.12392244,-77.0799914
195.07,-69.10255433,-77.06389119
195.08,-69.0811936,-77.04777356
195.09,-69.05984032,-77.03163866
195.1,-69.03849455,-77.01548664
195.11,-69.01715633,-76.99931764
195.12,-68.99582574,-76.98313182
195.13,-68.97450283,-76.96692931
195.14,-68.95318765,-76.95071027
195.15,-68.93188026,-76.93447484
195.16,-68.91058072,-76.91822318
195.17,-68.88928908,-76.90195542
195.18,-68.8680054,-76.88567172
195.19,-68.84672973,-76.86937222
195.2,-68.82546213,-76.85305707
195.21,-68.80420264,-76.83672641
195.22,-68.78295132,-76.82038041
195.23,-68.76170822,-76.8040192
195.24,-68.74047339,-76.78764293
195.25,-68.71924688,-76.77125174
195.26,-68.69802875,-76.7548458
195.27,-68.67681904,-76.73842524
195.28,-68.65561779,-76.72199022
195.29,-68.63442506,-76.70554087
195.3,-68.6132409,-76.68907736
195.31,-68.59206535,-76.67259982
195.32,-68.57089845,-76.6561084
195.33,-68.54974026,-76.63960326
195.34,-68.52859082,-76.62308454
195.35,-68.50745017,-76.60655238
195.36,-68.48631835,-76.59000695
195.37,-68.46519542,-76.57344837
195.38,-68.4440814,-76.5568768
195.39,-68.42297635,-76.5402924
195.4,-68.40188031,-76.5236953
195.41,-68.38079331,-76.50708565
195.42,-68.35971539,-76.4904636
195.43,-68.3386466,-76.4738293
195.44,-68.31758697,-76.45718289
195.45,-68.29653654,-76.44052452
195.46,-68.27549536,-76.42385434
195.47,-68.25446345,-76.4071725
195.48,-68.23344085,-76.39047913
195.49,-68.2124276,-76.3737744
195.5,-68.19142373,-76.35705843
195.51,-68.17042928,-76.34033139
195.52,-68.14944427,-76.32359341
195.53,-68.12846876,-76.30684465
195.54,-68.10750276,-76.29008524
195.55,-68.08654631,-76.27331533
195.56,-68.06559943,-76.25653507
195.57,-68.04466217,-76.2397446
195.58,-68.02373455,-76.22294407
195.59,-68.00281659,-76.20613363
195.6,-67.98190834,-76.1893134
195.61,-67.96100981,-76.17248355
195.62,-67.94012103,-76.15564422
195.63,-67.91924204,-76.13879554
195.64,-67.89837285,-76.12193766
195.65,-67.87751349,-76.10507073
195.66,-67.85666399,-76.08819488
195.67,-67.83582437,-76.07131027
195.68,-67.81499465,-76.05441703
195.69,-67.79417486,-76.0375153
195.7,-67.77336501,-76.02060524
195.71,-67.75256514,-76.00368697
195.72,-67.73177526,-75.98676064
195.73,-67.71099539,-75.96982639
195.74,-67.69022555,-75.95288436
195.75,-67.66946577,-75.9359347
195.76,-67.64871605,-75.91897754
195.77,-67.62797641,-75.90201302
195.78,-67.60724688,-75.88504128
195.79,-67.58652747,-75.86806247
195.8,-67.5658182,-75.85107671
195.81,-67.54511907,-75.83408415
195.82,-67.52443011,-75.81708493
195.83,-67.50375132,-75.80007919
195.84,-67.48308273,-75.78306705
195.85,-67.46242434,-75.76604867
195.86,-67.44177617,-75.74902417
195.87,-67.42113822,-75.73199369
195.88,-67.4005105,-75.71495737
195.89,-67.37989304,-75.69791534
195.9,-67.35928582,-75.68086774
195.91,-67.33868887,-75.66381471
195.92,-67.31810219,-75.64675637
195.93,-67.29752579,-75.62969287
195.94,-67.27695968,-75.61262433
195.95,-67.25640385,-75.59555089
195.96,-67.23585832,-75.57847268
195.97,-67.21532309,-75.56138983
195.98,-67.19479816,-75.54430248
195.99,-67.17428354,-75.52721076
196,-67.15377922,-75.51011479
196.01,-67.13328521,-75.49301472
196.02,-67.11280152,-75.47591066
196.03,-67.09232813,-75.45880275
196.04,-67.07186506,-75.44169112
196.05,-67.0514123,-75.42457589
196.06,-67.03096984,-75.4074572
196.07,-67.01053769,-75.39033517
196.08,-66.99011584,-75.37320993
196.09,-66.96970429,-75.3560816
196.1,-66.94930303,-75.33895032
196.11,-66.92891206,-75.32181621
196.12,-66.90853137,-75.30467938
196.13,-66.88816096,-75.28753998
196.14,-66.86780082,-75.27039812
196.15,-66.84745093,-75.25325393
196.16,-66.8271113,-75.23610753
196.17,-66.80678192,-75.21895904
196.18,-66.78646276,-75.20180858
196.19,-66.76615383,-75.18465628
196.2,-66.74585511,-75.16750226
196.21,-66.72556659,-75.15034664
196.22,-66.70528825,-75.13318953
196.23,-66.68502009,-75.11603106
196.24,-66.66476208,-75.09887135
196.25,-66.64451422,-75.08171052
196.26,-66.62427648,-75.06454868
196.27,-66.60404886,-75.04738594
196.28,-66.58383133,-75.03022244
196.29,-66.56362387,-75.01305828
196.3,-66.54342648,-74.99589357
196.31,-66.52323912,-74.97872844
196.32,-66.50306179,-74.961563
196.33,-66.48289445,-74.94439736
196.34,-66.46273709,-74.92723164
196.35,-66.44258968,-74.91006594
196.36,-66.42245221,-74.89290039
196.37,-66.40232465,-74.87573508
196.38,-66.38220698,-74.85857014
196.39,-66.36209916,-74.84140567
196.4,-66.34200118,-74.82424179
196.41,-66.32191302,-74.80707859
196.42,-66.30183463,-74.78991619
196.43,-66.281766,-74.77275471
196.44,-66.26170709,-74.75559423
196.45,-66.24165788,-74.73843488
196.46,-66.22161834,-74.72127675
196.47,-66.20158844,-74.70411996
196.48,-66.18156814,-74.6869646
196.49,-66.16155742,-74.66981079
196.5,-66.14155623,-74.65265861
196.51,-66.12156456,-74.63550819
196.52,-66.10158236,-74.61835961
196.53,-66.0816096,-74.60121299
196.54,-66.06164624,-74.58406841
196.55,-66.04169224,-74.56692599
196.56,-66.02174758,-74.54978582
196.57,-66.00181221,-74.53264799
196.58,-65.98188609,-74.51551262
196.59,-65.96196919,-74.49837979
196.6,-65.94206146,-74.4812496
196.61,-65.92216286,-74.46412215
196.62,-65.90227336,-74.44699753
196.63,-65.8823929,-74.42987584
196.64,-65.86252145,-74.41275717
196.65,-65.84265896,-74.39564162
196.66,-65.82280539,-74.37852927
196.67,-65.8029607,-74.36142022
196.68,-65.78312483,-74.34431457
196.69,-65.76329774,-74.3272124
196.7,-65.74347938,-74.31011379
196.71,-65.7236697,-74.29301885
196.72,-65.70386866,-74.27592766
196.73,-65.68407621,-74.25884031
196.74,-65.66429228,-74.24175688
196.75,-65.64451684,-74.22467746
196.76,-65.62474984,-74.20760213
196.77,-65.6049912,-74.19053099
196.78,-65.5852409,-74.17346412
196.79,-65.56549886,-74.15640159
196.8,-65.54576503,-74.13934349
196.81,-65.52603936,-74.12228991
196.82,-65.50632179,-74.10524092
196.83,-65.48661227,-74.08819661
196.84,-65.46691073,-74.07115705
196.85,-65.44721711,-74.05412233
196.86,-65.42753136,-74.03709252
196.87,-65.40785341,-74.0200677
196.88,-65.38818321,-74.00304795
196.89,-65.36852068,-73.98603335
196.9,-65.34886577,-73.96902396
196.91,-65.32921842,-73.95201987
196.92,-65.30957854,-73.93502115
196.93,-65.2899461,-73.91802787
196.94,-65.270321,-73.9010401
196.95,-65.25070319,-73.88405792
196.96,-65.2310926,-73.86708139
196.97,-65.21148916,-73.8501106
196.98,-65.1918928,-73.8331456
196.99,-65.17230345,-73.81618646
197,-65.15272103,-73.79923326
197.01,-65.13314548,-73.78228606
197.02,-65.11357672,-73.76534493
197.03,-65.09401468,-73.74840993
197.04,-65.07445927,-73.73148113
197.05,-65.05491043,-73.71455859
197.06,-65.03536808,-73.69764238
197.07,-65.01583215,-73.68073255
197.08,-64.99630254,-73.66382918
197.09,-64.97677918,-73.64693232
197.1,-64.957262,-73.63004203
197.11,-64.93775091,-73.61315837
197.12,-64.91824582,-73.5962814
197.13,-64.89874667,-73.57941119
197.14,-64.87925335,-73.56254777
197.15,-64.85976579,-73.54569122
197.16,-64.84028389,-73.52884159
197.17,-64.82080759,-73.51199893
197.18,-64.80133677,-73.4951633
197.19,-64.78187137,-73.47833475
197.2,-64.76241128,-73.46151334
197.21,-64.74295641,-73.44469911
197.22,-64.72350669,-73.42789212
197.23,-64.704062,-73.41109241
197.24,-64.68462227,-73.39430004
197.25,-64.66518739,-73.37751505
197.26,-64.64575726,-73.3607375
197.27,-64.6263318,-73.34396743
197.28,-64.60691091,-73.32720489
197.29,-64.58749448,-73.31044991
197.3,-64.56808242,-73.29370256
197.31,-64.54867463,-73.27696286
197.32,-64.529271,-73.26023087
197.33,-64.50987144,-73.24350663
197.34,-64.49047583,-73.22679018
197.35,-64.47108408,-73.21008155
197.36,-64.45169608,-73.19338079
197.37,-64.43231172,-73.17668794
197.38,-64.4129309,-73.16000304
197.39,-64.3935535,-73.14332612
197.4,-64.37417942,-73.12665723
197.41,-64.35480855,-73.10999639
197.42,-64.33544077,-73.09334364
197.43,-64.31607596,-73.07669902
197.44,-64.29671403,-73.06006256
197.45,-64.27735485,-73.04343429
197.46,-64.25799829,-73.02681425
197.47,-64.23864426,-73.01020246
197.48,-64.21929262,-72.99359896
197.49,-64.19994326,-72.97700378
197.5,-64.18059606,-72.96041694
197.51,-64.16125089,-72.94383847
197.52,-64.14190764,-72.9272684
197.53,-64.12256617,-72.91070676
197.54,-64.10322635,-72.89415357
197.55,-64.08388808,-72.87760886
197.56,-64.0645512,-72.86107264
197.57,-64.04521561,-72.84454495
197.58,-64.02588115,-72.82802581
197.59,-64.00654771,-72.81151523
197.6,-63.98721515,-72.79501323
197.61,-63.96788333,-72.77851985
197.62,-63.94855212,-72.76203509
197.63,-63.92922138,-72.74555897
197.64,-63.90989097,-72.72909151
197.65,-63.89056076,-72.71263273
197.66,-63.8712306,-72.69618265
197.67,-63.85190034,-72.67974126
197.68,-63.83256985,-72.66330861
197.69,-63.81323899,-72.64688468
197.7,-63.79390759,-72.6304695
197.71,-63.77457552,-72.61406308
197.72,-63.75524262,-72.59766543
197.73,-63.73590875,-72.58127655
197.74,-63.71657374,-72.56489646
197.75,-63.69723746,-72.54852517
197.76,-63.67789974,-72.53216268
197.77,-63.65856042,-72.51580899
197.78,-63.63921935,-72.49946412
197.79,-63.61987637,-72.48312807
197.8,-63.60053131,-72.46680083
197.81,-63.58118401,-72.45048243
197.82,-63.56183432,-72.43417285
197.83,-63.54248205,-72.41787209
197.84,-63.52312704,-72.40158017
197.85,-63.50376913,-72.38529707
197.86,-63.48440815,-72.3690228
197.87,-63.46504391,-72.35275735
197.88,-63.44567625,-72.33650072
197.89,-63.42630498,-72.32025291
197.9,-63.40692994,-72.30401391
197.91,-63.38755094,-72.28778371
197.92,-63.3681678,-72.27156232
197.93,-63.34878034,-72.25534971
197.94,-63.32938837,-72.23914589
197.95,-63.3099917,-72.22295084
197.96,-63.29059015,-72.20676455
197.97,-63.27118352,-72.19058702
197.98,-63.25177163,-72.17441822
197.99,-63.23235428,-72.15825815
198,-63.21293126,-72.1421068
198.01,-63.1935024,-72.12596414
198.02,-63.17406747,-72.10983017
198.03,-63.15462629,-72.09370486
198.04,-63.13517865,-72.0775882
198.05,-63.11572433,-72.06148017
198.06,-63.09626314,-72.04538076
198.07,-63.07679486,-72.02928993
198.08,-63.05731928,-72.01320768
198.09,-63.03783618,-71.99713397
198.1,-63.01834535,-71.98106878
198.11,-62.99884657,-71.9650121
198.12,-62.97933962,-71.94896389
198.13,-62.95982426,-71.93292414
198.14,-62.94030029,-71.9168928
198.15,-62.92076746,-71.90086986
198.16,-62.90122555,-71.88485529
198.17,-62.88167432,-71.86884906
198.18,-62.86211354,-71.85285113
198.19,-62.84254297,-71.83686148
198.2,-62.82296237,-71.82088007
198.21,-62.8033715,-71.80490687
198.22,-62.78377011,-71.78894185
198.23,-62.76415795,-71.77298497
198.24,-62.74453477,-71.75703618
198.25,-62.72490032,-71.74109547
198.26,-62.70525434,-71.72516278
198.27,-62.68559657,-71.70923808
198.28,-62.66592676,-71.69332132
198.29,-62.64624463,-71.67741248
198.3,-62.62654992,-71.66151149
198.31,-62.60684236,-71.64561833
198.32,-62.58712168,-71.62973294
198.33,-62.56738759,-71.61385528
198.34,-62.54763982,-71.59798531
198.35,-62.52787809,-71.58212297
198.36,-62.50810212,-71.56626821
198.37,-62.4883116,-71.550421
198.38,-62.46850626,-71.53458127
198.39,-62.44868579,-71.51874898
198.4,-62.4288499,-71.50292407
198.41,-62.40899829,-71.48710648
198.42,-62.38913065,-71.47129617
198.43,-62.36924667,-71.45549307
198.44,-62.34934604,-71.43969714
198.45,-62.32942845,-71.4239083
198.46,-62.30949357,-71.40812651
198.47,-62.28954109,-71.39235169
198.48,-62.26957067,-71.3765838
198.49,-62.24958199,-71.36082276
198.5,-62.22957471,-71.34506851
198.51,-62.2095485,-71.32932099
198.52,-62.189503,-71.31358012
198.53,-62.16943789,-71.29784585
198.54,-62.1493528,-71.2821181
198.55,-62.12924738,-71.26639681
198.56,-62.10912128,-71.2506819
198.57,-62.08897413,-71.23497329
198.58,-62.06880557,-71.21927092
198.59,-62.04861522,-71.20357472
198.6,-62.0284027,-71.1878846
198.61,-62.00816765,-71.17220048
198.62,-61.98790967,-71.15652229
198.63,-61.96762837,-71.14084996
198.64,-61.94732336,-71.12518339
198.65,-61.92699424,-71.1095225
198.66,-61.90664061,-71.09386722
198.67,-61.88626206,-71.07821745
198.68,-61.86585817,-71.06257311
198.69,-61.84542853,-71.04693411
198.7,-61.82497271,-71.03130037
198.71,-61.80449028,-71.01567178
198.72,-61.7839808,-71.00004827
198.73,-61.76344384,-70.98442973
198.74,-61.74287896,-70.96881607
198.75,-61.72228569,-70.9532072
198.76,-61.70166358,-70.93760302
198.77,-61.68101216,-70.92200342
198.78,-61.66033098,-70.90640832
198.79,-61.63961955,-70.89081759
198.8,-61.61887739,-70.87523115
198.81,-61.59810401,-70.85964889
198.82,-61.57729892,-70.8440707
198.83,-61.55646162,-70.82849647
198.84,-61.5355916,-70.81292609
198.85,-61.51468835,-70.79735946
198.86,-61.49375135,-70.78179645
198.87,-61.47278007,-70.76623696
198.88,-61.45177397,-70.75068086
198.89,-61.43073251,-70.73512805
198.9,-61.40965515,-70.71957839
198.91,-61.38854132,-70.70403178
198.92,-61.36739046,-70.68848807
198.93,-61.34620201,-70.67294717
198.94,-61.32497537,-70.65740892
198.95,-61.30370997,-70.64187322
198.96,-61.28240521,-70.62633992
198.97,-61.26106047,-70.61080889
198.98,-61.23967516,-70.59528001
198.99,-61.21824864,-70.57975313
199,-61.1967803,-70.56422812
199.01,-61.17526948,-70.54870485
199.02,-61.15371554,-70.53318316
199.03,-61.13211783,-70.51766291
199.04,-61.11047567,-70.50214396
199.05,-61.0887884,-70.48662617
199.06,-61.06705532,-70.47110938
199.07,-61.04527574,-70.45559344
199.08,-61.02344896,-70.4400782
199.09,-61.00157425,-70.42456351
199.1,-60.9796509,-70.4090492
199.11,-60.95767815,-70.39353511
199.12,-60.93565527,-70.37802109
199.13,-60.9135815,-70.36250697
199.14,-60.89145606,-70.34699259
199.15,-60.86927818,-70.33147776
199.16,-60.84704705,-70.31596233
199.17,-60.82476187,-70.30044612
199.18,-60.80242182,-70.28492895
199.19,-60.78002608,-70.26941065
199.2,-60.7575738,-70.25389103
199.21,-60.73506412,-70.23836991
199.22,-60.71249617,-70.2228471
199.23,-60.68986907,-70.20732243
199.24,-60.66718192,-70.19179568
199.25,-60.64443381,-70.17626668
199.26,-60.62162382,-70.16073523
199.27,-60.59875101,-70.14520112
199.28,-60.57581441,-70.12966415
199.29,-60.55281307,-70.11412413
199.3,-60.52974599,-70.09858083
199.31,-60.50661218,-70.08303405
199.32,-60.48341062,-70.06748358
199.33,-60.46014026,-70.05192921
199.34,-60.43680007,-70.0363707
199.35,-60.41338898,-70.02080784
199.36,-60.38990589,-70.0052404
199.37,-60.36634971,-69.98966816
199.38,-60.34271931,-69.97409087
199.39,-60.31901356,-69.95850831
199.4,-60.29523129,-69.94292024
199.41,-60.27137133,-69.92732641
199.42,-60.24743247,-69.91172657
199.43,-60.22341351,-69.89612049
199.44,-60.19931319,-69.8805079
199.45,-60.17513027,-69.86488854
199.46,-60.15086345,-69.84926217
199.47,-60.12651143,-69.8336285
199.48,-60.1020729,-69.81798728
199.49,-60.07754648,-69.80233824
199.5,-60.05293083,-69.78668109
199.51,-60.02822452,-69.77101556
199.52,-60.00342479,-69.75534136
199.53,-59.97852873,-69.7396582
199.54,-59.95353626,-69.7239658
199.55,-59.92844751,-69.70826384
199.56,-59.90326112,-69.69255205
199.57,-59.87797545,-69.67683009
199.58,-59.85258888,-69.66109768
199.59,-59.82709976,-69.64535448
199.6,-59.80150642,-69.62960019
199.61,-59.77580717,-69.61383447
199.62,-59.75000029,-69.59805699
199.63,-59.72408402,-69.58226743
199.64,-59.6980566,-69.56646543
199.65,-59.67191621,-69.55065066
199.66,-59.64566101,-69.53482276
199.67,-59.61928913,-69.51898137
199.68,-59.59279866,-69.50312615
199.69,-59.56618765,-69.4872567
199.7,-59.53945412,-69.47137267
199.71,-59.51259606,-69.45547368
199.72,-59.48561141,-69.43955933
199.73,-59.45849808,-69.42362924
199.74,-59.43125392,-69.40768301
199.75,-59.40387677,-69.39172023
199.76,-59.3763644,-69.3757405
199.77,-59.34871455,-69.3597434
199.78,-59.32092491,-69.3437285
199.79,-59.29299313,-69.32769538
199.8,-59.26491681,-69.31164359
199.81,-59.23669351,-69.2955727
199.82,-59.20832072,-69.27948225
199.83,-59.17979589,-69.26337178
199.84,-59.15111643,-69.24724082
199.85,-59.12227969,-69.23108891
199.86,-59.09328295,-69.21491556
199.87,-59.06412345,-69.19872027
199.88,-59.03479838,-69.18250255
199.89,-59.00530484,-69.1662619
199.9,-58.9756399,-69.1499978
199.91,-58.94580056,-69.13370971
199.92,-58.91578376,-69.11739712
199.93,-58.88558635,-69.10105948
199.94,-58.85520514,-69.08469623
199.95,-58.82463686,-69.06830682
199.96,-58.79387818,-69.05189067
199.97,-58.76292568,-69.03544721
199.98,-58.73177587,-69.01897584
199.99,-58.7004252,-69.00247596
200,-58.66887001,-68.98594696
