t_ms,vm_soma_mV,vm_far_mV
0.00000,-70.000000,-70.000000
0.01250,-69.563962,-69.976511
0.02500,-69.172248,-69.953146
0.03750,-68.809065,-69.929899
0.05000,-68.466917,-69.906764
0.06250,-68.141544,-69.883726
0.07500,-67.830187,-69.860766
0.08750,-67.530887,-69.837854
0.10000,-67.242171,-69.814953
0.11250,-66.962886,-69.792013
0.12500,-66.692100,-69.768976
0.13750,-66.429041,-69.745777
0.15000,-66.173059,-69.722344
0.16250,-65.923600,-69.698600
0.17500,-65.680182,-69.674469
0.18750,-65.442382,-69.649871
0.20000,-65.209827,-69.624728
0.21250,-64.982183,-69.598967
0.22500,-64.759152,-69.572517
0.23750,-64.540460,-69.545312
0.25000,-64.325860,-69.517294
0.26250,-64.115125,-69.488406
0.27500,-63.908047,-69.458602
0.28750,-63.704432,-69.427841
0.30000,-63.504099,-69.396086
0.31250,-63.306878,-69.363308
0.32500,-63.112612,-69.329482
0.33750,-62.921155,-69.294591
0.35000,-62.732364,-69.258621
0.36250,-62.546105,-69.221562
0.37500,-62.362249,-69.183409
0.38750,-62.180676,-69.144162
0.40000,-62.001270,-69.103823
0.41250,-61.823922,-69.062397
0.42500,-61.648521,-69.019891
0.43750,-61.474961,-68.976318
0.45000,-61.303141,-68.931687
0.46250,-61.132964,-68.886015
0.47500,-60.964336,-68.839315
0.48750,-60.797165,-68.791605
0.50000,-60.631356,-68.742902
0.51250,-60.466818,-68.693226
0.52500,-60.303463,-68.642596
0.53750,-60.141205,-68.591032
0.55000,-59.979960,-68.538555
0.56250,-59.819646,-68.485185
0.57500,-59.660173,-68.430943
0.58750,-59.501457,-68.375850
0.60000,-59.343413,-68.319927
0.61250,-59.185960,-68.263194
0.62500,-59.029017,-68.205671
0.63750,-58.872503,-68.147380
0.65000,-58.716332,-68.088338
0.66250,-58.560416,-68.028565
0.67500,-58.404670,-67.968079
0.68750,-58.249010,-67.906899
0.70000,-58.093350,-67.845039
0.71250,-57.937608,-67.782518
0.72500,-57.781695,-67.719349
0.73750,-57.625516,-67.655549
0.75000,-57.468977,-67.591131
0.76250,-57.311985,-67.526110
0.77500,-57.154447,-67.460498
0.78750,-56.996269,-67.394308
0.80000,-56.837356,-67.327551
0.81250,-56.677598,-67.260238
0.82500,-56.516886,-67.192379
0.83750,-56.355111,-67.123983
0.85000,-56.192162,-67.055057
0.86250,-56.027927,-66.985611
0.87500,-55.862295,-66.915648
0.88750,-55.695133,-66.845175
0.90000,-55.526309,-66.774195
0.91250,-55.355685,-66.702712
0.92500,-55.183125,-66.630727
0.93750,-55.008490,-66.558243
0.95000,-54.831635,-66.485261
0.96250,-54.652392,-66.411780
0.97500,-54.470587,-66.337800
0.98750,-54.286046,-66.263319
1.00000,-54.098588,-66.188333
1.01250,-53.908031,-66.112840
1.02500,-53.714169,-66.036833
1.03750,-53.516777,-65.960307
1.05000,-53.315625,-65.883254
1.06250,-53.110477,-65.805663
1.07500,-52.901087,-65.727526
1.08750,-52.687187,-65.648829
1.10000,-52.468477,-65.569562
1.11250,-52.244647,-65.489710
1.12500,-52.015380,-65.409259
1.13750,-51.780345,-65.328192
1.15000,-51.539154,-65.246493
1.16250,-51.291401,-65.164141
1.17500,-51.036665,-65.081117
1.18750,-50.774508,-64.997398
1.20000,-50.504426,-64.912960
1.21250,-50.225880,-64.827775
1.22500,-49.938310,-64.741814
1.23750,-49.641119,-64.655046
1.25000,-49.333622,-64.567439
1.26250,-49.015102,-64.478959
1.27500,-48.684808,-64.389567
1.28750,-48.341874,-64.299226
1.30000,-47.985383,-64.207892
1.31250,-47.614365,-64.115522
1.32500,-47.227709,-64.022067
1.33750,-46.824238,-63.927475
1.35000,-46.402666,-63.831690
1.36250,-45.961566,-63.734651
1.37500,-45.499416,-63.636293
1.38750,-45.014491,-63.536549
1.40000,-44.504955,-63.435346
1.41250,-43.968729,-63.332606
1.42500,-43.403582,-63.228245
1.43750,-42.807002,-63.122176
1.45000,-42.176258,-63.014302
1.46250,-41.508320,-62.904519
1.47500,-40.799836,-62.792713
1.48750,-40.047117,-62.678763
1.50000,-39.246086,-62.562537
1.51250,-38.392214,-62.443895
1.52500,-37.480513,-62.322686
1.53750,-36.505479,-62.198746
1.55000,-35.461050,-62.071897
1.56250,-34.340566,-61.941947
1.57500,-33.136732,-61.808682
1.58750,-31.841596,-61.671872
1.60000,-30.446552,-61.531263
1.61250,-28.942377,-61.386582
1.62500,-27.319255,-61.237530
1.63750,-25.566992,-61.083780
1.65000,-23.675173,-60.924971
1.66250,-21.633509,-60.760707
1.67500,-19.432345,-60.590545
1.68750,-17.063336,-60.414003
1.70000,-14.520288,-60.230550
1.71250,-11.800497,-60.039599
1.72500,-8.905903,-59.840500
1.73750,-5.844741,-59.632528
1.75000,-2.633096,-59.414881
1.76250,0.703835,-59.186674
1.77500,4.131091,-58.946929
1.78750,7.604132,-58.694561
1.80000,11.070237,-58.428363
1.81250,14.471462,-58.147011
1.82500,17.748477,-57.849050
1.83750,20.845359,-57.532875
1.85000,23.714121,-57.196728
1.86250,26.318392,-56.838700
1.87500,28.635635,-56.456706
1.88750,30.657533,-56.048490
1.90000,32.388726,-55.611621
1.91250,33.844330,-55.143471
1.92500,35.046858,-54.641225
1.93750,36.023086,-54.101864
1.95000,36.801330,-53.522157
1.96250,37.409338,-52.898636
1.97500,37.872867,-52.227599
1.98750,38.214882,-51.505063
2.00000,38.455225,-50.726746
2.01250,38.610647,-49.888047
2.02500,38.695037,-48.983991
2.03750,38.719760,-48.009183
2.05000,38.694032,-46.957751
2.06250,38.625285,-45.823291
2.07500,38.519496,-44.598802
2.08750,38.381470,-43.276619
2.10000,38.215075,-41.848349
2.11250,38.023440,-40.304783
2.12500,37.809105,-38.635825
2.13750,37.574148,-36.830453
2.15000,37.320279,-34.876691
2.16250,37.048920,-32.761636
2.17500,36.761260,-30.471585
2.18750,36.458308,-27.992282
2.20000,36.140926,-25.309373
2.21250,35.809860,-22.409201
2.22500,35.465761,-19.279945
2.23750,35.109208,-15.913327
2.25000,34.740719,-12.306920
2.26250,34.360762,-8.467203
2.27500,33.969768,-4.412945
2.28750,33.568136,-0.178747
2.30000,33.156239,4.182202
2.31250,32.734431,8.597172
2.32500,32.303048,12.976009
2.33750,31.862413,17.217107
2.35000,31.412836,21.216843
2.36250,30.954623,24.881335
2.37500,30.488065,28.137642
2.38750,30.013454,30.941785
2.40000,29.531072,33.281631
2.41250,29.041199,35.174277
2.42500,28.544109,36.659309
2.43750,28.040074,37.790069
2.45000,27.529360,38.625171
2.46250,27.012235,39.221737
2.47500,26.488957,39.631001
2.48750,25.959786,39.896126
2.50000,25.424975,40.051756
2.51250,24.884778,40.124645
2.52500,24.339442,40.134832
2.53750,23.789210,40.096976
2.55000,23.234323,40.021612
2.56250,22.675019,39.916218
2.57500,22.111528,39.786059
2.58750,21.544079,39.634837
2.60000,20.972897,39.465161
2.61250,20.398199,39.278879
2.62500,19.820201,39.077324
2.63750,19.239113,38.861467
2.65000,18.655140,38.632037
2.66250,18.068484,38.389594
2.67500,17.479338,38.134582
2.68750,16.887894,37.867364
2.70000,16.294338,37.588249
2.71250,15.698849,37.297507
2.72500,15.101603,36.995382
2.73750,14.502772,36.682099
2.75000,13.902518,36.357874
2.76250,13.301003,36.022913
2.77500,12.698381,35.677420
2.78750,12.094802,35.321595
2.80000,11.490410,34.955641
2.81250,10.885344,34.579759
2.82500,10.279739,34.194153
2.83750,9.673723,33.799030
2.85000,9.067421,33.394597
2.86250,8.460953,32.981069
2.87500,7.854430,32.558657
2.88750,7.247964,32.127581
2.90000,6.641658,31.688060
2.91250,6.035612,31.240317
2.92500,5.429923,30.784576
2.93750,4.824679,30.321065
2.95000,4.219966,29.850010
2.96250,3.615867,29.371641
2.97500,3.012456,28.886189
2.98750,2.409813,28.393883
3.00000,1.807999,27.894955
3.01250,1.207081,27.389634
3.02500,0.607121,26.878152
3.03750,0.008172,26.360737
3.05000,-0.589705,25.837616
3.06250,-1.186470,25.309017
3.07500,-1.782073,24.775164
3.08750,-2.376474,24.236279
3.10000,-2.969637,23.692582
3.11250,-3.561517,23.144291
3.12500,-4.152094,22.591620
3.13750,-4.741333,22.034781
3.15000,-5.329212,21.473981
3.16250,-5.915711,20.909425
3.17500,-6.500801,20.341313
3.18750,-7.084479,19.769844
3.20000,-7.666720,19.195209
3.21250,-8.247523,18.617597
3.22500,-8.826879,18.037193
3.23750,-9.404780,17.454178
3.25000,-9.981232,16.868726
3.26250,-10.556218,16.281008
3.27500,-11.129763,15.691192
3.28750,-11.701862,15.099439
3.30000,-12.272532,14.505905
3.31250,-12.841785,13.910743
3.32500,-13.409630,13.314102
3.33750,-13.976095,12.716121
3.35000,-14.541179,12.116941
3.36250,-15.104933,11.516693
3.37500,-15.667366,10.915506
3.38750,-16.228524,10.313504
3.40000,-16.788436,9.710804
3.41250,-17.347136,9.107520
3.42500,-17.904673,8.503762
3.43750,-18.461074,7.899633
3.45000,-19.016410,7.295234
3.46250,-19.570705,6.690659
3.47500,-20.124047,6.085998
3.48750,-20.676481,5.481340
3.50000,-21.228089,4.876763
3.51250,-21.778934,4.272347
3.52500,-22.329095,3.668162
3.53750,-22.878661,3.064278
3.55000,-23.427703,2.460762
3.56250,-23.976339,1.857670
3.57500,-24.524638,1.255062
3.58750,-25.072746,0.652987
3.60000,-25.620751,0.051494
3.61250,-26.168806,-0.549369
3.62500,-26.717025,-1.149566
3.63750,-27.265560,-1.749057
3.65000,-27.814558,-2.347811
3.66250,-28.364173,-2.945801
3.67500,-28.914585,-3.542992
3.68750,-29.465951,-4.139372
3.70000,-30.018487,-4.734915
3.71250,-30.572359,-5.329610
3.72500,-31.127820,-5.923447
3.73750,-31.685069,-6.516409
3.75000,-32.244361,-7.108501
3.76250,-32.805938,-7.699713
3.77500,-33.370059,-8.290054
3.78750,-33.937007,-8.879531
3.80000,-34.507047,-9.468144
3.81250,-35.080508,-10.055916
3.82500,-35.657681,-10.642850
3.83750,-36.238917,-11.228980
3.85000,-36.824548,-11.814326
3.86250,-37.414930,-12.398914
3.87500,-38.010435,-12.982782
3.88750,-38.611424,-13.565947
3.90000,-39.218311,-14.148471
3.91250,-39.831489,-14.730391
3.92500,-40.451368,-15.311760
3.93750,-41.078370,-15.892638
3.95000,-41.712909,-16.473072
3.96250,-42.355419,-17.053145
3.97500,-43.006321,-17.632909
3.98750,-43.666039,-18.212462
4.00000,-44.334984,-18.791886
4.01250,-45.013555,-19.371271
4.02500,-45.702143,-19.950727
4.03750,-46.401095,-20.530341
4.05000,-47.110732,-21.110258
4.06250,-47.831346,-21.690589
4.07500,-48.563165,-22.271485
4.08750,-49.306345,-22.853098
4.10000,-50.060988,-23.435577
4.11250,-50.827119,-24.019115
4.12500,-51.604632,-24.603871
4.13750,-52.393300,-25.190078
4.15000,-53.192785,-25.777948
4.16250,-54.002614,-26.367717
4.17500,-54.822157,-26.959648
4.18750,-55.650545,-27.553990
4.20000,-56.486735,-28.151065
4.21250,-57.329500,-28.751178
4.22500,-58.177400,-29.354678
4.23750,-59.028784,-29.961935
4.25000,-59.881786,-30.573320
4.26250,-60.734282,-31.189280
4.27500,-61.583956,-31.810260
4.28750,-62.428335,-32.436745
4.30000,-63.264807,-33.069262
4.31250,-64.090662,-33.708345
4.32500,-64.903130,-34.354608
4.33750,-65.699414,-35.008680
4.35000,-66.476754,-35.671210
4.36250,-67.232527,-36.342943
4.37500,-67.964295,-37.024629
4.38750,-68.669852,-37.717054
4.40000,-69.347237,-38.421086
4.41250,-69.994845,-39.137613
4.42500,-70.611433,-39.867561
4.43750,-71.196090,-40.611911
4.45000,-71.748311,-41.371684
4.46250,-72.267942,-42.147923
4.47500,-72.755178,-42.941701
4.48750,-73.210524,-43.754117
4.50000,-73.634761,-44.586274
4.51250,-74.028899,-45.439266
4.52500,-74.394141,-46.314167
4.53750,-74.731823,-47.212004
4.55000,-75.043385,-48.133730
4.56250,-75.330333,-49.080196
4.57500,-75.594194,-50.052103
4.58750,-75.836494,-51.049964
4.60000,-76.058737,-52.074047
4.61250,-76.262379,-53.124317
4.62500,-76.448817,-54.200372
4.63750,-76.619380,-55.301375
4.65000,-76.775319,-56.425987
4.66250,-76.917809,-57.572278
4.67500,-77.047943,-58.737678
4.68750,-77.166733,-59.918921
4.70000,-77.275115,-61.112004
4.71250,-77.373948,-62.312117
4.72500,-77.464022,-63.513681
4.73750,-77.546060,-64.710429
4.75000,-77.620724,-65.895509
4.76250,-77.688616,-67.061640
4.77500,-77.750286,-68.201286
4.78750,-77.806234,-69.306906
4.80000,-77.856917,-70.371281
4.81250,-77.902751,-71.387787
4.82500,-77.944111,-72.350659
4.83750,-77.981343,-73.255227
4.85000,-78.014758,-74.098085
4.86250,-78.044643,-74.877178
4.87500,-78.071255,-75.591795
4.88750,-78.094831,-76.242491
4.90000,-78.115586,-76.830972
4.91250,-78.133718,-77.359881
4.92500,-78.149407,-77.832575
4.93750,-78.162815,-78.252928
4.95000,-78.174095,-78.625101
4.96250,-78.183384,-78.953380
4.97500,-78.190811,-79.242023
4.98750,-78.196491,-79.495138
5.00000,-78.200533,-79.716613
5.01250,-78.203038,-79.910058
5.02500,-78.204097,-80.078782
5.03750,-78.203799,-80.225776
5.05000,-78.202222,-80.353722
5.06250,-78.199443,-80.465004
5.07500,-78.195531,-80.561732
5.08750,-78.190553,-80.645759
5.10000,-78.184570,-80.718711
5.11250,-78.177641,-80.782007
5.12500,-78.169819,-80.836882
5.13750,-78.161158,-80.884413
5.15000,-78.151704,-80.925535
5.16250,-78.141505,-80.961060
5.17500,-78.130602,-80.991694
5.18750,-78.119037,-81.018048
5.20000,-78.106849,-81.040654
5.21250,-78.094073,-81.059975
5.22500,-78.080743,-81.076411
5.23750,-78.066891,-81.090313
5.25000,-78.052548,-81.101985
5.26250,-78.037741,-81.111691
5.27500,-78.022498,-81.119663
5.28750,-78.006843,-81.126104
5.30000,-77.990800,-81.131188
5.31250,-77.974391,-81.135071
5.32500,-77.957636,-81.137888
5.33750,-77.940554,-81.139757
5.35000,-77.923164,-81.140782
5.36250,-77.905483,-81.141054
5.37500,-77.887525,-81.140654
5.38750,-77.869306,-81.139652
5.40000,-77.850839,-81.138111
5.41250,-77.832137,-81.136084
5.42500,-77.813212,-81.133621
5.43750,-77.794075,-81.130765
5.45000,-77.774736,-81.127552
5.46250,-77.755205,-81.124017
5.47500,-77.735490,-81.120189
5.48750,-77.715599,-81.116094
5.50000,-77.695541,-81.111756
5.51250,-77.675323,-81.107195
5.52500,-77.654950,-81.102429
5.53750,-77.634430,-81.097475
5.55000,-77.613767,-81.092347
5.56250,-77.592967,-81.087058
5.57500,-77.572035,-81.081620
5.58750,-77.550976,-81.076042
5.60000,-77.529793,-81.070335
5.61250,-77.508490,-81.064505
5.62500,-77.487072,-81.058561
5.63750,-77.465541,-81.052508
5.65000,-77.443900,-81.046353
5.66250,-77.422153,-81.040100
5.67500,-77.400301,-81.033754
5.68750,-77.378348,-81.027320
5.70000,-77.356296,-81.020801
5.71250,-77.334147,-81.014199
5.72500,-77.311902,-81.007519
5.73750,-77.289565,-81.000763
5.75000,-77.267135,-80.993932
5.76250,-77.244616,-80.987030
5.77500,-77.222007,-80.980058
5.78750,-77.199312,-80.973017
5.80000,-77.176531,-80.965909
5.81250,-77.153665,-80.958736
5.82500,-77.130715,-80.951498
5.83750,-77.107682,-80.944196
5.85000,-77.084568,-80.936832
5.86250,-77.061373,-80.929406
5.87500,-77.038098,-80.921919
5.88750,-77.014744,-80.914371
5.90000,-76.991312,-80.906763
5.91250,-76.967801,-80.899096
5.92500,-76.944214,-80.891369
5.93750,-76.920550,-80.883583
5.95000,-76.896810,-80.875739
5.96250,-76.872995,-80.867836
5.97500,-76.849105,-80.859875
5.98750,-76.825141,-80.851856
6.00000,-76.801103,-80.843779
6.01250,-76.776991,-80.835645
6.02500,-76.752806,-80.827452
6.03750,-76.728549,-80.819201
6.05000,-76.704219,-80.810893
6.06250,-76.679818,-80.802526
6.07500,-76.655344,-80.794102
6.08750,-76.630800,-80.785620
6.10000,-76.606185,-80.777079
6.11250,-76.581499,-80.768480
6.12500,-76.556743,-80.759824
6.13750,-76.531916,-80.751108
6.15000,-76.507020,-80.742334
6.16250,-76.482055,-80.733502
6.17500,-76.457020,-80.724610
6.18750,-76.431916,-80.715660
6.20000,-76.406744,-80.706650
6.21250,-76.381503,-80.697581
6.22500,-76.356194,-80.688452
6.23750,-76.330816,-80.679264
6.25000,-76.305371,-80.670015
6.26250,-76.279859,-80.660707
6.27500,-76.254279,-80.651338
6.28750,-76.228632,-80.641909
6.30000,-76.202918,-80.632419
6.31250,-76.177137,-80.622867
6.32500,-76.151290,-80.613255
6.33750,-76.125376,-80.603581
6.35000,-76.099397,-80.593846
6.36250,-76.073351,-80.584049
6.37500,-76.047240,-80.574190
6.38750,-76.021063,-80.564268
6.40000,-75.994822,-80.554284
6.41250,-75.968515,-80.544238
6.42500,-75.942143,-80.534128
6.43750,-75.915707,-80.523955
6.45000,-75.889206,-80.513719
6.46250,-75.862641,-80.503419
6.47500,-75.836012,-80.493055
6.48750,-75.809319,-80.482627
6.50000,-75.782563,-80.472135
6.51250,-75.755743,-80.461578
6.52500,-75.728860,-80.450957
6.53750,-75.701914,-80.440270
6.55000,-75.674906,-80.429518
6.56250,-75.647835,-80.418701
6.57500,-75.620701,-80.407819
6.58750,-75.593506,-80.396870
6.60000,-75.566248,-80.385855
6.61250,-75.538929,-80.374774
6.62500,-75.511548,-80.363627
6.63750,-75.484107,-80.352412
6.65000,-75.456604,-80.341131
6.66250,-75.429040,-80.329783
6.67500,-75.401416,-80.318367
6.68750,-75.373732,-80.306883
6.70000,-75.345987,-80.295332
6.71250,-75.318183,-80.283713
6.72500,-75.290318,-80.272025
6.73750,-75.262395,-80.260270
6.75000,-75.234412,-80.248445
6.76250,-75.206370,-80.236552
6.77500,-75.178270,-80.224590
6.78750,-75.150111,-80.212558
6.80000,-75.121894,-80.200457
6.81250,-75.093618,-80.188287
6.82500,-75.065285,-80.176047
6.83750,-75.036895,-80.163737
6.85000,-75.008447,-80.151356
6.86250,-74.979942,-80.138906
6.87500,-74.951380,-80.126384
6.88750,-74.922762,-80.113793
6.90000,-74.894087,-80.101130
6.91250,-74.865357,-80.088396
6.92500,-74.836570,-80.075591
6.93750,-74.807728,-80.062715
6.95000,-74.778831,-80.049767
6.96250,-74.749879,-80.036748
6.97500,-74.720872,-80.023657
6.98750,-74.691810,-80.010493
7.00000,-74.662694,-79.997258
7.01250,-74.633524,-79.983950
7.02500,-74.604301,-79.970570
7.03750,-74.575024,-79.957117
7.05000,-74.545694,-79.943591
7.06250,-74.516311,-79.929993
7.07500,-74.486876,-79.916321
7.08750,-74.457388,-79.902576
7.10000,-74.427848,-79.888759
7.11250,-74.398256,-79.874867
7.12500,-74.368613,-79.860902
7.13750,-74.338918,-79.846864
7.15000,-74.309173,-79.832751
7.16250,-74.279377,-79.818565
7.17500,-74.249531,-79.804305
7.18750,-74.219634,-79.789971
7.20000,-74.189688,-79.775562
7.21250,-74.159692,-79.761079
7.22500,-74.129648,-79.746522
7.23750,-74.099554,-79.731890
7.25000,-74.069411,-79.717184
7.26250,-74.039221,-79.702402
7.27500,-74.008982,-79.687546
7.28750,-73.978695,-79.672616
7.30000,-73.948361,-79.657610
7.31250,-73.917980,-79.642529
7.32500,-73.887553,-79.627373
7.33750,-73.857078,-79.612142
7.35000,-73.826557,-79.596836
7.36250,-73.795991,-79.581454
7.37500,-73.765379,-79.565997
7.38750,-73.734721,-79.550465
7.40000,-73.704019,-79.534857
7.41250,-73.673272,-79.519173
7.42500,-73.642480,-79.503414
7.43750,-73.611645,-79.487579
7.45000,-73.580766,-79.471669
7.46250,-73.549843,-79.455683
7.47500,-73.518877,-79.439621
7.48750,-73.487869,-79.423483
7.50000,-73.456818,-79.407270
7.51250,-73.425725,-79.390981
7.52500,-73.394590,-79.374616
7.53750,-73.363414,-79.358175
7.55000,-73.332197,-79.341658
7.56250,-73.300939,-79.325066
7.57500,-73.269641,-79.308397
7.58750,-73.238302,-79.291653
7.60000,-73.206923,-79.274833
7.61250,-73.175506,-79.257937
7.62500,-73.144049,-79.240965
7.63750,-73.112553,-79.223917
7.65000,-73.081019,-79.206793
7.66250,-73.049446,-79.189594
7.67500,-73.017836,-79.172319
7.68750,-72.986189,-79.154968
7.70000,-72.954504,-79.137541
7.71250,-72.922783,-79.120039
7.72500,-72.891025,-79.102461
7.73750,-72.859231,-79.084808
7.75000,-72.827401,-79.067079
7.76250,-72.795536,-79.049274
7.77500,-72.763636,-79.031394
7.78750,-72.731701,-79.013439
7.80000,-72.699731,-78.995408
7.81250,-72.667728,-78.977303
7.82500,-72.635691,-78.959121
7.83750,-72.603621,-78.940865
7.85000,-72.571517,-78.922534
7.86250,-72.539381,-78.904128
7.87500,-72.507213,-78.885647
7.88750,-72.475013,-78.867092
7.90000,-72.442781,-78.848462
7.91250,-72.410518,-78.829757
7.92500,-72.378225,-78.810978
7.93750,-72.345901,-78.792124
7.95000,-72.313546,-78.773196
7.96250,-72.281162,-78.754194
7.97500,-72.248749,-78.735119
7.98750,-72.216307,-78.715969
8.00000,-72.183836,-78.696745
8.01250,-72.151336,-78.677448
8.02500,-72.118809,-78.658078
8.03750,-72.086255,-78.638634
8.05000,-72.053673,-78.619117
8.06250,-72.021064,-78.599527
8.07500,-71.988429,-78.579864
8.08750,-71.955768,-78.560128
8.10000,-71.923081,-78.540320
8.11250,-71.890368,-78.520439
8.12500,-71.857631,-78.500486
8.13750,-71.824869,-78.480461
8.15000,-71.792082,-78.460364
8.16250,-71.759272,-78.440195
8.17500,-71.726438,-78.419955
8.18750,-71.693580,-78.399643
8.20000,-71.660700,-78.379260
8.21250,-71.627797,-78.358806
8.22500,-71.594872,-78.338281
8.23750,-71.561926,-78.317686
8.25000,-71.528958,-78.297020
8.26250,-71.495969,-78.276284
8.27500,-71.462959,-78.255478
8.28750,-71.429929,-78.234602
8.30000,-71.396879,-78.213657
8.31250,-71.363810,-78.192642
8.32500,-71.330722,-78.171558
8.33750,-71.297615,-78.150405
8.35000,-71.264489,-78.129184
8.36250,-71.231346,-78.107894
8.37500,-71.198185,-78.086535
8.38750,-71.165007,-78.065109
8.40000,-71.131812,-78.043615
8.41250,-71.098601,-78.022054
8.42500,-71.065374,-78.000425
8.43750,-71.032131,-77.978729
8.45000,-70.998872,-77.956967
8.46250,-70.965599,-77.935138
8.47500,-70.932311,-77.913243
8.48750,-70.899009,-77.891282
8.50000,-70.865694,-77.869255
8.51250,-70.832364,-77.847163
8.52500,-70.799021,-77.825006
8.53750,-70.765666,-77.802784
8.55000,-70.732298,-77.780497
8.56250,-70.698918,-77.758146
8.57500,-70.665526,-77.735731
8.58750,-70.632123,-77.713253
8.60000,-70.598709,-77.690711
8.61250,-70.565284,-77.668106
8.62500,-70.531849,-77.645438
8.63750,-70.498404,-77.622708
8.65000,-70.464950,-77.599916
8.66250,-70.431487,-77.577062
8.67500,-70.398015,-77.554146
8.68750,-70.364535,-77.531169
8.70000,-70.331047,-77.508131
8.71250,-70.297551,-77.485033
8.72500,-70.264048,-77.461875
8.73750,-70.230539,-77.438656
8.75000,-70.197023,-77.415378
8.76250,-70.163502,-77.392041
8.77500,-70.129974,-77.368645
8.78750,-70.096442,-77.345191
8.80000,-70.062905,-77.321678
8.81250,-70.029363,-77.298107
8.82500,-69.995817,-77.274479
8.83750,-69.962268,-77.250794
8.85000,-69.928715,-77.227052
8.86250,-69.895159,-77.203253
8.87500,-69.861601,-77.179399
8.88750,-69.828040,-77.155488
8.90000,-69.794477,-77.131523
8.91250,-69.760912,-77.107502
8.92500,-69.727346,-77.083427
8.93750,-69.693779,-77.059297
8.95000,-69.660211,-77.035114
8.96250,-69.626642,-77.010877
8.97500,-69.593074,-76.986587
8.98750,-69.559506,-76.962244
9.00000,-69.525939,-76.937849
9.01250,-69.492373,-76.913402
9.02500,-69.458809,-76.888904
9.03750,-69.425247,-76.864354
9.05000,-69.391687,-76.839753
9.06250,-69.358129,-76.815102
9.07500,-69.324575,-76.790401
9.08750,-69.291024,-76.765651
9.10000,-69.257477,-76.740851
9.11250,-69.223934,-76.716002
9.12500,-69.190396,-76.691105
9.13750,-69.156863,-76.666160
9.15000,-69.123335,-76.641168
9.16250,-69.089813,-76.616128
9.17500,-69.056297,-76.591042
9.18750,-69.022787,-76.565909
9.20000,-68.989285,-76.540730
9.21250,-68.955789,-76.515506
9.22500,-68.922301,-76.490237
9.23750,-68.888820,-76.464924
9.25000,-68.855348,-76.439566
9.26250,-68.821883,-76.414164
9.27500,-68.788427,-76.388719
9.28750,-68.754980,-76.363231
9.30000,-68.721542,-76.337700
9.31250,-68.688114,-76.312128
9.32500,-68.654695,-76.286514
9.33750,-68.621286,-76.260858
9.35000,-68.587888,-76.235162
9.36250,-68.554501,-76.209426
9.37500,-68.521125,-76.183650
9.38750,-68.487760,-76.157834
9.40000,-68.454407,-76.131979
9.41250,-68.421067,-76.106086
9.42500,-68.387739,-76.080155
9.43750,-68.354424,-76.054186
9.45000,-68.321122,-76.028179
9.46250,-68.287834,-76.002136
9.47500,-68.254560,-75.976057
9.48750,-68.221300,-75.949942
9.50000,-68.188056,-75.923791
9.51250,-68.154826,-75.897605
9.52500,-68.121612,-75.871385
9.53750,-68.088413,-75.845130
9.55000,-68.055231,-75.818842
9.56250,-68.022065,-75.792521
9.57500,-67.988916,-75.766167
9.58750,-67.955785,-75.739780
9.60000,-67.922670,-75.713362
9.61250,-67.889573,-75.686913
9.62500,-67.856494,-75.660432
9.63750,-67.823433,-75.633921
9.65000,-67.790390,-75.607380
9.66250,-67.757365,-75.580810
9.67500,-67.724359,-75.554210
9.68750,-67.691372,-75.527582
9.70000,-67.658404,-75.500926
9.71250,-67.625455,-75.474242
9.72500,-67.592527,-75.447531
9.73750,-67.559618,-75.420793
9.75000,-67.526730,-75.394029
9.76250,-67.493863,-75.367239
9.77500,-67.461017,-75.340423
9.78750,-67.428192,-75.313583
9.80000,-67.395388,-75.286718
9.81250,-67.362607,-75.259830
9.82500,-67.329849,-75.232918
9.83750,-67.297113,-75.205983
9.85000,-67.264400,-75.179025
9.86250,-67.231710,-75.152045
9.87500,-67.199044,-75.125043
9.88750,-67.166402,-75.098021
9.90000,-67.133785,-75.070977
9.91250,-67.101192,-75.043914
9.92500,-67.068624,-75.016830
9.93750,-67.036082,-74.989727
9.95000,-67.003565,-74.962606
9.96250,-66.971074,-74.935465
9.97500,-66.938609,-74.908307
9.98750,-66.906170,-74.881131
10.00000,-66.873757,-74.853939
10.01250,-66.841371,-74.826729
10.02500,-66.809011,-74.799503
10.03750,-66.776677,-74.772262
10.05000,-66.744371,-74.745005
10.06250,-66.712091,-74.717734
10.07500,-66.679839,-74.690448
10.08750,-66.647614,-74.663148
10.10000,-66.615417,-74.635835
10.11250,-66.583248,-74.608509
10.12500,-66.551107,-74.581170
10.13750,-66.518994,-74.553820
10.15000,-66.486911,-74.526458
10.16250,-66.454856,-74.499084
10.17500,-66.422830,-74.471700
10.18750,-66.390834,-74.444306
10.20000,-66.358868,-74.416902
10.21250,-66.326932,-74.389489
10.22500,-66.295026,-74.362067
10.23750,-66.263152,-74.334636
10.25000,-66.231308,-74.307198
10.26250,-66.199495,-74.279752
10.27500,-66.167715,-74.252299
10.28750,-66.135966,-74.224839
10.30000,-66.104249,-74.197373
10.31250,-66.072564,-74.169902
10.32500,-66.040913,-74.142425
10.33750,-66.009294,-74.114943
10.35000,-65.977708,-74.087457
10.36250,-65.946156,-74.059967
10.37500,-65.914637,-74.032474
10.38750,-65.883152,-74.004977
10.40000,-65.851699,-73.977477
10.41250,-65.820280,-73.949976
10.42500,-65.788894,-73.922472
10.43750,-65.757541,-73.894967
10.45000,-65.726222,-73.867461
10.46250,-65.694937,-73.839954
10.47500,-65.663686,-73.812447
10.48750,-65.632468,-73.784941
10.50000,-65.601285,-73.757435
10.51250,-65.570136,-73.729930
10.52500,-65.539021,-73.702426
10.53750,-65.507942,-73.674925
10.55000,-65.476897,-73.647425
10.56250,-65.445887,-73.619929
10.57500,-65.414913,-73.592435
10.58750,-65.383975,-73.564945
10.60000,-65.353072,-73.537460
10.61250,-65.322205,-73.509978
10.62500,-65.291375,-73.482502
10.63750,-65.260582,-73.455030
10.65000,-65.229825,-73.427565
10.66250,-65.199106,-73.400105
10.67500,-65.168424,-73.372652
10.68750,-65.137780,-73.345206
10.70000,-65.107173,-73.317766
10.71250,-65.076604,-73.290335
10.72500,-65.046074,-73.262912
10.73750,-65.015582,-73.235497
10.75000,-64.985129,-73.208091
10.76250,-64.954715,-73.180694
10.77500,-64.924339,-73.153306
10.78750,-64.894002,-73.125929
10.80000,-64.863703,-73.098562
10.81250,-64.833442,-73.071206
10.82500,-64.803220,-73.043861
10.83750,-64.773035,-73.016527
10.85000,-64.742889,-72.989206
10.86250,-64.712781,-72.961896
10.87500,-64.682711,-72.934599
10.88750,-64.652680,-72.907315
10.90000,-64.622686,-72.880044
10.91250,-64.592732,-72.852786
10.92500,-64.562816,-72.825543
10.93750,-64.532938,-72.798314
10.95000,-64.503100,-72.771099
10.96250,-64.473300,-72.743900
10.97500,-64.443540,-72.716715
10.98750,-64.413819,-72.689547
11.00000,-64.384138,-72.662394
11.01250,-64.354497,-72.635258
11.02500,-64.324895,-72.608138
11.03750,-64.295334,-72.581036
11.05000,-64.265814,-72.553951
11.06250,-64.236334,-72.526883
11.07500,-64.206894,-72.499834
11.08750,-64.177496,-72.472803
11.10000,-64.148139,-72.445791
11.11250,-64.118823,-72.418799
11.12500,-64.089549,-72.391825
11.13750,-64.060317,-72.364871
11.15000,-64.031126,-72.337938
11.16250,-64.001978,-72.311025
11.17500,-63.972872,-72.284132
11.18750,-63.943808,-72.257261
11.20000,-63.914786,-72.230411
11.21250,-63.885804,-72.203583
11.22500,-63.856864,-72.176777
11.23750,-63.827965,-72.149993
11.25000,-63.799107,-72.123232
11.26250,-63.770290,-72.096493
11.27500,-63.741513,-72.069778
11.28750,-63.712776,-72.043087
11.30000,-63.684080,-72.016419
11.31250,-63.655425,-71.989775
11.32500,-63.626810,-71.963156
11.33750,-63.598235,-71.936561
11.35000,-63.569701,-71.909991
11.36250,-63.541208,-71.883446
11.37500,-63.512755,-71.856926
11.38750,-63.484343,-71.830432
11.40000,-63.455972,-71.803963
11.41250,-63.427643,-71.777521
11.42500,-63.399354,-71.751105
11.43750,-63.371107,-71.724716
11.45000,-63.342901,-71.698353
11.46250,-63.314737,-71.672018
11.47500,-63.286614,-71.645710
11.48750,-63.258534,-71.619429
11.50000,-63.230496,-71.593177
11.51250,-63.202501,-71.566952
11.52500,-63.174548,-71.540757
11.53750,-63.146637,-71.514589
11.55000,-63.118769,-71.488451
11.56250,-63.090945,-71.462342
11.57500,-63.063163,-71.436263
11.58750,-63.035424,-71.410213
11.60000,-63.007729,-71.384193
11.61250,-62.980077,-71.358203
11.62500,-62.952469,-71.332244
11.63750,-62.924903,-71.306315
11.65000,-62.897379,-71.280417
11.66250,-62.869897,-71.254551
11.67500,-62.842457,-71.228715
11.68750,-62.815058,-71.202911
11.70000,-62.787700,-71.177139
11.71250,-62.760383,-71.151399
11.72500,-62.733106,-71.125692
11.73750,-62.705870,-71.100016
11.75000,-62.678674,-71.074374
11.76250,-62.651519,-71.048764
11.77500,-62.624404,-71.023187
11.78750,-62.597329,-70.997643
11.80000,-62.570294,-70.972133
11.81250,-62.543299,-70.946656
11.82500,-62.516345,-70.921213
11.83750,-62.489430,-70.895803
11.85000,-62.462557,-70.870428
11.86250,-62.435723,-70.845086
11.87500,-62.408931,-70.819779
11.88750,-62.382178,-70.794506
11.90000,-62.355467,-70.769267
11.91250,-62.328797,-70.744063
11.92500,-62.302167,-70.718894
11.93750,-62.275579,-70.693760
11.95000,-62.249033,-70.668661
11.96250,-62.222528,-70.643598
11.97500,-62.196064,-70.618570
11.98750,-62.169643,-70.593578
12.00000,-62.143263,-70.568621
12.01250,-62.116925,-70.543701
12.02500,-62.090629,-70.518817
12.03750,-62.064375,-70.493969
12.05000,-62.038164,-70.469158
12.06250,-62.011995,-70.444383
12.07500,-61.985869,-70.419645
12.08750,-61.959785,-70.394945
12.10000,-61.933742,-70.370281
12.11250,-61.907741,-70.345655
12.12500,-61.881780,-70.321066
12.13750,-61.855859,-70.296515
12.15000,-61.829978,-70.272001
12.16250,-61.804135,-70.247526
12.17500,-61.778332,-70.223088
12.18750,-61.752568,-70.198688
12.20000,-61.726841,-70.174327
12.21250,-61.701153,-70.150004
12.22500,-61.675503,-70.125720
12.23750,-61.649891,-70.101475
12.25000,-61.624316,-70.077268
12.26250,-61.598779,-70.053100
12.27500,-61.573280,-70.028971
12.28750,-61.547818,-70.004881
12.30000,-61.522394,-69.980830
12.31250,-61.497008,-69.956818
12.32500,-61.471659,-69.932845
12.33750,-61.446348,-69.908911
12.35000,-61.421074,-69.885017
12.36250,-61.395839,-69.861162
12.37500,-61.370641,-69.837345
12.38750,-61.345481,-69.813569
12.40000,-61.320360,-69.789831
12.41250,-61.295277,-69.766133
12.42500,-61.270232,-69.742475
12.43750,-61.245227,-69.718856
12.45000,-61.220260,-69.695277
12.46250,-61.195332,-69.671738
12.47500,-61.170442,-69.648238
12.48750,-61.145592,-69.624779
12.50000,-61.120781,-69.601359
12.51250,-61.096010,-69.577980
12.52500,-61.071277,-69.554641
12.53750,-61.046584,-69.531342
12.55000,-61.021931,-69.508083
12.56250,-60.997317,-69.484865
12.57500,-60.972743,-69.461688
12.58750,-60.948208,-69.438551
12.60000,-60.923711,-69.415454
12.61250,-60.899252,-69.392399
12.62500,-60.874829,-69.369384
12.63750,-60.850443,-69.346410
12.65000,-60.826092,-69.323477
12.66250,-60.801776,-69.300585
12.67500,-60.777496,-69.277734
12.68750,-60.753249,-69.254924
12.70000,-60.729038,-69.232156
12.71250,-60.704860,-69.209428
12.72500,-60.680715,-69.186742
12.73750,-60.656605,-69.164098
12.75000,-60.632528,-69.141494
12.76250,-60.608484,-69.118932
12.77500,-60.584473,-69.096412
12.78750,-60.560495,-69.073933
12.80000,-60.536550,-69.051496
12.81250,-60.512639,-69.029100
12.82500,-60.488760,-69.006746
12.83750,-60.464914,-68.984433
12.85000,-60.441102,-68.962161
12.86250,-60.417323,-68.939931
12.87500,-60.393577,-68.917742
12.88750,-60.369864,-68.895593
12.90000,-60.346185,-68.873486
12.91250,-60.322540,-68.851420
12.92500,-60.298928,-68.829395
12.93750,-60.275351,-68.807411
12.95000,-60.251808,-68.785468
12.96250,-60.228299,-68.763566
12.97500,-60.204824,-68.741704
12.98750,-60.181385,-68.719884
13.00000,-60.157979,-68.698105
13.01250,-60.134608,-68.676367
13.02500,-60.111272,-68.654669
13.03750,-60.087971,-68.633013
13.05000,-60.064705,-68.611398
13.06250,-60.041474,-68.589823
13.07500,-60.018278,-68.568290
13.08750,-59.995118,-68.546798
13.10000,-59.971993,-68.525347
13.11250,-59.948902,-68.503937
13.12500,-59.925845,-68.482568
13.13750,-59.902820,-68.461240
13.15000,-59.879827,-68.439953
13.16250,-59.856865,-68.418708
13.17500,-59.833934,-68.397504
13.18750,-59.811033,-68.376340
13.20000,-59.788161,-68.355218
13.21250,-59.765319,-68.334138
13.22500,-59.742505,-68.313098
13.23750,-59.719720,-68.292100
13.25000,-59.696962,-68.271142
13.26250,-59.674233,-68.250227
13.27500,-59.651532,-68.229352
13.28750,-59.628857,-68.208518
13.30000,-59.606211,-68.187726
13.31250,-59.583591,-68.166975
13.32500,-59.560999,-68.146265
13.33750,-59.538433,-68.125596
13.35000,-59.515895,-68.104968
13.36250,-59.493384,-68.084381
13.37500,-59.470900,-68.063836
13.38750,-59.448443,-68.043331
13.40000,-59.426013,-68.022867
13.41250,-59.403611,-68.002443
13.42500,-59.381236,-67.982061
13.43750,-59.358888,-67.961718
13.45000,-59.336569,-67.941416
13.46250,-59.314277,-67.921154
13.47500,-59.292014,-67.900932
13.48750,-59.269778,-67.880749
13.50000,-59.247572,-67.860606
13.51250,-59.225394,-67.840503
13.52500,-59.203245,-67.820440
13.53750,-59.181124,-67.800415
13.55000,-59.159033,-67.780430
13.56250,-59.136971,-67.760485
13.57500,-59.114938,-67.740579
13.58750,-59.092934,-67.720711
13.60000,-59.070959,-67.700884
13.61250,-59.049014,-67.681095
13.62500,-59.027099,-67.661345
13.63750,-59.005214,-67.641635
13.65000,-58.983359,-67.621963
13.66250,-58.961533,-67.602331
13.67500,-58.939735,-67.582737
13.68750,-58.917964,-67.563183
13.70000,-58.896220,-67.543667
13.71250,-58.874501,-67.524190
13.72500,-58.852806,-67.504753
13.73750,-58.831136,-67.485354
13.75000,-58.809489,-67.465994
13.76250,-58.787865,-67.446673
13.77500,-58.766264,-67.427390
13.78750,-58.744685,-67.408147
13.80000,-58.723128,-67.388942
13.81250,-58.701592,-67.369776
13.82500,-58.680077,-67.350649
13.83750,-58.658583,-67.331560
13.85000,-58.637110,-67.312510
13.86250,-58.615657,-67.293498
13.87500,-58.594224,-67.274526
13.88750,-58.572812,-67.255591
13.90000,-58.551420,-67.236695
13.91250,-58.530048,-67.217838
13.92500,-58.508696,-67.199019
13.93750,-58.487364,-67.180238
13.95000,-58.466053,-67.161496
13.96250,-58.444761,-67.142791
13.97500,-58.423490,-67.124125
13.98750,-58.402240,-67.105497
14.00000,-58.381010,-67.086907
14.01250,-58.359801,-67.068354
14.02500,-58.338612,-67.049839
14.03750,-58.317445,-67.031361
14.05000,-58.296299,-67.012921
14.06250,-58.275175,-66.994518
14.07500,-58.254072,-66.976152
14.08750,-58.232992,-66.957823
14.10000,-58.211933,-66.939530
14.11250,-58.190897,-66.921273
14.12500,-58.169884,-66.903052
14.13750,-58.148893,-66.884868
14.15000,-58.127924,-66.866718
14.16250,-58.106979,-66.848605
14.17500,-58.086056,-66.830527
14.18750,-58.065156,-66.812485
14.20000,-58.044279,-66.794477
14.21250,-58.023426,-66.776505
14.22500,-58.002597,-66.758569
14.23750,-57.981791,-66.740667
14.25000,-57.961009,-66.722800
14.26250,-57.940247,-66.704968
14.27500,-57.919506,-66.687172
14.28750,-57.898784,-66.669410
14.30000,-57.878081,-66.651683
14.31250,-57.857395,-66.633990
14.32500,-57.836727,-66.616333
14.33750,-57.816074,-66.598710
14.35000,-57.795437,-66.581121
14.36250,-57.774816,-66.563568
14.37500,-57.754209,-66.546049
14.38750,-57.733617,-66.528564
14.40000,-57.713039,-66.511114
14.41250,-57.692474,-66.493699
14.42500,-57.671923,-66.476318
14.43750,-57.651385,-66.458971
14.45000,-57.630860,-66.441659
14.46250,-57.610348,-66.424381
14.47500,-57.589848,-66.407137
14.48750,-57.569360,-66.389927
14.50000,-57.548885,-66.372752
14.51250,-57.528422,-66.355610
14.52500,-57.507972,-66.338503
14.53750,-57.487534,-66.321430
14.55000,-57.467108,-66.304390
14.56250,-57.446694,-66.287384
14.57500,-57.426293,-66.270412
14.58750,-57.405904,-66.253474
14.60000,-57.385528,-66.236570
14.61250,-57.365165,-66.219698
14.62500,-57.344816,-66.202860
14.63750,-57.324479,-66.186056
14.65000,-57.304156,-66.169285
14.66250,-57.283847,-66.152546
14.67500,-57.263551,-66.135841
14.68750,-57.243270,-66.119168
14.70000,-57.223004,-66.102528
14.71250,-57.202752,-66.085921
14.72500,-57.182515,-66.069346
14.73750,-57.162293,-66.052803
14.75000,-57.142086,-66.036292
14.76250,-57.121895,-66.019814
14.77500,-57.101718,-66.003366
14.78750,-57.081557,-65.986951
14.80000,-57.061411,-65.970566
14.81250,-57.041282,-65.954213
14.82500,-57.021168,-65.937890
14.83750,-57.001071,-65.921597
14.85000,-56.980990,-65.905335
14.86250,-56.960924,-65.889103
14.87500,-56.940872,-65.872900
14.88750,-56.920832,-65.856728
14.90000,-56.900803,-65.840585
14.91250,-56.880785,-65.824472
14.92500,-56.860775,-65.808388
14.93750,-56.840775,-65.792334
14.95000,-56.820782,-65.776309
14.96250,-56.800796,-65.760313
14.97500,-56.780817,-65.744347
14.98750,-56.760844,-65.728410
15.00000,-56.740876,-65.712501
15.01250,-56.720914,-65.696622
15.02500,-56.700957,-65.680772
15.03750,-56.681004,-65.664951
15.05000,-56.661056,-65.649158
15.06250,-56.641112,-65.633395
15.07500,-56.621171,-65.617660
15.08750,-56.601234,-65.601954
15.10000,-56.581301,-65.586277
15.11250,-56.561370,-65.570629
15.12500,-56.541443,-65.555009
15.13750,-56.521519,-65.539418
15.15000,-56.501598,-65.523855
15.16250,-56.481679,-65.508320
15.17500,-56.461764,-65.492814
15.18750,-56.441851,-65.477336
15.20000,-56.421942,-65.461887
15.21250,-56.402036,-65.446465
15.22500,-56.382132,-65.431071
15.23750,-56.362232,-65.415705
15.25000,-56.342336,-65.400367
15.26250,-56.322443,-65.385057
15.27500,-56.302554,-65.369775
15.28750,-56.282669,-65.354520
15.30000,-56.262789,-65.339293
15.31250,-56.242913,-65.324093
15.32500,-56.223042,-65.308920
15.33750,-56.203176,-65.293774
15.35000,-56.183315,-65.278656
15.36250,-56.163460,-65.263564
15.37500,-56.143610,-65.248500
15.38750,-56.123765,-65.233462
15.40000,-56.103926,-65.218450
15.41250,-56.084092,-65.203465
15.42500,-56.064264,-65.188507
15.43750,-56.044441,-65.173574
15.45000,-56.024625,-65.158668
15.46250,-56.004815,-65.143788
15.47500,-55.985012,-65.128933
15.48750,-55.965213,-65.114105
15.50000,-55.945418,-65.099301
15.51250,-55.925625,-65.084523
15.52500,-55.905831,-65.069770
15.53750,-55.886037,-65.055043
15.55000,-55.866241,-65.040340
15.56250,-55.846442,-65.025662
15.57500,-55.826640,-65.011009
15.58750,-55.806833,-64.996380
15.60000,-55.787020,-64.981776
15.61250,-55.767202,-64.967195
15.62500,-55.747378,-64.952638
15.63750,-55.727546,-64.938104
15.65000,-55.707707,-64.923593
15.66250,-55.687860,-64.909105
15.67500,-55.668004,-64.894640
15.68750,-55.648140,-64.880197
15.70000,-55.628267,-64.865777
15.71250,-55.608385,-64.851379
15.72500,-55.588493,-64.837003
15.73750,-55.568592,-64.822650
15.75000,-55.548680,-64.808318
15.76250,-55.528759,-64.794008
15.77500,-55.508827,-64.779720
15.78750,-55.488885,-64.765454
15.80000,-55.468933,-64.751209
15.81250,-55.448970,-64.736986
15.82500,-55.428995,-64.722784
15.83750,-55.409011,-64.708603
15.85000,-55.389015,-64.694443
15.86250,-55.369008,-64.680305
15.87500,-55.348990,-64.666187
15.88750,-55.328961,-64.652090
15.90000,-55.308922,-64.638014
15.91250,-55.288871,-64.623959
15.92500,-55.268810,-64.609923
15.93750,-55.248738,-64.595909
15.95000,-55.228656,-64.581914
15.96250,-55.208564,-64.567940
15.97500,-55.188461,-64.553985
15.98750,-55.168348,-64.540050
16.00000,-55.148224,-64.526135
16.01250,-55.128090,-64.512240
16.02500,-55.107946,-64.498363
16.03750,-55.087790,-64.484506
16.05000,-55.067624,-64.470669
16.06250,-55.047447,-64.456850
16.07500,-55.027259,-64.443050
16.08750,-55.007060,-64.429269
16.10000,-54.986851,-64.415506
16.11250,-54.966630,-64.401762
16.12500,-54.946393,-64.388037
16.13750,-54.926140,-64.374330
16.15000,-54.905868,-64.360641
16.16250,-54.885576,-64.346970
16.17500,-54.865262,-64.333318
16.18750,-54.844925,-64.319683
16.20000,-54.824563,-64.306065
16.21250,-54.804177,-64.292465
16.22500,-54.783764,-64.278883
16.23750,-54.763323,-64.265317
16.25000,-54.742855,-64.251769
16.26250,-54.722357,-64.238238
16.27500,-54.701829,-64.224723
16.28750,-54.681271,-64.211225
16.30000,-54.660681,-64.197743
16.31250,-54.640059,-64.184277
16.32500,-54.619404,-64.170828
16.33750,-54.598716,-64.157395
16.35000,-54.577993,-64.143977
16.36250,-54.557236,-64.130575
16.37500,-54.536445,-64.117188
16.38750,-54.515617,-64.103817
16.40000,-54.494754,-64.090460
16.41250,-54.473855,-64.077118
16.42500,-54.452919,-64.063791
16.43750,-54.431946,-64.050478
16.45000,-54.410935,-64.037179
16.46250,-54.389886,-64.023894
16.47500,-54.368799,-64.010622
16.48750,-54.347673,-63.997364
16.50000,-54.326507,-63.984118
16.51250,-54.305303,-63.970884
16.52500,-54.284058,-63.957663
16.53750,-54.262772,-63.944452
16.55000,-54.241446,-63.931253
16.56250,-54.220079,-63.918064
16.57500,-54.198671,-63.904886
16.58750,-54.177221,-63.891717
16.60000,-54.155728,-63.878558
16.61250,-54.134193,-63.865408
16.62500,-54.112614,-63.852267
16.63750,-54.090990,-63.839134
16.65000,-54.069322,-63.826010
16.66250,-54.047608,-63.812894
16.67500,-54.025848,-63.799785
16.68750,-54.004040,-63.786684
16.70000,-53.982186,-63.773590
16.71250,-53.960281,-63.760503
16.72500,-53.938322,-63.747422
16.73750,-53.916305,-63.734347
16.75000,-53.894228,-63.721278
16.76250,-53.872088,-63.708215
16.77500,-53.849883,-63.695157
16.78750,-53.827610,-63.682105
16.80000,-53.805268,-63.669057
16.81250,-53.782853,-63.656014
16.82500,-53.760365,-63.642975
16.83750,-53.737801,-63.629940
16.85000,-53.715161,-63.616909
16.86250,-53.692441,-63.603881
16.87500,-53.669640,-63.590856
16.88750,-53.646756,-63.577834
16.90000,-53.623788,-63.564815
16.91250,-53.600734,-63.551798
16.92500,-53.577592,-63.538782
16.93750,-53.554360,-63.525769
16.95000,-53.531037,-63.512756
16.96250,-53.507621,-63.499744
16.97500,-53.484111,-63.486733
16.98750,-53.460505,-63.473722
17.00000,-53.436802,-63.460711
17.01250,-53.412999,-63.447699
17.02500,-53.389096,-63.434686
17.03750,-53.365091,-63.421672
17.05000,-53.340983,-63.408656
17.06250,-53.316769,-63.395638
17.07500,-53.292449,-63.382618
17.08750,-53.268020,-63.369594
17.10000,-53.243481,-63.356567
17.11250,-53.218831,-63.343535
17.12500,-53.194067,-63.330499
17.13750,-53.169188,-63.317458
17.15000,-53.144193,-63.304411
17.16250,-53.119078,-63.291358
17.17500,-53.093842,-63.278298
17.18750,-53.068482,-63.265230
17.20000,-53.042996,-63.252155
17.21250,-53.017381,-63.239071
17.22500,-52.991634,-63.225977
17.23750,-52.965753,-63.212874
17.25000,-52.939730,-63.199761
17.26250,-52.913559,-63.186636
17.27500,-52.887235,-63.173500
17.28750,-52.860751,-63.160351
17.30000,-52.834103,-63.147188
17.31250,-52.807285,-63.134012
17.32500,-52.780293,-63.120821
17.33750,-52.753122,-63.107614
17.35000,-52.725766,-63.094391
17.36250,-52.698222,-63.081150
17.37500,-52.670484,-63.067892
17.38750,-52.642549,-63.054614
17.40000,-52.614411,-63.041317
17.41250,-52.586066,-63.027998
17.42500,-52.557509,-63.014658
17.43750,-52.528735,-63.001295
17.45000,-52.499740,-62.987907
17.46250,-52.470518,-62.974495
17.47500,-52.441064,-62.961055
17.48750,-52.411374,-62.947587
17.50000,-52.381442,-62.934090
17.51250,-52.351264,-62.920562
17.52500,-52.320834,-62.907003
17.53750,-52.290147,-62.893410
17.55000,-52.259199,-62.879783
17.56250,-52.227983,-62.866121
17.57500,-52.196495,-62.852422
17.58750,-52.164728,-62.838685
17.60000,-52.132678,-62.824909
17.61250,-52.100338,-62.811093
17.62500,-52.067702,-62.797235
17.63750,-52.034763,-62.783334
17.65000,-52.001514,-62.769389
17.66250,-51.967947,-62.755398
17.67500,-51.934051,-62.741360
17.68750,-51.899811,-62.727273
17.70000,-51.865216,-62.713137
17.71250,-51.830253,-62.698949
17.72500,-51.794912,-62.684708
17.73750,-51.759179,-62.670413
17.75000,-51.723044,-62.656061
17.76250,-51.686494,-62.641652
17.77500,-51.649518,-62.627183
17.78750,-51.612104,-62.612652
17.80000,-51.574240,-62.598058
17.81250,-51.535914,-62.583399
17.82500,-51.497114,-62.568673
17.83750,-51.457828,-62.553878
17.85000,-51.418042,-62.539011
17.86250,-51.377743,-62.524071
17.87500,-51.336918,-62.509056
17.88750,-51.295554,-62.493963
17.90000,-51.253636,-62.478789
17.91250,-51.211151,-62.463533
17.92500,-51.168083,-62.448192
17.93750,-51.124419,-62.432764
17.95000,-51.080143,-62.417245
17.96250,-51.035240,-62.401634
17.97500,-50.989693,-62.385926
17.98750,-50.943482,-62.370120
18.00000,-50.896581,-62.354212
18.01250,-50.848964,-62.338200
18.02500,-50.800604,-62.322079
18.03750,-50.751477,-62.305848
18.05000,-50.701557,-62.289502
18.06250,-50.650818,-62.273039
18.07500,-50.599233,-62.256454
18.08750,-50.546778,-62.239745
18.10000,-50.493424,-62.222907
18.11250,-50.439144,-62.205936
18.12500,-50.383911,-62.188830
18.13750,-50.327697,-62.171582
18.15000,-50.270471,-62.154190
18.16250,-50.212204,-62.136648
18.17500,-50.152864,-62.118952
18.18750,-50.092419,-62.101098
18.20000,-50.030837,-62.083079
18.21250,-49.968083,-62.064892
18.22500,-49.904115,-62.046531
18.23750,-49.838881,-62.027990
18.25000,-49.772334,-62.009263
18.26250,-49.704424,-61.990345
18.27500,-49.635100,-61.971229
18.28750,-49.564312,-61.951907
18.30000,-49.492008,-61.932374
18.31250,-49.418136,-61.912622
18.32500,-49.342640,-61.892644
18.33750,-49.265468,-61.872433
18.35000,-49.186561,-61.851981
18.36250,-49.105861,-61.831280
18.37500,-49.023308,-61.810322
18.38750,-48.938839,-61.789099
18.40000,-48.852376,-61.767603
18.41250,-48.763831,-61.745824
18.42500,-48.673121,-61.723754
18.43750,-48.580157,-61.701382
18.45000,-48.484850,-61.678699
18.46250,-48.387111,-61.655695
18.47500,-48.286847,-61.632360
18.48750,-48.183962,-61.608682
18.50000,-48.078358,-61.584650
18.51250,-47.969933,-61.560253
18.52500,-47.858577,-61.535477
18.53750,-47.744153,-61.510312
18.55000,-47.626526,-61.484742
18.56250,-47.505556,-61.458755
18.57500,-47.381100,-61.432335
18.58750,-47.253014,-61.405468
18.60000,-47.121146,-61.378138
18.61250,-46.985342,-61.350329
18.62500,-46.845441,-61.322023
18.63750,-46.701244,-61.293203
18.65000,-46.552549,-61.263851
18.66250,-46.399149,-61.233946
18.67500,-46.240829,-61.203468
18.68750,-46.077370,-61.172397
18.70000,-45.908546,-61.140710
18.71250,-45.734105,-61.108383
18.72500,-45.553767,-61.075394
18.73750,-45.367243,-61.041715
18.75000,-45.174236,-61.007321
18.76250,-44.974438,-60.972182
18.77500,-44.767527,-60.936267
18.78750,-44.553134,-60.899546
18.80000,-44.330875,-60.861984
18.81250,-44.100356,-60.823546
18.82500,-43.861164,-60.784197
18.83750,-43.612852,-60.743898
18.85000,-43.354932,-60.702611
18.86250,-43.086901,-60.660294
18.87500,-42.808235,-60.616903
18.88750,-42.518362,-60.572392
18.90000,-42.216669,-60.526713
18.91250,-41.902521,-60.479816
18.92500,-41.575245,-60.431646
18.93750,-41.234108,-60.382148
18.95000,-40.878345,-60.331261
18.96250,-40.507149,-60.278922
18.97500,-40.119648,-60.225065
18.98750,-39.714932,-60.169618
19.00000,-39.292029,-60.112508
19.01250,-38.849909,-60.053653
19.02500,-38.387491,-59.992970
19.03750,-37.903621,-59.930368
19.05000,-37.397091,-59.865748
19.06250,-36.866623,-59.799007
19.07500,-36.310878,-59.730035
19.08750,-35.728446,-59.658717
19.10000,-35.117859,-59.584930
19.11250,-34.477582,-59.508543
19.12500,-33.806029,-59.429418
19.13750,-33.101554,-59.347407
19.15000,-32.362467,-59.262350
19.16250,-31.587056,-59.174080
19.17500,-30.773583,-59.082415
19.18750,-29.920304,-58.987161
19.20000,-29.025489,-58.888108
19.21250,-28.087461,-58.785028
19.22500,-27.104639,-58.677677
19.23750,-26.075553,-58.565796
19.25000,-24.998899,-58.449107
19.26250,-23.873590,-58.327313
19.27500,-22.698849,-58.200093
19.28750,-21.474250,-58.067105
19.30000,-20.199784,-57.927975
19.31250,-18.875927,-57.782298
19.32500,-17.503760,-57.629637
19.33750,-16.085089,-57.469521
19.35000,-14.622417,-57.301445
19.36250,-13.119159,-57.124868
19.37500,-11.579572,-56.939202
19.38750,-10.008910,-56.743808
19.40000,-8.413306,-56.537993
19.41250,-6.799921,-56.321011
19.42500,-5.176712,-56.092061
19.43750,-3.552423,-55.850279
19.45000,-1.936422,-55.594720
19.46250,-0.338453,-55.324364
19.47500,1.231484,-55.038118
19.48750,2.763476,-54.734801
19.50000,4.247907,-54.413124
19.51250,5.675718,-54.071703
19.52500,7.038637,-53.709051
19.53750,8.329393,-53.323543
19.55000,9.541813,-52.913434
19.56250,10.670981,-52.476846
19.57500,11.713255,-52.011732
19.58750,12.666264,-51.515902
19.60000,13.528850,-50.986960
19.61250,14.300976,-50.422343
19.62500,14.983609,-49.819247
19.63750,15.578583,-49.174664
19.65000,16.088430,-48.485317
19.66250,16.516263,-47.747654
19.67500,16.865609,-46.957832
19.68750,17.140306,-46.111686
19.70000,17.344368,-45.204673
19.71250,17.481897,-44.231863
19.72500,17.557002,-43.187907
19.73750,17.573740,-42.067002
19.75000,17.536056,-40.862857
19.76250,17.447755,-39.568659
19.77500,17.312472,-38.177060
19.78750,17.133660,-36.680176
19.80000,16.914576,-35.069589
19.81250,16.658284,-33.336399
19.82500,16.367648,-31.471315
19.83750,16.045347,-29.464814
19.85000,15.693878,-27.307398
19.86250,15.315560,-24.989968
19.87500,14.912549,-22.504359
19.88750,14.486848,-19.844170
19.90000,14.040310,-17.005676
19.91250,13.574658,-13.989148
19.92500,13.091487,-10.800394
19.93750,12.592275,-7.452444
19.95000,12.078393,-3.967136
19.96250,11.551112,-0.376407
19.97500,11.011611,3.277033
19.98750,10.460985,6.940450
20.00000,9.900245,10.553168
20.01250,9.330337,14.050215
20.02500,8.752132,17.367414
20.03750,8.166444,20.446816
20.05000,7.574029,23.241890
20.06250,6.975587,25.721219
20.07500,6.371775,27.870152
20.08750,5.763197,29.690260
20.10000,5.150418,31.196888
20.11250,4.533968,32.415569
20.12500,3.914332,33.378025
20.13750,3.291973,34.118500
20.15000,2.667311,34.670808
20.16250,2.040744,35.066292
20.17500,1.412643,35.332648
20.18750,0.783347,35.493457
20.20000,0.153178,35.568218
20.21250,-0.477567,35.572691
20.22500,-1.108615,35.519396
20.23750,-1.739706,35.418156
20.25000,-2.370605,35.276611
20.26250,-3.001097,35.100683
20.27500,-3.630969,34.894959
20.28750,-4.260044,34.663002
20.30000,-4.888149,34.407604
20.31250,-5.515120,34.130969
20.32500,-6.140821,33.834864
20.33750,-6.765112,33.520727
20.35000,-7.387875,33.189749
20.36250,-8.009003,32.842931
20.37500,-8.628385,32.481138
20.38750,-9.245944,32.105124
20.40000,-9.861597,31.715560
20.41250,-10.475266,31.313057
20.42500,-11.086898,30.898174
20.43750,-11.696424,30.471430
20.45000,-12.303805,30.033314
20.46250,-12.909001,29.584290
20.47500,-13.511966,29.124799
20.48750,-14.112687,28.655268
20.50000,-14.711129,28.176108
20.51250,-15.307286,27.687715
20.52500,-15.901148,27.190476
20.53750,-16.492701,26.684768
20.55000,-17.081962,26.170958
20.56250,-17.668922,25.649404
20.57500,-18.253607,25.120457
20.58750,-18.836032,24.584459
20.60000,-19.416216,24.041744
20.61250,-19.994199,23.492640
20.62500,-20.569992,22.937466
20.63750,-21.143660,22.376535
20.65000,-21.715236,21.810152
20.66250,-22.284779,21.238614
20.67500,-22.852346,20.662211
20.68750,-23.417991,20.081226
20.70000,-23.981796,19.495935
20.71250,-24.543810,18.906605
20.72500,-25.104141,18.313495
20.73750,-25.662859,17.716860
20.75000,-26.220074,17.116943
20.76250,-26.775878,16.513983
20.77500,-27.330380,15.908208
20.78750,-27.883698,15.299843
20.80000,-28.435940,14.689102
20.81250,-28.987249,14.076191
20.82500,-29.537738,13.461311
20.83750,-30.087578,12.844655
20.85000,-30.636899,12.226408
20.86250,-31.185879,11.606747
20.87500,-31.734673,10.985844
20.88750,-32.283459,10.363863
20.90000,-32.832419,9.740959
20.91250,-33.381735,9.117283
20.92500,-33.931611,8.492977
20.93750,-34.482238,7.868177
20.95000,-35.033843,7.243014
20.96250,-35.586626,6.617610
20.97500,-36.140830,5.992081
20.98750,-36.696675,5.366541
21.00000,-37.254406,4.741090
21.01250,-37.814260,4.115827
21.02500,-38.376482,3.490846
21.03750,-38.941325,2.866231
21.05000,-39.509033,2.242066
21.06250,-40.079870,1.618423
21.07500,-40.654083,0.995374
21.08750,-41.231932,0.372987
21.10000,-41.813665,-0.248685
21.11250,-42.399529,-0.869587
21.12500,-42.989762,-1.489667
21.13750,-43.584600,-2.108883
21.15000,-44.184256,-2.727192
21.16250,-44.788939,-3.344564
21.17500,-45.398838,-3.960967
21.18750,-46.014113,-4.576370
21.20000,-46.634922,-5.190761
21.21250,-47.261362,-5.804120
21.22500,-47.893516,-6.416434
21.23750,-48.531436,-7.027698
21.25000,-49.175103,-7.637898
21.26250,-49.824481,-8.247050
21.27500,-50.479466,-8.855156
21.28750,-51.139881,-9.462221
21.30000,-51.805516,-10.068264
21.31250,-52.476066,-10.673296
21.32500,-53.151143,-11.277355
21.33750,-53.830314,-11.880463
21.35000,-54.513033,-12.482648
21.36250,-55.198655,-13.083958
21.37500,-55.886480,-13.684425
21.38750,-56.575705,-14.284113
21.40000,-57.265404,-14.883072
21.41250,-57.954600,-15.481356
21.42500,-58.642243,-16.079042
21.43750,-59.327146,-16.676191
21.45000,-60.008097,-17.272903
21.46250,-60.683851,-17.869259
21.47500,-61.353050,-18.465350
21.48750,-62.014349,-19.061290
21.50000,-62.666421,-19.657176
21.51250,-63.307879,-20.253157
21.52500,-63.937406,-20.849358
21.53750,-64.553751,-21.445920
21.55000,-65.155683,-22.043006
21.56250,-65.742101,-22.640768
21.57500,-66.311988,-23.239418
21.58750,-66.864450,-23.839141
21.60000,-67.398739,-24.440149
21.61250,-67.914227,-25.042678
21.62500,-68.410452,-25.646955
21.63750,-68.887082,-26.253277
21.65000,-69.343948,-26.861918
21.66250,-69.781005,-27.473181
21.67500,-70.198353,-28.087410
21.68750,-70.596212,-28.704939
21.70000,-70.974906,-29.326173
21.71250,-71.334866,-29.951513
21.72500,-71.676591,-30.581378
21.73750,-72.000654,-31.216267
21.75000,-72.307684,-31.856662
21.76250,-72.598343,-32.503097
21.77500,-72.873321,-33.156154
21.78750,-73.133327,-33.816421
21.80000,-73.379072,-34.484553
21.81250,-73.611265,-35.161239
21.82500,-73.830604,-35.847187
21.83750,-74.037772,-36.543168
21.85000,-74.233430,-37.250000
21.86250,-74.418215,-37.968518
21.87500,-74.592735,-38.699600
21.88750,-74.757572,-39.444194
21.90000,-74.913277,-40.203258
21.91250,-75.060374,-40.977778
21.92500,-75.199353,-41.768774
21.93750,-75.330678,-42.577297
21.95000,-75.454782,-43.404396
21.96250,-75.572075,-44.251119
21.97500,-75.682939,-45.118499
21.98750,-75.787729,-46.007537
22.00000,-75.886782,-46.919178
22.01250,-75.980409,-47.854276
22.02500,-76.068902,-48.813565
22.03750,-76.152535,-49.797630
22.05000,-76.231563,-50.806863
22.06250,-76.306224,-51.841408
22.07500,-76.376743,-52.901111
22.08750,-76.443327,-53.985460
22.10000,-76.506174,-55.093521
22.11250,-76.565466,-56.223838
22.12500,-76.621376,-57.374390
22.13750,-76.674065,-58.542540
22.15000,-76.723686,-59.724988
22.16250,-76.770379,-60.917740
22.17500,-76.814281,-62.116089
22.18750,-76.855515,-63.314585
22.20000,-76.894201,-64.507117
22.21250,-76.930449,-65.687047
22.22500,-76.964365,-66.847363
22.23750,-76.996048,-67.980862
22.25000,-77.025589,-69.080376
22.26250,-77.053075,-70.139000
22.27500,-77.078590,-71.150413
22.28750,-77.102209,-72.109121
22.30000,-77.124005,-73.010679
22.31250,-77.144046,-73.851835
22.32500,-77.162396,-74.630593
22.33750,-77.179114,-75.346248
22.35000,-77.194256,-75.999316
22.36250,-77.207877,-76.591400
22.37500,-77.220024,-77.124978
22.38750,-77.230746,-77.603248
22.40000,-77.240087,-78.029894
22.41250,-77.248088,-78.408910
22.42500,-77.254791,-78.744405
22.43750,-77.260234,-79.040484
22.45000,-77.264453,-79.301129
22.46250,-77.267486,-79.530111
22.47500,-77.269365,-79.730950
22.48750,-77.270126,-79.906881
22.50000,-77.269803,-80.060839
22.51250,-77.268426,-80.195466
22.52500,-77.266030,-80.313117
22.53750,-77.262645,-80.415883
22.55000,-77.258305,-80.505607
22.56250,-77.253040,-80.583912
22.57500,-77.246881,-80.652219
22.58750,-77.239860,-80.711769
22.60000,-77.232007,-80.763649
22.61250,-77.223353,-80.808804
22.62500,-77.213927,-80.848060
22.63750,-77.203760,-80.882136
22.65000,-77.192881,-80.911658
22.66250,-77.181317,-80.937174
22.67500,-77.169098,-80.959158
22.68750,-77.156250,-80.978029
22.70000,-77.142801,-80.994149
22.71250,-77.128777,-81.007835
22.72500,-77.114202,-81.019366
22.73750,-77.099101,-81.028986
22.75000,-77.083498,-81.036909
22.76250,-77.067416,-81.043321
22.77500,-77.050876,-81.048387
22.78750,-77.033901,-81.052253
22.80000,-77.016509,-81.055046
22.81250,-76.998721,-81.056879
22.82500,-76.980555,-81.057851
22.83750,-76.962029,-81.058050
22.85000,-76.943159,-81.057553
22.86250,-76.923962,-81.056430
22.87500,-76.904452,-81.054740
22.88750,-76.884646,-81.052538
22.90000,-76.864555,-81.049872
22.91250,-76.844193,-81.046784
22.92500,-76.823573,-81.043312
22.93750,-76.802707,-81.039490
22.95000,-76.781604,-81.035348
22.96250,-76.760276,-81.030913
22.97500,-76.738733,-81.026208
22.98750,-76.716983,-81.021255
23.00000,-76.695036,-81.016072
23.01250,-76.672900,-81.010678
23.02500,-76.650582,-81.005086
23.03750,-76.628090,-80.999312
23.05000,-76.605430,-80.993366
23.06250,-76.582610,-80.987260
23.07500,-76.559635,-80.981004
23.08750,-76.536511,-80.974607
23.10000,-76.513243,-80.968075
23.11250,-76.489836,-80.961418
23.12500,-76.466296,-80.954640
23.13750,-76.442626,-80.947748
23.15000,-76.418830,-80.940747
23.16250,-76.394914,-80.933642
23.17500,-76.370880,-80.926436
23.18750,-76.346731,-80.919133
23.20000,-76.322472,-80.911738
23.21250,-76.298105,-80.904252
23.22500,-76.273633,-80.896678
23.23750,-76.249058,-80.889020
23.25000,-76.224384,-80.881279
23.26250,-76.199613,-80.873457
23.27500,-76.174747,-80.865556
23.28750,-76.149788,-80.857577
23.30000,-76.124738,-80.849523
23.31250,-76.099599,-80.841393
23.32500,-76.074373,-80.833190
23.33750,-76.049062,-80.824915
23.35000,-76.023667,-80.816568
23.36250,-75.998189,-80.808150
23.37500,-75.972630,-80.799662
23.38750,-75.946992,-80.791104
23.40000,-75.921275,-80.782477
23.41250,-75.895481,-80.773782
23.42500,-75.869611,-80.765019
23.43750,-75.843666,-80.756188
23.45000,-75.817648,-80.747290
23.46250,-75.791556,-80.738324
23.47500,-75.765392,-80.729292
23.48750,-75.739158,-80.720193
23.50000,-75.712853,-80.711028
23.51250,-75.686478,-80.701796
23.52500,-75.660035,-80.692497
23.53750,-75.633524,-80.683133
23.55000,-75.606946,-80.673702
23.56250,-75.580301,-80.664205
23.57500,-75.553590,-80.654642
23.58750,-75.526814,-80.645013
23.60000,-75.499973,-80.635318
23.61250,-75.473068,-80.625556
23.62500,-75.446100,-80.615727
23.63750,-75.419068,-80.605833
23.65000,-75.391974,-80.595871
23.66250,-75.364817,-80.585843
23.67500,-75.337600,-80.575749
23.68750,-75.310321,-80.565587
23.70000,-75.282981,-80.555358
23.71250,-75.255581,-80.545062
23.72500,-75.228121,-80.534699
23.73750,-75.200602,-80.524268
23.75000,-75.173024,-80.513770
23.76250,-75.145388,-80.503204
23.77500,-75.117693,-80.492570
23.78750,-75.089941,-80.481868
23.80000,-75.062131,-80.471098
23.81250,-75.034264,-80.460259
23.82500,-75.006340,-80.449352
23.83750,-74.978360,-80.438375
23.85000,-74.950324,-80.427330
23.86250,-74.922232,-80.416216
23.87500,-74.894085,-80.405032
23.88750,-74.865883,-80.393779
23.90000,-74.837627,-80.382456
23.91250,-74.809316,-80.371063
23.92500,-74.780951,-80.359600
23.93750,-74.752532,-80.348067
23.95000,-74.724060,-80.336463
23.96250,-74.695535,-80.324789
23.97500,-74.666958,-80.313044
23.98750,-74.638328,-80.301228
24.00000,-74.609645,-80.289341
24.01250,-74.580911,-80.277382
24.02500,-74.552126,-80.265352
24.03750,-74.523289,-80.253250
24.05000,-74.494402,-80.241076
24.06250,-74.465464,-80.228830
24.07500,-74.436476,-80.216512
24.08750,-74.407437,-80.204122
24.10000,-74.378350,-80.191659
24.11250,-74.349212,-80.179123
24.12500,-74.320026,-80.166514
24.13750,-74.290791,-80.153833
24.15000,-74.261507,-80.141078
24.16250,-74.232175,-80.128249
24.17500,-74.202796,-80.115347
24.18750,-74.173369,-80.102371
24.20000,-74.143894,-80.089322
24.21250,-74.114373,-80.076198
24.22500,-74.084804,-80.063000
24.23750,-74.055190,-80.049728
24.25000,-74.025529,-80.036381
24.26250,-73.995822,-80.022960
24.27500,-73.966070,-80.009464
24.28750,-73.936273,-79.995893
24.30000,-73.906431,-79.982247
24.31250,-73.876544,-79.968526
24.32500,-73.846613,-79.954730
24.33750,-73.816638,-79.940858
24.35000,-73.786619,-79.926910
24.36250,-73.756557,-79.912888
24.37500,-73.726451,-79.898789
24.38750,-73.696303,-79.884614
24.40000,-73.666112,-79.870364
24.41250,-73.635879,-79.856037
24.42500,-73.605604,-79.841634
24.43750,-73.575288,-79.827155
24.45000,-73.544930,-79.812600
24.46250,-73.514531,-79.797968
24.47500,-73.484092,-79.783259
24.48750,-73.453612,-79.768474
24.50000,-73.423092,-79.753612
24.51250,-73.392532,-79.738673
24.52500,-73.361933,-79.723658
24.53750,-73.331295,-79.708565
24.55000,-73.300618,-79.693396
24.56250,-73.269903,-79.678149
24.57500,-73.239149,-79.662825
24.58750,-73.208357,-79.647424
24.60000,-73.177528,-79.631946
24.61250,-73.146662,-79.616390
24.62500,-73.115758,-79.600757
24.63750,-73.084818,-79.585047
24.65000,-73.053842,-79.569259
24.66250,-73.022830,-79.553393
24.67500,-72.991782,-79.537450
24.68750,-72.960699,-79.521430
24.70000,-72.929580,-79.505332
24.71250,-72.898427,-79.489156
24.72500,-72.867240,-79.472903
24.73750,-72.836018,-79.456572
24.75000,-72.804762,-79.440163
24.76250,-72.773474,-79.423677
24.77500,-72.742151,-79.407113
24.78750,-72.710796,-79.390471
24.80000,-72.679409,-79.373751
24.81250,-72.647989,-79.356954
24.82500,-72.616538,-79.340080
24.83750,-72.585055,-79.323127
24.85000,-72.553541,-79.306098
24.86250,-72.521996,-79.288990
24.87500,-72.490420,-79.271805
24.88750,-72.458814,-79.254542
24.90000,-72.427179,-79.237202
24.91250,-72.395514,-79.219785
24.92500,-72.363819,-79.202290
24.93750,-72.332096,-79.184717
24.95000,-72.300344,-79.167067
24.96250,-72.268564,-79.149340
24.97500,-72.236756,-79.131536
24.98750,-72.204921,-79.113655
25.00000,-72.173058,-79.095696
25.01250,-72.141169,-79.077661
25.02500,-72.109253,-79.059549
25.03750,-72.077311,-79.041359
25.05000,-72.045343,-79.023093
25.06250,-72.013350,-79.004751
25.07500,-71.981331,-78.986331
25.08750,-71.949288,-78.967835
25.10000,-71.917220,-78.949263
25.11250,-71.885127,-78.930615
25.12500,-71.853011,-78.911890
25.13750,-71.820872,-78.893089
25.15000,-71.788709,-78.874212
25.16250,-71.756523,-78.855260
25.17500,-71.724314,-78.836231
25.18750,-71.692084,-78.817127
25.20000,-71.659831,-78.797948
25.21250,-71.627557,-78.778693
25.22500,-71.595262,-78.759363
25.23750,-71.562946,-78.739958
25.25000,-71.530609,-78.720478
25.26250,-71.498252,-78.700924
25.27500,-71.465876,-78.681294
25.28750,-71.433480,-78.661591
25.30000,-71.401064,-78.641813
25.31250,-71.368630,-78.621961
25.32500,-71.336178,-78.602035
25.33750,-71.303708,-78.582035
25.35000,-71.271219,-78.561962
25.36250,-71.238714,-78.541815
25.37500,-71.206191,-78.521595
25.38750,-71.173652,-78.501303
25.40000,-71.141096,-78.480937
25.41250,-71.108525,-78.460498
25.42500,-71.075938,-78.439988
25.43750,-71.043335,-78.419405
25.45000,-71.010718,-78.398750
25.46250,-70.978086,-78.378023
25.47500,-70.945440,-78.357224
25.48750,-70.912780,-78.336354
25.50000,-70.880106,-78.315413
25.51250,-70.847419,-78.294401
25.52500,-70.814719,-78.273319
25.53750,-70.782006,-78.252166
25.55000,-70.749281,-78.230943
25.56250,-70.716544,-78.209649
25.57500,-70.683795,-78.188286
25.58750,-70.651035,-78.166854
25.60000,-70.618264,-78.145352
25.61250,-70.585482,-78.123781
25.62500,-70.552690,-78.102142
25.63750,-70.519888,-78.080434
25.65000,-70.487076,-78.058658
25.66250,-70.454256,-78.036814
25.67500,-70.421426,-78.014902
25.68750,-70.388588,-77.992923
25.70000,-70.355742,-77.970877
25.71250,-70.322887,-77.948764
25.72500,-70.290026,-77.926585
25.73750,-70.257157,-77.904339
25.75000,-70.224282,-77.882028
25.76250,-70.191400,-77.859650
25.77500,-70.158512,-77.837208
25.78750,-70.125619,-77.814700
25.80000,-70.092720,-77.792128
25.81250,-70.059816,-77.769491
25.82500,-70.026908,-77.746790
25.83750,-69.993996,-77.724026
25.85000,-69.961079,-77.701198
25.86250,-69.928159,-77.678306
25.87500,-69.895235,-77.655352
25.88750,-69.862309,-77.632336
25.90000,-69.829379,-77.609257
25.91250,-69.796447,-77.586117
25.92500,-69.763513,-77.562915
25.93750,-69.730577,-77.539652
25.95000,-69.697640,-77.516328
25.96250,-69.664701,-77.492944
25.97500,-69.631762,-77.469500
25.98750,-69.598822,-77.445996
26.00000,-69.565881,-77.422433
26.01250,-69.532941,-77.398810
26.02500,-69.500002,-77.375130
26.03750,-69.467063,-77.351390
26.05000,-69.434125,-77.327593
26.06250,-69.401189,-77.303738
26.07500,-69.368255,-77.279827
26.08750,-69.335324,-77.255858
26.10000,-69.302394,-77.231833
26.11250,-69.269468,-77.207752
26.12500,-69.236545,-77.183615
26.13750,-69.203626,-77.159423
26.15000,-69.170711,-77.135176
26.16250,-69.137800,-77.110874
26.17500,-69.104894,-77.086519
26.18750,-69.071992,-77.062110
26.20000,-69.039097,-77.037647
26.21250,-69.006207,-77.013131
26.22500,-68.973323,-76.988563
26.23750,-68.940445,-76.963943
26.25000,-68.907574,-76.939271
26.26250,-68.874710,-76.914548
26.27500,-68.841853,-76.889774
26.28750,-68.809003,-76.864949
26.30000,-68.776161,-76.840074
26.31250,-68.743326,-76.815150
26.32500,-68.710500,-76.790176
26.33750,-68.677682,-76.765154
26.35000,-68.644873,-76.740083
26.36250,-68.612073,-76.714964
26.37500,-68.579283,-76.689798
26.38750,-68.546502,-76.664584
26.40000,-68.513732,-76.639324
26.41250,-68.480972,-76.614018
26.42500,-68.448222,-76.588666
26.43750,-68.415484,-76.563268
26.45000,-68.382757,-76.537825
26.46250,-68.350041,-76.512338
26.47500,-68.317338,-76.486807
26.48750,-68.284647,-76.461233
26.50000,-68.251969,-76.435615
26.51250,-68.219304,-76.409954
26.52500,-68.186652,-76.384251
26.53750,-68.154014,-76.358506
26.55000,-68.121391,-76.332720
26.56250,-68.088781,-76.306893
26.57500,-68.056187,-76.281026
26.58750,-68.023607,-76.255118
26.60000,-67.991043,-76.229171
26.61250,-67.958494,-76.203184
26.62500,-67.925961,-76.177159
26.63750,-67.893445,-76.151096
26.65000,-67.860944,-76.124995
26.66250,-67.828460,-76.098857
26.67500,-67.795992,-76.072682
26.68750,-67.763541,-76.046470
26.70000,-67.731108,-76.020222
26.71250,-67.698691,-75.993939
26.72500,-67.666293,-75.967621
26.73750,-67.633912,-75.941269
26.75000,-67.601549,-75.914882
26.76250,-67.569205,-75.888462
26.77500,-67.536880,-75.862009
26.78750,-67.504573,-75.835522
26.80000,-67.472286,-75.809004
26.81250,-67.440018,-75.782454
26.82500,-67.407771,-75.755872
26.83750,-67.375543,-75.729260
26.85000,-67.343336,-75.702617
26.86250,-67.311150,-75.675945
26.87500,-67.278986,-75.649243
26.88750,-67.246842,-75.622512
26.90000,-67.214721,-75.595753
26.91250,-67.182621,-75.568965
26.92500,-67.150544,-75.542151
26.93750,-67.118490,-75.515309
26.95000,-67.086459,-75.488440
26.96250,-67.054451,-75.461546
26.97500,-67.022467,-75.434626
26.98750,-66.990506,-75.407680
27.00000,-66.958570,-75.380710
27.01250,-66.926658,-75.353716
27.02500,-66.894770,-75.326698
27.03750,-66.862907,-75.299657
27.05000,-66.831068,-75.272594
27.06250,-66.799254,-75.245507
27.07500,-66.767465,-75.218399
27.08750,-66.735701,-75.191270
27.10000,-66.703962,-75.164120
27.11250,-66.672249,-75.136949
27.12500,-66.640561,-75.109759
27.13750,-66.608900,-75.082549
27.15000,-66.577264,-75.055320
27.16250,-66.545655,-75.028073
27.17500,-66.514072,-75.000807
27.18750,-66.482517,-74.973524
27.20000,-66.450988,-74.946224
27.21250,-66.419487,-74.918907
27.22500,-66.388014,-74.891574
27.23750,-66.356568,-74.864225
27.25000,-66.325151,-74.836861
27.26250,-66.293762,-74.809482
27.27500,-66.262403,-74.782088
27.28750,-66.231072,-74.754681
27.30000,-66.199771,-74.727261
27.31250,-66.168499,-74.699827
27.32500,-66.137257,-74.672381
27.33750,-66.106045,-74.644923
27.35000,-66.074864,-74.617453
27.36250,-66.043714,-74.589972
27.37500,-66.012594,-74.562481
27.38750,-65.981506,-74.534979
27.40000,-65.950449,-74.507468
27.41250,-65.919424,-74.479948
27.42500,-65.888429,-74.452418
27.43750,-65.857466,-74.424881
27.45000,-65.826535,-74.397335
27.46250,-65.795635,-74.369783
27.47500,-65.764766,-74.342223
27.48750,-65.733929,-74.314656
27.50000,-65.703124,-74.287084
27.51250,-65.672351,-74.259506
27.52500,-65.641609,-74.231923
27.53750,-65.610901,-74.204336
27.55000,-65.580224,-74.176744
27.56250,-65.549580,-74.149148
27.57500,-65.518969,-74.121549
27.58750,-65.488391,-74.093947
27.60000,-65.457846,-74.066342
27.61250,-65.427335,-74.038736
27.62500,-65.396857,-74.011128
27.63750,-65.366413,-73.983518
27.65000,-65.336003,-73.955908
27.66250,-65.305628,-73.928298
27.67500,-65.275287,-73.900688
27.68750,-65.244981,-73.873078
27.70000,-65.214710,-73.845469
27.71250,-65.184475,-73.817861
27.72500,-65.154275,-73.790256
27.73750,-65.124111,-73.762652
27.75000,-65.093983,-73.735051
27.76250,-65.063892,-73.707453
27.77500,-65.033836,-73.679858
27.78750,-65.003818,-73.652267
27.80000,-64.973836,-73.624681
27.81250,-64.943892,-73.597099
27.82500,-64.913984,-73.569522
27.83750,-64.884112,-73.541951
27.85000,-64.854277,-73.514385
27.86250,-64.824478,-73.486827
27.87500,-64.794716,-73.459274
27.88750,-64.764991,-73.431729
27.90000,-64.735302,-73.404192
27.91250,-64.705649,-73.376663
27.92500,-64.676033,-73.349142
27.93750,-64.646453,-73.321630
27.95000,-64.616911,-73.294127
27.96250,-64.587405,-73.266633
27.97500,-64.557936,-73.239150
27.98750,-64.528504,-73.211677
28.00000,-64.499110,-73.184214
28.01250,-64.469753,-73.156763
28.02500,-64.440434,-73.129324
28.03750,-64.411152,-73.101896
28.05000,-64.381908,-73.074481
28.06250,-64.352703,-73.047078
28.07500,-64.323536,-73.019688
28.08750,-64.294407,-72.992312
28.10000,-64.265318,-72.964950
28.11250,-64.236267,-72.937601
28.12500,-64.207255,-72.910267
28.13750,-64.178283,-72.882948
28.15000,-64.149351,-72.855643
28.16250,-64.120458,-72.828354
28.17500,-64.091605,-72.801081
28.18750,-64.062792,-72.773824
28.20000,-64.034020,-72.746584
28.21250,-64.005288,-72.719360
28.22500,-63.976597,-72.692153
28.23750,-63.947946,-72.664964
28.25000,-63.919335,-72.637793
28.26250,-63.890764,-72.610640
28.27500,-63.862233,-72.583505
28.28750,-63.833742,-72.556390
28.30000,-63.805290,-72.529294
28.31250,-63.776878,-72.502217
28.32500,-63.748504,-72.475160
28.33750,-63.720170,-72.448124
28.35000,-63.691876,-72.421108
28.36250,-63.663620,-72.394113
28.37500,-63.635404,-72.367139
28.38750,-63.607227,-72.340187
28.40000,-63.579089,-72.313256
28.41250,-63.550991,-72.286348
28.42500,-63.522933,-72.259463
28.43750,-63.494913,-72.232600
28.45000,-63.466934,-72.205761
28.46250,-63.438994,-72.178945
28.47500,-63.411095,-72.152153
28.48750,-63.383235,-72.125384
28.50000,-63.355416,-72.098641
28.51250,-63.327637,-72.071921
28.52500,-63.299898,-72.045227
28.53750,-63.272201,-72.018558
28.55000,-63.244544,-71.991915
28.56250,-63.216929,-71.965297
28.57500,-63.189354,-71.938705
28.58750,-63.161822,-71.912139
28.60000,-63.134330,-71.885600
28.61250,-63.106881,-71.859087
28.62500,-63.079473,-71.832602
28.63750,-63.052108,-71.806143
28.65000,-63.024784,-71.779712
28.66250,-62.997503,-71.753308
28.67500,-62.970264,-71.726933
28.68750,-62.943067,-71.700586
28.70000,-62.915912,-71.674267
28.71250,-62.888798,-71.647977
28.72500,-62.861725,-71.621716
28.73750,-62.834692,-71.595484
28.75000,-62.807700,-71.569282
28.76250,-62.780748,-71.543109
28.77500,-62.753836,-71.516967
28.78750,-62.726964,-71.490854
28.80000,-62.700132,-71.464773
28.81250,-62.673339,-71.438722
28.82500,-62.646586,-71.412702
28.83750,-62.619873,-71.386713
28.85000,-62.593200,-71.360756
28.86250,-62.566566,-71.334831
28.87500,-62.539971,-71.308937
28.88750,-62.513417,-71.283076
28.90000,-62.486902,-71.257247
28.91250,-62.460427,-71.231451
28.92500,-62.433991,-71.205688
28.93750,-62.407596,-71.179958
28.95000,-62.381241,-71.154261
28.96250,-62.354926,-71.128598
28.97500,-62.328652,-71.102968
28.98750,-62.302418,-71.077372
29.00000,-62.276225,-71.051810
29.01250,-62.250073,-71.026283
29.02500,-62.223961,-71.000790
29.03750,-62.197891,-70.975331
29.05000,-62.171863,-70.949907
29.06250,-62.145875,-70.924518
29.07500,-62.119929,-70.899164
29.08750,-62.094025,-70.873845
29.10000,-62.068162,-70.848561
29.11250,-62.042342,-70.823312
29.12500,-62.016563,-70.798099
29.13750,-61.990826,-70.772922
29.15000,-61.965132,-70.747780
29.16250,-61.939479,-70.722675
29.17500,-61.913866,-70.697605
29.18750,-61.888294,-70.672572
29.20000,-61.862762,-70.647576
29.21250,-61.837270,-70.622616
29.22500,-61.811817,-70.597693
29.23750,-61.786403,-70.572807
29.25000,-61.761028,-70.547958
29.26250,-61.735691,-70.523147
29.27500,-61.710393,-70.498373
29.28750,-61.685133,-70.473637
29.30000,-61.659911,-70.448939
29.31250,-61.634726,-70.424278
29.32500,-61.609580,-70.399656
29.33750,-61.584472,-70.375073
29.35000,-61.559402,-70.350527
29.36250,-61.534369,-70.326021
29.37500,-61.509374,-70.301553
29.38750,-61.484418,-70.277123
29.40000,-61.459499,-70.252733
29.41250,-61.434618,-70.228383
29.42500,-61.409775,-70.204071
29.43750,-61.384970,-70.179799
29.45000,-61.360203,-70.155566
29.46250,-61.335475,-70.131373
29.47500,-61.310786,-70.107220
29.48750,-61.286135,-70.083106
29.50000,-61.261523,-70.059032
29.51250,-61.236951,-70.034999
29.52500,-61.212417,-70.011005
29.53750,-61.187923,-69.987051
29.55000,-61.163468,-69.963138
29.56250,-61.139052,-69.939265
29.57500,-61.114676,-69.915431
29.58750,-61.090340,-69.891638
29.60000,-61.066043,-69.867885
29.61250,-61.041787,-69.844173
29.62500,-61.017570,-69.820501
29.63750,-60.993394,-69.796869
29.65000,-60.969257,-69.773277
29.66250,-60.945160,-69.749726
29.67500,-60.921102,-69.726216
29.68750,-60.897082,-69.702747
29.70000,-60.873099,-69.679318
29.71250,-60.849153,-69.655930
29.72500,-60.825244,-69.632583
29.73750,-60.801370,-69.609278
29.75000,-60.777533,-69.586013
29.76250,-60.753732,-69.562790
29.77500,-60.729965,-69.539608
29.78750,-60.706234,-69.516467
29.80000,-60.682538,-69.493368
29.81250,-60.658876,-69.470311
29.82500,-60.635250,-69.447295
29.83750,-60.611657,-69.424321
29.85000,-60.588099,-69.401388
29.86250,-60.564576,-69.378498
29.87500,-60.541086,-69.355649
29.88750,-60.517632,-69.332843
29.90000,-60.494211,-69.310078
29.91250,-60.470825,-69.287356
29.92500,-60.447473,-69.264676
29.93750,-60.424156,-69.242038
29.95000,-60.400873,-69.219443
29.96250,-60.377625,-69.196890
29.97500,-60.354412,-69.174379
29.98750,-60.331234,-69.151911
30.00000,-60.308091,-69.129485
30.01250,-60.284983,-69.107101
30.02500,-60.261911,-69.084760
30.03750,-60.238874,-69.062461
30.05000,-60.215874,-69.040205
30.06250,-60.192909,-69.017991
30.07500,-60.169980,-68.995820
30.08750,-60.147088,-68.973691
30.10000,-60.124231,-68.951604
30.11250,-60.101411,-68.929559
30.12500,-60.078627,-68.907556
30.13750,-60.055880,-68.885596
30.15000,-60.033170,-68.863677
30.16250,-60.010496,-68.841800
30.17500,-59.987860,-68.819966
30.18750,-59.965260,-68.798173
30.20000,-59.942696,-68.776422
30.21250,-59.920167,-68.754713
30.22500,-59.897672,-68.733046
30.23750,-59.875210,-68.711421
30.25000,-59.852782,-68.689839
30.26250,-59.830386,-68.668298
30.27500,-59.808022,-68.646799
30.28750,-59.785690,-68.625343
30.30000,-59.763389,-68.603928
30.31250,-59.741120,-68.582556
30.32500,-59.718881,-68.561225
30.33750,-59.696673,-68.539938
30.35000,-59.674495,-68.518692
30.36250,-59.652348,-68.497488
30.37500,-59.630230,-68.476327
30.38750,-59.608143,-68.455208
30.40000,-59.586086,-68.434132
30.41250,-59.564058,-68.413097
30.42500,-59.542060,-68.392105
30.43750,-59.520092,-68.371156
30.45000,-59.498153,-68.350248
30.46250,-59.476245,-68.329383
30.47500,-59.454366,-68.308561
30.48750,-59.432517,-68.287781
30.50000,-59.410699,-68.267043
30.51250,-59.388910,-68.246347
30.52500,-59.367152,-68.225694
30.53750,-59.345425,-68.205083
30.55000,-59.323728,-68.184514
30.56250,-59.302062,-68.163988
30.57500,-59.280427,-68.143504
30.58750,-59.258823,-68.123061
30.60000,-59.237251,-68.102661
30.61250,-59.215711,-68.082303
30.62500,-59.194202,-68.061987
30.63750,-59.172726,-68.041713
30.65000,-59.151281,-68.021481
30.66250,-59.129869,-68.001290
30.67500,-59.108489,-67.981141
30.68750,-59.087141,-67.961034
30.70000,-59.065826,-67.940967
30.71250,-59.044544,-67.920942
30.72500,-59.023295,-67.900958
30.73750,-59.002079,-67.881015
30.75000,-58.980896,-67.861112
30.76250,-58.959746,-67.841250
30.77500,-58.938627,-67.821429
30.78750,-58.917538,-67.801649
30.80000,-58.896480,-67.781909
30.81250,-58.875450,-67.762210
30.82500,-58.854449,-67.742551
30.83750,-58.833476,-67.722933
30.85000,-58.812531,-67.703356
30.86250,-58.791612,-67.683818
30.87500,-58.770721,-67.664322
30.88750,-58.749856,-67.644866
30.90000,-58.729016,-67.625450
30.91250,-58.708203,-67.606075
30.92500,-58.687416,-67.586740
30.93750,-58.666654,-67.567445
30.95000,-58.645917,-67.548192
30.96250,-58.625206,-67.528978
30.97500,-58.604520,-67.509805
30.98750,-58.583859,-67.490672
31.00000,-58.563223,-67.471580
31.01250,-58.542611,-67.452528
31.02500,-58.522025,-67.433516
31.03750,-58.501464,-67.414545
31.05000,-58.480928,-67.395613
31.06250,-58.460417,-67.376722
31.07500,-58.439932,-67.357872
31.08750,-58.419471,-67.339061
31.10000,-58.399037,-67.320291
31.11250,-58.378628,-67.301561
31.12500,-58.358245,-67.282870
31.13750,-58.337888,-67.264220
31.15000,-58.317558,-67.245610
31.16250,-58.297254,-67.227039
31.17500,-58.276978,-67.208509
31.18750,-58.256728,-67.190018
31.20000,-58.236506,-67.171567
31.21250,-58.216312,-67.153155
31.22500,-58.196145,-67.134783
31.23750,-58.176007,-67.116450
31.25000,-58.155897,-67.098157
31.26250,-58.135815,-67.079903
31.27500,-58.115761,-67.061688
31.28750,-58.095736,-67.043513
31.30000,-58.075740,-67.025376
31.31250,-58.055773,-67.007278
31.32500,-58.035836,-66.989219
31.33750,-58.015928,-66.971198
31.35000,-57.996050,-66.953215
31.36250,-57.976201,-66.935271
31.37500,-57.956382,-66.917364
31.38750,-57.936590,-66.899495
31.40000,-57.916824,-66.881664
31.41250,-57.897084,-66.863871
31.42500,-57.877369,-66.846115
31.43750,-57.857679,-66.828396
31.45000,-57.838013,-66.810715
31.46250,-57.818370,-66.793071
31.47500,-57.798751,-66.775464
31.48750,-57.779154,-66.757894
31.50000,-57.759579,-66.740362
31.51250,-57.740027,-66.722867
31.52500,-57.720496,-66.705409
31.53750,-57.700987,-66.687988
31.55000,-57.681500,-66.670604
31.56250,-57.662034,-66.653258
31.57500,-57.642590,-66.635948
31.58750,-57.623167,-66.618676
31.60000,-57.603765,-66.601440
31.61250,-57.584384,-66.584241
31.62500,-57.565025,-66.567080
31.63750,-57.545686,-66.549955
31.65000,-57.526369,-66.532868
31.66250,-57.507073,-66.515817
31.67500,-57.487798,-66.498803
31.68750,-57.468545,-66.481826
31.70000,-57.449314,-66.464886
31.71250,-57.430104,-66.447982
31.72500,-57.410916,-66.431115
31.73750,-57.391751,-66.414285
31.75000,-57.372608,-66.397491
31.76250,-57.353488,-66.380734
31.77500,-57.334391,-66.364014
31.78750,-57.315317,-66.347330
31.80000,-57.296267,-66.330682
31.81250,-57.277241,-66.314071
31.82500,-57.258240,-66.297497
31.83750,-57.239263,-66.280958
31.85000,-57.220311,-66.264456
31.86250,-57.201384,-66.247990
31.87500,-57.182484,-66.231559
31.88750,-57.163608,-66.215165
31.90000,-57.144759,-66.198807
31.91250,-57.125936,-66.182485
31.92500,-57.107140,-66.166198
31.93750,-57.088370,-66.149948
31.95000,-57.069627,-66.133733
31.96250,-57.050911,-66.117553
31.97500,-57.032223,-66.101409
31.98750,-57.013563,-66.085300
32.00000,-56.994931,-66.069227
32.01250,-56.976327,-66.053188
32.02500,-56.957751,-66.037185
32.03750,-56.939200,-66.021217
32.05000,-56.920674,-66.005284
32.06250,-56.902171,-65.989386
32.07500,-56.883692,-65.973522
32.08750,-56.865236,-65.957693
32.10000,-56.846802,-65.941897
32.11250,-56.828390,-65.926136
32.12500,-56.809999,-65.910408
32.13750,-56.791629,-65.894715
32.15000,-56.773280,-65.879055
32.16250,-56.754951,-65.863429
32.17500,-56.736643,-65.847836
32.18750,-56.718355,-65.832277
32.20000,-56.700087,-65.816751
32.21250,-56.681839,-65.801259
32.22500,-56.663611,-65.785800
32.23750,-56.645404,-65.770375
32.25000,-56.627216,-65.754983
32.26250,-56.609048,-65.739625
32.27500,-56.590901,-65.724300
32.28750,-56.572774,-65.709008
32.30000,-56.554668,-65.693750
32.31250,-56.536582,-65.678525
32.32500,-56.518517,-65.663334
32.33750,-56.500472,-65.648176
32.35000,-56.482449,-65.633051
32.36250,-56.464447,-65.617960
32.37500,-56.446466,-65.602902
32.38750,-56.428507,-65.587877
32.40000,-56.410571,-65.572886
32.41250,-56.392656,-65.557927
32.42500,-56.374765,-65.543002
32.43750,-56.356896,-65.528111
32.45000,-56.339051,-65.513252
32.46250,-56.321230,-65.498427
32.47500,-56.303433,-65.483635
32.48750,-56.285661,-65.468876
32.50000,-56.267914,-65.454150
32.51250,-56.250193,-65.439457
32.52500,-56.232498,-65.424797
32.53750,-56.214830,-65.410170
32.55000,-56.197189,-65.395576
32.56250,-56.179576,-65.381015
32.57500,-56.161990,-65.366488
32.58750,-56.144433,-65.351993
32.60000,-56.126904,-65.337531
32.61250,-56.109403,-65.323103
32.62500,-56.091932,-65.308707
32.63750,-56.074491,-65.294344
32.65000,-56.057079,-65.280014
32.66250,-56.039699,-65.265717
32.67500,-56.022349,-65.251453
32.68750,-56.005031,-65.237222
32.70000,-55.987745,-65.223023
32.71250,-55.970490,-65.208858
32.72500,-55.953265,-65.194725
32.73750,-55.936069,-65.180625
32.75000,-55.918901,-65.166558
32.76250,-55.901761,-65.152523
32.77500,-55.884647,-65.138522
32.78750,-55.867560,-65.124553
32.80000,-55.850500,-65.110616
32.81250,-55.833465,-65.096713
32.82500,-55.816456,-65.082842
32.83750,-55.799472,-65.069004
32.85000,-55.782514,-65.055199
32.86250,-55.765582,-65.041426
32.87500,-55.748675,-65.027686
32.88750,-55.731793,-65.013978
32.90000,-55.714936,-65.000303
32.91250,-55.698105,-64.986661
32.92500,-55.681300,-64.973051
32.93750,-55.664521,-64.959473
32.95000,-55.647768,-64.945927
32.96250,-55.631042,-64.932413
32.97500,-55.614342,-64.918931
32.98750,-55.597670,-64.905480
33.00000,-55.581025,-64.892062
33.01250,-55.564408,-64.878675
33.02500,-55.547820,-64.865320
33.03750,-55.531260,-64.851997
33.05000,-55.514729,-64.838705
33.06250,-55.498228,-64.825446
33.07500,-55.481757,-64.812218
33.08750,-55.465316,-64.799022
33.10000,-55.448906,-64.785858
33.11250,-55.432527,-64.772726
33.12500,-55.416181,-64.759626
33.13750,-55.399867,-64.746558
33.15000,-55.383585,-64.733522
33.16250,-55.367338,-64.720518
33.17500,-55.351125,-64.707546
33.18750,-55.334947,-64.694606
33.20000,-55.318804,-64.681698
33.21250,-55.302698,-64.668823
33.22500,-55.286628,-64.655980
33.23750,-55.270597,-64.643169
33.25000,-55.254604,-64.630391
33.26250,-55.238650,-64.617646
33.27500,-55.222736,-64.604933
33.28750,-55.206863,-64.592252
33.30000,-55.191032,-64.579605
33.31250,-55.175244,-64.566990
33.32500,-55.159498,-64.554408
33.33750,-55.143796,-64.541858
33.35000,-55.128137,-64.529342
33.36250,-55.112524,-64.516859
33.37500,-55.096957,-64.504409
33.38750,-55.081436,-64.491992
33.40000,-55.065962,-64.479609
33.41250,-55.050536,-64.467259
33.42500,-55.035159,-64.454942
33.43750,-55.019831,-64.442660
33.45000,-55.004555,-64.430411
33.46250,-54.989329,-64.418196
33.47500,-54.974156,-64.406015
33.48750,-54.959032,-64.393869
33.50000,-54.943958,-64.381757
33.51250,-54.928933,-64.369679
33.52500,-54.913957,-64.357637
33.53750,-54.899029,-64.345629
33.55000,-54.884151,-64.333656
33.56250,-54.869321,-64.321718
33.57500,-54.854541,-64.309815
33.58750,-54.839810,-64.297948
33.60000,-54.825129,-64.286116
33.61250,-54.810498,-64.274320
33.62500,-54.795918,-64.262560
33.63750,-54.781390,-64.250835
33.65000,-54.766914,-64.239147
33.66250,-54.752490,-64.227495
33.67500,-54.738119,-64.215879
33.68750,-54.723802,-64.204300
33.70000,-54.709540,-64.192758
33.71250,-54.695333,-64.181254
33.72500,-54.681182,-64.169786
33.73750,-54.667088,-64.158356
33.75000,-54.653053,-64.146963
33.76250,-54.639076,-64.135608
33.77500,-54.625159,-64.124291
33.78750,-54.611303,-64.113012
33.80000,-54.597509,-64.101771
33.81250,-54.583778,-64.090568
33.82500,-54.570111,-64.079405
33.83750,-54.556510,-64.068280
33.85000,-54.542975,-64.057194
33.86250,-54.529509,-64.046147
33.87500,-54.516111,-64.035140
33.88750,-54.502783,-64.024172
33.90000,-54.489527,-64.013244
33.91250,-54.476344,-64.002356
33.92500,-54.463235,-63.991508
33.93750,-54.450201,-63.980700
33.95000,-54.437244,-63.969931
33.96250,-54.424365,-63.959203
33.97500,-54.411566,-63.948516
33.98750,-54.398848,-63.937868
34.00000,-54.386211,-63.927262
34.01250,-54.373659,-63.916696
34.02500,-54.361192,-63.906170
34.03750,-54.348812,-63.895687
34.05000,-54.336521,-63.885244
34.06250,-54.324319,-63.874844
34.07500,-54.312209,-63.864485
34.08750,-54.300192,-63.854168
34.10000,-54.288271,-63.843894
34.11250,-54.276446,-63.833663
34.12500,-54.264719,-63.823475
34.13750,-54.253093,-63.813330
34.15000,-54.241569,-63.803229
34.16250,-54.230149,-63.793172
34.17500,-54.218835,-63.783159
34.18750,-54.207629,-63.773191
34.20000,-54.196532,-63.763268
34.21250,-54.185547,-63.753391
34.22500,-54.174675,-63.743559
34.23750,-54.163918,-63.733774
34.25000,-54.153278,-63.724036
34.26250,-54.142758,-63.714345
34.27500,-54.132358,-63.704701
34.28750,-54.122081,-63.695106
34.30000,-54.111929,-63.685559
34.31250,-54.101904,-63.676061
34.32500,-54.092007,-63.666612
34.33750,-54.082243,-63.657214
34.35000,-54.072611,-63.647866
34.36250,-54.063116,-63.638569
34.37500,-54.053758,-63.629324
34.38750,-54.044541,-63.620131
34.40000,-54.035467,-63.610991
34.41250,-54.026538,-63.601904
34.42500,-54.017757,-63.592870
34.43750,-54.009125,-63.583891
34.45000,-54.000647,-63.574967
34.46250,-53.992323,-63.566098
34.47500,-53.984157,-63.557286
34.48750,-53.976149,-63.548530
34.50000,-53.968300,-63.539832
34.51250,-53.960614,-63.531192
34.52500,-53.953092,-63.522610
34.53750,-53.945735,-63.514089
34.55000,-53.938548,-63.505627
34.56250,-53.931530,-63.497226
34.57500,-53.924687,-63.488887
34.58750,-53.918019,-63.480610
34.60000,-53.911529,-63.472396
34.61250,-53.905221,-63.464246
34.62500,-53.899097,-63.456160
34.63750,-53.893159,-63.448140
34.65000,-53.887412,-63.440186
34.66250,-53.881857,-63.432299
34.67500,-53.876498,-63.424480
34.68750,-53.871339,-63.416730
34.70000,-53.866381,-63.409049
34.71250,-53.861629,-63.401439
34.72500,-53.857087,-63.393899
34.73750,-53.852756,-63.386432
34.75000,-53.848641,-63.379038
34.76250,-53.844745,-63.371718
34.77500,-53.841073,-63.364473
34.78750,-53.837626,-63.357303
34.80000,-53.834410,-63.350210
34.81250,-53.831427,-63.343194
34.82500,-53.828682,-63.336257
34.83750,-53.826178,-63.329399
34.85000,-53.823919,-63.322621
34.86250,-53.821910,-63.315925
34.87500,-53.820153,-63.309312
34.88750,-53.818654,-63.302782
34.90000,-53.817416,-63.296336
34.91250,-53.816443,-63.289976
34.92500,-53.815740,-63.283702
34.93750,-53.815310,-63.277517
34.95000,-53.815158,-63.271420
34.96250,-53.815288,-63.265413
34.97500,-53.815705,-63.259498
34.98750,-53.816412,-63.253675
35.00000,-53.817415,-63.247946
35.01250,-53.818718,-63.242311
35.02500,-53.820325,-63.236773
35.03750,-53.822241,-63.231332
35.05000,-53.824470,-63.225989
35.06250,-53.827017,-63.220747
35.07500,-53.829888,-63.215605
35.08750,-53.833086,-63.210567
35.10000,-53.836616,-63.205632
35.11250,-53.840484,-63.200803
35.12500,-53.844695,-63.196080
35.13750,-53.849252,-63.191466
35.15000,-53.854161,-63.186961
35.16250,-53.859428,-63.182568
35.17500,-53.865056,-63.178286
35.18750,-53.871052,-63.174119
35.20000,-53.877419,-63.170067
35.21250,-53.884164,-63.166133
35.22500,-53.891292,-63.162317
35.23750,-53.898807,-63.158620
35.25000,-53.906715,-63.155046
35.26250,-53.915021,-63.151595
35.27500,-53.923730,-63.148269
35.28750,-53.932848,-63.145069
35.30000,-53.942380,-63.141998
35.31250,-53.952331,-63.139057
35.32500,-53.962707,-63.136247
35.33750,-53.973513,-63.133571
35.35000,-53.984754,-63.131030
35.36250,-53.996436,-63.128626
35.37500,-54.008564,-63.126361
35.38750,-54.021142,-63.124237
35.40000,-54.034174,-63.122255
35.41250,-54.047664,-63.120418
35.42500,-54.061615,-63.118727
35.43750,-54.076032,-63.117184
35.45000,-54.090919,-63.115792
35.46250,-54.106280,-63.114551
35.47500,-54.122118,-63.113465
35.48750,-54.138439,-63.112535
35.50000,-54.155247,-63.111763
35.51250,-54.172546,-63.111152
35.52500,-54.190339,-63.110703
35.53750,-54.208632,-63.110418
35.55000,-54.227429,-63.110300
35.56250,-54.246733,-63.110350
35.57500,-54.266550,-63.110571
35.58750,-54.286882,-63.110965
35.60000,-54.307734,-63.111534
35.61250,-54.329109,-63.112280
35.62500,-54.351011,-63.113205
35.63750,-54.373444,-63.114313
35.65000,-54.396411,-63.115604
35.66250,-54.419915,-63.117080
35.67500,-54.443961,-63.118746
35.68750,-54.468553,-63.120601
35.70000,-54.493692,-63.122650
35.71250,-54.519383,-63.124893
35.72500,-54.545629,-63.127334
35.73750,-54.572434,-63.129974
35.75000,-54.599800,-63.132817
35.76250,-54.627730,-63.135863
35.77500,-54.656228,-63.139116
35.78750,-54.685296,-63.142577
35.80000,-54.714937,-63.146249
35.81250,-54.745154,-63.150135
35.82500,-54.775950,-63.154236
35.83750,-54.807326,-63.158555
35.85000,-54.839286,-63.163094
35.86250,-54.871830,-63.167856
35.87500,-54.904962,-63.172843
35.88750,-54.938683,-63.178056
35.90000,-54.972996,-63.183499
35.91250,-55.007900,-63.189173
35.92500,-55.043397,-63.195081
35.93750,-55.079484,-63.201225
35.95000,-55.116155,-63.207607
35.96250,-55.153409,-63.214230
35.97500,-55.191241,-63.221095
35.98750,-55.229648,-63.228205
36.00000,-55.268628,-63.235561
36.01250,-55.308178,-63.243167
36.02500,-55.348293,-63.251023
36.03750,-55.388970,-63.259133
36.05000,-55.430205,-63.267498
36.06250,-55.471995,-63.276119
36.07500,-55.514334,-63.285000
36.08750,-55.557219,-63.294142
36.10000,-55.600645,-63.303547
36.11250,-55.644610,-63.313217
36.12500,-55.689107,-63.323153
36.13750,-55.734133,-63.333357
36.15000,-55.779683,-63.343831
36.16250,-55.825752,-63.354577
36.17500,-55.872335,-63.365596
36.18750,-55.919428,-63.376889
36.20000,-55.967025,-63.388459
36.21250,-56.015121,-63.400306
36.22500,-56.063707,-63.412431
36.23750,-56.112773,-63.424837
36.25000,-56.162307,-63.437523
36.26250,-56.212299,-63.450492
36.27500,-56.262738,-63.463745
36.28750,-56.313614,-63.477281
36.30000,-56.364915,-63.491103
36.31250,-56.416633,-63.505212
36.32500,-56.468754,-63.519607
36.33750,-56.521268,-63.534289
36.35000,-56.574163,-63.549260
36.36250,-56.627429,-63.564520
36.37500,-56.681054,-63.580068
36.38750,-56.735027,-63.595906
36.40000,-56.789336,-63.612033
36.41250,-56.843972,-63.628450
36.42500,-56.898922,-63.645157
36.43750,-56.954176,-63.662153
36.45000,-57.009721,-63.679438
36.46250,-57.065547,-63.697013
36.47500,-57.121634,-63.714876
36.48750,-57.177967,-63.733028
36.50000,-57.234529,-63.751467
36.51250,-57.291306,-63.770193
36.52500,-57.348283,-63.789205
36.53750,-57.405443,-63.808502
36.55000,-57.462773,-63.828082
36.56250,-57.520257,-63.847946
36.57500,-57.577879,-63.868091
36.58750,-57.635625,-63.888515
36.60000,-57.693480,-63.909219
36.61250,-57.751429,-63.930198
36.62500,-57.809459,-63.951453
36.63750,-57.867554,-63.972981
36.65000,-57.925700,-63.994779
36.66250,-57.983885,-64.016847
36.67500,-58.042094,-64.039180
36.68750,-58.100310,-64.061776
36.70000,-58.158515,-64.084633
36.71250,-58.216690,-64.107746
36.72500,-58.274820,-64.131113
36.73750,-58.332889,-64.154730
36.75000,-58.390880,-64.178595
36.76250,-58.448780,-64.202702
36.77500,-58.506573,-64.227050
36.78750,-58.564244,-64.251633
36.80000,-58.621779,-64.276448
36.81250,-58.679163,-64.301491
36.82500,-58.736382,-64.326758
36.83750,-58.793423,-64.352245
36.85000,-58.850274,-64.377947
36.86250,-58.906920,-64.403861
36.87500,-58.963350,-64.429982
36.88750,-59.019553,-64.456304
36.90000,-59.075513,-64.482824
36.91250,-59.131217,-64.509537
36.92500,-59.186649,-64.536438
36.93750,-59.241796,-64.563521
36.95000,-59.296645,-64.590783
36.96250,-59.351184,-64.618218
36.97500,-59.405401,-64.645821
36.98750,-59.459285,-64.673586
37.00000,-59.512825,-64.701508
37.01250,-59.566011,-64.729582
37.02500,-59.618832,-64.757803
37.03750,-59.671279,-64.786164
37.05000,-59.723342,-64.814661
37.06250,-59.775013,-64.843287
37.07500,-59.826282,-64.872038
37.08750,-59.877143,-64.900906
37.10000,-59.927587,-64.929888
37.11250,-59.977608,-64.958976
37.12500,-60.027198,-64.988164
37.13750,-60.076349,-65.017448
37.15000,-60.125053,-65.046820
37.16250,-60.173300,-65.076274
37.17500,-60.221085,-65.105804
37.18750,-60.268399,-65.135403
37.20000,-60.315238,-65.165064
37.21250,-60.361596,-65.194780
37.22500,-60.407467,-65.224546
37.23750,-60.452847,-65.254355
37.25000,-60.497731,-65.284201
37.26250,-60.542116,-65.314076
37.27500,-60.585998,-65.343976
37.28750,-60.629373,-65.373892
37.30000,-60.672238,-65.403820
37.31250,-60.714591,-65.433753
37.32500,-60.756428,-65.463684
37.33750,-60.797749,-65.493608
37.35000,-60.838552,-65.523518
37.36250,-60.878834,-65.553408
37.37500,-60.918595,-65.583273
37.38750,-60.957835,-65.613106
37.40000,-60.996552,-65.642901
37.41250,-61.034746,-65.672654
37.42500,-61.072415,-65.702357
37.43750,-61.109558,-65.732005
37.45000,-61.146174,-65.761593
37.46250,-61.182262,-65.791115
37.47500,-61.217823,-65.820565
37.48750,-61.252856,-65.849938
37.50000,-61.287362,-65.879230
37.51250,-61.321342,-65.908433
37.52500,-61.354797,-65.937544
37.53750,-61.387729,-65.966556
37.55000,-61.420138,-65.995466
37.56250,-61.452028,-66.024268
37.57500,-61.483398,-66.052957
37.58750,-61.514253,-66.081527
37.60000,-61.544592,-66.109974
37.61250,-61.574420,-66.138292
37.62500,-61.603738,-66.166477
37.63750,-61.632548,-66.194523
37.65000,-61.660854,-66.222427
37.66250,-61.688659,-66.250183
37.67500,-61.715964,-66.277787
37.68750,-61.742774,-66.305235
37.70000,-61.769092,-66.332523
37.71250,-61.794920,-66.359646
37.72500,-61.820262,-66.386601
37.73750,-61.845122,-66.413385
37.75000,-61.869504,-66.439992
37.76250,-61.893409,-66.466420
37.77500,-61.916844,-66.492665
37.78750,-61.939810,-66.518724
37.80000,-61.962312,-66.544594
37.81250,-61.984354,-66.570271
37.82500,-62.005940,-66.595752
37.83750,-62.027072,-66.621035
37.85000,-62.047755,-66.646117
37.86250,-62.067992,-66.670994
37.87500,-62.087786,-66.695665
37.88750,-62.107141,-66.720127
37.90000,-62.126060,-66.744377
37.91250,-62.144548,-66.768413
37.92500,-62.162609,-66.792233
37.93750,-62.180245,-66.815834
37.95000,-62.197462,-66.839216
37.96250,-62.214263,-66.862375
37.97500,-62.230652,-66.885310
37.98750,-62.246633,-66.908019
38.00000,-62.262211,-66.930501
38.01250,-62.277389,-66.952754
38.02500,-62.292172,-66.974776
38.03750,-62.306563,-66.996566
38.05000,-62.320568,-67.018124
38.06250,-62.334189,-67.039446
38.07500,-62.347431,-67.060533
38.08750,-62.360298,-67.081382
38.10000,-62.372794,-67.101993
38.11250,-62.384923,-67.122364
38.12500,-62.396690,-67.142494
38.13750,-62.408098,-67.162383
38.15000,-62.419152,-67.182030
38.16250,-62.429854,-67.201434
38.17500,-62.440210,-67.220594
38.18750,-62.450224,-67.239509
38.20000,-62.459898,-67.258181
38.21250,-62.469237,-67.276607
38.22500,-62.478246,-67.294787
38.23750,-62.486927,-67.312722
38.25000,-62.495284,-67.330411
38.26250,-62.503322,-67.347855
38.27500,-62.511044,-67.365052
38.28750,-62.518453,-67.382003
38.30000,-62.525554,-67.398709
38.31250,-62.532351,-67.415168
38.32500,-62.538846,-67.431382
38.33750,-62.545043,-67.447351
38.35000,-62.550947,-67.463075
38.36250,-62.556560,-67.478554
38.37500,-62.561886,-67.493789
38.38750,-62.566929,-67.508781
38.40000,-62.571692,-67.523529
38.41250,-62.576178,-67.538035
38.42500,-62.580391,-67.552298
38.43750,-62.584335,-67.566321
38.45000,-62.588012,-67.580102
38.46250,-62.591426,-67.593644
38.47500,-62.594580,-67.606947
38.48750,-62.597478,-67.620011
38.50000,-62.600122,-67.632838
38.51250,-62.602516,-67.645428
38.52500,-62.604663,-67.657783
38.53750,-62.606566,-67.669903
38.55000,-62.608229,-67.681789
38.56250,-62.609653,-67.693442
38.57500,-62.610843,-67.704864
38.58750,-62.611801,-67.716055
38.60000,-62.612530,-67.727017
38.61250,-62.613034,-67.737750
38.62500,-62.613314,-67.748257
38.63750,-62.613374,-67.758537
38.65000,-62.613217,-67.768592
38.66250,-62.612845,-67.778424
38.67500,-62.612261,-67.788033
38.68750,-62.611469,-67.797421
38.70000,-62.610470,-67.806590
38.71250,-62.609267,-67.815540
38.72500,-62.607863,-67.824272
38.73750,-62.606260,-67.832789
38.75000,-62.604462,-67.841091
38.76250,-62.602471,-67.849180
38.77500,-62.600288,-67.857057
38.78750,-62.597918,-67.864724
38.80000,-62.595361,-67.872181
38.81250,-62.592621,-67.879431
38.82500,-62.589701,-67.886475
38.83750,-62.586601,-67.893314
38.85000,-62.583325,-67.899950
38.86250,-62.579876,-67.906383
38.87500,-62.576254,-67.912616
38.88750,-62.572464,-67.918651
38.90000,-62.568506,-67.924487
38.91250,-62.564384,-67.930128
38.92500,-62.560099,-67.935574
38.93750,-62.555653,-67.940827
38.95000,-62.551049,-67.945888
38.96250,-62.546289,-67.950760
38.97500,-62.541375,-67.955442
38.98750,-62.536309,-67.959938
39.00000,-62.531093,-67.964248
39.01250,-62.525729,-67.968374
39.02500,-62.520219,-67.972317
39.03750,-62.514565,-67.976079
39.05000,-62.508770,-67.979662
39.06250,-62.502834,-67.983067
39.07500,-62.496760,-67.986295
39.08750,-62.490550,-67.989349
39.10000,-62.484206,-67.992228
39.11250,-62.477730,-67.994936
39.12500,-62.471122,-67.997474
39.13750,-62.464387,-67.999842
39.15000,-62.457524,-68.002043
39.16250,-62.450536,-68.004078
39.17500,-62.443424,-68.005948
39.18750,-62.436191,-68.007656
39.20000,-62.428838,-68.009202
39.21250,-62.421367,-68.010588
39.22500,-62.413779,-68.011816
39.23750,-62.406076,-68.012886
39.25000,-62.398260,-68.013801
39.26250,-62.390332,-68.014563
39.27500,-62.382295,-68.015171
39.28750,-62.374148,-68.015628
39.30000,-62.365895,-68.015936
39.31250,-62.357537,-68.016096
39.32500,-62.349075,-68.016109
39.33750,-62.340510,-68.015976
39.35000,-62.331845,-68.015700
39.36250,-62.323080,-68.015281
39.37500,-62.314217,-68.014722
39.38750,-62.305258,-68.014023
39.40000,-62.296204,-68.013186
39.41250,-62.287055,-68.012212
39.42500,-62.277815,-68.011103
39.43750,-62.268483,-68.009860
39.45000,-62.259062,-68.008485
39.46250,-62.249552,-68.006978
39.47500,-62.239955,-68.005342
39.48750,-62.230273,-68.003578
39.50000,-62.220506,-68.001686
39.51250,-62.210657,-67.999669
39.52500,-62.200725,-67.997528
39.53750,-62.190713,-67.995264
39.55000,-62.180622,-67.992878
39.56250,-62.170452,-67.990372
39.57500,-62.160206,-67.987747
39.58750,-62.149884,-67.985004
39.60000,-62.139488,-67.982145
39.61250,-62.129019,-67.979171
39.62500,-62.118477,-67.976083
39.63750,-62.107865,-67.972883
39.65000,-62.097183,-67.969571
39.66250,-62.086433,-67.966149
39.67500,-62.075615,-67.962619
39.68750,-62.064731,-67.958981
39.70000,-62.053782,-67.955237
39.71250,-62.042769,-67.951388
39.72500,-62.031693,-67.947434
39.73750,-62.020555,-67.943379
39.75000,-62.009356,-67.939222
39.76250,-61.998098,-67.934964
39.77500,-61.986781,-67.930608
39.78750,-61.975406,-67.926154
39.80000,-61.963973,-67.921603
39.81250,-61.952485,-67.916957
39.82500,-61.940940,-67.912216
39.83750,-61.929341,-67.907382
39.85000,-61.917687,-67.902456
39.86250,-61.905981,-67.897439
39.87500,-61.894222,-67.892333
39.88750,-61.882411,-67.887137
39.90000,-61.870549,-67.881854
39.91250,-61.858638,-67.876484
39.92500,-61.846677,-67.871029
39.93750,-61.834669,-67.865490
39.95000,-61.822613,-67.859867
39.96250,-61.810510,-67.854162
39.97500,-61.798361,-67.848376
39.98750,-61.786168,-67.842510
40.00000,-61.773930,-67.836565
40.01250,-61.761650,-67.830541
40.02500,-61.749326,-67.824441
40.03750,-61.736961,-67.818265
40.05000,-61.724556,-67.812013
40.06250,-61.712110,-67.805688
40.07500,-61.699625,-67.799290
40.08750,-61.687102,-67.792819
40.10000,-61.674541,-67.786278
40.11250,-61.661943,-67.779666
40.12500,-61.649310,-67.772985
40.13750,-61.636641,-67.766237
40.15000,-61.623937,-67.759420
40.16250,-61.611200,-67.752538
40.17500,-61.598430,-67.745590
40.18750,-61.585627,-67.738578
40.20000,-61.572793,-67.731502
40.21250,-61.559929,-67.724364
40.22500,-61.547034,-67.717163
40.23750,-61.534110,-67.709902
40.25000,-61.521158,-67.702581
40.26250,-61.508178,-67.695201
40.27500,-61.495171,-67.687762
40.28750,-61.482137,-67.680267
40.30000,-61.469078,-67.672714
40.31250,-61.455994,-67.665106
40.32500,-61.442885,-67.657443
40.33750,-61.429753,-67.649725
40.35000,-61.416599,-67.641955
40.36250,-61.403421,-67.634132
40.37500,-61.390223,-67.626257
40.38750,-61.377003,-67.618332
40.40000,-61.363764,-67.610356
40.41250,-61.350505,-67.602331
40.42500,-61.337227,-67.594258
40.43750,-61.323930,-67.586137
40.45000,-61.310616,-67.577969
40.46250,-61.297284,-67.569755
40.47500,-61.283936,-67.561495
40.48750,-61.270572,-67.553191
40.50000,-61.257192,-67.544842
40.51250,-61.243798,-67.536450
40.52500,-61.230389,-67.528016
40.53750,-61.216965,-67.519540
40.55000,-61.203529,-67.511023
40.56250,-61.190079,-67.502466
40.57500,-61.176618,-67.493869
40.58750,-61.163144,-67.485233
40.60000,-61.149659,-67.476558
40.61250,-61.136163,-67.467846
40.62500,-61.122657,-67.459098
40.63750,-61.109142,-67.450313
40.65000,-61.095617,-67.441492
40.66250,-61.082083,-67.432636
40.67500,-61.068542,-67.423746
40.68750,-61.054993,-67.414823
40.70000,-61.041436,-67.405866
40.71250,-61.027874,-67.396877
40.72500,-61.014305,-67.387857
40.73750,-61.000731,-67.378805
40.75000,-60.987151,-67.369723
40.76250,-60.973567,-67.360611
40.77500,-60.959978,-67.351470
40.78750,-60.946384,-67.342300
40.80000,-60.932786,-67.333102
40.81250,-60.919183,-67.323877
40.82500,-60.905576,-67.314625
40.83750,-60.891964,-67.305346
40.85000,-60.878349,-67.296042
40.86250,-60.864731,-67.286712
40.87500,-60.851109,-67.277358
40.88750,-60.837485,-67.267980
40.90000,-60.823857,-67.258579
40.91250,-60.810228,-67.249154
40.92500,-60.796597,-67.239707
40.93750,-60.782964,-67.230238
40.95000,-60.769330,-67.220748
40.96250,-60.755695,-67.211237
40.97500,-60.742060,-67.201706
40.98750,-60.728424,-67.192155
41.00000,-60.714789,-67.182584
41.01250,-60.701155,-67.172995
41.02500,-60.687522,-67.163388
41.03750,-60.673891,-67.153762
41.05000,-60.660261,-67.144120
41.06250,-60.646634,-67.134460
41.07500,-60.633010,-67.124784
41.08750,-60.619388,-67.115093
41.10000,-60.605771,-67.105386
41.11250,-60.592157,-67.095664
41.12500,-60.578548,-67.085927
41.13750,-60.564944,-67.076176
41.15000,-60.551345,-67.066412
41.16250,-60.537752,-67.056635
41.17500,-60.524165,-67.046844
41.18750,-60.510584,-67.037042
41.20000,-60.497010,-67.027227
41.21250,-60.483444,-67.017401
41.22500,-60.469885,-67.007564
41.23750,-60.456335,-66.997716
41.25000,-60.442793,-66.987857
41.26250,-60.429259,-66.977989
41.27500,-60.415736,-66.968110
41.28750,-60.402222,-66.958222
41.30000,-60.388718,-66.948325
41.31250,-60.375225,-66.938419
41.32500,-60.361742,-66.928505
41.33750,-60.348271,-66.918583
41.35000,-60.334812,-66.908653
41.36250,-60.321365,-66.898716
41.37500,-60.307931,-66.888772
41.38750,-60.294509,-66.878821
41.40000,-60.281100,-66.868864
41.41250,-60.267705,-66.858902
41.42500,-60.254323,-66.848934
41.43750,-60.240955,-66.838961
41.45000,-60.227601,-66.828983
41.46250,-60.214262,-66.819002
41.47500,-60.200937,-66.809016
41.48750,-60.187628,-66.799027
41.50000,-60.174333,-66.789034
41.51250,-60.161055,-66.779039
41.52500,-60.147792,-66.769041
41.53750,-60.134545,-66.759042
41.55000,-60.121315,-66.749040
41.56250,-60.108101,-66.739037
41.57500,-60.094905,-66.729033
41.58750,-60.081725,-66.719029
41.60000,-60.068564,-66.709024
41.61250,-60.055420,-66.699019
41.62500,-60.042295,-66.689015
41.63750,-60.029188,-66.679011
41.65000,-60.016100,-66.669008
41.66250,-60.003031,-66.659007
41.67500,-59.989982,-66.649008
41.68750,-59.976952,-66.639010
41.70000,-59.963941,-66.629015
41.71250,-59.950949,-66.619023
41.72500,-59.937976,-66.609033
41.73750,-59.925021,-66.599047
41.75000,-59.912086,-66.589065
41.76250,-59.899169,-66.579087
41.77500,-59.886270,-66.569113
41.78750,-59.873391,-66.559144
41.80000,-59.860531,-66.549180
41.81250,-59.847689,-66.539221
41.82500,-59.834867,-66.529267
41.83750,-59.822064,-66.519320
41.85000,-59.809280,-66.509378
41.86250,-59.796516,-66.499444
41.87500,-59.783772,-66.489515
41.88750,-59.771048,-66.479594
41.90000,-59.758345,-66.469681
41.91250,-59.745661,-66.459775
41.92500,-59.732999,-66.449876
41.93750,-59.720357,-66.439986
41.95000,-59.707736,-66.430105
41.96250,-59.695137,-66.420232
41.97500,-59.682559,-66.410368
41.98750,-59.670004,-66.400514
42.00000,-59.657470,-66.390668
42.01250,-59.644959,-66.380833
42.02500,-59.632471,-66.371008
42.03750,-59.620006,-66.361193
42.05000,-59.607564,-66.351388
42.06250,-59.595146,-66.341594
42.07500,-59.582752,-66.331812
42.08750,-59.570382,-66.322040
42.10000,-59.558036,-66.312280
42.11250,-59.545716,-66.302532
42.12500,-59.533420,-66.292795
42.13750,-59.521150,-66.283071
42.15000,-59.508906,-66.273359
42.16250,-59.496688,-66.263660
42.17500,-59.484496,-66.253974
42.18750,-59.472332,-66.244300
42.20000,-59.460194,-66.234641
42.21250,-59.448083,-66.224994
42.22500,-59.436000,-66.215362
42.23750,-59.423945,-66.205743
42.25000,-59.411919,-66.196139
42.26250,-59.399921,-66.186549
42.27500,-59.387952,-66.176973
42.28750,-59.376012,-66.167413
42.30000,-59.364101,-66.157867
42.31250,-59.352221,-66.148337
42.32500,-59.340371,-66.138822
42.33750,-59.328551,-66.129323
42.35000,-59.316762,-66.119840
42.36250,-59.305004,-66.110372
42.37500,-59.293277,-66.100921
42.38750,-59.281582,-66.091487
42.40000,-59.269918,-66.082069
42.41250,-59.258286,-66.072667
42.42500,-59.246687,-66.063283
42.43750,-59.235120,-66.053916
42.45000,-59.223585,-66.044566
42.46250,-59.212083,-66.035233
42.47500,-59.200615,-66.025918
42.48750,-59.189179,-66.016621
42.50000,-59.177777,-66.007342
42.51250,-59.166409,-65.998081
42.52500,-59.155074,-65.988838
42.53750,-59.143774,-65.979613
42.55000,-59.132507,-65.970407
42.56250,-59.121275,-65.961219
42.57500,-59.110078,-65.952049
42.58750,-59.098916,-65.942899
42.60000,-59.087789,-65.933767
42.61250,-59.076697,-65.924654
42.62500,-59.065641,-65.915560
42.63750,-59.054620,-65.906485
42.65000,-59.043636,-65.897430
42.66250,-59.032688,-65.888395
42.67500,-59.021777,-65.879379
42.68750,-59.010902,-65.870384
42.70000,-59.000065,-65.861409
42.71250,-58.989265,-65.852454
42.72500,-58.978502,-65.843520
42.73750,-58.967776,-65.834606
42.75000,-58.957086,-65.825714
42.76250,-58.946432,-65.816842
42.77500,-58.935815,-65.807992
42.78750,-58.925234,-65.799164
42.80000,-58.914688,-65.790357
42.81250,-58.904179,-65.781572
42.82500,-58.893706,-65.772809
42.83750,-58.883269,-65.764069
42.85000,-58.872868,-65.755351
42.86250,-58.862504,-65.746656
42.87500,-58.852175,-65.737983
42.88750,-58.841884,-65.729334
42.90000,-58.831628,-65.720708
42.91250,-58.821410,-65.712105
42.92500,-58.811229,-65.703526
42.93750,-58.801084,-65.694971
42.95000,-58.790978,-65.686440
42.96250,-58.780908,-65.677933
42.97500,-58.770877,-65.669451
42.98750,-58.760883,-65.660993
43.00000,-58.750928,-65.652561
43.01250,-58.741011,-65.644153
43.02500,-58.731133,-65.635770
43.03750,-58.721293,-65.627413
43.05000,-58.711493,-65.619081
43.06250,-58.701732,-65.610775
43.07500,-58.692011,-65.602495
43.08750,-58.682330,-65.594241
43.10000,-58.672690,-65.586013
43.11250,-58.663089,-65.577812
43.12500,-58.653530,-65.569637
43.13750,-58.644011,-65.561490
43.15000,-58.634534,-65.553369
43.16250,-58.625098,-65.545275
43.17500,-58.615705,-65.537208
43.18750,-58.606353,-65.529169
43.20000,-58.597044,-65.521157
43.21250,-58.587778,-65.513173
43.22500,-58.578554,-65.505216
43.23750,-58.569374,-65.497288
43.25000,-58.560238,-65.489388
43.26250,-58.551146,-65.481516
43.27500,-58.542098,-65.473673
43.28750,-58.533094,-65.465858
43.30000,-58.524135,-65.458072
43.31250,-58.515222,-65.450315
43.32500,-58.506354,-65.442587
43.33750,-58.497531,-65.434889
43.35000,-58.488755,-65.427219
43.36250,-58.480025,-65.419580
43.37500,-58.471342,-65.411970
43.38750,-58.462706,-65.404390
43.40000,-58.454117,-65.396840
43.41250,-58.445576,-65.389320
43.42500,-58.437083,-65.381831
43.43750,-58.428638,-65.374372
43.45000,-58.420242,-65.366944
43.46250,-58.411894,-65.359546
43.47500,-58.403596,-65.352180
43.48750,-58.395347,-65.344844
43.50000,-58.387148,-65.337540
43.51250,-58.378999,-65.330267
43.52500,-58.370900,-65.323026
43.53750,-58.362852,-65.315816
43.55000,-58.354854,-65.308639
43.56250,-58.346908,-65.301493
43.57500,-58.339014,-65.294380
43.58750,-58.331171,-65.287298
43.60000,-58.323381,-65.280250
43.61250,-58.315643,-65.273234
43.62500,-58.307957,-65.266251
43.63750,-58.300325,-65.259301
43.65000,-58.292746,-65.252383
43.66250,-58.285220,-65.245500
43.67500,-58.277747,-65.238649
43.68750,-58.270328,-65.231833
43.70000,-58.262964,-65.225050
43.71250,-58.255653,-65.218301
43.72500,-58.248398,-65.211586
43.73750,-58.241197,-65.204905
43.75000,-58.234050,-65.198258
43.76250,-58.226960,-65.191646
43.77500,-58.219924,-65.185069
43.78750,-58.212945,-65.178526
43.80000,-58.206021,-65.172018
43.81250,-58.199154,-65.165545
43.82500,-58.192343,-65.159108
43.83750,-58.185589,-65.152705
43.85000,-58.178892,-65.146339
43.86250,-58.172251,-65.140007
43.87500,-58.165669,-65.133712
43.88750,-58.159143,-65.127453
43.90000,-58.152676,-65.121229
43.91250,-58.146266,-65.115042
43.92500,-58.139915,-65.108891
43.93750,-58.133622,-65.102777
43.95000,-58.127388,-65.096700
43.96250,-58.121212,-65.090659
43.97500,-58.115096,-65.084655
43.98750,-58.109039,-65.078688
44.00000,-58.103042,-65.072758
44.01250,-58.097104,-65.066865
44.02500,-58.091226,-65.061010
44.03750,-58.085409,-65.055193
44.05000,-58.079652,-65.049413
44.06250,-58.073956,-65.043671
44.07500,-58.068321,-65.037967
44.08750,-58.062747,-65.032301
44.10000,-58.057234,-65.026673
44.11250,-58.051784,-65.021084
44.12500,-58.046395,-65.015533
44.13750,-58.041068,-65.010021
44.15000,-58.035804,-65.004547
44.16250,-58.030602,-64.999112
44.17500,-58.025464,-64.993716
44.18750,-58.020388,-64.988359
44.20000,-58.015376,-64.983041
44.21250,-58.010428,-64.977763
44.22500,-58.005544,-64.972523
44.23750,-58.000724,-64.967323
44.25000,-57.995968,-64.962162
44.26250,-57.991276,-64.957041
44.27500,-57.986649,-64.951960
44.28750,-57.982086,-64.946919
44.30000,-57.977587,-64.941918
44.31250,-57.973152,-64.936957
44.32500,-57.968782,-64.932036
44.33750,-57.964476,-64.927156
44.35000,-57.960234,-64.922317
44.36250,-57.956057,-64.917518
44.37500,-57.951944,-64.912761
44.38750,-57.947897,-64.908044
44.40000,-57.943914,-64.903369
44.41250,-57.939996,-64.898736
44.42500,-57.936143,-64.894144
44.43750,-57.932356,-64.889594
44.45000,-57.928635,-64.885085
44.46250,-57.924979,-64.880619
44.47500,-57.921389,-64.876196
44.48750,-57.917865,-64.871814
44.50000,-57.914407,-64.867475
44.51250,-57.911016,-64.863179
44.52500,-57.907691,-64.858926
44.53750,-57.904434,-64.854716
44.55000,-57.901243,-64.850549
44.56250,-57.898120,-64.846425
44.57500,-57.895064,-64.842345
44.58750,-57.892076,-64.838309
44.60000,-57.889155,-64.834316
44.61250,-57.886303,-64.830367
44.62500,-57.883519,-64.826463
44.63750,-57.880803,-64.822602
44.65000,-57.878156,-64.818786
44.66250,-57.875579,-64.815015
44.67500,-57.873070,-64.811288
44.68750,-57.870630,-64.807606
44.70000,-57.868260,-64.803969
44.71250,-57.865960,-64.800378
44.72500,-57.863729,-64.796831
44.73750,-57.861569,-64.793330
44.75000,-57.859478,-64.789874
44.76250,-57.857459,-64.786465
44.77500,-57.855510,-64.783101
44.78750,-57.853631,-64.779782
44.80000,-57.851824,-64.776510
44.81250,-57.850088,-64.773285
44.82500,-57.848423,-64.770105
44.83750,-57.846830,-64.766973
44.85000,-57.845309,-64.763886
44.86250,-57.843860,-64.760847
44.87500,-57.842482,-64.757854
44.88750,-57.841177,-64.754909
44.90000,-57.839944,-64.752010
44.91250,-57.838784,-64.749159
44.92500,-57.837697,-64.746355
44.93750,-57.836682,-64.743599
44.95000,-57.835741,-64.740891
44.96250,-57.834872,-64.738230
44.97500,-57.834077,-64.735617
44.98750,-57.833355,-64.733052
45.00000,-57.832707,-64.730535
45.01250,-57.832133,-64.728067
45.02500,-57.831632,-64.725646
45.03750,-57.831205,-64.723275
45.05000,-57.830853,-64.720952
45.06250,-57.830574,-64.718677
45.07500,-57.830370,-64.716452
45.08750,-57.830240,-64.714275
45.10000,-57.830185,-64.712147
45.11250,-57.830204,-64.710068
45.12500,-57.830298,-64.708039
45.13750,-57.830467,-64.706059
45.15000,-57.830710,-64.704128
45.16250,-57.831029,-64.702247
45.17500,-57.831422,-64.700416
45.18750,-57.831891,-64.698634
45.20000,-57.832434,-64.696902
45.21250,-57.833053,-64.695220
45.22500,-57.833747,-64.693588
45.23750,-57.834516,-64.692006
45.25000,-57.835361,-64.690474
45.26250,-57.836281,-64.688992
45.27500,-57.837276,-64.687561
45.28750,-57.838347,-64.686180
45.30000,-57.839493,-64.684850
45.31250,-57.840715,-64.683570
45.32500,-57.842012,-64.682341
45.33750,-57.843385,-64.681162
45.35000,-57.844833,-64.680035
45.36250,-57.846357,-64.678958
45.37500,-57.847956,-64.677932
45.38750,-57.849630,-64.676957
45.40000,-57.851380,-64.676033
45.41250,-57.853206,-64.675161
45.42500,-57.855107,-64.674339
45.43750,-57.857083,-64.673569
45.45000,-57.859134,-64.672850
45.46250,-57.861261,-64.672182
45.47500,-57.863463,-64.671566
45.48750,-57.865740,-64.671001
45.50000,-57.868092,-64.670488
45.51250,-57.870519,-64.670026
45.52500,-57.873021,-64.669616
45.53750,-57.875598,-64.669257
45.55000,-57.878250,-64.668950
45.56250,-57.880976,-64.668695
45.57500,-57.883777,-64.668492
45.58750,-57.886652,-64.668340
45.60000,-57.889602,-64.668240
45.61250,-57.892626,-64.668192
45.62500,-57.895724,-64.668195
45.63750,-57.898896,-64.668250
45.65000,-57.902141,-64.668358
45.66250,-57.905461,-64.668517
45.67500,-57.908853,-64.668728
45.68750,-57.912320,-64.668991
45.70000,-57.915859,-64.669305
45.71250,-57.919471,-64.669672
45.72500,-57.923157,-64.670090
45.73750,-57.926915,-64.670561
45.75000,-57.930745,-64.671083
45.76250,-57.934647,-64.671657
45.77500,-57.938622,-64.672283
45.78750,-57.942669,-64.672961
45.80000,-57.946787,-64.673691
45.81250,-57.950976,-64.674472
45.82500,-57.955237,-64.675305
45.83750,-57.959569,-64.676190
45.85000,-57.963971,-64.677127
45.86250,-57.968444,-64.678115
45.87500,-57.972987,-64.679155
45.88750,-57.977600,-64.680247
45.90000,-57.982283,-64.681390
45.91250,-57.987035,-64.682585
45.92500,-57.991856,-64.683831
45.93750,-57.996747,-64.685128
45.95000,-58.001705,-64.686477
45.96250,-58.006732,-64.687878
45.97500,-58.011826,-64.689329
45.98750,-58.016987,-64.690832
46.00000,-58.022214,-64.692386
46.01250,-58.027506,-64.693991
46.02500,-58.032863,-64.695646
46.03750,-58.038285,-64.697353
46.05000,-58.043771,-64.699111
46.06250,-58.049320,-64.700919
46.07500,-58.054931,-64.702778
46.08750,-58.060605,-64.704687
46.10000,-58.066341,-64.706647
46.11250,-58.072138,-64.708657
46.12500,-58.077995,-64.710717
46.13750,-58.083912,-64.712828
46.15000,-58.089890,-64.714988
46.16250,-58.095926,-64.717199
46.17500,-58.102021,-64.719459
46.18750,-58.108173,-64.721768
46.20000,-58.114384,-64.724128
46.21250,-58.120651,-64.726536
46.22500,-58.126975,-64.728994
46.23750,-58.133355,-64.731501
46.25000,-58.139790,-64.734057
46.26250,-58.146281,-64.736662
46.27500,-58.152825,-64.739316
46.28750,-58.159424,-64.742017
46.30000,-58.166076,-64.744768
46.31250,-58.172781,-64.747566
46.32500,-58.179538,-64.750412
46.33750,-58.186346,-64.753307
46.35000,-58.193206,-64.756248
46.36250,-58.200117,-64.759237
46.37500,-58.207078,-64.762274
46.38750,-58.214088,-64.765357
46.40000,-58.221147,-64.768488
46.41250,-58.228255,-64.771665
46.42500,-58.235411,-64.774888
46.43750,-58.242614,-64.778157
46.45000,-58.249863,-64.781473
46.46250,-58.257159,-64.784834
46.47500,-58.264500,-64.788241
46.48750,-58.271887,-64.791693
46.50000,-58.279317,-64.795191
46.51250,-58.286792,-64.798733
46.52500,-58.294310,-64.802319
46.53750,-58.301870,-64.805950
46.55000,-58.309472,-64.809625
46.56250,-58.317115,-64.813344
46.57500,-58.324799,-64.817107
46.58750,-58.332522,-64.820913
46.60000,-58.340285,-64.824762
46.61250,-58.348087,-64.828653
46.62500,-58.355926,-64.832587
46.63750,-58.363803,-64.836564
46.65000,-58.371716,-64.840582
46.66250,-58.379665,-64.844642
46.67500,-58.387649,-64.848743
46.68750,-58.395667,-64.852886
46.70000,-58.403719,-64.857069
46.71250,-58.411804,-64.861292
46.72500,-58.419920,-64.865556
46.73750,-58.428068,-64.869859
46.75000,-58.436247,-64.874202
46.76250,-58.444455,-64.878584
46.77500,-58.452693,-64.883005
46.78750,-58.460959,-64.887465
46.80000,-58.469253,-64.891962
46.81250,-58.477574,-64.896497
46.82500,-58.485921,-64.901070
46.83750,-58.494293,-64.905680
46.85000,-58.502691,-64.910327
46.86250,-58.511112,-64.915010
46.87500,-58.519557,-64.919729
46.88750,-58.528025,-64.924483
46.90000,-58.536515,-64.929273
46.91250,-58.545025,-64.934098
46.92500,-58.553557,-64.938958
46.93750,-58.562108,-64.943851
46.95000,-58.570679,-64.948778
46.96250,-58.579268,-64.953739
46.97500,-58.587874,-64.958733
46.98750,-58.596498,-64.963759
47.00000,-58.605138,-64.968817
47.01250,-58.613793,-64.973907
47.02500,-58.622464,-64.979029
47.03750,-58.631149,-64.984182
47.05000,-58.639847,-64.989365
47.06250,-58.648558,-64.994578
47.07500,-58.657281,-64.999821
47.08750,-58.666015,-65.005093
47.10000,-58.674760,-65.010394
47.11250,-58.683516,-65.015723
47.12500,-58.692280,-65.021080
47.13750,-58.701053,-65.026464
47.15000,-58.709834,-65.031876
47.16250,-58.718622,-65.037313
47.17500,-58.727417,-65.042777
47.18750,-58.736218,-65.048266
47.20000,-58.745023,-65.053780
47.21250,-58.753833,-65.059318
47.22500,-58.762647,-65.064881
47.23750,-58.771463,-65.070467
47.25000,-58.780282,-65.076076
47.26250,-58.789103,-65.081707
47.27500,-58.797924,-65.087361
47.28750,-58.806746,-65.093036
47.30000,-58.815567,-65.098732
47.31250,-58.824387,-65.104449
47.32500,-58.833205,-65.110186
47.33750,-58.842021,-65.115943
47.35000,-58.850833,-65.121719
47.36250,-58.859642,-65.127513
47.37500,-58.868446,-65.133326
47.38750,-58.877245,-65.139157
47.40000,-58.886038,-65.145005
47.41250,-58.894824,-65.150869
47.42500,-58.903604,-65.156750
47.43750,-58.912375,-65.162647
47.45000,-58.921138,-65.168558
47.46250,-58.929892,-65.174485
47.47500,-58.938636,-65.180426
47.48750,-58.947369,-65.186381
47.50000,-58.956092,-65.192349
47.51250,-58.964803,-65.198330
47.52500,-58.973501,-65.204323
47.53750,-58.982187,-65.210328
47.55000,-58.990858,-65.216345
47.56250,-58.999516,-65.222372
47.57500,-59.008159,-65.228410
47.58750,-59.016786,-65.234458
47.60000,-59.025395,-65.240516
47.61250,-59.033987,-65.246582
47.62500,-59.042559,-65.252657
47.63750,-59.051112,-65.258740
47.65000,-59.059643,-65.264830
47.66250,-59.068153,-65.270928
47.67500,-59.076640,-65.277032
47.68750,-59.085104,-65.283142
47.70000,-59.093543,-65.289258
47.71250,-59.101958,-65.295379
47.72500,-59.110347,-65.301505
47.73750,-59.118710,-65.307635
47.75000,-59.127047,-65.313768
47.76250,-59.135355,-65.319905
47.77500,-59.143636,-65.326045
47.78750,-59.151887,-65.332187
47.80000,-59.160109,-65.338331
47.81250,-59.168301,-65.344476
47.82500,-59.176463,-65.350622
47.83750,-59.184594,-65.356769
47.85000,-59.192692,-65.362916
47.86250,-59.200759,-65.369062
47.87500,-59.208793,-65.375208
47.88750,-59.216793,-65.381352
47.90000,-59.224760,-65.387494
47.91250,-59.232692,-65.393634
47.92500,-59.240590,-65.399772
47.93750,-59.248453,-65.405906
47.95000,-59.256279,-65.412036
47.96250,-59.264070,-65.418162
47.97500,-59.271824,-65.424284
47.98750,-59.279540,-65.430400
48.00000,-59.287220,-65.436511
48.01250,-59.294861,-65.442616
48.02500,-59.302464,-65.448715
48.03750,-59.310028,-65.454806
48.05000,-59.317553,-65.460891
48.06250,-59.325038,-65.466967
48.07500,-59.332483,-65.473035
48.08750,-59.339888,-65.479094
48.10000,-59.347252,-65.485145
48.11250,-59.354574,-65.491185
48.12500,-59.361855,-65.497216
48.13750,-59.369094,-65.503236
48.15000,-59.376290,-65.509245
48.16250,-59.383444,-65.515243
48.17500,-59.390554,-65.521228
48.18750,-59.397620,-65.527202
48.20000,-59.404642,-65.533163
48.21250,-59.411619,-65.539111
48.22500,-59.418551,-65.545046
48.23750,-59.425439,-65.550966
48.25000,-59.432280,-65.556873
48.26250,-59.439076,-65.562764
48.27500,-59.445825,-65.568641
48.28750,-59.452528,-65.574502
48.30000,-59.459183,-65.580347
48.31250,-59.465792,-65.586175
48.32500,-59.472353,-65.591987
48.33750,-59.478866,-65.597782
48.35000,-59.485332,-65.603559
48.36250,-59.491749,-65.609318
48.37500,-59.498117,-65.615059
48.38750,-59.504437,-65.620781
48.40000,-59.510708,-65.626484
48.41250,-59.516929,-65.632168
48.42500,-59.523101,-65.637831
48.43750,-59.529223,-65.643475
48.45000,-59.535295,-65.649098
48.46250,-59.541317,-65.654700
48.47500,-59.547289,-65.660281
48.48750,-59.553210,-65.665840
48.50000,-59.559080,-65.671377
48.51250,-59.564899,-65.676892
48.52500,-59.570667,-65.682384
48.53750,-59.576384,-65.687853
48.55000,-59.582050,-65.693299
48.56250,-59.587664,-65.698721
48.57500,-59.593226,-65.704119
48.58750,-59.598737,-65.709493
48.60000,-59.604195,-65.714842
48.61250,-59.609602,-65.720166
48.62500,-59.614956,-65.725465
48.63750,-59.620258,-65.730739
48.65000,-59.625507,-65.735986
48.66250,-59.630704,-65.741208
48.67500,-59.635849,-65.746403
48.68750,-59.640941,-65.751571
48.70000,-59.645979,-65.756712
48.71250,-59.650966,-65.761827
48.72500,-59.655899,-65.766913
48.73750,-59.660779,-65.771972
48.75000,-59.665606,-65.777002
48.76250,-59.670380,-65.782005
48.77500,-59.675101,-65.786978
48.78750,-59.679768,-65.791923
48.80000,-59.684383,-65.796839
48.81250,-59.688944,-65.801725
48.82500,-59.693452,-65.806582
48.83750,-59.697906,-65.811408
48.85000,-59.702307,-65.816205
48.86250,-59.706655,-65.820972
48.87500,-59.710950,-65.825707
48.88750,-59.715191,-65.830413
48.90000,-59.719378,-65.835087
48.91250,-59.723512,-65.839729
48.92500,-59.727593,-65.844341
48.93750,-59.731620,-65.848921
48.95000,-59.735594,-65.853469
48.96250,-59.739515,-65.857984
48.97500,-59.743382,-65.862468
48.98750,-59.747196,-65.866919
49.00000,-59.750956,-65.871338
49.01250,-59.754664,-65.875724
49.02500,-59.758318,-65.880077
49.03750,-59.761919,-65.884396
49.05000,-59.765466,-65.888683
49.06250,-59.768961,-65.892935
49.07500,-59.772402,-65.897155
49.08750,-59.775790,-65.901340
49.10000,-59.779126,-65.905492
49.11250,-59.782408,-65.909609
49.12500,-59.785638,-65.913692
49.13750,-59.788814,-65.917741
49.15000,-59.791938,-65.921755
49.16250,-59.795010,-65.925734
49.17500,-59.798028,-65.929679
49.18750,-59.800995,-65.933589
49.20000,-59.803908,-65.937464
49.21250,-59.806770,-65.941303
49.22500,-59.809579,-65.945108
49.23750,-59.812336,-65.948877
49.25000,-59.815041,-65.952610
49.26250,-59.817694,-65.956308
49.27500,-59.820295,-65.959970
49.28750,-59.822844,-65.963597
49.30000,-59.825342,-65.967187
49.31250,-59.827788,-65.970742
49.32500,-59.830183,-65.974260
49.33750,-59.832526,-65.977743
49.35000,-59.834819,-65.981189
49.36250,-59.837060,-65.984599
49.37500,-59.839250,-65.987973
49.38750,-59.841390,-65.991310
49.40000,-59.843479,-65.994611
49.41250,-59.845518,-65.997876
49.42500,-59.847506,-66.001104
49.43750,-59.849444,-66.004295
49.45000,-59.851331,-66.007449
49.46250,-59.853169,-66.010567
49.47500,-59.854958,-66.013648
49.48750,-59.856696,-66.016692
49.50000,-59.858385,-66.019699
49.51250,-59.860025,-66.022669
49.52500,-59.861616,-66.025602
49.53750,-59.863157,-66.028498
49.55000,-59.864650,-66.031357
49.56250,-59.866094,-66.034179
49.57500,-59.867490,-66.036964
49.58750,-59.868838,-66.039712
49.60000,-59.870137,-66.042423
49.61250,-59.871389,-66.045096
49.62500,-59.872592,-66.047732
49.63750,-59.873748,-66.050331
49.65000,-59.874857,-66.052893
49.66250,-59.875919,-66.055418
49.67500,-59.876933,-66.057906
49.68750,-59.877901,-66.060357
49.70000,-59.878822,-66.062770
49.71250,-59.879696,-66.065146
49.72500,-59.880524,-66.067485
49.73750,-59.881307,-66.069788
49.75000,-59.882043,-66.072053
49.76250,-59.882734,-66.074281
49.77500,-59.883379,-66.076472
49.78750,-59.883979,-66.078627
49.80000,-59.884534,-66.080744
49.81250,-59.885044,-66.082825
49.82500,-59.885509,-66.084868
49.83750,-59.885930,-66.086876
49.85000,-59.886307,-66.088846
49.86250,-59.886639,-66.090780
49.87500,-59.886928,-66.092677
49.88750,-59.887173,-66.094538
49.90000,-59.887375,-66.096362
49.91250,-59.887534,-66.098150
49.92500,-59.887649,-66.099902
49.93750,-59.887722,-66.101617
49.95000,-59.887753,-66.103296
49.96250,-59.887741,-66.104940
49.97500,-59.887687,-66.106547
49.98750,-59.887591,-66.108118
50.00000,-59.887453,-66.109653
50.01250,-59.887275,-66.111153
50.02500,-59.887054,-66.112617
50.03750,-59.886793,-66.114045
50.05000,-59.886492,-66.115438
50.06250,-59.886149,-66.116796
50.07500,-59.885767,-66.118118
50.08750,-59.885344,-66.119404
50.10000,-59.884882,-66.120656
50.11250,-59.884380,-66.121873
50.12500,-59.883838,-66.123054
50.13750,-59.883258,-66.124201
50.15000,-59.882638,-66.125313
50.16250,-59.881980,-66.126391
50.17500,-59.881284,-66.127434
50.18750,-59.880549,-66.128442
50.20000,-59.879776,-66.129416
50.21250,-59.878966,-66.130356
50.22500,-59.878118,-66.131262
50.23750,-59.877233,-66.132134
50.25000,-59.876311,-66.132973
50.26250,-59.875353,-66.133777
50.27500,-59.874357,-66.134548
50.28750,-59.873326,-66.135285
50.30000,-59.872258,-66.135990
50.31250,-59.871155,-66.136660
50.32500,-59.870016,-66.137298
50.33750,-59.868842,-66.137903
50.35000,-59.867633,-66.138475
50.36250,-59.866389,-66.139015
50.37500,-59.865110,-66.139522
50.38750,-59.863797,-66.139996
50.40000,-59.862451,-66.140438
50.41250,-59.861070,-66.140848
50.42500,-59.859655,-66.141226
50.43750,-59.858208,-66.141573
50.45000,-59.856727,-66.141887
50.46250,-59.855213,-66.142170
50.47500,-59.853667,-66.142422
50.48750,-59.852089,-66.142642
50.50000,-59.850478,-66.142831
50.51250,-59.848836,-66.142989
50.52500,-59.847161,-66.143117
50.53750,-59.845456,-66.143213
50.55000,-59.843719,-66.143279
50.56250,-59.841952,-66.143315
50.57500,-59.840154,-66.143321
50.58750,-59.838326,-66.143296
50.60000,-59.836467,-66.143242
50.61250,-59.834579,-66.143157
50.62500,-59.832661,-66.143043
50.63750,-59.830714,-66.142900
50.65000,-59.828737,-66.142728
50.66250,-59.826732,-66.142526
50.67500,-59.824698,-66.142295
50.68750,-59.822636,-66.142036
50.70000,-59.820546,-66.141747
50.71250,-59.818428,-66.141431
50.72500,-59.816282,-66.141086
50.73750,-59.814109,-66.140713
50.75000,-59.811909,-66.140312
50.76250,-59.809682,-66.139883
50.77500,-59.807428,-66.139426
50.78750,-59.805148,-66.138942
50.80000,-59.802842,-66.138430
50.81250,-59.800510,-66.137892
50.82500,-59.798152,-66.137326
50.83750,-59.795769,-66.136733
50.85000,-59.793361,-66.136114
50.86250,-59.790928,-66.135468
50.87500,-59.788470,-66.134796
50.88750,-59.785988,-66.134098
50.90000,-59.783482,-66.133374
50.91250,-59.780952,-66.132624
50.92500,-59.778398,-66.131848
50.93750,-59.775821,-66.131047
50.95000,-59.773221,-66.130221
50.96250,-59.770598,-66.129369
50.97500,-59.767953,-66.128493
50.98750,-59.765285,-66.127592
51.00000,-59.762595,-66.126666
51.01250,-59.759882,-66.125715
51.02500,-59.757149,-66.124741
51.03750,-59.754394,-66.123742
51.05000,-59.751617,-66.122720
51.06250,-59.748820,-66.121673
51.07500,-59.746002,-66.120603
51.08750,-59.743164,-66.119510
51.10000,-59.740305,-66.118394
51.11250,-59.737427,-66.117254
51.12500,-59.734529,-66.116092
51.13750,-59.731611,-66.114907
51.15000,-59.728674,-66.113699
51.16250,-59.725719,-66.112470
51.17500,-59.722744,-66.111218
51.18750,-59.719751,-66.109944
51.20000,-59.716740,-66.108648
51.21250,-59.713711,-66.107331
51.22500,-59.710664,-66.105992
51.23750,-59.707599,-66.104632
51.25000,-59.704517,-66.103251
51.26250,-59.701418,-66.101849
51.27500,-59.698303,-66.100426
51.28750,-59.695170,-66.098983
51.30000,-59.692022,-66.097519
51.31250,-59.688857,-66.096036
51.32500,-59.685676,-66.094532
51.33750,-59.682480,-66.093008
51.35000,-59.679269,-66.091464
51.36250,-59.676042,-66.089901
51.37500,-59.672800,-66.088319
51.38750,-59.669544,-66.086718
51.40000,-59.666273,-66.085097
51.41250,-59.662988,-66.083458
51.42500,-59.659689,-66.081800
51.43750,-59.656376,-66.080124
51.45000,-59.653050,-66.078429
51.46250,-59.649710,-66.076716
51.47500,-59.646358,-66.074986
51.48750,-59.642992,-66.073237
51.50000,-59.639614,-66.071471
51.51250,-59.636223,-66.069688
51.52500,-59.632821,-66.067887
51.53750,-59.629406,-66.066070
51.55000,-59.625980,-66.064235
51.56250,-59.622542,-66.062384
51.57500,-59.619093,-66.060516
51.58750,-59.615633,-66.058632
51.60000,-59.612162,-66.056732
51.61250,-59.608680,-66.054816
51.62500,-59.605188,-66.052884
51.63750,-59.601686,-66.050936
51.65000,-59.598174,-66.048973
51.66250,-59.594652,-66.046995
51.67500,-59.591121,-66.045001
51.68750,-59.587580,-66.042993
51.70000,-59.584030,-66.040970
51.71250,-59.580472,-66.038932
51.72500,-59.576905,-66.036880
51.73750,-59.573329,-66.034814
51.75000,-59.569745,-66.032733
51.76250,-59.566153,-66.030639
51.77500,-59.562554,-66.028531
51.78750,-59.558946,-66.026409
51.80000,-59.555332,-66.024274
51.81250,-59.551710,-66.022126
51.82500,-59.548081,-66.019965
51.83750,-59.544446,-66.017790
51.85000,-59.540803,-66.015603
51.86250,-59.537155,-66.013404
51.87500,-59.533501,-66.011192
51.88750,-59.529840,-66.008967
51.90000,-59.526174,-66.006731
51.91250,-59.522502,-66.004483
51.92500,-59.518825,-66.002223
51.93750,-59.515143,-65.999952
51.95000,-59.511457,-65.997669
51.96250,-59.507765,-65.995375
51.97500,-59.504069,-65.993069
51.98750,-59.500369,-65.990753
52.00000,-59.496664,-65.988426
52.01250,-59.492956,-65.986088
52.02500,-59.489244,-65.983740
52.03750,-59.485529,-65.981382
52.05000,-59.481811,-65.979013
52.06250,-59.478089,-65.976634
52.07500,-59.474364,-65.974246
52.08750,-59.470637,-65.971848
52.10000,-59.466908,-65.969440
52.11250,-59.463176,-65.967023
52.12500,-59.459442,-65.964597
52.13750,-59.455706,-65.962162
52.15000,-59.451969,-65.959718
52.16250,-59.448230,-65.957265
52.17500,-59.444490,-65.954804
52.18750,-59.440748,-65.952334
52.20000,-59.437006,-65.949856
52.21250,-59.433263,-65.947370
52.22500,-59.429520,-65.944877
52.23750,-59.425776,-65.942375
52.25000,-59.422032,-65.939866
52.26250,-59.418288,-65.937350
52.27500,-59.414544,-65.934826
52.28750,-59.410801,-65.932296
52.30000,-59.407059,-65.929758
52.31250,-59.403317,-65.927214
52.32500,-59.399576,-65.924664
52.33750,-59.395836,-65.922106
52.35000,-59.392098,-65.919543
52.36250,-59.388361,-65.916973
52.37500,-59.384626,-65.914398
52.38750,-59.380892,-65.911817
52.40000,-59.377161,-65.909230
52.41250,-59.373432,-65.906638
52.42500,-59.369705,-65.904040
52.43750,-59.365981,-65.901437
52.45000,-59.362260,-65.898830
52.46250,-59.358541,-65.896217
52.47500,-59.354826,-65.893600
52.48750,-59.351114,-65.890978
52.50000,-59.347406,-65.888352
52.51250,-59.343701,-65.885722
52.52500,-59.340000,-65.883087
52.53750,-59.336302,-65.880449
52.55000,-59.332609,-65.877807
52.56250,-59.328920,-65.875161
52.57500,-59.325236,-65.872512
52.58750,-59.321556,-65.869859
52.60000,-59.317880,-65.867204
52.61250,-59.314210,-65.864545
52.62500,-59.310544,-65.861883
52.63750,-59.306883,-65.859219
52.65000,-59.303228,-65.856552
52.66250,-59.299577,-65.853883
52.67500,-59.295932,-65.851212
52.68750,-59.292293,-65.848538
52.70000,-59.288660,-65.845863
52.71250,-59.285032,-65.843185
52.72500,-59.281410,-65.840506
52.73750,-59.277795,-65.837825
52.75000,-59.274186,-65.835143
52.76250,-59.270583,-65.832460
52.77500,-59.266987,-65.829775
52.78750,-59.263397,-65.827090
52.80000,-59.259815,-65.824404
52.81250,-59.256239,-65.821717
52.82500,-59.252671,-65.819029
52.83750,-59.249110,-65.816341
52.85000,-59.245556,-65.813653
52.86250,-59.242010,-65.810964
52.87500,-59.238472,-65.808276
52.88750,-59.234942,-65.805587
52.90000,-59.231419,-65.802899
52.91250,-59.227905,-65.800211
52.92500,-59.224399,-65.797523
52.93750,-59.220902,-65.794837
52.95000,-59.217412,-65.792151
52.96250,-59.213932,-65.789465
52.97500,-59.210460,-65.786781
52.98750,-59.206998,-65.784098
53.00000,-59.203544,-65.781416
53.01250,-59.200099,-65.778736
53.02500,-59.196664,-65.776057
53.03750,-59.193238,-65.773380
53.05000,-59.189822,-65.770705
53.06250,-59.186415,-65.768031
53.07500,-59.183019,-65.765359
53.08750,-59.179632,-65.762690
53.10000,-59.176255,-65.760023
53.11250,-59.172889,-65.757358
53.12500,-59.169533,-65.754696
53.13750,-59.166187,-65.752036
53.15000,-59.162852,-65.749380
53.16250,-59.159528,-65.746726
53.17500,-59.156214,-65.744075
53.18750,-59.152912,-65.741427
53.20000,-59.149621,-65.738782
53.21250,-59.146341,-65.736141
53.22500,-59.143072,-65.733503
53.23750,-59.139815,-65.730869
53.25000,-59.136570,-65.728239
53.26250,-59.133336,-65.725612
53.27500,-59.130115,-65.722989
53.28750,-59.126905,-65.720371
53.30000,-59.123708,-65.717756
53.31250,-59.120522,-65.715146
53.32500,-59.117350,-65.712541
53.33750,-59.114189,-65.709939
53.35000,-59.111042,-65.707343
53.36250,-59.107907,-65.704751
53.37500,-59.104785,-65.702164
53.38750,-59.101676,-65.699582
53.40000,-59.098580,-65.697005
53.41250,-59.095497,-65.694434
53.42500,-59.092428,-65.691867
53.43750,-59.089373,-65.689306
53.45000,-59.086330,-65.686751
53.46250,-59.083302,-65.684201
53.47500,-59.080288,-65.681657
53.48750,-59.077287,-65.679119
53.50000,-59.074300,-65.676586
53.51250,-59.071328,-65.674060
53.52500,-59.068370,-65.671540
53.53750,-59.065426,-65.669026
53.55000,-59.062497,-65.666519
53.56250,-59.059582,-65.664018
53.57500,-59.056683,-65.661524
53.58750,-59.053798,-65.659036
53.60000,-59.050927,-65.656556
53.61250,-59.048072,-65.654082
53.62500,-59.045233,-65.651615
53.63750,-59.042408,-65.649155
53.65000,-59.039599,-65.646702
53.66250,-59.036805,-65.644257
53.67500,-59.034026,-65.641819
53.68750,-59.031264,-65.639389
53.70000,-59.028517,-65.636966
53.71250,-59.025786,-65.634551
53.72500,-59.023071,-65.632143
53.73750,-59.020372,-65.629744
53.75000,-59.017689,-65.627352
53.76250,-59.015022,-65.624969
53.77500,-59.012372,-65.622594
53.78750,-59.009738,-65.620227
53.80000,-59.007121,-65.617868
53.81250,-59.004520,-65.615518
53.82500,-59.001936,-65.613177
53.83750,-58.999369,-65.610844
53.85000,-58.996818,-65.608520
53.86250,-58.994284,-65.606204
53.87500,-58.991767,-65.603898
53.88750,-58.989267,-65.601600
53.90000,-58.986783,-65.599312
53.91250,-58.984316,-65.597033
53.92500,-58.981866,-65.594763
53.93750,-58.979432,-65.592502
53.95000,-58.977015,-65.590251
53.96250,-58.974615,-65.588009
53.97500,-58.972232,-65.585777
53.98750,-58.969865,-65.583555
54.00000,-58.967515,-65.581342
54.01250,-58.965182,-65.579139
54.02500,-58.962865,-65.576947
54.03750,-58.960566,-65.574764
54.05000,-58.958283,-65.572591
54.06250,-58.956018,-65.570428
54.07500,-58.953770,-65.568276
54.08750,-58.951539,-65.566134
54.10000,-58.949325,-65.564002
54.11250,-58.947128,-65.561881
54.12500,-58.944948,-65.559770
54.13750,-58.942786,-65.557670
54.15000,-58.940642,-65.555580
54.16250,-58.938514,-65.553501
54.17500,-58.936405,-65.551433
54.18750,-58.934313,-65.549376
54.20000,-58.932238,-65.547330
54.21250,-58.930182,-65.545294
54.22500,-58.928143,-65.543270
54.23750,-58.926122,-65.541257
54.25000,-58.924118,-65.539255
54.26250,-58.922133,-65.537265
54.27500,-58.920166,-65.535285
54.28750,-58.918217,-65.533317
54.30000,-58.916286,-65.531361
54.31250,-58.914373,-65.529416
54.32500,-58.912478,-65.527482
54.33750,-58.910602,-65.525561
54.35000,-58.908744,-65.523650
54.36250,-58.906904,-65.521752
54.37500,-58.905083,-65.519865
54.38750,-58.903280,-65.517990
54.40000,-58.901496,-65.516127
54.41250,-58.899731,-65.514276
54.42500,-58.897984,-65.512437
54.43750,-58.896256,-65.510610
54.45000,-58.894546,-65.508796
54.46250,-58.892856,-65.506993
54.47500,-58.891184,-65.505202
54.48750,-58.889531,-65.503424
54.50000,-58.887897,-65.501658
54.51250,-58.886282,-65.499904
54.52500,-58.884687,-65.498163
54.53750,-58.883110,-65.496434
54.55000,-58.881552,-65.494718
54.56250,-58.880014,-65.493014
54.57500,-58.878495,-65.491323
54.58750,-58.876995,-65.489644
54.60000,-58.875514,-65.487978
54.61250,-58.874053,-65.486325
54.62500,-58.872611,-65.484684
54.63750,-58.871188,-65.483056
54.65000,-58.869785,-65.481441
54.66250,-58.868402,-65.479839
54.67500,-58.867038,-65.478250
54.68750,-58.865693,-65.476674
54.70000,-58.864369,-65.475111
54.71250,-58.863063,-65.473560
54.72500,-58.861778,-65.472023
54.73750,-58.860512,-65.470499
54.75000,-58.859266,-65.468989
54.76250,-58.858039,-65.467491
54.77500,-58.856833,-65.466007
54.78750,-58.855646,-65.464535
54.80000,-58.854479,-65.463078
54.81250,-58.853331,-65.461633
54.82500,-58.852204,-65.460202
54.83750,-58.851097,-65.458784
54.85000,-58.850009,-65.457380
54.86250,-58.848942,-65.455989
54.87500,-58.847894,-65.454612
54.88750,-58.846866,-65.453248
54.90000,-58.845859,-65.451898
54.91250,-58.844871,-65.450561
54.92500,-58.843903,-65.449238
54.93750,-58.842956,-65.447929
54.95000,-58.842028,-65.446633
54.96250,-58.841121,-65.445351
54.97500,-58.840233,-65.444083
54.98750,-58.839366,-65.442829
55.00000,-58.838519,-65.441588
55.01250,-58.837692,-65.440361
55.02500,-58.836884,-65.439148
55.03750,-58.836098,-65.437949
55.05000,-58.835331,-65.436764
55.06250,-58.834584,-65.435593
55.07500,-58.833857,-65.434436
55.08750,-58.833151,-65.433293
55.10000,-58.832464,-65.432163
55.11250,-58.831798,-65.431048
55.12500,-58.831152,-65.429947
55.13750,-58.830526,-65.428860
55.15000,-58.829920,-65.427787
55.16250,-58.829334,-65.426728
55.17500,-58.828768,-65.425683
55.18750,-58.828222,-65.424652
55.20000,-58.827696,-65.423635
55.21250,-58.827191,-65.422633
55.22500,-58.826705,-65.421645
55.23750,-58.826240,-65.420671
55.25000,-58.825794,-65.419711
55.26250,-58.825369,-65.418765
55.27500,-58.824963,-65.417834
55.28750,-58.824578,-65.416917
55.30000,-58.824212,-65.416014
55.31250,-58.823866,-65.415125
55.32500,-58.823540,-65.414251
55.33750,-58.823235,-65.413391
55.35000,-58.822948,-65.412546
55.36250,-58.822682,-65.411714
55.37500,-58.822436,-65.410897
55.38750,-58.822209,-65.410095
55.40000,-58.822003,-65.409306
55.41250,-58.821815,-65.408532
55.42500,-58.821648,-65.407773
55.43750,-58.821500,-65.407027
55.45000,-58.821372,-65.406296
55.46250,-58.821264,-65.405580
55.47500,-58.821175,-65.404878
55.48750,-58.821106,-65.404190
55.50000,-58.821056,-65.403516
55.51250,-58.821026,-65.402857
55.52500,-58.821015,-65.402212
55.53750,-58.821023,-65.401582
55.55000,-58.821051,-65.400966
55.56250,-58.821098,-65.400364
55.57500,-58.821164,-65.399777
55.58750,-58.821250,-65.399204
55.60000,-58.821355,-65.398646
55.61250,-58.821479,-65.398102
55.62500,-58.821622,-65.397572
55.63750,-58.821784,-65.397056
55.65000,-58.821965,-65.396555
55.66250,-58.822165,-65.396068
55.67500,-58.822384,-65.395596
55.68750,-58.822622,-65.395137
55.70000,-58.822878,-65.394693
55.71250,-58.823154,-65.394264
55.72500,-58.823448,-65.393848
55.73750,-58.823760,-65.393447
55.75000,-58.824091,-65.393060
55.76250,-58.824441,-65.392688
55.77500,-58.824809,-65.392329
55.78750,-58.825196,-65.391985
55.80000,-58.825600,-65.391655
55.81250,-58.826023,-65.391339
55.82500,-58.826465,-65.391038
55.83750,-58.826924,-65.390750
55.85000,-58.827402,-65.390477
55.86250,-58.827897,-65.390218
55.87500,-58.828411,-65.389972
55.88750,-58.828942,-65.389741
55.90000,-58.829491,-65.389524
55.91250,-58.830058,-65.389321
55.92500,-58.830642,-65.389132
55.93750,-58.831245,-65.388957
55.95000,-58.831864,-65.388796
55.96250,-58.832501,-65.388649
55.97500,-58.833156,-65.388516
55.98750,-58.833828,-65.388396
56.00000,-58.834516,-65.388291
56.01250,-58.835223,-65.388199
56.02500,-58.835946,-65.388121
56.03750,-58.836686,-65.388057
56.05000,-58.837443,-65.388007
56.06250,-58.838217,-65.387970
56.07500,-58.839008,-65.387947
56.08750,-58.839815,-65.387938
56.10000,-58.840639,-65.387942
56.11250,-58.841479,-65.387960
56.12500,-58.842336,-65.387992
56.13750,-58.843209,-65.388037
56.15000,-58.844098,-65.388095
56.16250,-58.845004,-65.388167
56.17500,-58.845925,-65.388252
56.18750,-58.846862,-65.388351
56.20000,-58.847816,-65.388463
56.21250,-58.848785,-65.388589
56.22500,-58.849770,-65.388727
56.23750,-58.850770,-65.388879
56.25000,-58.851786,-65.389044
56.26250,-58.852817,-65.389223
56.27500,-58.853864,-65.389414
56.28750,-58.854926,-65.389618
56.30000,-58.856003,-65.389836
56.31250,-58.857095,-65.390066
56.32500,-58.858202,-65.390310
56.33750,-58.859323,-65.390566
56.35000,-58.860460,-65.390835
56.36250,-58.861611,-65.391117
56.37500,-58.862777,-65.391412
56.38750,-58.863957,-65.391719
56.40000,-58.865151,-65.392039
56.41250,-58.866360,-65.392372
56.42500,-58.867582,-65.392718
56.43750,-58.868819,-65.393075
56.45000,-58.870069,-65.393446
56.46250,-58.871334,-65.393828
56.47500,-58.872612,-65.394224
56.48750,-58.873903,-65.394631
56.50000,-58.875209,-65.395051
56.51250,-58.876527,-65.395483
56.52500,-58.877859,-65.395927
56.53750,-58.879204,-65.396383
56.55000,-58.880562,-65.396851
56.56250,-58.881932,-65.397331
56.57500,-58.883316,-65.397823
56.58750,-58.884712,-65.398327
56.60000,-58.886121,-65.398843
56.61250,-58.887542,-65.399371
56.62500,-58.888976,-65.399910
56.63750,-58.890422,-65.400461
56.65000,-58.891880,-65.401024
56.66250,-58.893350,-65.401598
56.67500,-58.894832,-65.402184
56.68750,-58.896326,-65.402781
56.70000,-58.897831,-65.403389
56.71250,-58.899348,-65.404009
56.72500,-58.900877,-65.404640
56.73750,-58.902416,-65.405282
56.75000,-58.903967,-65.405935
56.76250,-58.905529,-65.406599
56.77500,-58.907102,-65.407274
56.78750,-58.908685,-65.407960
56.80000,-58.910280,-65.408657
56.81250,-58.911885,-65.409365
56.82500,-58.913500,-65.410083
56.83750,-58.915126,-65.410813
56.85000,-58.916762,-65.411552
56.86250,-58.918408,-65.412302
56.87500,-58.920064,-65.413063
56.88750,-58.921729,-65.413834
56.90000,-58.923405,-65.414615
56.91250,-58.925090,-65.415406
56.92500,-58.926785,-65.416208
56.93750,-58.928488,-65.417020
56.95000,-58.930202,-65.417841
56.96250,-58.931924,-65.418673
56.97500,-58.933655,-65.419515
56.98750,-58.935395,-65.420366
57.00000,-58.937143,-65.421227
57.01250,-58.938901,-65.422098
57.02500,-58.940666,-65.422978
57.03750,-58.942440,-65.423868
57.05000,-58.944222,-65.424767
57.06250,-58.946013,-65.425676
57.07500,-58.947811,-65.426593
57.08750,-58.949617,-65.427520
57.10000,-58.951431,-65.428457
57.11250,-58.953252,-65.429402
57.12500,-58.955080,-65.430356
57.13750,-58.956916,-65.431319
57.15000,-58.958759,-65.432291
57.16250,-58.960609,-65.433272
57.17500,-58.962466,-65.434261
57.18750,-58.964330,-65.435259
57.20000,-58.966200,-65.436265
57.21250,-58.968077,-65.437280
57.22500,-58.969961,-65.438303
57.23750,-58.971850,-65.439334
57.25000,-58.973746,-65.440374
57.26250,-58.975647,-65.441421
57.27500,-58.977555,-65.442477
57.28750,-58.979468,-65.443541
57.30000,-58.981387,-65.444612
57.31250,-58.983311,-65.445691
57.32500,-58.985240,-65.446778
57.33750,-58.987175,-65.447873
57.35000,-58.989115,-65.448975
57.36250,-58.991060,-65.450084
57.37500,-58.993009,-65.451201
57.38750,-58.994963,-65.452325
57.40000,-58.996922,-65.453456
57.41250,-58.998885,-65.454594
57.42500,-59.000853,-65.455740
57.43750,-59.002824,-65.456892
57.45000,-59.004799,-65.458051
57.46250,-59.006778,-65.459217
57.47500,-59.008761,-65.460389
57.48750,-59.010746,-65.461568
57.50000,-59.012735,-65.462754
57.51250,-59.014726,-65.463946
57.52500,-59.016720,-65.465144
57.53750,-59.018716,-65.466349
57.55000,-59.020714,-65.467560
57.56250,-59.022715,-65.468776
57.57500,-59.024717,-65.469999
57.58750,-59.026721,-65.471228
57.60000,-59.028727,-65.472462
57.61250,-59.030734,-65.473702
57.62500,-59.032742,-65.474948
57.63750,-59.034752,-65.476199
57.65000,-59.036762,-65.477456
57.66250,-59.038773,-65.478718
57.67500,-59.040785,-65.479985
57.68750,-59.042797,-65.481258
57.70000,-59.044809,-65.482535
57.71250,-59.046822,-65.483818
57.72500,-59.048835,-65.485105
57.73750,-59.050847,-65.486397
57.75000,-59.052860,-65.487694
57.76250,-59.054872,-65.488996
57.77500,-59.056884,-65.490302
57.78750,-59.058895,-65.491612
57.80000,-59.060905,-65.492927
57.81250,-59.062914,-65.494246
57.82500,-59.064923,-65.495569
57.83750,-59.066930,-65.496896
57.85000,-59.068936,-65.498228
57.86250,-59.070941,-65.499563
57.87500,-59.072944,-65.500901
57.88750,-59.074946,-65.502244
57.90000,-59.076946,-65.503590
57.91250,-59.078944,-65.504939
57.92500,-59.080940,-65.506292
57.93750,-59.082934,-65.507648
57.95000,-59.084925,-65.509007
57.96250,-59.086915,-65.510370
57.97500,-59.088902,-65.511735
57.98750,-59.090886,-65.513103
58.00000,-59.092868,-65.514474
58.01250,-59.094847,-65.515848
58.02500,-59.096823,-65.517224
58.03750,-59.098796,-65.518603
58.05000,-59.100765,-65.519984
58.06250,-59.102732,-65.521368
58.07500,-59.104695,-65.522753
58.08750,-59.106655,-65.524141
58.10000,-59.108611,-65.525531
58.11250,-59.110564,-65.526922
58.12500,-59.112512,-65.528316
58.13750,-59.114457,-65.529711
58.15000,-59.116398,-65.531108
58.16250,-59.118335,-65.532507
58.17500,-59.120267,-65.533906
58.18750,-59.122195,-65.535308
58.20000,-59.124119,-65.536710
58.21250,-59.126038,-65.538114
58.22500,-59.127953,-65.539518
58.23750,-59.129863,-65.540924
58.25000,-59.131768,-65.542330
58.26250,-59.133668,-65.543737
58.27500,-59.135563,-65.545145
58.28750,-59.137453,-65.546554
58.30000,-59.139338,-65.547963
58.31250,-59.141217,-65.549372
58.32500,-59.143091,-65.550782
58.33750,-59.144960,-65.552192
58.35000,-59.146823,-65.553602
58.36250,-59.148680,-65.555012
58.37500,-59.150532,-65.556422
58.38750,-59.152377,-65.557832
58.40000,-59.154217,-65.559242
58.41250,-59.156051,-65.560651
58.42500,-59.157878,-65.562060
58.43750,-59.159699,-65.563468
58.45000,-59.161514,-65.564876
58.46250,-59.163323,-65.566283
58.47500,-59.165125,-65.567690
58.48750,-59.166920,-65.569095
58.50000,-59.168709,-65.570500
58.51250,-59.170491,-65.571904
58.52500,-59.172267,-65.573306
58.53750,-59.174035,-65.574707
58.55000,-59.175796,-65.576107
58.56250,-59.177550,-65.577506
58.57500,-59.179297,-65.578903
58.58750,-59.181037,-65.580299
58.60000,-59.182770,-65.581693
58.61250,-59.184495,-65.583085
58.62500,-59.186213,-65.584476
58.63750,-59.187923,-65.585865
58.65000,-59.189625,-65.587251
58.66250,-59.191320,-65.588636
58.67500,-59.193007,-65.590019
58.68750,-59.194686,-65.591399
58.70000,-59.196357,-65.592777
58.71250,-59.198021,-65.594153
58.72500,-59.199676,-65.595526
58.73750,-59.201323,-65.596897
58.75000,-59.202962,-65.598265
58.76250,-59.204592,-65.599630
58.77500,-59.206214,-65.600993
58.78750,-59.207828,-65.602353
58.80000,-59.209433,-65.603710
58.81250,-59.211030,-65.605063
58.82500,-59.212618,-65.606414
58.83750,-59.214198,-65.607762
58.85000,-59.215769,-65.609106
58.86250,-59.217331,-65.610448
58.87500,-59.218884,-65.611785
58.88750,-59.220428,-65.613120
58.90000,-59.221963,-65.614451
58.91250,-59.223489,-65.615778
58.92500,-59.225006,-65.617101
58.93750,-59.226514,-65.618421
58.95000,-59.228013,-65.619737
58.96250,-59.229502,-65.621050
58.97500,-59.230982,-65.622358
58.98750,-59.232453,-65.623662
59.00000,-59.233914,-65.624963
59.01250,-59.235366,-65.626259
59.02500,-59.236808,-65.627550
59.03750,-59.238241,-65.628838
59.05000,-59.239664,-65.630121
59.06250,-59.241077,-65.631400
59.07500,-59.242481,-65.632675
59.08750,-59.243874,-65.633945
59.10000,-59.245258,-65.635210
59.11250,-59.246632,-65.636471
59.12500,-59.247996,-65.637727
59.13750,-59.249350,-65.638978
59.15000,-59.250695,-65.640224
59.16250,-59.252029,-65.641466
59.17500,-59.253352,-65.642702
59.18750,-59.254666,-65.643934
59.20000,-59.255970,-65.645160
59.21250,-59.257263,-65.646381
59.22500,-59.258546,-65.647597
59.23750,-59.259819,-65.648808
59.25000,-59.261081,-65.650014
59.26250,-59.262333,-65.651214
59.27500,-59.263575,-65.652409
59.28750,-59.264806,-65.653598
59.30000,-59.266027,-65.654782
59.31250,-59.267237,-65.655960
59.32500,-59.268436,-65.657133
59.33750,-59.269625,-65.658300
59.35000,-59.270804,-65.659461
59.36250,-59.271971,-65.660617
59.37500,-59.273128,-65.661766
59.38750,-59.274275,-65.662910
59.40000,-59.275410,-65.664048
59.41250,-59.276535,-65.665180
59.42500,-59.277649,-65.666306
59.43750,-59.278752,-65.667425
59.45000,-59.279845,-65.668539
59.46250,-59.280926,-65.669646
59.47500,-59.281997,-65.670748
59.48750,-59.283056,-65.671843
59.50000,-59.284105,-65.672932
59.51250,-59.285143,-65.674014
59.52500,-59.286169,-65.675090
59.53750,-59.287185,-65.676160
59.55000,-59.288190,-65.677223
59.56250,-59.289183,-65.678279
59.57500,-59.290166,-65.679330
59.58750,-59.291137,-65.680373
59.60000,-59.292097,-65.681410
59.61250,-59.293046,-65.682440
59.62500,-59.293984,-65.683464
59.63750,-59.294910,-65.684480
59.65000,-59.295826,-65.685490
59.66250,-59.296730,-65.686494
59.67500,-59.297623,-65.687490
59.68750,-59.298505,-65.688479
59.70000,-59.299375,-65.689462
59.71250,-59.300235,-65.690437
59.72500,-59.301083,-65.691406
59.73750,-59.301919,-65.692367
59.75000,-59.302745,-65.693322
59.76250,-59.303559,-65.694269
59.77500,-59.304362,-65.695209
59.78750,-59.305153,-65.696142
59.80000,-59.305933,-65.697068
59.81250,-59.306702,-65.697987
59.82500,-59.307460,-65.698898
59.83750,-59.308206,-65.699803
59.85000,-59.308941,-65.700699
59.86250,-59.309665,-65.701589
59.87500,-59.310377,-65.702471
59.88750,-59.311078,-65.703346
59.90000,-59.311768,-65.704213
59.91250,-59.312446,-65.705073
59.92500,-59.313113,-65.705925
59.93750,-59.313769,-65.706770
59.95000,-59.314413,-65.707608
59.96250,-59.315046,-65.708438
59.97500,-59.315668,-65.709260
59.98750,-59.316279,-65.710075
60.00000,-59.316878,-65.710882
60.01250,-59.317466,-65.711682
60.02500,-59.318043,-65.712473
60.03750,-59.318609,-65.713258
60.05000,-59.319163,-65.714034
60.06250,-59.319706,-65.714803
60.07500,-59.320238,-65.715564
60.08750,-59.320759,-65.716318
60.10000,-59.321268,-65.717063
60.11250,-59.321767,-65.717801
60.12500,-59.322254,-65.718531
60.13750,-59.322730,-65.719253
60.15000,-59.323195,-65.719968
60.16250,-59.323649,-65.720675
60.17500,-59.324091,-65.721373
60.18750,-59.324523,-65.722064
60.20000,-59.324943,-65.722747
60.21250,-59.325353,-65.723422
60.22500,-59.325751,-65.724090
60.23750,-59.326139,-65.724749
60.25000,-59.326515,-65.725401
60.26250,-59.326881,-65.726044
60.27500,-59.327236,-65.726680
60.28750,-59.327579,-65.727307
60.30000,-59.327912,-65.727927
60.31250,-59.328234,-65.728539
60.32500,-59.328545,-65.729143
60.33750,-59.328845,-65.729739
60.35000,-59.329135,-65.730326
60.36250,-59.329413,-65.730906
60.37500,-59.329681,-65.731478
60.38750,-59.329938,-65.732042
60.40000,-59.330185,-65.732598
60.41250,-59.330420,-65.733146
60.42500,-59.330645,-65.733686
60.43750,-59.330860,-65.734218
60.45000,-59.331064,-65.734742
60.46250,-59.331257,-65.735257
60.47500,-59.331440,-65.735765
60.48750,-59.331612,-65.736265
60.50000,-59.331774,-65.736757
60.51250,-59.331926,-65.737241
60.52500,-59.332067,-65.737717
60.53750,-59.332197,-65.738185
60.55000,-59.332317,-65.738644
60.56250,-59.332427,-65.739096
60.57500,-59.332527,-65.739540
60.58750,-59.332617,-65.739976
60.60000,-59.332696,-65.740404
60.61250,-59.332765,-65.740824
60.62500,-59.332824,-65.741235
60.63750,-59.332873,-65.741639
60.65000,-59.332911,-65.742035
60.66250,-59.332940,-65.742423
60.67500,-59.332959,-65.742803
60.68750,-59.332967,-65.743175
60.70000,-59.332966,-65.743539
60.71250,-59.332955,-65.743896
60.72500,-59.332934,-65.744244
60.73750,-59.332904,-65.744584
60.75000,-59.332863,-65.744917
60.76250,-59.332813,-65.745241
60.77500,-59.332753,-65.745558
60.78750,-59.332684,-65.745867
60.80000,-59.332605,-65.746168
60.81250,-59.332516,-65.746461
60.82500,-59.332418,-65.746746
60.83750,-59.332310,-65.747024
60.85000,-59.332193,-65.747293
60.86250,-59.332067,-65.747555
60.87500,-59.331931,-65.747809
60.88750,-59.331786,-65.748055
60.90000,-59.331632,-65.748294
60.91250,-59.331468,-65.748525
60.92500,-59.331295,-65.748748
60.93750,-59.331113,-65.748963
60.95000,-59.330922,-65.749171
60.96250,-59.330722,-65.749371
60.97500,-59.330513,-65.749563
60.98750,-59.330296,-65.749748
61.00000,-59.330069,-65.749925
61.01250,-59.329833,-65.750094
61.02500,-59.329589,-65.750256
61.03750,-59.329335,-65.750410
61.05000,-59.329073,-65.750557
61.06250,-59.328803,-65.750696
61.07500,-59.328524,-65.750828
61.08750,-59.328236,-65.750952
61.10000,-59.327940,-65.751069
61.11250,-59.327635,-65.751178
61.12500,-59.327322,-65.751280
61.13750,-59.327000,-65.751375
61.15000,-59.326671,-65.751462
61.16250,-59.326332,-65.751541
61.17500,-59.325986,-65.751614
61.18750,-59.325632,-65.751679
61.20000,-59.325269,-65.751737
61.21250,-59.324899,-65.751787
61.22500,-59.324520,-65.751831
61.23750,-59.324133,-65.751867
61.25000,-59.323739,-65.751896
61.26250,-59.323337,-65.751918
61.27500,-59.322926,-65.751932
61.28750,-59.322509,-65.751940
61.30000,-59.322083,-65.751940
61.31250,-59.321650,-65.751934
61.32500,-59.321209,-65.751920
61.33750,-59.320761,-65.751899
61.35000,-59.320305,-65.751872
61.36250,-59.319842,-65.751837
61.37500,-59.319371,-65.751796
61.38750,-59.318893,-65.751747
61.40000,-59.318408,-65.751692
61.41250,-59.317916,-65.751630
61.42500,-59.317416,-65.751561
61.43750,-59.316910,-65.751485
61.45000,-59.316396,-65.751403
61.46250,-59.315875,-65.751314
61.47500,-59.315348,-65.751218
61.48750,-59.314813,-65.751116
61.50000,-59.314272,-65.751006
61.51250,-59.313724,-65.750891
61.52500,-59.313169,-65.750769
61.53750,-59.312608,-65.750640
61.55000,-59.312040,-65.750505
61.56250,-59.311465,-65.750363
61.57500,-59.310884,-65.750215
61.58750,-59.310297,-65.750060
61.60000,-59.309703,-65.749899
61.61250,-59.309103,-65.749732
61.62500,-59.308497,-65.749558
61.63750,-59.307884,-65.749379
61.65000,-59.307266,-65.749192
61.66250,-59.306641,-65.749000
61.67500,-59.306010,-65.748802
61.68750,-59.305373,-65.748597
61.70000,-59.304731,-65.748387
61.71250,-59.304082,-65.748170
61.72500,-59.303428,-65.747947
61.73750,-59.302768,-65.747718
61.75000,-59.302102,-65.747484
61.76250,-59.301431,-65.747243
61.77500,-59.300754,-65.746997
61.78750,-59.300072,-65.746744
61.80000,-59.299384,-65.746486
61.81250,-59.298691,-65.746222
61.82500,-59.297993,-65.745953
61.83750,-59.297289,-65.745677
61.85000,-59.296580,-65.745396
61.86250,-59.295866,-65.745110
61.87500,-59.295147,-65.744817
61.88750,-59.294423,-65.744520
61.90000,-59.293694,-65.744216
61.91250,-59.292960,-65.743908
61.92500,-59.292221,-65.743593
61.93750,-59.291477,-65.743274
61.95000,-59.290729,-65.742949
61.96250,-59.289976,-65.742618
61.97500,-59.289218,-65.742283
61.98750,-59.288456,-65.741942
62.00000,-59.287689,-65.741596
62.01250,-59.286918,-65.741245
62.02500,-59.286142,-65.740889
62.03750,-59.285363,-65.740527
62.05000,-59.284579,-65.740161
62.06250,-59.283790,-65.739789
62.07500,-59.282998,-65.739413
62.08750,-59.282201,-65.739031
62.10000,-59.281401,-65.738645
62.11250,-59.280597,-65.738254
62.12500,-59.279788,-65.737858
62.13750,-59.278976,-65.737457
62.15000,-59.278160,-65.737052
62.16250,-59.277340,-65.736642
62.17500,-59.276517,-65.736227
62.18750,-59.275690,-65.735808
62.20000,-59.274860,-65.735384
62.21250,-59.274026,-65.734955
62.22500,-59.273189,-65.734522
62.23750,-59.272348,-65.734085
62.25000,-59.271504,-65.733643
62.26250,-59.270657,-65.733197
62.27500,-59.269806,-65.732747
62.28750,-59.268953,-65.732292
62.30000,-59.268096,-65.731833
62.31250,-59.267236,-65.731370
62.32500,-59.266374,-65.730903
62.33750,-59.265508,-65.730431
62.35000,-59.264640,-65.729956
62.36250,-59.263769,-65.729476
62.37500,-59.262895,-65.728993
62.38750,-59.262019,-65.728505
62.40000,-59.261140,-65.728014
62.41250,-59.260258,-65.727519
62.42500,-59.259374,-65.727020
62.43750,-59.258487,-65.726517
62.45000,-59.257598,-65.726010
62.46250,-59.256707,-65.725500
62.47500,-59.255813,-65.724986
62.48750,-59.254918,-65.724469
62.50000,-59.254020,-65.723948
62.51250,-59.253120,-65.723423
62.52500,-59.252217,-65.722895
62.53750,-59.251313,-65.722364
62.55000,-59.250407,-65.721829
62.56250,-59.249499,-65.721291
62.57500,-59.248589,-65.720749
62.58750,-59.247678,-65.720204
62.60000,-59.246764,-65.719656
62.61250,-59.245849,-65.719105
62.62500,-59.244933,-65.718551
62.63750,-59.244015,-65.717993
62.65000,-59.243095,-65.717433
62.66250,-59.242174,-65.716869
62.67500,-59.241251,-65.716303
62.68750,-59.240327,-65.715734
62.70000,-59.239402,-65.715161
62.71250,-59.238476,-65.714586
62.72500,-59.237548,-65.714008
62.73750,-59.236620,-65.713428
62.75000,-59.235690,-65.712844
62.76250,-59.234759,-65.712258
62.77500,-59.233827,-65.711670
62.78750,-59.232895,-65.711078
62.80000,-59.231961,-65.710485
62.81250,-59.231027,-65.709888
62.82500,-59.230092,-65.709289
62.83750,-59.229157,-65.708688
62.85000,-59.228220,-65.708085
62.86250,-59.227283,-65.707479
62.87500,-59.226346,-65.706871
62.88750,-59.225408,-65.706260
62.90000,-59.224470,-65.705647
62.91250,-59.223531,-65.705033
62.92500,-59.222592,-65.704416
62.93750,-59.221653,-65.703797
62.95000,-59.220714,-65.703176
62.96250,-59.219774,-65.702553
62.97500,-59.218835,-65.701928
62.98750,-59.217895,-65.701301
63.00000,-59.216955,-65.700672
63.01250,-59.216016,-65.700041
63.02500,-59.215076,-65.699409
63.03750,-59.214137,-65.698775
63.05000,-59.213198,-65.698139
63.06250,-59.212259,-65.697501
63.07500,-59.211321,-65.696862
63.08750,-59.210383,-65.696221
63.10000,-59.209445,-65.695579
63.11250,-59.208508,-65.694935
63.12500,-59.207571,-65.694290
63.13750,-59.206635,-65.693643
63.15000,-59.205699,-65.692995
63.16250,-59.204765,-65.692346
63.17500,-59.203830,-65.691695
63.18750,-59.202897,-65.691043
63.20000,-59.201965,-65.690390
63.21250,-59.201033,-65.689735
63.22500,-59.200102,-65.689080
63.23750,-59.199172,-65.688423
63.25000,-59.198244,-65.687766
63.26250,-59.197316,-65.687107
63.27500,-59.196389,-65.686447
63.28750,-59.195464,-65.685787
63.30000,-59.194540,-65.685125
63.31250,-59.193617,-65.684463
63.32500,-59.192695,-65.683800
63.33750,-59.191775,-65.683136
63.35000,-59.190856,-65.682472
63.36250,-59.189939,-65.681806
63.37500,-59.189023,-65.681140
63.38750,-59.188108,-65.680474
63.40000,-59.187195,-65.679807
63.41250,-59.186284,-65.679139
63.42500,-59.185374,-65.678471
63.43750,-59.184467,-65.677802
63.45000,-59.183561,-65.677133
63.46250,-59.182656,-65.676464
63.47500,-59.181754,-65.675794
63.48750,-59.180853,-65.675124
63.50000,-59.179955,-65.674453
63.51250,-59.179058,-65.673783
63.52500,-59.178164,-65.673112
63.53750,-59.177271,-65.672441
63.55000,-59.176381,-65.671770
63.56250,-59.175492,-65.671099
63.57500,-59.174606,-65.670428
63.58750,-59.173722,-65.669757
63.60000,-59.172841,-65.669086
63.61250,-59.171962,-65.668415
63.62500,-59.171085,-65.667744
63.63750,-59.170210,-65.667073
63.65000,-59.169338,-65.666402
63.66250,-59.168469,-65.665732
63.67500,-59.167602,-65.665062
63.68750,-59.166737,-65.664392
63.70000,-59.165875,-65.663723
63.71250,-59.165016,-65.663053
63.72500,-59.164160,-65.662385
63.73750,-59.163306,-65.661716
63.75000,-59.162455,-65.661049
63.76250,-59.161607,-65.660381
63.77500,-59.160761,-65.659715
63.78750,-59.159919,-65.659049
63.80000,-59.159079,-65.658383
63.81250,-59.158242,-65.657718
63.82500,-59.157409,-65.657054
63.83750,-59.156578,-65.656391
63.85000,-59.155750,-65.655728
63.86250,-59.154926,-65.655066
63.87500,-59.154105,-65.654405
63.88750,-59.153286,-65.653745
63.90000,-59.152471,-65.653085
63.91250,-59.151660,-65.652427
63.92500,-59.150851,-65.651769
63.93750,-59.150046,-65.651113
63.95000,-59.149244,-65.650457
63.96250,-59.148445,-65.649803
63.97500,-59.147650,-65.649150
63.98750,-59.146859,-65.648498
64.00000,-59.146071,-65.647847
64.01250,-59.145286,-65.647197
64.02500,-59.144505,-65.646548
64.03750,-59.143727,-65.645901
64.05000,-59.142953,-65.645255
64.06250,-59.142183,-65.644610
64.07500,-59.141416,-65.643967
64.08750,-59.140653,-65.643325
64.10000,-59.139894,-65.642684
64.11250,-59.139139,-65.642045
64.12500,-59.138387,-65.641408
64.13750,-59.137639,-65.640771
64.15000,-59.136895,-65.640137
64.16250,-59.136155,-65.639504
64.17500,-59.135419,-65.638872
64.18750,-59.134686,-65.638243
64.20000,-59.133958,-65.637614
64.21250,-59.133234,-65.636988
64.22500,-59.132513,-65.636363
64.23750,-59.131797,-65.635740
64.25000,-59.131085,-65.635119
64.26250,-59.130376,-65.634499
64.27500,-59.129672,-65.633882
64.28750,-59.128972,-65.633266
64.30000,-59.128277,-65.632652
64.31250,-59.127585,-65.632040
64.32500,-59.126898,-65.631430
64.33750,-59.126215,-65.630822
64.35000,-59.125536,-65.630216
64.36250,-59.124862,-65.629612
64.37500,-59.124192,-65.629010
64.38750,-59.123526,-65.628410
64.40000,-59.122864,-65.627813
64.41250,-59.122207,-65.627217
64.42500,-59.121555,-65.626624
64.43750,-59.120906,-65.626032
64.45000,-59.120263,-65.625443
64.46250,-59.119623,-65.624856
64.47500,-59.118989,-65.624272
64.48750,-59.118358,-65.623689
64.50000,-59.117733,-65.623109
64.51250,-59.117112,-65.622532
64.52500,-59.116495,-65.621957
64.53750,-59.115883,-65.621384
64.55000,-59.115276,-65.620813
64.56250,-59.114673,-65.620245
64.57500,-59.114075,-65.619679
64.58750,-59.113482,-65.619116
64.60000,-59.112893,-65.618556
64.61250,-59.112309,-65.617998
64.62500,-59.111730,-65.617442
64.63750,-59.111156,-65.616889
64.65000,-59.110586,-65.616339
64.66250,-59.110021,-65.615791
64.67500,-59.109461,-65.615246
64.68750,-59.108906,-65.614704
64.70000,-59.108355,-65.614164
64.71250,-59.107810,-65.613627
64.72500,-59.107269,-65.613092
64.73750,-59.106733,-65.612561
64.75000,-59.106202,-65.612032
64.76250,-59.105676,-65.611506
64.77500,-59.105155,-65.610983
64.78750,-59.104639,-65.610462
64.80000,-59.104128,-65.609945
64.81250,-59.103621,-65.609430
64.82500,-59.103120,-65.608918
64.83750,-59.102624,-65.608409
64.85000,-59.102132,-65.607903
64.86250,-59.101646,-65.607400
64.87500,-59.101165,-65.606900
64.88750,-59.100689,-65.606403
64.90000,-59.100217,-65.605909
64.91250,-59.099751,-65.605418
64.92500,-59.099290,-65.604930
64.93750,-59.098834,-65.604445
64.95000,-59.098383,-65.603963
64.96250,-59.097937,-65.603485
64.97500,-59.097496,-65.603009
64.98750,-59.097061,-65.602536
65.00000,-59.096630,-65.602067
65.01250,-59.096205,-65.601601
65.02500,-59.095784,-65.601138
65.03750,-59.095369,-65.600678
65.05000,-59.094959,-65.600221
65.06250,-59.094554,-65.599767
65.07500,-59.094155,-65.599317
65.08750,-59.093760,-65.598870
65.10000,-59.093371,-65.598426
65.11250,-59.092987,-65.597986
65.12500,-59.092608,-65.597549
65.13750,-59.092234,-65.597115
65.15000,-59.091865,-65.596684
65.16250,-59.091502,-65.596257
65.17500,-59.091144,-65.595833
65.18750,-59.090790,-65.595412
65.20000,-59.090443,-65.594995
65.21250,-59.090100,-65.594581
65.22500,-59.089763,-65.594171
65.23750,-59.089430,-65.593764
65.25000,-59.089103,-65.593360
65.26250,-59.088782,-65.592960
65.27500,-59.088465,-65.592563
65.28750,-59.088154,-65.592170
65.30000,-59.087848,-65.591780
65.31250,-59.087547,-65.591394
65.32500,-59.087251,-65.591011
65.33750,-59.086961,-65.590632
65.35000,-59.086675,-65.590256
65.36250,-59.086395,-65.589884
65.37500,-59.086121,-65.589515
65.38750,-59.085851,-65.589149
65.40000,-59.085587,-65.588788
65.41250,-59.085328,-65.588429
65.42500,-59.085074,-65.588075
65.43750,-59.084825,-65.587724
65.45000,-59.084581,-65.587376
65.46250,-59.084343,-65.587032
65.47500,-59.084110,-65.586692
65.48750,-59.083882,-65.586355
65.50000,-59.083660,-65.586022
65.51250,-59.083442,-65.585693
65.52500,-59.083230,-65.585367
65.53750,-59.083023,-65.585044
65.55000,-59.082821,-65.584726
65.56250,-59.082624,-65.584411
65.57500,-59.082432,-65.584099
65.58750,-59.082246,-65.583792
65.60000,-59.082064,-65.583488
65.61250,-59.081888,-65.583187
65.62500,-59.081717,-65.582891
65.63750,-59.081551,-65.582598
65.65000,-59.081391,-65.582308
65.66250,-59.081235,-65.582023
65.67500,-59.081085,-65.581740
65.68750,-59.080939,-65.581462
65.70000,-59.080799,-65.581188
65.71250,-59.080664,-65.580917
65.72500,-59.080534,-65.580649
65.73750,-59.080409,-65.580386
65.75000,-59.080289,-65.580126
65.76250,-59.080174,-65.579870
65.77500,-59.080064,-65.579617
65.78750,-59.079959,-65.579369
65.80000,-59.079859,-65.579123
65.81250,-59.079764,-65.578882
65.82500,-59.079674,-65.578645
65.83750,-59.079589,-65.578411
65.85000,-59.079510,-65.578180
65.86250,-59.079435,-65.577954
65.87500,-59.079365,-65.577731
65.88750,-59.079300,-65.577512
65.90000,-59.079240,-65.577297
65.91250,-59.079185,-65.577085
65.92500,-59.079134,-65.576877
65.93750,-59.079089,-65.576673
65.95000,-59.079049,-65.576473
65.96250,-59.079013,-65.576276
65.97500,-59.078982,-65.576083
65.98750,-59.078956,-65.575894
66.00000,-59.078935,-65.575708
66.01250,-59.078919,-65.575526
66.02500,-59.078908,-65.575348
66.03750,-59.078901,-65.575174
66.05000,-59.078899,-65.575003
66.06250,-59.078902,-65.574836
66.07500,-59.078909,-65.574673
66.08750,-59.078922,-65.574513
66.10000,-59.078939,-65.574357
66.11250,-59.078960,-65.574205
66.12500,-59.078987,-65.574056
66.13750,-59.079018,-65.573911
66.15000,-59.079053,-65.573770
66.16250,-59.079093,-65.573633
66.17500,-59.079138,-65.573499
66.18750,-59.079188,-65.573369
66.20000,-59.079242,-65.573242
66.21250,-59.079300,-65.573120
66.22500,-59.079363,-65.573000
66.23750,-59.079431,-65.572885
66.25000,-59.079503,-65.572773
66.26250,-59.079580,-65.572665
66.27500,-59.079661,-65.572560
66.28750,-59.079746,-65.572459
66.30000,-59.079836,-65.572362
66.31250,-59.079930,-65.572268
66.32500,-59.080029,-65.572178
66.33750,-59.080132,-65.572092
66.35000,-59.080239,-65.572009
66.36250,-59.080351,-65.571930
66.37500,-59.080467,-65.571854
66.38750,-59.080587,-65.571782
66.40000,-59.080712,-65.571713
66.41250,-59.080840,-65.571648
66.42500,-59.080973,-65.571587
66.43750,-59.081110,-65.571529
66.45000,-59.081252,-65.571475
66.46250,-59.081397,-65.571424
66.47500,-59.081547,-65.571377
66.48750,-59.081700,-65.571333
66.50000,-59.081858,-65.571293
66.51250,-59.082020,-65.571256
66.52500,-59.082186,-65.571223
66.53750,-59.082356,-65.571193
66.55000,-59.082530,-65.571167
66.56250,-59.082708,-65.571144
66.57500,-59.082889,-65.571124
66.58750,-59.083075,-65.571108
66.60000,-59.083265,-65.571096
66.61250,-59.083458,-65.571087
66.62500,-59.083656,-65.571081
66.63750,-59.083857,-65.571079
66.65000,-59.084062,-65.571080
66.66250,-59.084271,-65.571085
66.67500,-59.084483,-65.571092
66.68750,-59.084699,-65.571104
66.70000,-59.084919,-65.571118
66.71250,-59.085143,-65.571136
66.72500,-59.085370,-65.571157
66.73750,-59.085601,-65.571182
66.75000,-59.085836,-65.571210
66.76250,-59.086074,-65.571241
66.77500,-59.086316,-65.571275
66.78750,-59.086561,-65.571313
66.80000,-59.086809,-65.571354
66.81250,-59.087062,-65.571398
66.82500,-59.087317,-65.571445
66.83750,-59.087576,-65.571496
66.85000,-59.087839,-65.571549
66.86250,-59.088105,-65.571606
66.87500,-59.088374,-65.571667
66.88750,-59.088646,-65.571730
66.90000,-59.088922,-65.571796
66.91250,-59.089201,-65.571866
66.92500,-59.089484,-65.571938
66.93750,-59.089769,-65.572014
66.95000,-59.090058,-65.572093
66.96250,-59.090350,-65.572175
66.97500,-59.090645,-65.572260
66.98750,-59.090943,-65.572348
67.00000,-59.091244,-65.572439
67.01250,-59.091548,-65.572533
67.02500,-59.091855,-65.572630
67.03750,-59.092166,-65.572730
67.05000,-59.092479,-65.572833
67.06250,-59.092795,-65.572939
67.07500,-59.093114,-65.573048
67.08750,-59.093436,-65.573159
67.10000,-59.093761,-65.573274
67.11250,-59.094088,-65.573392
67.12500,-59.094419,-65.573512
67.13750,-59.094752,-65.573635
67.15000,-59.095088,-65.573761
67.16250,-59.095426,-65.573890
67.17500,-59.095768,-65.574022
67.18750,-59.096112,-65.574157
67.20000,-59.096458,-65.574294
67.21250,-59.096808,-65.574434
67.22500,-59.097159,-65.574577
67.23750,-59.097514,-65.574722
67.25000,-59.097870,-65.574871
67.26250,-59.098230,-65.575021
67.27500,-59.098591,-65.575175
67.28750,-59.098956,-65.575331
67.30000,-59.099322,-65.575490
67.31250,-59.099691,-65.575652
67.32500,-59.100062,-65.575816
67.33750,-59.100436,-65.575982
67.35000,-59.100812,-65.576152
67.36250,-59.101190,-65.576323
67.37500,-59.101570,-65.576498
67.38750,-59.101953,-65.576674
67.40000,-59.102337,-65.576854
67.41250,-59.102724,-65.577035
67.42500,-59.103113,-65.577220
67.43750,-59.103504,-65.577406
67.45000,-59.103897,-65.577595
67.46250,-59.104292,-65.577787
67.47500,-59.104689,-65.577980
67.48750,-59.105088,-65.578177
67.50000,-59.105489,-65.578375
67.51250,-59.105891,-65.578576
67.52500,-59.106296,-65.578779
67.53750,-59.106702,-65.578985
67.55000,-59.107111,-65.579192
67.56250,-59.107521,-65.579402
67.57500,-59.107932,-65.579614
67.58750,-59.108346,-65.579829
67.60000,-59.108761,-65.580045
67.61250,-59.109178,-65.580264
67.62500,-59.109596,-65.580485
67.63750,-59.110016,-65.580708
67.65000,-59.110438,-65.580933
67.66250,-59.110861,-65.581160
67.67500,-59.111285,-65.581389
67.68750,-59.111711,-65.581620
67.70000,-59.112139,-65.581854
67.71250,-59.112568,-65.582089
67.72500,-59.112998,-65.582326
67.73750,-59.113430,-65.582565
67.75000,-59.113863,-65.582806
67.76250,-59.114297,-65.583050
67.77500,-59.114733,-65.583295
67.78750,-59.115170,-65.583541
67.80000,-59.115608,-65.583790
67.81250,-59.116047,-65.584041
67.82500,-59.116487,-65.584293
67.83750,-59.116929,-65.584547
67.85000,-59.117371,-65.584803
67.86250,-59.117815,-65.585061
67.87500,-59.118259,-65.585320
67.88750,-59.118705,-65.585582
67.90000,-59.119152,-65.585844
67.91250,-59.119599,-65.586109
67.92500,-59.120048,-65.586375
67.93750,-59.120497,-65.586643
67.95000,-59.120947,-65.586912
67.96250,-59.121398,-65.587183
67.97500,-59.121850,-65.587456
67.98750,-59.122303,-65.587730
68.00000,-59.122756,-65.588005
68.01250,-59.123210,-65.588283
68.02500,-59.123665,-65.588561
68.03750,-59.124120,-65.588841
68.05000,-59.124576,-65.589123
68.06250,-59.125032,-65.589406
68.07500,-59.125490,-65.589690
68.08750,-59.125947,-65.589976
68.10000,-59.126405,-65.590263
68.11250,-59.126864,-65.590551
68.12500,-59.127323,-65.590841
68.13750,-59.127783,-65.591132
68.15000,-59.128243,-65.591424
68.16250,-59.128703,-65.591717
68.17500,-59.129163,-65.592012
68.18750,-59.129624,-65.592308
68.20000,-59.130085,-65.592605
68.21250,-59.130547,-65.592903
68.22500,-59.131009,-65.593202
68.23750,-59.131470,-65.593503
68.25000,-59.131932,-65.593804
68.26250,-59.132395,-65.594107
68.27500,-59.132857,-65.594411
68.28750,-59.133319,-65.594715
68.30000,-59.133782,-65.595021
68.31250,-59.134244,-65.595328
68.32500,-59.134707,-65.595635
68.33750,-59.135169,-65.595944
68.35000,-59.135631,-65.596254
68.36250,-59.136094,-65.596564
68.37500,-59.136556,-65.596875
68.38750,-59.137018,-65.597188
68.40000,-59.137480,-65.597501
68.41250,-59.137942,-65.597815
68.42500,-59.138403,-65.598129
68.43750,-59.138864,-65.598445
68.45000,-59.139326,-65.598761
68.46250,-59.139786,-65.599078
68.47500,-59.140247,-65.599395
68.48750,-59.140707,-65.599714
68.50000,-59.141166,-65.600033
68.51250,-59.141626,-65.600353
68.52500,-59.142085,-65.600673
68.53750,-59.142543,-65.600994
68.55000,-59.143001,-65.601315
68.56250,-59.143459,-65.601637
68.57500,-59.143916,-65.601960
68.58750,-59.144372,-65.602283
68.60000,-59.144828,-65.602607
68.61250,-59.145283,-65.602931
68.62500,-59.145738,-65.603256
68.63750,-59.146192,-65.603581
68.65000,-59.146645,-65.603906
68.66250,-59.147098,-65.604232
68.67500,-59.147550,-65.604558
68.68750,-59.148001,-65.604885
68.70000,-59.148451,-65.605212
68.71250,-59.148901,-65.605539
68.72500,-59.149350,-65.605867
68.73750,-59.149798,-65.606195
68.75000,-59.150245,-65.606523
68.76250,-59.150691,-65.606851
68.77500,-59.151136,-65.607180
68.78750,-59.151581,-65.607509
68.80000,-59.152024,-65.607838
68.81250,-59.152467,-65.608167
68.82500,-59.152908,-65.608496
68.83750,-59.153349,-65.608826
68.85000,-59.153788,-65.609155
68.86250,-59.154227,-65.609485
68.87500,-59.154664,-65.609814
68.88750,-59.155100,-65.610144
68.90000,-59.155535,-65.610474
68.91250,-59.155969,-65.610804
68.92500,-59.156402,-65.611134
68.93750,-59.156833,-65.611463
68.95000,-59.157264,-65.611793
68.96250,-59.157693,-65.612123
68.97500,-59.158121,-65.612452
68.98750,-59.158547,-65.612782
69.00000,-59.158972,-65.613111
69.01250,-59.159396,-65.613440
69.02500,-59.159819,-65.613769
69.03750,-59.160240,-65.614098
69.05000,-59.160660,-65.614426
69.06250,-59.161079,-65.614755
69.07500,-59.161496,-65.615083
69.08750,-59.161911,-65.615411
69.10000,-59.162325,-65.615739
69.11250,-59.162738,-65.616066
69.12500,-59.163149,-65.616393
69.13750,-59.163559,-65.616720
69.15000,-59.163967,-65.617046
69.16250,-59.164374,-65.617372
69.17500,-59.164779,-65.617698
69.18750,-59.165182,-65.618023
69.20000,-59.165584,-65.618348
69.21250,-59.165984,-65.618672
69.22500,-59.166383,-65.618996
69.23750,-59.166780,-65.619319
69.25000,-59.167175,-65.619642
69.26250,-59.167569,-65.619965
69.27500,-59.167961,-65.620287
69.28750,-59.168351,-65.620608
69.30000,-59.168739,-65.620929
69.31250,-59.169126,-65.621249
69.32500,-59.169511,-65.621569
69.33750,-59.169894,-65.621888
69.35000,-59.170275,-65.622206
69.36250,-59.170654,-65.622524
69.37500,-59.171032,-65.622841
69.38750,-59.171408,-65.623158
69.40000,-59.171782,-65.623474
69.41250,-59.172154,-65.623789
69.42500,-59.172524,-65.624103
69.43750,-59.172892,-65.624417
69.45000,-59.173258,-65.624730
69.46250,-59.173622,-65.625042
69.47500,-59.173985,-65.625353
69.48750,-59.174345,-65.625664
69.50000,-59.174703,-65.625974
69.51250,-59.175060,-65.626283
69.52500,-59.175414,-65.626591
69.53750,-59.175766,-65.626898
69.55000,-59.176116,-65.627204
69.56250,-59.176465,-65.627510
69.57500,-59.176811,-65.627814
69.58750,-59.177155,-65.628118
69.60000,-59.177497,-65.628421
69.61250,-59.177836,-65.628722
69.62500,-59.178174,-65.629023
69.63750,-59.178510,-65.629323
69.65000,-59.178843,-65.629622
69.66250,-59.179174,-65.629920
69.67500,-59.179503,-65.630217
69.68750,-59.179830,-65.630512
69.70000,-59.180155,-65.630807
69.71250,-59.180477,-65.631101
69.72500,-59.180798,-65.631394
69.73750,-59.181116,-65.631685
69.75000,-59.181432,-65.631976
69.76250,-59.181745,-65.632265
69.77500,-59.182056,-65.632553
69.78750,-59.182366,-65.632840
69.80000,-59.182672,-65.633126
69.81250,-59.182977,-65.633411
69.82500,-59.183279,-65.633695
69.83750,-59.183579,-65.633977
69.85000,-59.183876,-65.634258
69.86250,-59.184172,-65.634538
69.87500,-59.184464,-65.634817
69.88750,-59.184755,-65.635094
69.90000,-59.185043,-65.635371
69.91250,-59.185329,-65.635646
69.92500,-59.185612,-65.635920
69.93750,-59.185893,-65.636192
69.95000,-59.186172,-65.636463
69.96250,-59.186448,-65.636733
69.97500,-59.186722,-65.637002
69.98750,-59.186994,-65.637269
70.00000,-59.187263,-65.637535
70.01250,-59.187529,-65.637799
70.02500,-59.187794,-65.638063
70.03750,-59.188055,-65.638324
70.05000,-59.188315,-65.638585
70.06250,-59.188572,-65.638844
70.07500,-59.188826,-65.639101
70.08750,-59.189078,-65.639358
70.10000,-59.189327,-65.639612
70.11250,-59.189574,-65.639866
70.12500,-59.189819,-65.640118
70.13750,-59.190061,-65.640368
70.15000,-59.190300,-65.640617
70.16250,-59.190537,-65.640865
70.17500,-59.190772,-65.641111
70.18750,-59.191004,-65.641356
70.20000,-59.191233,-65.641599
70.21250,-59.191460,-65.641840
70.22500,-59.191685,-65.642080
70.23750,-59.191907,-65.642319
70.25000,-59.192126,-65.642556
70.26250,-59.192343,-65.642791
70.27500,-59.192557,-65.643025
70.28750,-59.192769,-65.643257
70.30000,-59.192978,-65.643488
70.31250,-59.193185,-65.643717
70.32500,-59.193389,-65.643945
70.33750,-59.193591,-65.644171
70.35000,-59.193790,-65.644396
70.36250,-59.193986,-65.644618
70.37500,-59.194180,-65.644840
70.38750,-59.194371,-65.645059
70.40000,-59.194560,-65.645277
70.41250,-59.194746,-65.645494
70.42500,-59.194930,-65.645708
70.43750,-59.195111,-65.645921
70.45000,-59.195290,-65.646133
70.46250,-59.195466,-65.646342
70.47500,-59.195639,-65.646551
70.48750,-59.195810,-65.646757
70.50000,-59.195978,-65.646962
70.51250,-59.196143,-65.647165
70.52500,-59.196306,-65.647366
70.53750,-59.196467,-65.647566
70.55000,-59.196625,-65.647764
70.56250,-59.196780,-65.647960
70.57500,-59.196933,-65.648154
70.58750,-59.197083,-65.648347
70.60000,-59.197230,-65.648538
70.61250,-59.197375,-65.648728
70.62500,-59.197518,-65.648915
70.63750,-59.197657,-65.649101
70.65000,-59.197795,-65.649285
70.66250,-59.197929,-65.649467
70.67500,-59.198061,-65.649648
70.68750,-59.198191,-65.649827
70.70000,-59.198318,-65.650004
70.71250,-59.198442,-65.650179
70.72500,-59.198564,-65.650353
70.73750,-59.198683,-65.650525
70.75000,-59.198800,-65.650695
70.76250,-59.198914,-65.650863
70.77500,-59.199026,-65.651029
70.78750,-59.199135,-65.651194
70.80000,-59.199241,-65.651357
70.81250,-59.199345,-65.651518
70.82500,-59.199446,-65.651677
70.83750,-59.199545,-65.651835
70.85000,-59.199641,-65.651990
70.86250,-59.199735,-65.652144
70.87500,-59.199826,-65.652296
70.88750,-59.199915,-65.652446
70.90000,-59.200001,-65.652595
70.91250,-59.200084,-65.652741
70.92500,-59.200165,-65.652886
70.93750,-59.200244,-65.653029
70.95000,-59.200320,-65.653170
70.96250,-59.200393,-65.653310
70.97500,-59.200464,-65.653447
70.98750,-59.200533,-65.653583
71.00000,-59.200599,-65.653716
71.01250,-59.200663,-65.653848
71.02500,-59.200724,-65.653979
71.03750,-59.200782,-65.654107
71.05000,-59.200838,-65.654233
71.06250,-59.200892,-65.654358
71.07500,-59.200943,-65.654481
71.08750,-59.200992,-65.654602
71.10000,-59.201038,-65.654721
71.11250,-59.201082,-65.654838
71.12500,-59.201123,-65.654954
71.13750,-59.201162,-65.655067
71.15000,-59.201199,-65.655179
71.16250,-59.201233,-65.655289
71.17500,-59.201264,-65.655397
71.18750,-59.201294,-65.655503
71.20000,-59.201320,-65.655608
71.21250,-59.201345,-65.655710
71.22500,-59.201367,-65.655811
71.23750,-59.201387,-65.655910
71.25000,-59.201404,-65.656007
71.26250,-59.201419,-65.656102
71.27500,-59.201432,-65.656196
71.28750,-59.201442,-65.656287
71.30000,-59.201450,-65.656377
71.31250,-59.201455,-65.656465
71.32500,-59.201458,-65.656551
71.33750,-59.201459,-65.656635
71.35000,-59.201458,-65.656718
71.36250,-59.201454,-65.656798
71.37500,-59.201448,-65.656877
71.38750,-59.201440,-65.656954
71.40000,-59.201430,-65.657029
71.41250,-59.201417,-65.657102
71.42500,-59.201402,-65.657174
71.43750,-59.201384,-65.657244
71.45000,-59.201365,-65.657311
71.46250,-59.201343,-65.657377
71.47500,-59.201319,-65.657442
71.48750,-59.201293,-65.657504
71.50000,-59.201264,-65.657565
71.51250,-59.201233,-65.657624
71.52500,-59.201201,-65.657681
71.53750,-59.201166,-65.657736
71.55000,-59.201128,-65.657789
71.56250,-59.201089,-65.657841
71.57500,-59.201047,-65.657891
71.58750,-59.201004,-65.657939
71.60000,-59.200958,-65.657985
71.61250,-59.200910,-65.658030
71.62500,-59.200860,-65.658073
71.63750,-59.200808,-65.658114
71.65000,-59.200754,-65.658153
71.66250,-59.200698,-65.658190
71.67500,-59.200639,-65.658226
71.68750,-59.200579,-65.658260
71.70000,-59.200516,-65.658292
71.71250,-59.200452,-65.658323
71.72500,-59.200385,-65.658351
71.73750,-59.200317,-65.658378
71.75000,-59.200246,-65.658404
71.76250,-59.200174,-65.658427
71.77500,-59.200099,-65.658449
71.78750,-59.200023,-65.658469
71.80000,-59.199944,-65.658488
71.81250,-59.199864,-65.658504
71.82500,-59.199782,-65.658519
71.83750,-59.199697,-65.658533
71.85000,-59.199611,-65.658544
71.86250,-59.199523,-65.658554
71.87500,-59.199433,-65.658563
71.88750,-59.199341,-65.658569
71.90000,-59.199247,-65.658574
71.91250,-59.199152,-65.658577
71.92500,-59.199055,-65.658579
71.93750,-59.198955,-65.658579
71.95000,-59.198854,-65.658577
71.96250,-59.198751,-65.658574
71.97500,-59.198647,-65.658569
71.98750,-59.198540,-65.658562
72.00000,-59.198432,-65.658554
72.01250,-59.198322,-65.658544
72.02500,-59.198210,-65.658533
72.03750,-59.198097,-65.658520
72.05000,-59.197982,-65.658505
72.06250,-59.197865,-65.658489
72.07500,-59.197746,-65.658471
72.08750,-59.197626,-65.658452
72.10000,-59.197504,-65.658431
72.11250,-59.197380,-65.658408
72.12500,-59.197255,-65.658384
72.13750,-59.197128,-65.658358
72.15000,-59.197000,-65.658331
72.16250,-59.196870,-65.658302
72.17500,-59.196738,-65.658272
72.18750,-59.196605,-65.658240
72.20000,-59.196470,-65.658207
72.21250,-59.196334,-65.658172
72.22500,-59.196196,-65.658136
72.23750,-59.196056,-65.658098
72.25000,-59.195915,-65.658059
72.26250,-59.195773,-65.658018
72.27500,-59.195629,-65.657975
72.28750,-59.195483,-65.657932
72.30000,-59.195336,-65.657887
72.31250,-59.195188,-65.657840
72.32500,-59.195038,-65.657792
72.33750,-59.194887,-65.657742
72.35000,-59.194735,-65.657691
72.36250,-59.194581,-65.657639
72.37500,-59.194425,-65.657585
72.38750,-59.194268,-65.657530
72.40000,-59.194110,-65.657473
72.41250,-59.193951,-65.657415
72.42500,-59.193790,-65.657356
72.43750,-59.193628,-65.657295
72.45000,-59.193465,-65.657233
72.46250,-59.193300,-65.657170
72.47500,-59.193134,-65.657105
72.48750,-59.192967,-65.657039
72.50000,-59.192799,-65.656972
72.51250,-59.192629,-65.656903
72.52500,-59.192458,-65.656833
72.53750,-59.192286,-65.656761
72.55000,-59.192113,-65.656689
72.56250,-59.191939,-65.656615
72.57500,-59.191763,-65.656540
72.58750,-59.191586,-65.656463
72.60000,-59.191408,-65.656385
72.61250,-59.191229,-65.656306
72.62500,-59.191049,-65.656226
72.63750,-59.190868,-65.656145
72.65000,-59.190686,-65.656062
72.66250,-59.190503,-65.655978
72.67500,-59.190318,-65.655893
72.68750,-59.190133,-65.655806
72.70000,-59.189947,-65.655719
72.71250,-59.189759,-65.655630
72.72500,-59.189571,-65.655540
72.73750,-59.189382,-65.655449
72.75000,-59.189191,-65.655357
72.76250,-59.189000,-65.655264
72.77500,-59.188808,-65.655169
72.78750,-59.188615,-65.655074
72.80000,-59.188421,-65.654977
72.81250,-59.188226,-65.654879
72.82500,-59.188030,-65.654780
72.83750,-59.187834,-65.654680
72.85000,-59.187636,-65.654579
72.86250,-59.187438,-65.654477
72.87500,-59.187239,-65.654374
72.88750,-59.187039,-65.654270
72.90000,-59.186838,-65.654165
72.91250,-59.186637,-65.654058
72.92500,-59.186434,-65.653951
72.93750,-59.186231,-65.653843
72.95000,-59.186028,-65.653733
72.96250,-59.185823,-65.653623
72.97500,-59.185618,-65.653512
72.98750,-59.185412,-65.653400
73.00000,-59.185206,-65.653286
73.01250,-59.184999,-65.653172
73.02500,-59.184791,-65.653057
73.03750,-59.184582,-65.652941
73.05000,-59.184373,-65.652824
73.06250,-59.184164,-65.652706
73.07500,-59.183953,-65.652587
73.08750,-59.183742,-65.652468
73.10000,-59.183531,-65.652347
73.11250,-59.183319,-65.652226
73.12500,-59.183107,-65.652103
73.13750,-59.182894,-65.651980
73.15000,-59.182680,-65.651856
73.16250,-59.182466,-65.651732
73.17500,-59.182251,-65.651606
73.18750,-59.182036,-65.651479
73.20000,-59.181821,-65.651352
73.21250,-59.181605,-65.651224
73.22500,-59.181389,-65.651095
73.23750,-59.181172,-65.650966
73.25000,-59.180955,-65.650835
73.26250,-59.180738,-65.650704
73.27500,-59.180520,-65.650573
73.28750,-59.180302,-65.650440
73.30000,-59.180083,-65.650307
73.31250,-59.179864,-65.650173
73.32500,-59.179645,-65.650038
73.33750,-59.179425,-65.649903
73.35000,-59.179206,-65.649766
73.36250,-59.178986,-65.649630
73.37500,-59.178765,-65.649492
73.38750,-59.178545,-65.649354
73.40000,-59.178324,-65.649216
73.41250,-59.178103,-65.649076
73.42500,-59.177882,-65.648936
73.43750,-59.177660,-65.648796
73.45000,-59.177439,-65.648655
73.46250,-59.177217,-65.648513
73.47500,-59.176995,-65.648371
73.48750,-59.176773,-65.648228
73.50000,-59.176551,-65.648084
73.51250,-59.176328,-65.647940
73.52500,-59.176106,-65.647796
73.53750,-59.175883,-65.647651
73.55000,-59.175661,-65.647505
73.56250,-59.175438,-65.647359
73.57500,-59.175216,-65.647212
73.58750,-59.174993,-65.647065
73.60000,-59.174770,-65.646918
73.61250,-59.174547,-65.646770
73.62500,-59.174325,-65.646621
73.63750,-59.174102,-65.646472
73.65000,-59.173879,-65.646323
73.66250,-59.173656,-65.646173
73.67500,-59.173434,-65.646023
73.68750,-59.173211,-65.645872
73.70000,-59.172989,-65.645721
73.71250,-59.172766,-65.645570
73.72500,-59.172544,-65.645418
73.73750,-59.172322,-65.645266
73.75000,-59.172100,-65.645113
73.76250,-59.171878,-65.644961
73.77500,-59.171656,-65.644807
73.78750,-59.171435,-65.644654
73.80000,-59.171213,-65.644500
73.81250,-59.170992,-65.644346
73.82500,-59.170771,-65.644192
73.83750,-59.170550,-65.644037
73.85000,-59.170329,-65.643882
73.86250,-59.170109,-65.643726
73.87500,-59.169889,-65.643571
73.88750,-59.169669,-65.643415
73.90000,-59.169449,-65.643259
73.91250,-59.169230,-65.643103
73.92500,-59.169011,-65.642946
73.93750,-59.168792,-65.642790
73.95000,-59.168574,-65.642633
73.96250,-59.168356,-65.642476
73.97500,-59.168138,-65.642319
73.98750,-59.167921,-65.642161
74.00000,-59.167704,-65.642003
74.01250,-59.167487,-65.641846
74.02500,-59.167271,-65.641688
74.03750,-59.167055,-65.641530
74.05000,-59.166840,-65.641372
74.06250,-59.166625,-65.641213
74.07500,-59.166410,-65.641055
74.08750,-59.166196,-65.640897
74.10000,-59.165982,-65.640738
74.11250,-59.165769,-65.640579
74.12500,-59.165556,-65.640421
74.13750,-59.165344,-65.640262
74.15000,-59.165132,-65.640103
74.16250,-59.164921,-65.639944
74.17500,-59.164710,-65.639786
74.18750,-59.164500,-65.639627
74.20000,-59.164290,-65.639468
74.21250,-59.164081,-65.639309
74.22500,-59.163872,-65.639150
74.23750,-59.163664,-65.638991
74.25000,-59.163456,-65.638832
74.26250,-59.163249,-65.638673
74.27500,-59.163043,-65.638515
74.28750,-59.162837,-65.638356
74.30000,-59.162632,-65.638197
74.31250,-59.162428,-65.638039
74.32500,-59.162224,-65.637880
74.33750,-59.162021,-65.637722
74.35000,-59.161818,-65.637563
74.36250,-59.161616,-65.637405
74.37500,-59.161415,-65.637247
74.38750,-59.161214,-65.637089
74.40000,-59.161014,-65.636931
74.41250,-59.160815,-65.636773
74.42500,-59.160617,-65.636616
74.43750,-59.160419,-65.636458
74.45000,-59.160222,-65.636301
74.46250,-59.160025,-65.636144
74.47500,-59.159830,-65.635987
74.48750,-59.159635,-65.635830
74.50000,-59.159441,-65.635674
74.51250,-59.159248,-65.635517
74.52500,-59.159055,-65.635361
74.53750,-59.158863,-65.635205
74.55000,-59.158673,-65.635050
74.56250,-59.158482,-65.634894
74.57500,-59.158293,-65.634739
74.58750,-59.158105,-65.634584
74.60000,-59.157917,-65.634430
74.61250,-59.157730,-65.634275
74.62500,-59.157544,-65.634121
74.63750,-59.157359,-65.633967
74.65000,-59.157174,-65.633814
74.66250,-59.156991,-65.633661
74.67500,-59.156808,-65.633508
74.68750,-59.156627,-65.633355
74.70000,-59.156446,-65.633203
74.71250,-59.156266,-65.633051
74.72500,-59.156087,-65.632899
74.73750,-59.155909,-65.632748
74.75000,-59.155732,-65.632597
74.76250,-59.155555,-65.632447
74.77500,-59.155380,-65.632296
74.78750,-59.155206,-65.632147
74.80000,-59.155032,-65.631997
74.81250,-59.154860,-65.631848
74.82500,-59.154688,-65.631700
74.83750,-59.154517,-65.631551
74.85000,-59.154348,-65.631404
74.86250,-59.154179,-65.631256
74.87500,-59.154011,-65.631109
74.88750,-59.153845,-65.630963
74.90000,-59.153679,-65.630817
74.91250,-59.153514,-65.630671
74.92500,-59.153351,-65.630526
74.93750,-59.153188,-65.630381
74.95000,-59.153026,-65.630237
74.96250,-59.152866,-65.630093
74.97500,-59.152706,-65.629950
74.98750,-59.152548,-65.629807
75.00000,-59.152390,-65.629665
75.01250,-59.152233,-65.629523
75.02500,-59.152078,-65.629382
75.03750,-59.151924,-65.629241
75.05000,-59.151770,-65.629101
75.06250,-59.151618,-65.628961
75.07500,-59.151467,-65.628822
75.08750,-59.151317,-65.628683
75.10000,-59.151168,-65.628545
75.11250,-59.151020,-65.628407
75.12500,-59.150873,-65.628270
75.13750,-59.150727,-65.628134
75.15000,-59.150583,-65.627998
75.16250,-59.150439,-65.627863
75.17500,-59.150297,-65.627728
75.18750,-59.150156,-65.627594
75.20000,-59.150015,-65.627460
75.21250,-59.149876,-65.627328
75.22500,-59.149738,-65.627195
75.23750,-59.149602,-65.627063
75.25000,-59.149466,-65.626932
75.26250,-59.149332,-65.626802
75.27500,-59.149198,-65.626672
75.28750,-59.149066,-65.626543
75.30000,-59.148935,-65.626414
75.31250,-59.148805,-65.626286
75.32500,-59.148676,-65.626159
75.33750,-59.148549,-65.626032
75.35000,-59.148422,-65.625906
75.36250,-59.148297,-65.625781
75.37500,-59.148173,-65.625656
75.38750,-59.148050,-65.625532
75.40000,-59.147928,-65.625409
75.41250,-59.147808,-65.625286
75.42500,-59.147688,-65.625164
75.43750,-59.147570,-65.625043
75.45000,-59.147453,-65.624922
75.46250,-59.147337,-65.624802
75.47500,-59.147223,-65.624683
75.48750,-59.147110,-65.624565
75.50000,-59.146997,-65.624447
75.51250,-59.146886,-65.624330
75.52500,-59.146777,-65.624214
75.53750,-59.146668,-65.624098
75.55000,-59.146561,-65.623983
75.56250,-59.146454,-65.623869
75.57500,-59.146350,-65.623756
75.58750,-59.146246,-65.623643
75.60000,-59.146143,-65.623531
75.61250,-59.146042,-65.623420
75.62500,-59.145942,-65.623309
75.63750,-59.145843,-65.623200
75.65000,-59.145746,-65.623091
75.66250,-59.145649,-65.622983
75.67500,-59.145554,-65.622875
75.68750,-59.145460,-65.622769
75.70000,-59.145367,-65.622663
75.71250,-59.145276,-65.622558
75.72500,-59.145186,-65.622454
75.73750,-59.145097,-65.622350
75.75000,-59.145009,-65.622248
75.76250,-59.144922,-65.622146
75.77500,-59.144837,-65.622045
75.78750,-59.144753,-65.621944
75.80000,-59.144670,-65.621845
75.81250,-59.144589,-65.621746
75.82500,-59.144508,-65.621648
75.83750,-59.144429,-65.621551
75.85000,-59.144351,-65.621455
75.86250,-59.144275,-65.621359
75.87500,-59.144199,-65.621265
75.88750,-59.144125,-65.621171
75.90000,-59.144052,-65.621078
75.91250,-59.143980,-65.620986
75.92500,-59.143910,-65.620894
75.93750,-59.143841,-65.620804
75.95000,-59.143773,-65.620714
75.96250,-59.143706,-65.620625
75.97500,-59.143641,-65.620537
75.98750,-59.143576,-65.620450
76.00000,-59.143513,-65.620364
76.01250,-59.143452,-65.620278
76.02500,-59.143391,-65.620194
76.03750,-59.143332,-65.620110
76.05000,-59.143274,-65.620027
76.06250,-59.143217,-65.619945
76.07500,-59.143161,-65.619864
76.08750,-59.143107,-65.619784
76.10000,-59.143054,-65.619704
76.11250,-59.143002,-65.619625
76.12500,-59.142951,-65.619548
76.13750,-59.142902,-65.619471
76.15000,-59.142854,-65.619395
76.16250,-59.142807,-65.619319
76.17500,-59.142761,-65.619245
76.18750,-59.142716,-65.619172
76.20000,-59.142673,-65.619099
76.21250,-59.142631,-65.619027
76.22500,-59.142590,-65.618957
76.23750,-59.142551,-65.618887
76.25000,-59.142512,-65.618817
76.26250,-59.142475,-65.618749
76.27500,-59.142439,-65.618682
76.28750,-59.142404,-65.618615
76.30000,-59.142370,-65.618550
76.31250,-59.142338,-65.618485
76.32500,-59.142307,-65.618421
76.33750,-59.142277,-65.618358
76.35000,-59.142248,-65.618296
76.36250,-59.142220,-65.618235
76.37500,-59.142194,-65.618175
76.38750,-59.142169,-65.618115
76.40000,-59.142145,-65.618057
76.41250,-59.142122,-65.617999
76.42500,-59.142100,-65.617942
76.43750,-59.142080,-65.617886
76.45000,-59.142061,-65.617831
76.46250,-59.142042,-65.617777
76.47500,-59.142025,-65.617724
76.48750,-59.142010,-65.617672
76.50000,-59.141995,-65.617620
76.51250,-59.141982,-65.617570
76.52500,-59.141969,-65.617520
76.53750,-59.141958,-65.617471
76.55000,-59.141948,-65.617423
76.56250,-59.141939,-65.617376
76.57500,-59.141932,-65.617330
76.58750,-59.141925,-65.617285
76.60000,-59.141920,-65.617240
76.61250,-59.141915,-65.617197
76.62500,-59.141912,-65.617154
76.63750,-59.141910,-65.617112
76.65000,-59.141909,-65.617072
76.66250,-59.141910,-65.617032
76.67500,-59.141911,-65.616992
76.68750,-59.141913,-65.616954
76.70000,-59.141917,-65.616917
76.71250,-59.141922,-65.616880
76.72500,-59.141927,-65.616845
76.73750,-59.141934,-65.616810
76.75000,-59.141942,-65.616776
76.76250,-59.141951,-65.616743
76.77500,-59.141961,-65.616711
76.78750,-59.141973,-65.616680
76.80000,-59.141985,-65.616650
76.81250,-59.141998,-65.616620
76.82500,-59.142013,-65.616591
76.83750,-59.142028,-65.616564
76.85000,-59.142045,-65.616537
76.86250,-59.142062,-65.616511
76.87500,-59.142081,-65.616486
76.88750,-59.142101,-65.616461
76.90000,-59.142122,-65.616438
76.91250,-59.142143,-65.616415
76.92500,-59.142166,-65.616393
76.93750,-59.142190,-65.616373
76.95000,-59.142215,-65.616353
76.96250,-59.142241,-65.616333
76.97500,-59.142268,-65.616315
76.98750,-59.142296,-65.616298
77.00000,-59.142325,-65.616281
77.01250,-59.142355,-65.616265
77.02500,-59.142385,-65.616250
77.03750,-59.142417,-65.616236
77.05000,-59.142450,-65.616223
77.06250,-59.142484,-65.616210
77.07500,-59.142519,-65.616199
77.08750,-59.142555,-65.616188
77.10000,-59.142591,-65.616178
77.11250,-59.142629,-65.616169
77.12500,-59.142668,-65.616161
77.13750,-59.142707,-65.616153
77.15000,-59.142748,-65.616147
77.16250,-59.142789,-65.616141
77.17500,-59.142832,-65.616136
77.18750,-59.142875,-65.616132
77.20000,-59.142919,-65.616128
77.21250,-59.142964,-65.616126
77.22500,-59.143010,-65.616124
77.23750,-59.143057,-65.616123
77.25000,-59.143105,-65.616123
77.26250,-59.143154,-65.616123
77.27500,-59.143204,-65.616125
77.28750,-59.143254,-65.616127
77.30000,-59.143305,-65.616130
77.31250,-59.143358,-65.616134
77.32500,-59.143411,-65.616138
77.33750,-59.143465,-65.616144
77.35000,-59.143519,-65.616150
77.36250,-59.143575,-65.616157
77.37500,-59.143632,-65.616165
77.38750,-59.143689,-65.616173
77.40000,-59.143747,-65.616182
77.41250,-59.143806,-65.616192
77.42500,-59.143866,-65.616203
77.43750,-59.143926,-65.616214
77.45000,-59.143988,-65.616227
77.46250,-59.144050,-65.616240
77.47500,-59.144113,-65.616253
77.48750,-59.144176,-65.616268
77.50000,-59.144241,-65.616283
77.51250,-59.144306,-65.616299
77.52500,-59.144372,-65.616316
77.53750,-59.144439,-65.616333
77.55000,-59.144506,-65.616352
77.56250,-59.144574,-65.616370
77.57500,-59.144643,-65.616390
77.58750,-59.144713,-65.616410
77.60000,-59.144784,-65.616431
77.61250,-59.144855,-65.616453
77.62500,-59.144927,-65.616476
77.63750,-59.144999,-65.616499
77.65000,-59.145072,-65.616523
77.66250,-59.145146,-65.616547
77.67500,-59.145221,-65.616572
77.68750,-59.145296,-65.616598
77.70000,-59.145372,-65.616625
77.71250,-59.145449,-65.616652
77.72500,-59.145526,-65.616680
77.73750,-59.145604,-65.616709
77.75000,-59.145683,-65.616738
77.76250,-59.145762,-65.616768
77.77500,-59.145842,-65.616799
77.78750,-59.145922,-65.616830
77.80000,-59.146003,-65.616862
77.81250,-59.146085,-65.616894
77.82500,-59.146167,-65.616927
77.83750,-59.146250,-65.616961
77.85000,-59.146334,-65.616996
77.86250,-59.146418,-65.617031
77.87500,-59.146502,-65.617067
77.88750,-59.146588,-65.617103
77.90000,-59.146673,-65.617140
77.91250,-59.146760,-65.617178
77.92500,-59.146846,-65.617216
77.93750,-59.146934,-65.617255
77.95000,-59.147022,-65.617294
77.96250,-59.147110,-65.617334
77.97500,-59.147199,-65.617375
77.98750,-59.147289,-65.617416
78.00000,-59.147379,-65.617458
78.01250,-59.147469,-65.617500
78.02500,-59.147560,-65.617543
78.03750,-59.147652,-65.617586
78.05000,-59.147744,-65.617630
78.06250,-59.147836,-65.617675
78.07500,-59.147929,-65.617720
78.08750,-59.148022,-65.617766
78.10000,-59.148116,-65.617812
78.11250,-59.148211,-65.617859
78.12500,-59.148305,-65.617906
78.13750,-59.148400,-65.617954
78.15000,-59.148496,-65.618003
78.16250,-59.148592,-65.618052
78.17500,-59.148688,-65.618101
78.18750,-59.148785,-65.618151
78.20000,-59.148882,-65.618202
78.21250,-59.148980,-65.618253
78.22500,-59.149078,-65.618304
78.23750,-59.149176,-65.618356
78.25000,-59.149275,-65.618409
78.26250,-59.149374,-65.618462
78.27500,-59.149473,-65.618515
78.28750,-59.149573,-65.618569
78.30000,-59.149673,-65.618624
78.31250,-59.149773,-65.618679
78.32500,-59.149874,-65.618734
78.33750,-59.149975,-65.618790
78.35000,-59.150076,-65.618846
78.36250,-59.150178,-65.618903
78.37500,-59.150280,-65.618960
78.38750,-59.150382,-65.619018
78.40000,-59.150485,-65.619076
78.41250,-59.150588,-65.619134
78.42500,-59.150691,-65.619193
78.43750,-59.150794,-65.619252
78.45000,-59.150898,-65.619312
78.46250,-59.151002,-65.619372
78.47500,-59.151106,-65.619433
78.48750,-59.151210,-65.619494
78.50000,-59.151315,-65.619555
78.51250,-59.151420,-65.619617
78.52500,-59.151525,-65.619679
78.53750,-59.151630,-65.619742
78.55000,-59.151735,-65.619805
78.56250,-59.151841,-65.619868
78.57500,-59.151947,-65.619932
78.58750,-59.152053,-65.619996
78.60000,-59.152159,-65.620060
78.61250,-59.152265,-65.620125
78.62500,-59.152372,-65.620190
78.63750,-59.152478,-65.620255
78.65000,-59.152585,-65.620321
78.66250,-59.152692,-65.620387
78.67500,-59.152799,-65.620454
78.68750,-59.152906,-65.620520
78.70000,-59.153014,-65.620587
78.71250,-59.153121,-65.620655
78.72500,-59.153229,-65.620722
78.73750,-59.153336,-65.620790
78.75000,-59.153444,-65.620859
78.76250,-59.153552,-65.620927
78.77500,-59.153660,-65.620996
78.78750,-59.153768,-65.621065
78.80000,-59.153876,-65.621135
78.81250,-59.153984,-65.621204
78.82500,-59.154092,-65.621274
78.83750,-59.154201,-65.621345
78.85000,-59.154309,-65.621415
78.86250,-59.154417,-65.621486
78.87500,-59.154526,-65.621557
78.88750,-59.154634,-65.621628
78.90000,-59.154742,-65.621700
78.91250,-59.154851,-65.621771
78.92500,-59.154959,-65.621843
78.93750,-59.155068,-65.621916
78.95000,-59.155176,-65.621988
78.96250,-59.155284,-65.622061
78.97500,-59.155393,-65.622133
78.98750,-59.155501,-65.622206
79.00000,-59.155609,-65.622280
79.01250,-59.155718,-65.622353
79.02500,-59.155826,-65.622427
79.03750,-59.155934,-65.622500
79.05000,-59.156042,-65.622574
79.06250,-59.156150,-65.622649
79.07500,-59.156258,-65.622723
79.08750,-59.156366,-65.622797
79.10000,-59.156474,-65.622872
79.11250,-59.156582,-65.622947
79.12500,-59.156689,-65.623022
79.13750,-59.156797,-65.623097
79.15000,-59.156905,-65.623172
79.16250,-59.157012,-65.623248
79.17500,-59.157119,-65.623323
79.18750,-59.157226,-65.623399
79.20000,-59.157333,-65.623474
79.21250,-59.157440,-65.623550
79.22500,-59.157547,-65.623626
79.23750,-59.157653,-65.623702
79.25000,-59.157760,-65.623779
79.26250,-59.157866,-65.623855
79.27500,-59.157972,-65.623931
79.28750,-59.158078,-65.624008
79.30000,-59.158184,-65.624084
79.31250,-59.158289,-65.624161
79.32500,-59.158395,-65.624238
79.33750,-59.158500,-65.624315
79.35000,-59.158605,-65.624391
79.36250,-59.158710,-65.624468
79.37500,-59.158815,-65.624545
79.38750,-59.158919,-65.624622
79.40000,-59.159023,-65.624699
79.41250,-59.159127,-65.624777
79.42500,-59.159231,-65.624854
79.43750,-59.159334,-65.624931
79.45000,-59.159438,-65.625008
79.46250,-59.159541,-65.625085
79.47500,-59.159643,-65.625163
79.48750,-59.159746,-65.625240
79.50000,-59.159848,-65.625317
79.51250,-59.159950,-65.625394
79.52500,-59.160052,-65.625472
79.53750,-59.160153,-65.625549
79.55000,-59.160255,-65.625626
79.56250,-59.160356,-65.625704
79.57500,-59.160456,-65.625781
79.58750,-59.160557,-65.625858
79.60000,-59.160657,-65.625935
79.61250,-59.160756,-65.626013
79.62500,-59.160856,-65.626090
79.63750,-59.160955,-65.626167
79.65000,-59.161054,-65.626244
79.66250,-59.161152,-65.626321
79.67500,-59.161250,-65.626398
79.68750,-59.161348,-65.626475
79.70000,-59.161446,-65.626552
79.71250,-59.161543,-65.626628
79.72500,-59.161640,-65.626705
79.73750,-59.161736,-65.626782
79.75000,-59.161832,-65.626858
79.76250,-59.161928,-65.626935
79.77500,-59.162023,-65.627011
79.78750,-59.162118,-65.627088
79.80000,-59.162213,-65.627164
79.81250,-59.162307,-65.627240
79.82500,-59.162401,-65.627316
79.83750,-59.162495,-65.627392
79.85000,-59.162588,-65.627468
79.86250,-59.162681,-65.627543
79.87500,-59.162773,-65.627619
79.88750,-59.162865,-65.627694
79.90000,-59.162957,-65.627770
79.91250,-59.163048,-65.627845
79.92500,-59.163139,-65.627920
79.93750,-59.163229,-65.627995
79.95000,-59.163319,-65.628070
79.96250,-59.163408,-65.628145
79.97500,-59.163498,-65.628219
79.98750,-59.163586,-65.628293
80.00000,-59.163674,-65.628368
80.01250,-59.163762,-65.628442
80.02500,-59.163850,-65.628515
80.03750,-59.163936,-65.628589
80.05000,-59.164023,-65.628663
80.06250,-59.164109,-65.628736
80.07500,-59.164195,-65.628809
80.08750,-59.164280,-65.628882
80.10000,-59.164364,-65.628955
80.11250,-59.164448,-65.629028
80.12500,-59.164532,-65.629100
80.13750,-59.164615,-65.629172
80.15000,-59.164698,-65.629244
80.16250,-59.164781,-65.629316
80.17500,-59.164862,-65.629388
80.18750,-59.164944,-65.629459
80.20000,-59.165025,-65.629531
80.21250,-59.165105,-65.629602
80.22500,-59.165185,-65.629672
80.23750,-59.165264,-65.629743
80.25000,-59.165343,-65.629813
80.26250,-59.165421,-65.629883
80.27500,-59.165499,-65.629953
80.28750,-59.165577,-65.630023
80.30000,-59.165654,-65.630092
80.31250,-59.165730,-65.630161
80.32500,-59.165806,-65.630230
80.33750,-59.165881,-65.630299
80.35000,-59.165956,-65.630367
80.36250,-59.166030,-65.630435
80.37500,-59.166104,-65.630503
80.38750,-59.166177,-65.630571
80.40000,-59.166250,-65.630638
80.41250,-59.166322,-65.630705
80.42500,-59.166394,-65.630772
80.43750,-59.166465,-65.630839
80.45000,-59.166535,-65.630905
80.46250,-59.166606,-65.630971
80.47500,-59.166675,-65.631037
80.48750,-59.166744,-65.631102
80.50000,-59.166812,-65.631167
80.51250,-59.166880,-65.631232
80.52500,-59.166948,-65.631297
80.53750,-59.167014,-65.631361
80.55000,-59.167080,-65.631425
80.56250,-59.167146,-65.631489
80.57500,-59.167211,-65.631552
80.58750,-59.167276,-65.631615
80.60000,-59.167340,-65.631678
80.61250,-59.167403,-65.631740
80.62500,-59.167466,-65.631802
80.63750,-59.167528,-65.631864
80.65000,-59.167590,-65.631926
80.66250,-59.167651,-65.631987
80.67500,-59.167712,-65.632048
80.68750,-59.167772,-65.632108
80.70000,-59.167831,-65.632168
80.71250,-59.167890,-65.632228
80.72500,-59.167948,-65.632288
80.73750,-59.168006,-65.632347
80.75000,-59.168063,-65.632406
80.76250,-59.168119,-65.632464
80.77500,-59.168175,-65.632522
80.78750,-59.168231,-65.632580
80.80000,-59.168285,-65.632638
80.81250,-59.168340,-65.632695
80.82500,-59.168393,-65.632752
80.83750,-59.168446,-65.632808
80.85000,-59.168499,-65.632864
80.86250,-59.168550,-65.632920
80.87500,-59.168602,-65.632975
80.88750,-59.168652,-65.633030
80.90000,-59.168702,-65.633085
80.91250,-59.168752,-65.633139
80.92500,-59.168801,-65.633193
80.93750,-59.168849,-65.633246
80.95000,-59.168896,-65.633299
80.96250,-59.168943,-65.633352
80.97500,-59.168990,-65.633405
80.98750,-59.169036,-65.633457
81.00000,-59.169081,-65.633508
81.01250,-59.169126,-65.633560
81.02500,-59.169170,-65.633610
81.03750,-59.169213,-65.633661
81.05000,-59.169256,-65.633711
81.06250,-59.169298,-65.633761
81.07500,-59.169340,-65.633810
81.08750,-59.169381,-65.633859
81.10000,-59.169421,-65.633908
81.11250,-59.169461,-65.633956
81.12500,-59.169501,-65.634004
81.13750,-59.169539,-65.634051
81.15000,-59.169577,-65.634098
81.16250,-59.169615,-65.634145
81.17500,-59.169651,-65.634191
81.18750,-59.169688,-65.634237
81.20000,-59.169723,-65.634282
81.21250,-59.169758,-65.634327
81.22500,-59.169793,-65.634372
81.23750,-59.169827,-65.634416
81.25000,-59.169860,-65.634460
81.26250,-59.169892,-65.634503
81.27500,-59.169924,-65.634546
81.28750,-59.169956,-65.634589
81.30000,-59.169987,-65.634631
81.31250,-59.170017,-65.634672
81.32500,-59.170046,-65.634714
81.33750,-59.170075,-65.634755
81.35000,-59.170104,-65.634795
81.36250,-59.170131,-65.634835
81.37500,-59.170159,-65.634875
81.38750,-59.170185,-65.634914
81.40000,-59.170211,-65.634953
81.41250,-59.170237,-65.634991
81.42500,-59.170261,-65.635029
81.43750,-59.170286,-65.635067
81.45000,-59.170309,-65.635104
81.46250,-59.170332,-65.635141
81.47500,-59.170354,-65.635177
81.48750,-59.170376,-65.635213
81.50000,-59.170397,-65.635248
81.51250,-59.170418,-65.635283
81.52500,-59.170438,-65.635318
81.53750,-59.170458,-65.635352
81.55000,-59.170476,-65.635386
81.56250,-59.170495,-65.635419
81.57500,-59.170512,-65.635452
81.58750,-59.170529,-65.635485
81.60000,-59.170546,-65.635517
81.61250,-59.170562,-65.635548
81.62500,-59.170577,-65.635580
81.63750,-59.170592,-65.635610
81.65000,-59.170606,-65.635641
81.66250,-59.170619,-65.635671
81.67500,-59.170632,-65.635700
81.68750,-59.170645,-65.635729
81.70000,-59.170657,-65.635758
81.71250,-59.170668,-65.635786
81.72500,-59.170679,-65.635814
81.73750,-59.170689,-65.635841
81.75000,-59.170698,-65.635868
81.76250,-59.170707,-65.635894
81.77500,-59.170716,-65.635920
81.78750,-59.170723,-65.635946
81.80000,-59.170731,-65.635971
81.81250,-59.170737,-65.635996
81.82500,-59.170743,-65.636020
81.83750,-59.170749,-65.636044
81.85000,-59.170754,-65.636068
81.86250,-59.170758,-65.636091
81.87500,-59.170762,-65.636113
81.88750,-59.170766,-65.636135
81.90000,-59.170768,-65.636157
81.91250,-59.170771,-65.636178
81.92500,-59.170772,-65.636199
81.93750,-59.170774,-65.636220
81.95000,-59.170774,-65.636240
81.96250,-59.170774,-65.636259
81.97500,-59.170774,-65.636278
81.98750,-59.170773,-65.636297
82.00000,-59.170771,-65.636315
82.01250,-59.170769,-65.636333
82.02500,-59.170766,-65.636351
82.03750,-59.170763,-65.636368
82.05000,-59.170759,-65.636384
82.06250,-59.170755,-65.636401
82.07500,-59.170750,-65.636416
82.08750,-59.170745,-65.636432
82.10000,-59.170739,-65.636447
82.11250,-59.170733,-65.636461
82.12500,-59.170726,-65.636475
82.13750,-59.170719,-65.636489
82.15000,-59.170711,-65.636502
82.16250,-59.170702,-65.636515
82.17500,-59.170693,-65.636527
82.18750,-59.170684,-65.636539
82.20000,-59.170674,-65.636551
82.21250,-59.170664,-65.636562
82.22500,-59.170653,-65.636572
82.23750,-59.170641,-65.636583
82.25000,-59.170629,-65.636593
82.26250,-59.170617,-65.636602
82.27500,-59.170604,-65.636611
82.28750,-59.170591,-65.636620
82.30000,-59.170577,-65.636628
82.31250,-59.170562,-65.636636
82.32500,-59.170548,-65.636643
82.33750,-59.170532,-65.636650
82.35000,-59.170516,-65.636657
82.36250,-59.170500,-65.636663
82.37500,-59.170483,-65.636669
82.38750,-59.170466,-65.636674
82.40000,-59.170449,-65.636679
82.41250,-59.170430,-65.636684
82.42500,-59.170412,-65.636688
82.43750,-59.170393,-65.636691
82.45000,-59.170373,-65.636695
82.46250,-59.170353,-65.636698
82.47500,-59.170333,-65.636700
82.48750,-59.170312,-65.636702
82.50000,-59.170291,-65.636704
82.51250,-59.170269,-65.636706
82.52500,-59.170247,-65.636707
82.53750,-59.170224,-65.636707
82.55000,-59.170201,-65.636707
82.56250,-59.170177,-65.636707
82.57500,-59.170154,-65.636707
82.58750,-59.170129,-65.636706
82.60000,-59.170104,-65.636704
82.61250,-59.170079,-65.636703
82.62500,-59.170054,-65.636701
82.63750,-59.170028,-65.636698
82.65000,-59.170001,-65.636695
82.66250,-59.169974,-65.636692
82.67500,-59.169947,-65.636689
82.68750,-59.169919,-65.636685
82.70000,-59.169891,-65.636680
82.71250,-59.169863,-65.636675
82.72500,-59.169834,-65.636670
82.73750,-59.169805,-65.636665
82.75000,-59.169775,-65.636659
82.76250,-59.169745,-65.636653
82.77500,-59.169715,-65.636646
82.78750,-59.169684,-65.636639
82.80000,-59.169653,-65.636632
82.81250,-59.169622,-65.636625
82.82500,-59.169590,-65.636617
82.83750,-59.169558,-65.636608
82.85000,-59.169525,-65.636600
82.86250,-59.169492,-65.636591
82.87500,-59.169459,-65.636581
82.88750,-59.169425,-65.636571
82.90000,-59.169391,-65.636561
82.91250,-59.169357,-65.636551
82.92500,-59.169322,-65.636540
82.93750,-59.169287,-65.636529
82.95000,-59.169252,-65.636518
82.96250,-59.169216,-65.636506
82.97500,-59.169180,-65.636494
82.98750,-59.169143,-65.636481
83.00000,-59.169107,-65.636468
83.01250,-59.169070,-65.636455
83.02500,-59.169032,-65.636442
83.03750,-59.168995,-65.636428
83.05000,-59.168957,-65.636414
83.06250,-59.168919,-65.636400
83.07500,-59.168880,-65.636385
83.08750,-59.168841,-65.636370
83.10000,-59.168802,-65.636354
83.11250,-59.168762,-65.636339
83.12500,-59.168723,-65.636323
83.13750,-59.168683,-65.636307
83.15000,-59.168642,-65.636290
83.16250,-59.168602,-65.636273
83.17500,-59.168561,-65.636256
83.18750,-59.168520,-65.636238
83.20000,-59.168478,-65.636220
83.21250,-59.168436,-65.636202
83.22500,-59.168394,-65.636184
83.23750,-59.168352,-65.636165
83.25000,-59.168310,-65.636146
83.26250,-59.168267,-65.636127
83.27500,-59.168224,-65.636107
83.28750,-59.168181,-65.636087
83.30000,-59.168137,-65.636067
83.31250,-59.168093,-65.636047
83.32500,-59.168049,-65.636026
83.33750,-59.168005,-65.636005
83.35000,-59.167961,-65.635984
83.36250,-59.167916,-65.635962
83.37500,-59.167871,-65.635941
83.38750,-59.167826,-65.635919
83.40000,-59.167781,-65.635896
83.41250,-59.167735,-65.635874
83.42500,-59.167689,-65.635851
83.43750,-59.167643,-65.635828
83.45000,-59.167597,-65.635804
83.46250,-59.167551,-65.635781
83.47500,-59.167504,-65.635757
83.48750,-59.167458,-65.635733
83.50000,-59.167411,-65.635708
83.51250,-59.167363,-65.635684
83.52500,-59.167316,-65.635659
83.53750,-59.167269,-65.635634
83.55000,-59.167221,-65.635608
83.56250,-59.167173,-65.635583
83.57500,-59.167125,-65.635557
83.58750,-59.167077,-65.635531
83.60000,-59.167028,-65.635504
83.61250,-59.166980,-65.635478
83.62500,-59.166931,-65.635451
83.63750,-59.166882,-65.635424
83.65000,-59.166833,-65.635397
83.66250,-59.166784,-65.635370
83.67500,-59.166735,-65.635342
83.68750,-59.166685,-65.635314
83.70000,-59.166636,-65.635286
83.71250,-59.166586,-65.635258
83.72500,-59.166536,-65.635229
83.73750,-59.166486,-65.635201
83.75000,-59.166436,-65.635172
83.76250,-59.166386,-65.635143
83.77500,-59.166335,-65.635113
83.78750,-59.166285,-65.635084
83.80000,-59.166234,-65.635054
83.81250,-59.166184,-65.635024
83.82500,-59.166133,-65.634994
83.83750,-59.166082,-65.634964
83.85000,-59.166031,-65.634934
83.86250,-59.165980,-65.634903
83.87500,-59.165929,-65.634872
83.88750,-59.165877,-65.634842
83.90000,-59.165826,-65.634810
83.91250,-59.165775,-65.634779
83.92500,-59.165723,-65.634748
83.93750,-59.165672,-65.634716
83.95000,-59.165620,-65.634684
83.96250,-59.165568,-65.634652
83.97500,-59.165516,-65.634620
83.98750,-59.165464,-65.634588
84.00000,-59.165413,-65.634556
84.01250,-59.165361,-65.634523
84.02500,-59.165308,-65.634490
84.03750,-59.165256,-65.634457
84.05000,-59.165204,-65.634424
84.06250,-59.165152,-65.634391
84.07500,-59.165100,-65.634358
84.08750,-59.165048,-65.634324
84.10000,-59.164995,-65.634291
84.11250,-59.164943,-65.634257
84.12500,-59.164891,-65.634223
84.13750,-59.164838,-65.634189
84.15000,-59.164786,-65.634155
84.16250,-59.164733,-65.634121
84.17500,-59.164681,-65.634087
84.18750,-59.164629,-65.634052
84.20000,-59.164576,-65.634018
84.21250,-59.164524,-65.633983
84.22500,-59.164471,-65.633948
84.23750,-59.164419,-65.633913
84.25000,-59.164366,-65.633878
84.26250,-59.164314,-65.633843
84.27500,-59.164261,-65.633808
84.28750,-59.164209,-65.633773
84.30000,-59.164156,-65.633737
84.31250,-59.164104,-65.633702
84.32500,-59.164052,-65.633666
84.33750,-59.163999,-65.633630
84.35000,-59.163947,-65.633595
84.36250,-59.163895,-65.633559
84.37500,-59.163842,-65.633523
84.38750,-59.163790,-65.633487
84.40000,-59.163738,-65.633451
84.41250,-59.163686,-65.633414
84.42500,-59.163633,-65.633378
84.43750,-59.163581,-65.633342
84.45000,-59.163529,-65.633305
84.46250,-59.163477,-65.633269
84.47500,-59.163425,-65.633232
84.48750,-59.163374,-65.633196
84.50000,-59.163322,-65.633159
84.51250,-59.163270,-65.633122
84.52500,-59.163218,-65.633086
84.53750,-59.163167,-65.633049
84.55000,-59.163115,-65.633012
84.56250,-59.163064,-65.632975
84.57500,-59.163012,-65.632938
84.58750,-59.162961,-65.632901
84.60000,-59.162910,-65.632864
84.61250,-59.162859,-65.632827
84.62500,-59.162808,-65.632790
84.63750,-59.162757,-65.632753
84.65000,-59.162706,-65.632715
84.66250,-59.162655,-65.632678
84.67500,-59.162604,-65.632641
84.68750,-59.162554,-65.632604
84.70000,-59.162503,-65.632566
84.71250,-59.162453,-65.632529
84.72500,-59.162402,-65.632492
84.73750,-59.162352,-65.632454
84.75000,-59.162302,-65.632417
84.76250,-59.162252,-65.632380
84.77500,-59.162202,-65.632342
84.78750,-59.162153,-65.632305
84.80000,-59.162103,-65.632267
84.81250,-59.162054,-65.632230
84.82500,-59.162004,-65.632192
84.83750,-59.161955,-65.632155
84.85000,-59.161906,-65.632118
84.86250,-59.161857,-65.632080
84.87500,-59.161808,-65.632043
84.88750,-59.161760,-65.632005
84.90000,-59.161711,-65.631968
84.91250,-59.161663,-65.631931
84.92500,-59.161615,-65.631893
84.93750,-59.161567,-65.631856
84.95000,-59.161519,-65.631819
84.96250,-59.161471,-65.631781
84.97500,-59.161423,-65.631744
84.98750,-59.161376,-65.631707
85.00000,-59.161329,-65.631670
85.01250,-59.161282,-65.631632
85.02500,-59.161235,-65.631595
85.03750,-59.161188,-65.631558
85.05000,-59.161141,-65.631521
85.06250,-59.161095,-65.631484
85.07500,-59.161048,-65.631447
85.08750,-59.161002,-65.631410
85.10000,-59.160956,-65.631373
85.11250,-59.160911,-65.631336
85.12500,-59.160865,-65.631299
85.13750,-59.160820,-65.631262
85.15000,-59.160774,-65.631226
85.16250,-59.160729,-65.631189
85.17500,-59.160685,-65.631152
85.18750,-59.160640,-65.631116
85.20000,-59.160595,-65.631079
85.21250,-59.160551,-65.631043
85.22500,-59.160507,-65.631007
85.23750,-59.160463,-65.630970
85.25000,-59.160420,-65.630934
85.26250,-59.160376,-65.630898
85.27500,-59.160333,-65.630862
85.28750,-59.160290,-65.630826
85.30000,-59.160247,-65.630790
85.31250,-59.160204,-65.630754
85.32500,-59.160162,-65.630718
85.33750,-59.160120,-65.630682
85.35000,-59.160078,-65.630647
85.36250,-59.160036,-65.630611
85.37500,-59.159994,-65.630576
85.38750,-59.159953,-65.630540
85.40000,-59.159912,-65.630505
85.41250,-59.159871,-65.630470
85.42500,-59.159830,-65.630435
85.43750,-59.159790,-65.630399
85.45000,-59.159750,-65.630365
85.46250,-59.159710,-65.630330
85.47500,-59.159670,-65.630295
85.48750,-59.159630,-65.630260
85.50000,-59.159591,-65.630226
85.51250,-59.159552,-65.630191
85.52500,-59.159513,-65.630157
85.53750,-59.159475,-65.630123
85.55000,-59.159436,-65.630089
85.56250,-59.159398,-65.630055
85.57500,-59.159360,-65.630021
85.58750,-59.159323,-65.629987
85.60000,-59.159285,-65.629953
85.61250,-59.159248,-65.629920
85.62500,-59.159211,-65.629886
85.63750,-59.159175,-65.629853
85.65000,-59.159138,-65.629820
85.66250,-59.159102,-65.629787
85.67500,-59.159066,-65.629754
85.68750,-59.159030,-65.629721
85.70000,-59.158995,-65.629688
85.71250,-59.158960,-65.629656
85.72500,-59.158925,-65.629623
85.73750,-59.158890,-65.629591
85.75000,-59.158856,-65.629559
85.76250,-59.158822,-65.629527
85.77500,-59.158788,-65.629495
85.78750,-59.158755,-65.629463
85.80000,-59.158721,-65.629432
85.81250,-59.158688,-65.629400
85.82500,-59.158656,-65.629369
85.83750,-59.158623,-65.629338
85.85000,-59.158591,-65.629306
85.86250,-59.158559,-65.629276
85.87500,-59.158527,-65.629245
85.88750,-59.158496,-65.629214
85.90000,-59.158464,-65.629184
85.91250,-59.158434,-65.629153
85.92500,-59.158403,-65.629123
85.93750,-59.158373,-65.629093
85.95000,-59.158343,-65.629063
85.96250,-59.158313,-65.629034
85.97500,-59.158283,-65.629004
85.98750,-59.158254,-65.628975
86.00000,-59.158225,-65.628945
86.01250,-59.158196,-65.628916
86.02500,-59.158168,-65.628887
86.03750,-59.158140,-65.628859
86.05000,-59.158112,-65.628830
86.06250,-59.158084,-65.628802
86.07500,-59.158057,-65.628773
86.08750,-59.158030,-65.628745
86.10000,-59.158003,-65.628717
86.11250,-59.157977,-65.628690
86.12500,-59.157951,-65.628662
86.13750,-59.157925,-65.628635
86.15000,-59.157899,-65.628607
86.16250,-59.157874,-65.628580
86.17500,-59.157849,-65.628553
86.18750,-59.157824,-65.628527
86.20000,-59.157800,-65.628500
86.21250,-59.157776,-65.628474
86.22500,-59.157752,-65.628447
86.23750,-59.157728,-65.628421
86.25000,-59.157705,-65.628395
86.26250,-59.157682,-65.628370
86.27500,-59.157659,-65.628344
86.28750,-59.157637,-65.628319
86.30000,-59.157614,-65.628294
86.31250,-59.157593,-65.628269
86.32500,-59.157571,-65.628244
86.33750,-59.157550,-65.628220
86.35000,-59.157529,-65.628195
86.36250,-59.157508,-65.628171
86.37500,-59.157488,-65.628147
86.38750,-59.157468,-65.628123
86.40000,-59.157448,-65.628099
86.41250,-59.157428,-65.628076
86.42500,-59.157409,-65.628053
86.43750,-59.157390,-65.628030
86.45000,-59.157371,-65.628007
86.46250,-59.157353,-65.627984
86.47500,-59.157335,-65.627961
86.48750,-59.157317,-65.627939
86.50000,-59.157300,-65.627917
86.51250,-59.157283,-65.627895
86.52500,-59.157266,-65.627873
86.53750,-59.157249,-65.627852
86.55000,-59.157233,-65.627831
86.56250,-59.157217,-65.627809
86.57500,-59.157201,-65.627788
86.58750,-59.157186,-65.627768
86.60000,-59.157171,-65.627747
86.61250,-59.157156,-65.627727
86.62500,-59.157141,-65.627707
86.63750,-59.157127,-65.627687
86.65000,-59.157113,-65.627667
86.66250,-59.157099,-65.627647
86.67500,-59.157086,-65.627628
86.68750,-59.157073,-65.627609
86.70000,-59.157060,-65.627590
86.71250,-59.157047,-65.627571
86.72500,-59.157035,-65.627553
86.73750,-59.157023,-65.627534
86.75000,-59.157012,-65.627516
86.76250,-59.157000,-65.627498
86.77500,-59.156989,-65.627480
86.78750,-59.156978,-65.627463
86.80000,-59.156968,-65.627446
86.81250,-59.156958,-65.627429
86.82500,-59.156948,-65.627412
86.83750,-59.156938,-65.627395
86.85000,-59.156929,-65.627378
86.86250,-59.156920,-65.627362
86.87500,-59.156911,-65.627346
86.88750,-59.156902,-65.627330
86.90000,-59.156894,-65.627314
86.91250,-59.156886,-65.627299
86.92500,-59.156879,-65.627284
86.93750,-59.156871,-65.627269
86.95000,-59.156864,-65.627254
86.96250,-59.156857,-65.627239
86.97500,-59.156851,-65.627225
86.98750,-59.156845,-65.627211
87.00000,-59.156839,-65.627197
87.01250,-59.156833,-65.627183
87.02500,-59.156828,-65.627169
87.03750,-59.156823,-65.627156
87.05000,-59.156818,-65.627143
87.06250,-59.156813,-65.627130
87.07500,-59.156809,-65.627117
87.08750,-59.156805,-65.627104
87.10000,-59.156801,-65.627092
87.11250,-59.156798,-65.627080
87.12500,-59.156794,-65.627068
87.13750,-59.156792,-65.627056
87.15000,-59.156789,-65.627045
87.16250,-59.156787,-65.627033
87.17500,-59.156784,-65.627022
87.18750,-59.156783,-65.627011
87.20000,-59.156781,-65.627001
87.21250,-59.156780,-65.626990
87.22500,-59.156779,-65.626980
87.23750,-59.156778,-65.626970
87.25000,-59.156778,-65.626960
87.26250,-59.156777,-65.626950
87.27500,-59.156777,-65.626941
87.28750,-59.156778,-65.626932
87.30000,-59.156778,-65.626923
87.31250,-59.156779,-65.626914
87.32500,-59.156780,-65.626905
87.33750,-59.156781,-65.626897
87.35000,-59.156783,-65.626889
87.36250,-59.156785,-65.626881
87.37500,-59.156787,-65.626873
87.38750,-59.156789,-65.626865
87.40000,-59.156792,-65.626858
87.41250,-59.156795,-65.626851
87.42500,-59.156798,-65.626844
87.43750,-59.156801,-65.626837
87.45000,-59.156805,-65.626830
87.46250,-59.156809,-65.626824
87.47500,-59.156813,-65.626818
87.48750,-59.156817,-65.626812
87.50000,-59.156822,-65.626806
87.51250,-59.156827,-65.626801
87.52500,-59.156832,-65.626795
87.53750,-59.156837,-65.626790
87.55000,-59.156843,-65.626785
87.56250,-59.156849,-65.626781
87.57500,-59.156855,-65.626776
87.58750,-59.156861,-65.626772
87.60000,-59.156868,-65.626768
87.61250,-59.156875,-65.626764
87.62500,-59.156882,-65.626760
87.63750,-59.156889,-65.626756
87.65000,-59.156896,-65.626753
87.66250,-59.156904,-65.626750
87.67500,-59.156912,-65.626747
87.68750,-59.156920,-65.626744
87.70000,-59.156929,-65.626742
87.71250,-59.156937,-65.626739
87.72500,-59.156946,-65.626737
87.73750,-59.156955,-65.626735
87.75000,-59.156964,-65.626733
87.76250,-59.156974,-65.626732
87.77500,-59.156984,-65.626730
87.78750,-59.156994,-65.626729
87.80000,-59.157004,-65.626728
87.81250,-59.157014,-65.626727
87.82500,-59.157025,-65.626727
87.83750,-59.157036,-65.626726
87.85000,-59.157047,-65.626726
87.86250,-59.157058,-65.626726
87.87500,-59.157069,-65.626726
87.88750,-59.157081,-65.626727
87.90000,-59.157093,-65.626727
87.91250,-59.157105,-65.626728
87.92500,-59.157117,-65.626729
87.93750,-59.157130,-65.626730
87.95000,-59.157142,-65.626731
87.96250,-59.157155,-65.626732
87.97500,-59.157168,-65.626734
87.98750,-59.157181,-65.626736
88.00000,-59.157195,-65.626738
88.01250,-59.157209,-65.626740
88.02500,-59.157222,-65.626742
88.03750,-59.157236,-65.626745
88.05000,-59.157251,-65.626747
88.06250,-59.157265,-65.626750
88.07500,-59.157280,-65.626753
88.08750,-59.157294,-65.626757
88.10000,-59.157309,-65.626760
88.11250,-59.157325,-65.626763
88.12500,-59.157340,-65.626767
88.13750,-59.157355,-65.626771
88.15000,-59.157371,-65.626775
88.16250,-59.157387,-65.626779
88.17500,-59.157403,-65.626784
88.18750,-59.157419,-65.626789
88.20000,-59.157436,-65.626793
88.21250,-59.157452,-65.626798
88.22500,-59.157469,-65.626803
88.23750,-59.157486,-65.626809
88.25000,-59.157503,-65.626814
88.26250,-59.157520,-65.626820
88.27500,-59.157537,-65.626825
88.28750,-59.157555,-65.626831
88.30000,-59.157572,-65.626837
88.31250,-59.157590,-65.626844
88.32500,-59.157608,-65.626850
88.33750,-59.157626,-65.626857
88.35000,-59.157645,-65.626863
88.36250,-59.157663,-65.626870
88.37500,-59.157682,-65.626877
88.38750,-59.157701,-65.626884
88.40000,-59.157720,-65.626892
88.41250,-59.157739,-65.626899
88.42500,-59.157758,-65.626907
88.43750,-59.157777,-65.626915
88.45000,-59.157797,-65.626923
88.46250,-59.157816,-65.626931
88.47500,-59.157836,-65.626939
88.48750,-59.157856,-65.626947
88.50000,-59.157876,-65.626956
88.51250,-59.157896,-65.626964
88.52500,-59.157916,-65.626973
88.53750,-59.157937,-65.626982
88.55000,-59.157957,-65.626991
88.56250,-59.157978,-65.627001
88.57500,-59.157999,-65.627010
88.58750,-59.158019,-65.627020
88.60000,-59.158040,-65.627029
88.61250,-59.158062,-65.627039
88.62500,-59.158083,-65.627049
88.63750,-59.158104,-65.627059
88.65000,-59.158126,-65.627069
88.66250,-59.158147,-65.627080
88.67500,-59.158169,-65.627090
88.68750,-59.158191,-65.627101
88.70000,-59.158213,-65.627111
88.71250,-59.158235,-65.627122
88.72500,-59.158257,-65.627133
88.73750,-59.158279,-65.627144
88.75000,-59.158302,-65.627156
88.76250,-59.158324,-65.627167
88.77500,-59.158347,-65.627179
88.78750,-59.158369,-65.627190
88.80000,-59.158392,-65.627202
88.81250,-59.158415,-65.627214
88.82500,-59.158438,-65.627226
88.83750,-59.158461,-65.627238
88.85000,-59.158484,-65.627250
88.86250,-59.158507,-65.627262
88.87500,-59.158530,-65.627275
88.88750,-59.158554,-65.627287
88.90000,-59.158577,-65.627300
88.91250,-59.158600,-65.627313
88.92500,-59.158624,-65.627326
88.93750,-59.158648,-65.627339
88.95000,-59.158671,-65.627352
88.96250,-59.158695,-65.627365
88.97500,-59.158719,-65.627378
88.98750,-59.158743,-65.627392
89.00000,-59.158767,-65.627405
89.01250,-59.158791,-65.627419
89.02500,-59.158815,-65.627433
89.03750,-59.158840,-65.627447
89.05000,-59.158864,-65.627461
89.06250,-59.158888,-65.627475
89.07500,-59.158913,-65.627489
89.08750,-59.158937,-65.627503
89.10000,-59.158962,-65.627517
89.11250,-59.158986,-65.627532
89.12500,-59.159011,-65.627546
89.13750,-59.159035,-65.627561
89.15000,-59.159060,-65.627575
89.16250,-59.159085,-65.627590
89.17500,-59.159110,-65.627605
89.18750,-59.159135,-65.627620
89.20000,-59.159160,-65.627635
89.21250,-59.159184,-65.627650
89.22500,-59.159209,-65.627665
89.23750,-59.159234,-65.627681
89.25000,-59.159260,-65.627696
89.26250,-59.159285,-65.627712
89.27500,-59.159310,-65.627727
89.28750,-59.159335,-65.627743
89.30000,-59.159360,-65.627758
89.31250,-59.159385,-65.627774
89.32500,-59.159411,-65.627790
89.33750,-59.159436,-65.627806
89.35000,-59.159461,-65.627822
89.36250,-59.159486,-65.627838
89.37500,-59.159512,-65.627854
89.38750,-59.159537,-65.627870
89.40000,-59.159562,-65.627886
89.41250,-59.159588,-65.627903
89.42500,-59.159613,-65.627919
89.43750,-59.159639,-65.627935
89.45000,-59.159664,-65.627952
89.46250,-59.159690,-65.627969
89.47500,-59.159715,-65.627985
89.48750,-59.159740,-65.628002
89.50000,-59.159766,-65.628019
89.51250,-59.159791,-65.628035
89.52500,-59.159817,-65.628052
89.53750,-59.159842,-65.628069
89.55000,-59.159868,-65.628086
89.56250,-59.159893,-65.628103
89.57500,-59.159919,-65.628120
89.58750,-59.159944,-65.628137
89.60000,-59.159970,-65.628154
89.61250,-59.159995,-65.628172
89.62500,-59.160021,-65.628189
89.63750,-59.160046,-65.628206
89.65000,-59.160071,-65.628223
89.66250,-59.160097,-65.628241
89.67500,-59.160122,-65.628258
89.68750,-59.160148,-65.628276
89.70000,-59.160173,-65.628293
89.71250,-59.160198,-65.628311
89.72500,-59.160224,-65.628328
89.73750,-59.160249,-65.628346
89.75000,-59.160274,-65.628364
89.76250,-59.160299,-65.628381
89.77500,-59.160325,-65.628399
89.78750,-59.160350,-65.628417
89.80000,-59.160375,-65.628434
89.81250,-59.160400,-65.628452
89.82500,-59.160425,-65.628470
89.83750,-59.160450,-65.628488
89.85000,-59.160475,-65.628506
89.86250,-59.160500,-65.628524
89.87500,-59.160525,-65.628542
89.88750,-59.160550,-65.628560
89.90000,-59.160575,-65.628578
89.91250,-59.160600,-65.628596
89.92500,-59.160625,-65.628614
89.93750,-59.160650,-65.628632
89.95000,-59.160674,-65.628650
89.96250,-59.160699,-65.628668
89.97500,-59.160724,-65.628686
89.98750,-59.160748,-65.628704
90.00000,-59.160773,-65.628722
90.01250,-59.160797,-65.628740
90.02500,-59.160822,-65.628758
90.03750,-59.160846,-65.628776
90.05000,-59.160871,-65.628795
90.06250,-59.160895,-65.628813
90.07500,-59.160919,-65.628831
90.08750,-59.160943,-65.628849
90.10000,-59.160967,-65.628867
90.11250,-59.160991,-65.628885
90.12500,-59.161015,-65.628903
90.13750,-59.161039,-65.628922
90.15000,-59.161063,-65.628940
90.16250,-59.161087,-65.628958
90.17500,-59.161111,-65.628976
90.18750,-59.161134,-65.628994
90.20000,-59.161158,-65.629012
90.21250,-59.161181,-65.629031
90.22500,-59.161205,-65.629049
90.23750,-59.161228,-65.629067
90.25000,-59.161252,-65.629085
90.26250,-59.161275,-65.629103
90.27500,-59.161298,-65.629121
90.28750,-59.161321,-65.629139
90.30000,-59.161344,-65.629157
90.31250,-59.161367,-65.629175
90.32500,-59.161390,-65.629193
90.33750,-59.161413,-65.629211
90.35000,-59.161435,-65.629229
90.36250,-59.161458,-65.629247
90.37500,-59.161480,-65.629265
90.38750,-59.161503,-65.629283
90.40000,-59.161525,-65.629301
90.41250,-59.161547,-65.629319
90.42500,-59.161570,-65.629337
90.43750,-59.161592,-65.629355
90.45000,-59.161614,-65.629373
90.46250,-59.161636,-65.629391
90.47500,-59.161657,-65.629408
90.48750,-59.161679,-65.629426
90.50000,-59.161701,-65.629444
90.51250,-59.161722,-65.629462
90.52500,-59.161744,-65.629479
90.53750,-59.161765,-65.629497
90.55000,-59.161786,-65.629515
90.56250,-59.161808,-65.629532
90.57500,-59.161829,-65.629550
90.58750,-59.161850,-65.629567
90.60000,-59.161870,-65.629585
90.61250,-59.161891,-65.629602
90.62500,-59.161912,-65.629620
90.63750,-59.161932,-65.629637
90.65000,-59.161953,-65.629654
90.66250,-59.161973,-65.629672
90.67500,-59.161993,-65.629689
90.68750,-59.162014,-65.629706
90.70000,-59.162034,-65.629723
90.71250,-59.162054,-65.629740
90.72500,-59.162073,-65.629757
90.73750,-59.162093,-65.629774
90.75000,-59.162113,-65.629791
90.76250,-59.162132,-65.629808
90.77500,-59.162152,-65.629825
90.78750,-59.162171,-65.629842
90.80000,-59.162190,-65.629859
90.81250,-59.162209,-65.629876
90.82500,-59.162228,-65.629892
90.83750,-59.162247,-65.629909
90.85000,-59.162265,-65.629926
90.86250,-59.162284,-65.629942
90.87500,-59.162302,-65.629959
90.88750,-59.162321,-65.629975
90.90000,-59.162339,-65.629991
90.91250,-59.162357,-65.630008
90.92500,-59.162375,-65.630024
90.93750,-59.162393,-65.630040
90.95000,-59.162411,-65.630056
90.96250,-59.162428,-65.630072
90.97500,-59.162446,-65.630088
90.98750,-59.162463,-65.630104
91.00000,-59.162480,-65.630120
91.01250,-59.162498,-65.630136
91.02500,-59.162515,-65.630152
91.03750,-59.162531,-65.630168
91.05000,-59.162548,-65.630183
91.06250,-59.162565,-65.630199
91.07500,-59.162581,-65.630214
91.08750,-59.162598,-65.630230
91.10000,-59.162614,-65.630245
91.11250,-59.162630,-65.630261
91.12500,-59.162646,-65.630276
91.13750,-59.162662,-65.630291
91.15000,-59.162678,-65.630306
91.16250,-59.162693,-65.630321
91.17500,-59.162709,-65.630336
91.18750,-59.162724,-65.630351
91.20000,-59.162739,-65.630366
91.21250,-59.162754,-65.630381
91.22500,-59.162769,-65.630395
91.23750,-59.162784,-65.630410
91.25000,-59.162799,-65.630425
91.26250,-59.162813,-65.630439
91.27500,-59.162828,-65.630453
91.28750,-59.162842,-65.630468
91.30000,-59.162856,-65.630482
91.31250,-59.162870,-65.630496
91.32500,-59.162884,-65.630510
91.33750,-59.162898,-65.630524
91.35000,-59.162911,-65.630538
91.36250,-59.162925,-65.630552
91.37500,-59.162938,-65.630566
91.38750,-59.162951,-65.630580
91.40000,-59.162964,-65.630593
91.41250,-59.162977,-65.630607
91.42500,-59.162990,-65.630620
91.43750,-59.163003,-65.630633
91.45000,-59.163015,-65.630647
91.46250,-59.163027,-65.630660
91.47500,-59.163040,-65.630673
91.48750,-59.163052,-65.630686
91.50000,-59.163064,-65.630699
91.51250,-59.163076,-65.630712
91.52500,-59.163087,-65.630725
91.53750,-59.163099,-65.630737
91.55000,-59.163110,-65.630750
91.56250,-59.163121,-65.630762
91.57500,-59.163132,-65.630775
91.58750,-59.163143,-65.630787
91.60000,-59.163154,-65.630799
91.61250,-59.163165,-65.630812
91.62500,-59.163175,-65.630824
91.63750,-59.163186,-65.630836
91.65000,-59.163196,-65.630848
91.66250,-59.163206,-65.630859
91.67500,-59.163216,-65.630871
91.68750,-59.163226,-65.630883
91.70000,-59.163236,-65.630894
91.71250,-59.163245,-65.630906
91.72500,-59.163255,-65.630917
91.73750,-59.163264,-65.630928
91.75000,-59.163273,-65.630939
91.76250,-59.163282,-65.630951
91.77500,-59.163291,-65.630962
91.78750,-59.163300,-65.630972
91.80000,-59.163308,-65.630983
91.81250,-59.163317,-65.630994
91.82500,-59.163325,-65.631005
91.83750,-59.163333,-65.631015
91.85000,-59.163341,-65.631025
91.86250,-59.163349,-65.631036
91.87500,-59.163357,-65.631046
91.88750,-59.163364,-65.631056
91.90000,-59.163372,-65.631066
91.91250,-59.163379,-65.631076
91.92500,-59.163386,-65.631086
91.93750,-59.163393,-65.631096
91.95000,-59.163400,-65.631105
91.96250,-59.163407,-65.631115
91.97500,-59.163413,-65.631124
91.98750,-59.163420,-65.631134
92.00000,-59.163426,-65.631143
92.01250,-59.163432,-65.631152
92.02500,-59.163438,-65.631161
92.03750,-59.163444,-65.631170
92.05000,-59.163450,-65.631179
92.06250,-59.163455,-65.631188
92.07500,-59.163461,-65.631196
92.08750,-59.163466,-65.631205
92.10000,-59.163471,-65.631213
92.11250,-59.163476,-65.631222
92.12500,-59.163481,-65.631230
92.13750,-59.163486,-65.631238
92.15000,-59.163491,-65.631246
92.16250,-59.163495,-65.631254
92.17500,-59.163499,-65.631262
92.18750,-59.163504,-65.631270
92.20000,-59.163508,-65.631278
92.21250,-59.163512,-65.631285
92.22500,-59.163515,-65.631293
92.23750,-59.163519,-65.631300
92.25000,-59.163523,-65.631307
92.26250,-59.163526,-65.631314
92.27500,-59.163529,-65.631321
92.28750,-59.163532,-65.631328
92.30000,-59.163535,-65.631335
92.31250,-59.163538,-65.631342
92.32500,-59.163541,-65.631349
92.33750,-59.163543,-65.631355
92.35000,-59.163546,-65.631362
92.36250,-59.163548,-65.631368
92.37500,-59.163550,-65.631374
92.38750,-59.163552,-65.631380
92.40000,-59.163554,-65.631386
92.41250,-59.163556,-65.631392
92.42500,-59.163557,-65.631398
92.43750,-59.163559,-65.631404
92.45000,-59.163560,-65.631410
92.46250,-59.163561,-65.631415
92.47500,-59.163563,-65.631421
92.48750,-59.163564,-65.631426
92.50000,-59.163564,-65.631431
92.51250,-59.163565,-65.631436
92.52500,-59.163566,-65.631441
92.53750,-59.163566,-65.631446
92.55000,-59.163566,-65.631451
92.56250,-59.163567,-65.631456
92.57500,-59.163567,-65.631461
92.58750,-59.163567,-65.631465
92.60000,-59.163566,-65.631470
92.61250,-59.163566,-65.631474
92.62500,-59.163566,-65.631478
92.63750,-59.163565,-65.631482
92.65000,-59.163564,-65.631486
92.66250,-59.163563,-65.631490
92.67500,-59.163563,-65.631494
92.68750,-59.163561,-65.631498
92.70000,-59.163560,-65.631501
92.71250,-59.163559,-65.631505
92.72500,-59.163557,-65.631508
92.73750,-59.163556,-65.631512
92.75000,-59.163554,-65.631515
92.76250,-59.163552,-65.631518
92.77500,-59.163550,-65.631521
92.78750,-59.163548,-65.631524
92.80000,-59.163546,-65.631527
92.81250,-59.163544,-65.631530
92.82500,-59.163542,-65.631532
92.83750,-59.163539,-65.631535
92.85000,-59.163536,-65.631537
92.86250,-59.163534,-65.631540
92.87500,-59.163531,-65.631542
92.88750,-59.163528,-65.631544
92.90000,-59.163525,-65.631546
92.91250,-59.163521,-65.631548
92.92500,-59.163518,-65.631550
92.93750,-59.163515,-65.631552
92.95000,-59.163511,-65.631553
92.96250,-59.163507,-65.631555
92.97500,-59.163504,-65.631556
92.98750,-59.163500,-65.631558
93.00000,-59.163496,-65.631559
93.01250,-59.163492,-65.631560
93.02500,-59.163487,-65.631561
93.03750,-59.163483,-65.631562
93.05000,-59.163479,-65.631563
93.06250,-59.163474,-65.631564
93.07500,-59.163469,-65.631565
93.08750,-59.163465,-65.631566
93.10000,-59.163460,-65.631566
93.11250,-59.163455,-65.631567
93.12500,-59.163450,-65.631567
93.13750,-59.163444,-65.631567
93.15000,-59.163439,-65.631567
93.16250,-59.163434,-65.631567
93.17500,-59.163428,-65.631567
93.18750,-59.163423,-65.631567
93.20000,-59.163417,-65.631567
93.21250,-59.163411,-65.631567
93.22500,-59.163405,-65.631566
93.23750,-59.163399,-65.631566
93.25000,-59.163393,-65.631565
93.26250,-59.163387,-65.631565
93.27500,-59.163381,-65.631564
93.28750,-59.163374,-65.631563
93.30000,-59.163368,-65.631562
93.31250,-59.163361,-65.631561
93.32500,-59.163355,-65.631560
93.33750,-59.163348,-65.631559
93.35000,-59.163341,-65.631558
93.36250,-59.163334,-65.631557
93.37500,-59.163327,-65.631555
93.38750,-59.163320,-65.631554
93.40000,-59.163313,-65.631552
93.41250,-59.163306,-65.631550
93.42500,-59.163298,-65.631549
93.43750,-59.163291,-65.631547
93.45000,-59.163283,-65.631545
93.46250,-59.163276,-65.631543
93.47500,-59.163268,-65.631541
93.48750,-59.163260,-65.631538
93.50000,-59.163252,-65.631536
93.51250,-59.163244,-65.631534
93.52500,-59.163236,-65.631531
93.53750,-59.163228,-65.631529
93.55000,-59.163220,-65.631526
93.56250,-59.163211,-65.631524
93.57500,-59.163203,-65.631521
93.58750,-59.163195,-65.631518
93.60000,-59.163186,-65.631515
93.61250,-59.163178,-65.631512
93.62500,-59.163169,-65.631509
93.63750,-59.163160,-65.631506
93.65000,-59.163151,-65.631503
93.66250,-59.163142,-65.631500
93.67500,-59.163133,-65.631496
93.68750,-59.163124,-65.631493
93.70000,-59.163115,-65.631489
93.71250,-59.163106,-65.631486
93.72500,-59.163097,-65.631482
93.73750,-59.163087,-65.631478
93.75000,-59.163078,-65.631474
93.76250,-59.163069,-65.631471
93.77500,-59.163059,-65.631467
93.78750,-59.163049,-65.631463
93.80000,-59.163040,-65.631459
93.81250,-59.163030,-65.631454
93.82500,-59.163020,-65.631450
93.83750,-59.163010,-65.631446
93.85000,-59.163001,-65.631441
93.86250,-59.162991,-65.631437
93.87500,-59.162980,-65.631432
93.88750,-59.162970,-65.631428
93.90000,-59.162960,-65.631423
93.91250,-59.162950,-65.631419
93.92500,-59.162940,-65.631414
93.93750,-59.162929,-65.631409
93.95000,-59.162919,-65.631404
93.96250,-59.162909,-65.631399
93.97500,-59.162898,-65.631394
93.98750,-59.162888,-65.631389
94.00000,-59.162877,-65.631384
94.01250,-59.162866,-65.631378
94.02500,-59.162856,-65.631373
94.03750,-59.162845,-65.631368
94.05000,-59.162834,-65.631362
94.06250,-59.162823,-65.631357
94.07500,-59.162812,-65.631351
94.08750,-59.162801,-65.631346
94.10000,-59.162790,-65.631340
94.11250,-59.162779,-65.631334
94.12500,-59.162768,-65.631329
94.13750,-59.162757,-65.631323
94.15000,-59.162746,-65.631317
94.16250,-59.162735,-65.631311
94.17500,-59.162724,-65.631305
94.18750,-59.162712,-65.631299
94.20000,-59.162701,-65.631293
94.21250,-59.162690,-65.631287
94.22500,-59.162678,-65.631280
94.23750,-59.162667,-65.631274
94.25000,-59.162655,-65.631268
94.26250,-59.162644,-65.631261
94.27500,-59.162632,-65.631255
94.28750,-59.162621,-65.631249
94.30000,-59.162609,-65.631242
94.31250,-59.162597,-65.631235
94.32500,-59.162586,-65.631229
94.33750,-59.162574,-65.631222
94.35000,-59.162562,-65.631215
94.36250,-59.162550,-65.631209
94.37500,-59.162539,-65.631202
94.38750,-59.162527,-65.631195
94.40000,-59.162515,-65.631188
94.41250,-59.162503,-65.631181
94.42500,-59.162491,-65.631174
94.43750,-59.162479,-65.631167
94.45000,-59.162467,-65.631160
94.46250,-59.162455,-65.631153
94.47500,-59.162443,-65.631146
94.48750,-59.162431,-65.631138
94.50000,-59.162419,-65.631131
94.51250,-59.162407,-65.631124
94.52500,-59.162395,-65.631116
94.53750,-59.162383,-65.631109
94.55000,-59.162371,-65.631102
94.56250,-59.162358,-65.631094
94.57500,-59.162346,-65.631087
94.58750,-59.162334,-65.631079
94.60000,-59.162322,-65.631072
94.61250,-59.162310,-65.631064
94.62500,-59.162298,-65.631056
94.63750,-59.162285,-65.631049
94.65000,-59.162273,-65.631041
94.66250,-59.162261,-65.631033
94.67500,-59.162248,-65.631025
94.68750,-59.162236,-65.631017
94.70000,-59.162224,-65.631010
94.71250,-59.162212,-65.631002
94.72500,-59.162199,-65.630994
94.73750,-59.162187,-65.630986
94.75000,-59.162175,-65.630978
94.76250,-59.162162,-65.630970
94.77500,-59.162150,-65.630962
94.78750,-59.162138,-65.630954
94.80000,-59.162125,-65.630946
94.81250,-59.162113,-65.630938
94.82500,-59.162101,-65.630929
94.83750,-59.162088,-65.630921
94.85000,-59.162076,-65.630913
94.86250,-59.162064,-65.630905
94.87500,-59.162051,-65.630897
94.88750,-59.162039,-65.630888
94.90000,-59.162027,-65.630880
94.91250,-59.162014,-65.630872
94.92500,-59.162002,-65.630863
94.93750,-59.161990,-65.630855
94.95000,-59.161977,-65.630847
94.96250,-59.161965,-65.630838
94.97500,-59.161953,-65.630830
94.98750,-59.161940,-65.630821
95.00000,-59.161928,-65.630813
95.01250,-59.161916,-65.630804
95.02500,-59.161904,-65.630796
95.03750,-59.161891,-65.630787
95.05000,-59.161879,-65.630779
95.06250,-59.161867,-65.630770
95.07500,-59.161855,-65.630762
95.08750,-59.161842,-65.630753
95.10000,-59.161830,-65.630744
95.11250,-59.161818,-65.630736
95.12500,-59.161806,-65.630727
95.13750,-59.161794,-65.630718
95.15000,-59.161781,-65.630710
95.16250,-59.161769,-65.630701
95.17500,-59.161757,-65.630692
95.18750,-59.161745,-65.630684
95.20000,-59.161733,-65.630675
95.21250,-59.161721,-65.630666
95.22500,-59.161709,-65.630658
95.23750,-59.161697,-65.630649
95.25000,-59.161685,-65.630640
95.26250,-59.161673,-65.630631
95.27500,-59.161661,-65.630623
95.28750,-59.161649,-65.630614
95.30000,-59.161637,-65.630605
95.31250,-59.161625,-65.630596
95.32500,-59.161613,-65.630588
95.33750,-59.161602,-65.630579
95.35000,-59.161590,-65.630570
95.36250,-59.161578,-65.630561
95.37500,-59.161566,-65.630552
95.38750,-59.161554,-65.630544
95.40000,-59.161543,-65.630535
95.41250,-59.161531,-65.630526
95.42500,-59.161519,-65.630517
95.43750,-59.161508,-65.630508
95.45000,-59.161496,-65.630500
95.46250,-59.161485,-65.630491
95.47500,-59.161473,-65.630482
95.48750,-59.161462,-65.630473
95.50000,-59.161450,-65.630464
95.51250,-59.161439,-65.630456
95.52500,-59.161427,-65.630447
95.53750,-59.161416,-65.630438
95.55000,-59.161405,-65.630429
95.56250,-59.161394,-65.630420
95.57500,-59.161382,-65.630412
95.58750,-59.161371,-65.630403
95.60000,-59.161360,-65.630394
95.61250,-59.161349,-65.630385
95.62500,-59.161338,-65.630377
95.63750,-59.161327,-65.630368
95.65000,-59.161316,-65.630359
95.66250,-59.161305,-65.630350
95.67500,-59.161294,-65.630342
95.68750,-59.161283,-65.630333
95.70000,-59.161272,-65.630324
95.71250,-59.161261,-65.630316
95.72500,-59.161250,-65.630307
95.73750,-59.161240,-65.630298
95.75000,-59.161229,-65.630290
95.76250,-59.161218,-65.630281
95.77500,-59.161208,-65.630272
95.78750,-59.161197,-65.630264
95.80000,-59.161187,-65.630255
95.81250,-59.161176,-65.630247
95.82500,-59.161166,-65.630238
95.83750,-59.161155,-65.630229
95.85000,-59.161145,-65.630221
95.86250,-59.161135,-65.630212
95.87500,-59.161124,-65.630204
95.88750,-59.161114,-65.630195
95.90000,-59.161104,-65.630187
95.91250,-59.161094,-65.630178
95.92500,-59.161084,-65.630170
95.93750,-59.161074,-65.630161
95.95000,-59.161064,-65.630153
95.96250,-59.161054,-65.630145
95.97500,-59.161044,-65.630136
95.98750,-59.161035,-65.630128
96.00000,-59.161025,-65.630120
96.01250,-59.161015,-65.630111
96.02500,-59.161005,-65.630103
96.03750,-59.160996,-65.630095
96.05000,-59.160986,-65.630087
96.06250,-59.160977,-65.630078
96.07500,-59.160967,-65.630070
96.08750,-59.160958,-65.630062
96.10000,-59.160949,-65.630054
96.11250,-59.160940,-65.630046
96.12500,-59.160930,-65.630038
96.13750,-59.160921,-65.630029
96.15000,-59.160912,-65.630021
96.16250,-59.160903,-65.630013
96.17500,-59.160894,-65.630005
96.18750,-59.160885,-65.629997
96.20000,-59.160876,-65.629989
96.21250,-59.160867,-65.629981
96.22500,-59.160859,-65.629974
96.23750,-59.160850,-65.629966
96.25000,-59.160841,-65.629958
96.26250,-59.160833,-65.629950
96.27500,-59.160824,-65.629942
96.28750,-59.160816,-65.629935
96.30000,-59.160807,-65.629927
96.31250,-59.160799,-65.629919
96.32500,-59.160791,-65.629911
96.33750,-59.160783,-65.629904
96.35000,-59.160774,-65.629896
96.36250,-59.160766,-65.629889
96.37500,-59.160758,-65.629881
96.38750,-59.160750,-65.629874
96.40000,-59.160742,-65.629866
96.41250,-59.160735,-65.629859
96.42500,-59.160727,-65.629851
96.43750,-59.160719,-65.629844
96.45000,-59.160711,-65.629836
96.46250,-59.160704,-65.629829
96.47500,-59.160696,-65.629822
96.48750,-59.160689,-65.629815
96.50000,-59.160681,-65.629807
96.51250,-59.160674,-65.629800
96.52500,-59.160667,-65.629793
96.53750,-59.160660,-65.629786
96.55000,-59.160652,-65.629779
96.56250,-59.160645,-65.629772
96.57500,-59.160638,-65.629765
96.58750,-59.160631,-65.629758
96.60000,-59.160624,-65.629751
96.61250,-59.160618,-65.629744
96.62500,-59.160611,-65.629737
96.63750,-59.160604,-65.629730
96.65000,-59.160598,-65.629724
96.66250,-59.160591,-65.629717
96.67500,-59.160584,-65.629710
96.68750,-59.160578,-65.629704
96.70000,-59.160572,-65.629697
96.71250,-59.160565,-65.629690
96.72500,-59.160559,-65.629684
96.73750,-59.160553,-65.629677
96.75000,-59.160547,-65.629671
96.76250,-59.160541,-65.629664
96.77500,-59.160535,-65.629658
96.78750,-59.160529,-65.629652
96.80000,-59.160523,-65.629645
96.81250,-59.160517,-65.629639
96.82500,-59.160512,-65.629633
96.83750,-59.160506,-65.629627
96.85000,-59.160500,-65.629621
96.86250,-59.160495,-65.629615
96.87500,-59.160490,-65.629609
96.88750,-59.160484,-65.629602
96.90000,-59.160479,-65.629597
96.91250,-59.160474,-65.629591
96.92500,-59.160469,-65.629585
96.93750,-59.160463,-65.629579
96.95000,-59.160458,-65.629573
96.96250,-59.160453,-65.629567
96.97500,-59.160449,-65.629562
96.98750,-59.160444,-65.629556
97.00000,-59.160439,-65.629550
97.01250,-59.160434,-65.629545
97.02500,-59.160430,-65.629539
97.03750,-59.160425,-65.629534
97.05000,-59.160421,-65.629528
97.06250,-59.160416,-65.629523
97.07500,-59.160412,-65.629518
97.08750,-59.160408,-65.629512
97.10000,-59.160404,-65.629507
97.11250,-59.160399,-65.629502
97.12500,-59.160395,-65.629497
97.13750,-59.160391,-65.629492
97.15000,-59.160387,-65.629486
97.16250,-59.160384,-65.629481
97.17500,-59.160380,-65.629476
97.18750,-59.160376,-65.629471
97.20000,-59.160372,-65.629467
97.21250,-59.160369,-65.629462
97.22500,-59.160365,-65.629457
97.23750,-59.160362,-65.629452
97.25000,-59.160359,-65.629448
97.26250,-59.160355,-65.629443
97.27500,-59.160352,-65.629438
97.28750,-59.160349,-65.629434
97.30000,-59.160346,-65.629429
97.31250,-59.160343,-65.629425
97.32500,-59.160340,-65.629420
97.33750,-59.160337,-65.629416
97.35000,-59.160334,-65.629412
97.36250,-59.160331,-65.629407
97.37500,-59.160329,-65.629403
97.38750,-59.160326,-65.629399
97.40000,-59.160323,-65.629395
97.41250,-59.160321,-65.629391
97.42500,-59.160319,-65.629387
97.43750,-59.160316,-65.629383
97.45000,-59.160314,-65.629379
97.46250,-59.160312,-65.629375
97.47500,-59.160310,-65.629371
97.48750,-59.160307,-65.629367
97.50000,-59.160305,-65.629363
97.51250,-59.160304,-65.629360
97.52500,-59.160302,-65.629356
97.53750,-59.160300,-65.629352
97.55000,-59.160298,-65.629349
97.56250,-59.160296,-65.629345
97.57500,-59.160295,-65.629342
97.58750,-59.160293,-65.629339
97.60000,-59.160292,-65.629335
97.61250,-59.160290,-65.629332
97.62500,-59.160289,-65.629329
97.63750,-59.160288,-65.629325
97.65000,-59.160287,-65.629322
97.66250,-59.160285,-65.629319
97.67500,-59.160284,-65.629316
97.68750,-59.160283,-65.629313
97.70000,-59.160282,-65.629310
97.71250,-59.160281,-65.629307
97.72500,-59.160281,-65.629304
97.73750,-59.160280,-65.629302
97.75000,-59.160279,-65.629299
97.76250,-59.160279,-65.629296
97.77500,-59.160278,-65.629293
97.78750,-59.160277,-65.629291
97.80000,-59.160277,-65.629288
97.81250,-59.160277,-65.629286
97.82500,-59.160276,-65.629283
97.83750,-59.160276,-65.629281
97.85000,-59.160276,-65.629278
97.86250,-59.160276,-65.629276
97.87500,-59.160276,-65.629274
97.88750,-59.160276,-65.629272
97.90000,-59.160276,-65.629269
97.91250,-59.160276,-65.629267
97.92500,-59.160276,-65.629265
97.93750,-59.160276,-65.629263
97.95000,-59.160277,-65.629261
97.96250,-59.160277,-65.629259
97.97500,-59.160277,-65.629257
97.98750,-59.160278,-65.629255
98.00000,-59.160278,-65.629254
98.01250,-59.160279,-65.629252
98.02500,-59.160280,-65.629250
98.03750,-59.160280,-65.629249
98.05000,-59.160281,-65.629247
98.06250,-59.160282,-65.629245
98.07500,-59.160283,-65.629244
98.08750,-59.160284,-65.629242
98.10000,-59.160285,-65.629241
98.11250,-59.160286,-65.629240
98.12500,-59.160287,-65.629238
98.13750,-59.160288,-65.629237
98.15000,-59.160290,-65.629236
98.16250,-59.160291,-65.629235
98.17500,-59.160292,-65.629234
98.18750,-59.160294,-65.629233
98.20000,-59.160295,-65.629231
98.21250,-59.160297,-65.629231
98.22500,-59.160298,-65.629230
98.23750,-59.160300,-65.629229
98.25000,-59.160302,-65.629228
98.26250,-59.160303,-65.629227
98.27500,-59.160305,-65.629226
98.28750,-59.160307,-65.629226
98.30000,-59.160309,-65.629225
98.31250,-59.160311,-65.629224
98.32500,-59.160313,-65.629224
98.33750,-59.160315,-65.629223
98.35000,-59.160317,-65.629223
98.36250,-59.160319,-65.629222
98.37500,-59.160321,-65.629222
98.38750,-59.160324,-65.629222
98.40000,-59.160326,-65.629221
98.41250,-59.160328,-65.629221
98.42500,-59.160331,-65.629221
98.43750,-59.160333,-65.629221
98.45000,-59.160336,-65.629221
98.46250,-59.160338,-65.629221
98.47500,-59.160341,-65.629221
98.48750,-59.160344,-65.629221
98.50000,-59.160346,-65.629221
98.51250,-59.160349,-65.629221
98.52500,-59.160352,-65.629221
98.53750,-59.160355,-65.629221
98.55000,-59.160358,-65.629221
98.56250,-59.160361,-65.629222
98.57500,-59.160364,-65.629222
98.58750,-59.160367,-65.629222
98.60000,-59.160370,-65.629223
98.61250,-59.160373,-65.629223
98.62500,-59.160376,-65.629224
98.63750,-59.160380,-65.629224
98.65000,-59.160383,-65.629225
98.66250,-59.160386,-65.629225
98.67500,-59.160390,-65.629226
98.68750,-59.160393,-65.629227
98.70000,-59.160397,-65.629228
98.71250,-59.160400,-65.629228
98.72500,-59.160404,-65.629229
98.73750,-59.160407,-65.629230
98.75000,-59.160411,-65.629231
98.76250,-59.160414,-65.629232
98.77500,-59.160418,-65.629233
98.78750,-59.160422,-65.629234
98.80000,-59.160426,-65.629235
98.81250,-59.160430,-65.629236
98.82500,-59.160433,-65.629237
98.83750,-59.160437,-65.629238
98.85000,-59.160441,-65.629240
98.86250,-59.160445,-65.629241
98.87500,-59.160449,-65.629242
98.88750,-59.160453,-65.629244
98.90000,-59.160458,-65.629245
98.91250,-59.160462,-65.629246
98.92500,-59.160466,-65.629248
98.93750,-59.160470,-65.629249
98.95000,-59.160474,-65.629251
98.96250,-59.160479,-65.629252
98.97500,-59.160483,-65.629254
98.98750,-59.160487,-65.629256
99.00000,-59.160492,-65.629257
99.01250,-59.160496,-65.629259
99.02500,-59.160501,-65.629261
99.03750,-59.160505,-65.629263
99.05000,-59.160510,-65.629264
99.06250,-59.160514,-65.629266
99.07500,-59.160519,-65.629268
99.08750,-59.160524,-65.629270
99.10000,-59.160528,-65.629272
99.11250,-59.160533,-65.629274
99.12500,-59.160538,-65.629276
99.13750,-59.160542,-65.629278
99.15000,-59.160547,-65.629280
99.16250,-59.160552,-65.629282
99.17500,-59.160557,-65.629285
99.18750,-59.160562,-65.629287
99.20000,-59.160567,-65.629289
99.21250,-59.160572,-65.629291
99.22500,-59.160577,-65.629294
99.23750,-59.160582,-65.629296
99.25000,-59.160587,-65.629298
99.26250,-59.160592,-65.629301
99.27500,-59.160597,-65.629303
99.28750,-59.160602,-65.629306
99.30000,-59.160607,-65.629308
99.31250,-59.160612,-65.629311
99.32500,-59.160617,-65.629313
99.33750,-59.160622,-65.629316
99.35000,-59.160628,-65.629318
99.36250,-59.160633,-65.629321
99.37500,-59.160638,-65.629324
99.38750,-59.160643,-65.629326
99.40000,-59.160649,-65.629329
99.41250,-59.160654,-65.629332
99.42500,-59.160659,-65.629335
99.43750,-59.160665,-65.629337
99.45000,-59.160670,-65.629340
99.46250,-59.160676,-65.629343
99.47500,-59.160681,-65.629346
99.48750,-59.160687,-65.629349
99.50000,-59.160692,-65.629352
99.51250,-59.160698,-65.629355
99.52500,-59.160703,-65.629358
99.53750,-59.160709,-65.629361
99.55000,-59.160714,-65.629364
99.56250,-59.160720,-65.629367
99.57500,-59.160725,-65.629370
99.58750,-59.160731,-65.629373
99.60000,-59.160737,-65.629376
99.61250,-59.160742,-65.629380
99.62500,-59.160748,-65.629383
99.63750,-59.160754,-65.629386
99.65000,-59.160759,-65.629389
99.66250,-59.160765,-65.629393
99.67500,-59.160771,-65.629396
99.68750,-59.160776,-65.629399
99.70000,-59.160782,-65.629402
99.71250,-59.160788,-65.629406
99.72500,-59.160794,-65.629409
99.73750,-59.160800,-65.629413
99.75000,-59.160805,-65.629416
99.76250,-59.160811,-65.629419
99.77500,-59.160817,-65.629423
99.78750,-59.160823,-65.629426
99.80000,-59.160829,-65.629430
99.81250,-59.160834,-65.629433
99.82500,-59.160840,-65.629437
99.83750,-59.160846,-65.629441
99.85000,-59.160852,-65.629444
99.86250,-59.160858,-65.629448
99.87500,-59.160864,-65.629451
99.88750,-59.160870,-65.629455
99.90000,-59.160876,-65.629459
99.91250,-59.160882,-65.629462
99.92500,-59.160888,-65.629466
99.93750,-59.160893,-65.629470
99.95000,-59.160899,-65.629474
99.96250,-59.160905,-65.629477
99.97500,-59.160911,-65.629481
99.98750,-59.160917,-65.629485
100.00000,-59.160923,-65.629489
100.01250,-59.160929,-65.629492
100.02500,-59.160935,-65.629496
100.03750,-59.160941,-65.629500
100.05000,-59.160947,-65.629504
100.06250,-59.160953,-65.629508
100.07500,-59.160959,-65.629512
100.08750,-59.160965,-65.629516
100.10000,-59.160971,-65.629520
100.11250,-59.160977,-65.629524
100.12500,-59.160983,-65.629528
100.13750,-59.160989,-65.629531
100.15000,-59.160995,-65.629535
100.16250,-59.161001,-65.629539
100.17500,-59.161007,-65.629543
100.18750,-59.161013,-65.629547
100.20000,-59.161019,-65.629551
100.21250,-59.161025,-65.629555
100.22500,-59.161031,-65.629560
100.23750,-59.161037,-65.629564
100.25000,-59.161043,-65.629568
100.26250,-59.161049,-65.629572
100.27500,-59.161055,-65.629576
100.28750,-59.161061,-65.629580
100.30000,-59.161067,-65.629584
100.31250,-59.161073,-65.629588
100.32500,-59.161079,-65.629592
100.33750,-59.161085,-65.629596
100.35000,-59.161091,-65.629600
100.36250,-59.161097,-65.629605
100.37500,-59.161102,-65.629609
100.38750,-59.161108,-65.629613
100.40000,-59.161114,-65.629617
100.41250,-59.161120,-65.629621
100.42500,-59.161126,-65.629625
100.43750,-59.161132,-65.629630
100.45000,-59.161138,-65.629634
100.46250,-59.161144,-65.629638
100.47500,-59.161150,-65.629642
100.48750,-59.161156,-65.629646
100.50000,-59.161161,-65.629651
100.51250,-59.161167,-65.629655
100.52500,-59.161173,-65.629659
100.53750,-59.161179,-65.629663
100.55000,-59.161185,-65.629668
100.56250,-59.161191,-65.629672
100.57500,-59.161196,-65.629676
100.58750,-59.161202,-65.629680
100.60000,-59.161208,-65.629685
100.61250,-59.161214,-65.629689
100.62500,-59.161220,-65.629693
100.63750,-59.161225,-65.629697
100.65000,-59.161231,-65.629702
100.66250,-59.161237,-65.629706
100.67500,-59.161243,-65.629710
100.68750,-59.161248,-65.629714
100.70000,-59.161254,-65.629719
100.71250,-59.161260,-65.629723
100.72500,-59.161265,-65.629727
100.73750,-59.161271,-65.629732
100.75000,-59.161276,-65.629736
100.76250,-59.161282,-65.629740
100.77500,-59.161288,-65.629744
100.78750,-59.161293,-65.629749
100.80000,-59.161299,-65.629753
100.81250,-59.161304,-65.629757
100.82500,-59.161310,-65.629761
100.83750,-59.161315,-65.629766
100.85000,-59.161321,-65.629770
100.86250,-59.161326,-65.629774
100.87500,-59.161332,-65.629778
100.88750,-59.161337,-65.629783
100.90000,-59.161343,-65.629787
100.91250,-59.161348,-65.629791
100.92500,-59.161354,-65.629795
100.93750,-59.161359,-65.629800
100.95000,-59.161364,-65.629804
100.96250,-59.161370,-65.629808
100.97500,-59.161375,-65.629812
100.98750,-59.161380,-65.629817
101.00000,-59.161386,-65.629821
101.01250,-59.161391,-65.629825
101.02500,-59.161396,-65.629829
101.03750,-59.161401,-65.629834
101.05000,-59.161406,-65.629838
101.06250,-59.161412,-65.629842
101.07500,-59.161417,-65.629846
101.08750,-59.161422,-65.629850
101.10000,-59.161427,-65.629854
101.11250,-59.161432,-65.629859
101.12500,-59.161437,-65.629863
101.13750,-59.161442,-65.629867
101.15000,-59.161447,-65.629871
101.16250,-59.161452,-65.629875
101.17500,-59.161457,-65.629879
101.18750,-59.161462,-65.629884
101.20000,-59.161467,-65.629888
101.21250,-59.161472,-65.629892
101.22500,-59.161477,-65.629896
101.23750,-59.161482,-65.629900
101.25000,-59.161487,-65.629904
101.26250,-59.161491,-65.629908
101.27500,-59.161496,-65.629912
101.28750,-59.161501,-65.629916
101.30000,-59.161506,-65.629920
101.31250,-59.161511,-65.629924
101.32500,-59.161515,-65.629928
101.33750,-59.161520,-65.629932
101.35000,-59.161524,-65.629936
101.36250,-59.161529,-65.629940
101.37500,-59.161534,-65.629944
101.38750,-59.161538,-65.629948
101.40000,-59.161543,-65.629952
101.41250,-59.161547,-65.629956
101.42500,-59.161552,-65.629960
101.43750,-59.161556,-65.629964
101.45000,-59.161561,-65.629968
101.46250,-59.161565,-65.629972
101.47500,-59.161569,-65.629976
101.48750,-59.161574,-65.629980
101.50000,-59.161578,-65.629984
101.51250,-59.161582,-65.629987
101.52500,-59.161587,-65.629991
101.53750,-59.161591,-65.629995
101.55000,-59.161595,-65.629999
101.56250,-59.161599,-65.630003
101.57500,-59.161603,-65.630007
101.58750,-59.161608,-65.630010
101.60000,-59.161612,-65.630014
101.61250,-59.161616,-65.630018
101.62500,-59.161620,-65.630022
101.63750,-59.161624,-65.630025
101.65000,-59.161628,-65.630029
101.66250,-59.161632,-65.630033
101.67500,-59.161636,-65.630036
101.68750,-59.161639,-65.630040
101.70000,-59.161643,-65.630044
101.71250,-59.161647,-65.630047
101.72500,-59.161651,-65.630051
101.73750,-59.161655,-65.630054
101.75000,-59.161658,-65.630058
101.76250,-59.161662,-65.630062
101.77500,-59.161666,-65.630065
101.78750,-59.161669,-65.630069
101.80000,-59.161673,-65.630072
101.81250,-59.161677,-65.630076
101.82500,-59.161680,-65.630079
101.83750,-59.161684,-65.630083
101.85000,-59.161687,-65.630086
101.86250,-59.161691,-65.630089
101.87500,-59.161694,-65.630093
101.88750,-59.161698,-65.630096
101.90000,-59.161701,-65.630100
101.91250,-59.161704,-65.630103
101.92500,-59.161708,-65.630106
101.93750,-59.161711,-65.630110
101.95000,-59.161714,-65.630113
101.96250,-59.161717,-65.630116
101.97500,-59.161720,-65.630119
101.98750,-59.161724,-65.630123
102.00000,-59.161727,-65.630126
102.01250,-59.161730,-65.630129
102.02500,-59.161733,-65.630132
102.03750,-59.161736,-65.630135
102.05000,-59.161739,-65.630139
102.06250,-59.161742,-65.630142
102.07500,-59.161745,-65.630145
102.08750,-59.161748,-65.630148
102.10000,-59.161750,-65.630151
102.11250,-59.161753,-65.630154
102.12500,-59.161756,-65.630157
102.13750,-59.161759,-65.630160
102.15000,-59.161761,-65.630163
102.16250,-59.161764,-65.630166
102.17500,-59.161767,-65.630169
102.18750,-59.161769,-65.630172
102.20000,-59.161772,-65.630175
102.21250,-59.161775,-65.630178
102.22500,-59.161777,-65.630181
102.23750,-59.161780,-65.630183
102.25000,-59.161782,-65.630186
102.26250,-59.161784,-65.630189
102.27500,-59.161787,-65.630192
102.28750,-59.161789,-65.630195
102.30000,-59.161792,-65.630197
102.31250,-59.161794,-65.630200
102.32500,-59.161796,-65.630203
102.33750,-59.161798,-65.630205
102.35000,-59.161800,-65.630208
102.36250,-59.161803,-65.630211
102.37500,-59.161805,-65.630213
102.38750,-59.161807,-65.630216
102.40000,-59.161809,-65.630218
102.41250,-59.161811,-65.630221
102.42500,-59.161813,-65.630223
102.43750,-59.161815,-65.630226
102.45000,-59.161817,-65.630228
102.46250,-59.161819,-65.630231
102.47500,-59.161821,-65.630233
102.48750,-59.161822,-65.630236
102.50000,-59.161824,-65.630238
102.51250,-59.161826,-65.630241
102.52500,-59.161828,-65.630243
102.53750,-59.161829,-65.630245
102.55000,-59.161831,-65.630247
102.56250,-59.161833,-65.630250
102.57500,-59.161834,-65.630252
102.58750,-59.161836,-65.630254
102.60000,-59.161837,-65.630256
102.61250,-59.161839,-65.630259
102.62500,-59.161840,-65.630261
102.63750,-59.161842,-65.630263
102.65000,-59.161843,-65.630265
102.66250,-59.161844,-65.630267
102.67500,-59.161846,-65.630269
102.68750,-59.161847,-65.630271
102.70000,-59.161848,-65.630273
102.71250,-59.161849,-65.630275
102.72500,-59.161851,-65.630277
102.73750,-59.161852,-65.630279
102.75000,-59.161853,-65.630281
102.76250,-59.161854,-65.630283
102.77500,-59.161855,-65.630285
102.78750,-59.161856,-65.630287
102.80000,-59.161857,-65.630289
102.81250,-59.161858,-65.630290
102.82500,-59.161859,-65.630292
102.83750,-59.161860,-65.630294
102.85000,-59.161861,-65.630296
102.86250,-59.161862,-65.630297
102.87500,-59.161862,-65.630299
102.88750,-59.161863,-65.630301
102.90000,-59.161864,-65.630302
102.91250,-59.161865,-65.630304
102.92500,-59.161865,-65.630306
102.93750,-59.161866,-65.630307
102.95000,-59.161867,-65.630309
102.96250,-59.161867,-65.630310
102.97500,-59.161868,-65.630312
102.98750,-59.161868,-65.630313
103.00000,-59.161869,-65.630315
103.01250,-59.161869,-65.630316
103.02500,-59.161870,-65.630317
103.03750,-59.161870,-65.630319
103.05000,-59.161870,-65.630320
103.06250,-59.161871,-65.630322
103.07500,-59.161871,-65.630323
103.08750,-59.161871,-65.630324
103.10000,-59.161871,-65.630325
103.11250,-59.161872,-65.630327
103.12500,-59.161872,-65.630328
103.13750,-59.161872,-65.630329
103.15000,-59.161872,-65.630330
103.16250,-59.161872,-65.630331
103.17500,-59.161872,-65.630332
103.18750,-59.161872,-65.630334
103.20000,-59.161872,-65.630335
103.21250,-59.161872,-65.630336
103.22500,-59.161872,-65.630337
103.23750,-59.161872,-65.630338
103.25000,-59.161872,-65.630339
103.26250,-59.161872,-65.630340
103.27500,-59.161872,-65.630341
103.28750,-59.161871,-65.630342
103.30000,-59.161871,-65.630342
103.31250,-59.161871,-65.630343
103.32500,-59.161870,-65.630344
103.33750,-59.161870,-65.630345
103.35000,-59.161870,-65.630346
103.36250,-59.161869,-65.630346
103.37500,-59.161869,-65.630347
103.38750,-59.161869,-65.630348
103.40000,-59.161868,-65.630349
103.41250,-59.161868,-65.630349
103.42500,-59.161867,-65.630350
103.43750,-59.161866,-65.630351
103.45000,-59.161866,-65.630351
103.46250,-59.161865,-65.630352
103.47500,-59.161865,-65.630352
103.48750,-59.161864,-65.630353
103.50000,-59.161863,-65.630353
103.51250,-59.161863,-65.630354
103.52500,-59.161862,-65.630354
103.53750,-59.161861,-65.630355
103.55000,-59.161860,-65.630355
103.56250,-59.161859,-65.630356
103.57500,-59.161859,-65.630356
103.58750,-59.161858,-65.630356
103.60000,-59.161857,-65.630357
103.61250,-59.161856,-65.630357
103.62500,-59.161855,-65.630357
103.63750,-59.161854,-65.630358
103.65000,-59.161853,-65.630358
103.66250,-59.161852,-65.630358
103.67500,-59.161851,-65.630358
103.68750,-59.161850,-65.630358
103.70000,-59.161849,-65.630359
103.71250,-59.161847,-65.630359
103.72500,-59.161846,-65.630359
103.73750,-59.161845,-65.630359
103.75000,-59.161844,-65.630359
103.76250,-59.161843,-65.630359
103.77500,-59.161841,-65.630359
103.78750,-59.161840,-65.630359
103.80000,-59.161839,-65.630359
103.81250,-59.161837,-65.630359
103.82500,-59.161836,-65.630359
103.83750,-59.161835,-65.630359
103.85000,-59.161833,-65.630359
103.86250,-59.161832,-65.630359
103.87500,-59.161830,-65.630358
103.88750,-59.161829,-65.630358
103.90000,-59.161827,-65.630358
103.91250,-59.161826,-65.630358
103.92500,-59.161824,-65.630358
103.93750,-59.161823,-65.630357
103.95000,-59.161821,-65.630357
103.96250,-59.161820,-65.630357
103.97500,-59.161818,-65.630357
103.98750,-59.161816,-65.630356
104.00000,-59.161815,-65.630356
104.01250,-59.161813,-65.630356
104.02500,-59.161811,-65.630355
104.03750,-59.161810,-65.630355
104.05000,-59.161808,-65.630354
104.06250,-59.161806,-65.630354
104.07500,-59.161804,-65.630353
104.08750,-59.161802,-65.630353
104.10000,-59.161801,-65.630352
104.11250,-59.161799,-65.630352
104.12500,-59.161797,-65.630351
104.13750,-59.161795,-65.630351
104.15000,-59.161793,-65.630350
104.16250,-59.161791,-65.630350
104.17500,-59.161789,-65.630349
104.18750,-59.161787,-65.630348
104.20000,-59.161785,-65.630348
104.21250,-59.161783,-65.630347
104.22500,-59.161781,-65.630346
104.23750,-59.161779,-65.630346
104.25000,-59.161777,-65.630345
104.26250,-59.161775,-65.630344
104.27500,-59.161773,-65.630343
104.28750,-59.161771,-65.630342
104.30000,-59.161769,-65.630342
104.31250,-59.161767,-65.630341
104.32500,-59.161765,-65.630340
104.33750,-59.161762,-65.630339
104.35000,-59.161760,-65.630338
104.36250,-59.161758,-65.630337
104.37500,-59.161756,-65.630337
104.38750,-59.161753,-65.630336
104.40000,-59.161751,-65.630335
104.41250,-59.161749,-65.630334
104.42500,-59.161747,-65.630333
104.43750,-59.161744,-65.630332
104.45000,-59.161742,-65.630331
104.46250,-59.161740,-65.630330
104.47500,-59.161737,-65.630329
104.48750,-59.161735,-65.630328
104.50000,-59.161733,-65.630327
104.51250,-59.161730,-65.630325
104.52500,-59.161728,-65.630324
104.53750,-59.161725,-65.630323
104.55000,-59.161723,-65.630322
104.56250,-59.161721,-65.630321
104.57500,-59.161718,-65.630320
104.58750,-59.161716,-65.630319
104.60000,-59.161713,-65.630317
104.61250,-59.161711,-65.630316
104.62500,-59.161708,-65.630315
104.63750,-59.161706,-65.630314
104.65000,-59.161703,-65.630312
104.66250,-59.161701,-65.630311
104.67500,-59.161698,-65.630310
104.68750,-59.161696,-65.630309
104.70000,-59.161693,-65.630307
104.71250,-59.161690,-65.630306
104.72500,-59.161688,-65.630305
104.73750,-59.161685,-65.630303
104.75000,-59.161683,-65.630302
104.76250,-59.161680,-65.630300
104.77500,-59.161677,-65.630299
104.78750,-59.161675,-65.630298
104.80000,-59.161672,-65.630296
104.81250,-59.161669,-65.630295
104.82500,-59.161667,-65.630293
104.83750,-59.161664,-65.630292
104.85000,-59.161661,-65.630290
104.86250,-59.161659,-65.630289
104.87500,-59.161656,-65.630287
104.88750,-59.161653,-65.630286
104.90000,-59.161651,-65.630284
104.91250,-59.161648,-65.630283
104.92500,-59.161645,-65.630281
104.93750,-59.161642,-65.630280
104.95000,-59.161640,-65.630278
104.96250,-59.161637,-65.630277
104.97500,-59.161634,-65.630275
104.98750,-59.161631,-65.630273
105.00000,-59.161628,-65.630272
105.01250,-59.161626,-65.630270
105.02500,-59.161623,-65.630269
105.03750,-59.161620,-65.630267
105.05000,-59.161617,-65.630265
105.06250,-59.161614,-65.630264
105.07500,-59.161612,-65.630262
105.08750,-59.161609,-65.630260
105.10000,-59.161606,-65.630259
105.11250,-59.161603,-65.630257
105.12500,-59.161600,-65.630255
105.13750,-59.161597,-65.630253
105.15000,-59.161595,-65.630252
105.16250,-59.161592,-65.630250
105.17500,-59.161589,-65.630248
105.18750,-59.161586,-65.630246
105.20000,-59.161583,-65.630245
105.21250,-59.161580,-65.630243
105.22500,-59.161577,-65.630241
105.23750,-59.161575,-65.630239
105.25000,-59.161572,-65.630238
105.26250,-59.161569,-65.630236
105.27500,-59.161566,-65.630234
105.28750,-59.161563,-65.630232
105.30000,-59.161560,-65.630230
105.31250,-59.161557,-65.630228
105.32500,-59.161554,-65.630227
105.33750,-59.161551,-65.630225
105.35000,-59.161549,-65.630223
105.36250,-59.161546,-65.630221
105.37500,-59.161543,-65.630219
105.38750,-59.161540,-65.630217
105.40000,-59.161537,-65.630215
105.41250,-59.161534,-65.630213
105.42500,-59.161531,-65.630211
105.43750,-59.161528,-65.630210
105.45000,-59.161525,-65.630208
105.46250,-59.161522,-65.630206
105.47500,-59.161520,-65.630204
105.48750,-59.161517,-65.630202
105.50000,-59.161514,-65.630200
105.51250,-59.161511,-65.630198
105.52500,-59.161508,-65.630196
105.53750,-59.161505,-65.630194
105.55000,-59.161502,-65.630192
105.56250,-59.161499,-65.630190
105.57500,-59.161496,-65.630188
105.58750,-59.161493,-65.630186
105.60000,-59.161491,-65.630184
105.61250,-59.161488,-65.630182
105.62500,-59.161485,-65.630180
105.63750,-59.161482,-65.630178
105.65000,-59.161479,-65.630176
105.66250,-59.161476,-65.630174
105.67500,-59.161473,-65.630172
105.68750,-59.161470,-65.630170
105.70000,-59.161468,-65.630168
105.71250,-59.161465,-65.630166
105.72500,-59.161462,-65.630164
105.73750,-59.161459,-65.630162
105.75000,-59.161456,-65.630160
105.76250,-59.161453,-65.630158
105.77500,-59.161450,-65.630156
105.78750,-59.161448,-65.630154
105.80000,-59.161445,-65.630152
105.81250,-59.161442,-65.630150
105.82500,-59.161439,-65.630148
105.83750,-59.161436,-65.630146
105.85000,-59.161433,-65.630144
105.86250,-59.161430,-65.630142
105.87500,-59.161428,-65.630139
105.88750,-59.161425,-65.630137
105.90000,-59.161422,-65.630135
105.91250,-59.161419,-65.630133
105.92500,-59.161416,-65.630131
105.93750,-59.161414,-65.630129
105.95000,-59.161411,-65.630127
105.96250,-59.161408,-65.630125
105.97500,-59.161405,-65.630123
105.98750,-59.161403,-65.630121
106.00000,-59.161400,-65.630119
106.01250,-59.161397,-65.630117
106.02500,-59.161394,-65.630115
106.03750,-59.161392,-65.630113
106.05000,-59.161389,-65.630111
106.06250,-59.161386,-65.630108
106.07500,-59.161383,-65.630106
106.08750,-59.161381,-65.630104
106.10000,-59.161378,-65.630102
106.11250,-59.161375,-65.630100
106.12500,-59.161373,-65.630098
106.13750,-59.161370,-65.630096
106.15000,-59.161367,-65.630094
106.16250,-59.161365,-65.630092
106.17500,-59.161362,-65.630090
106.18750,-59.161359,-65.630088
106.20000,-59.161357,-65.630086
106.21250,-59.161354,-65.630084
106.22500,-59.161351,-65.630082
106.23750,-59.161349,-65.630080
106.25000,-59.161346,-65.630078
106.26250,-59.161344,-65.630075
106.27500,-59.161341,-65.630073
106.28750,-59.161338,-65.630071
106.30000,-59.161336,-65.630069
106.31250,-59.161333,-65.630067
106.32500,-59.161331,-65.630065
106.33750,-59.161328,-65.630063
106.35000,-59.161326,-65.630061
106.36250,-59.161323,-65.630059
106.37500,-59.161321,-65.630057
106.38750,-59.161318,-65.630055
106.40000,-59.161316,-65.630053
106.41250,-59.161313,-65.630051
106.42500,-59.161311,-65.630049
106.43750,-59.161308,-65.630047
106.45000,-59.161306,-65.630045
106.46250,-59.161303,-65.630043
106.47500,-59.161301,-65.630041
106.48750,-59.161299,-65.630039
106.50000,-59.161296,-65.630037
106.51250,-59.161294,-65.630035
106.52500,-59.161291,-65.630033
106.53750,-59.161289,-65.630031
106.55000,-59.161287,-65.630029
106.56250,-59.161284,-65.630027
106.57500,-59.161282,-65.630025
106.58750,-59.161280,-65.630023
106.60000,-59.161277,-65.630021
106.61250,-59.161275,-65.630019
106.62500,-59.161273,-65.630017
106.63750,-59.161271,-65.630015
106.65000,-59.161268,-65.630013
106.66250,-59.161266,-65.630011
106.67500,-59.161264,-65.630009
106.68750,-59.161262,-65.630007
106.70000,-59.161259,-65.630006
106.71250,-59.161257,-65.630004
106.72500,-59.161255,-65.630002
106.73750,-59.161253,-65.630000
106.75000,-59.161251,-65.629998
106.76250,-59.161249,-65.629996
106.77500,-59.161246,-65.629994
106.78750,-59.161244,-65.629992
106.80000,-59.161242,-65.629990
106.81250,-59.161240,-65.629988
106.82500,-59.161238,-65.629987
106.83750,-59.161236,-65.629985
106.85000,-59.161234,-65.629983
106.86250,-59.161232,-65.629981
106.87500,-59.161230,-65.629979
106.88750,-59.161228,-65.629977
106.90000,-59.161226,-65.629976
106.91250,-59.161224,-65.629974
106.92500,-59.161222,-65.629972
106.93750,-59.161220,-65.629970
106.95000,-59.161218,-65.629968
106.96250,-59.161216,-65.629967
106.97500,-59.161214,-65.629965
106.98750,-59.161212,-65.629963
107.00000,-59.161210,-65.629961
107.01250,-59.161209,-65.629959
107.02500,-59.161207,-65.629958
107.03750,-59.161205,-65.629956
107.05000,-59.161203,-65.629954
107.06250,-59.161201,-65.629952
107.07500,-59.161200,-65.629951
107.08750,-59.161198,-65.629949
107.10000,-59.161196,-65.629947
107.11250,-59.161194,-65.629946
107.12500,-59.161193,-65.629944
107.13750,-59.161191,-65.629942
107.15000,-59.161189,-65.629941
107.16250,-59.161187,-65.629939
107.17500,-59.161186,-65.629937
107.18750,-59.161184,-65.629936
107.20000,-59.161182,-65.629934
107.21250,-59.161181,-65.629932
107.22500,-59.161179,-65.629931
107.23750,-59.161178,-65.629929
107.25000,-59.161176,-65.629927
107.26250,-59.161174,-65.629926
107.27500,-59.161173,-65.629924
107.28750,-59.161171,-65.629923
107.30000,-59.161170,-65.629921
107.31250,-59.161168,-65.629920
107.32500,-59.161167,-65.629918
107.33750,-59.161165,-65.629917
107.35000,-59.161164,-65.629915
107.36250,-59.161163,-65.629913
107.37500,-59.161161,-65.629912
107.38750,-59.161160,-65.629910
107.40000,-59.161158,-65.629909
107.41250,-59.161157,-65.629907
107.42500,-59.161156,-65.629906
107.43750,-59.161154,-65.629905
107.45000,-59.161153,-65.629903
107.46250,-59.161152,-65.629902
107.47500,-59.161150,-65.629900
107.48750,-59.161149,-65.629899
107.50000,-59.161148,-65.629897
107.51250,-59.161146,-65.629896
107.52500,-59.161145,-65.629895
107.53750,-59.161144,-65.629893
107.55000,-59.161143,-65.629892
107.56250,-59.161142,-65.629890
107.57500,-59.161140,-65.629889
107.58750,-59.161139,-65.629888
107.60000,-59.161138,-65.629886
107.61250,-59.161137,-65.629885
107.62500,-59.161136,-65.629884
107.63750,-59.161135,-65.629882
107.65000,-59.161134,-65.629881
107.66250,-59.161133,-65.629880
107.67500,-59.161132,-65.629879
107.68750,-59.161131,-65.629877
107.70000,-59.161130,-65.629876
107.71250,-59.161129,-65.629875
107.72500,-59.161128,-65.629874
107.73750,-59.161127,-65.629872
107.75000,-59.161126,-65.629871
107.76250,-59.161125,-65.629870
107.77500,-59.161124,-65.629869
107.78750,-59.161123,-65.629868
107.80000,-59.161122,-65.629866
107.81250,-59.161121,-65.629865
107.82500,-59.161121,-65.629864
107.83750,-59.161120,-65.629863
107.85000,-59.161119,-65.629862
107.86250,-59.161118,-65.629861
107.87500,-59.161117,-65.629860
107.88750,-59.161117,-65.629859
107.90000,-59.161116,-65.629858
107.91250,-59.161115,-65.629857
107.92500,-59.161114,-65.629855
107.93750,-59.161114,-65.629854
107.95000,-59.161113,-65.629853
107.96250,-59.161112,-65.629852
107.97500,-59.161112,-65.629851
107.98750,-59.161111,-65.629850
108.00000,-59.161110,-65.629849
108.01250,-59.161110,-65.629848
108.02500,-59.161109,-65.629847
108.03750,-59.161109,-65.629846
108.05000,-59.161108,-65.629846
108.06250,-59.161108,-65.629845
108.07500,-59.161107,-65.629844
108.08750,-59.161106,-65.629843
108.10000,-59.161106,-65.629842
108.11250,-59.161106,-65.629841
108.12500,-59.161105,-65.629840
108.13750,-59.161105,-65.629839
108.15000,-59.161104,-65.629838
108.16250,-59.161104,-65.629838
108.17500,-59.161103,-65.629837
108.18750,-59.161103,-65.629836
108.20000,-59.161103,-65.629835
108.21250,-59.161102,-65.629834
108.22500,-59.161102,-65.629834
108.23750,-59.161102,-65.629833
108.25000,-59.161101,-65.629832
108.26250,-59.161101,-65.629831
108.27500,-59.161101,-65.629831
108.28750,-59.161100,-65.629830
108.30000,-59.161100,-65.629829
108.31250,-59.161100,-65.629828
108.32500,-59.161100,-65.629828
108.33750,-59.161100,-65.629827
108.35000,-59.161099,-65.629826
108.36250,-59.161099,-65.629826
108.37500,-59.161099,-65.629825
108.38750,-59.161099,-65.629824
108.40000,-59.161099,-65.629824
108.41250,-59.161099,-65.629823
108.42500,-59.161099,-65.629823
108.43750,-59.161099,-65.629822
108.45000,-59.161098,-65.629821
108.46250,-59.161098,-65.629821
108.47500,-59.161098,-65.629820
108.48750,-59.161098,-65.629820
108.50000,-59.161098,-65.629819
108.51250,-59.161098,-65.629819
108.52500,-59.161098,-65.629818
108.53750,-59.161098,-65.629818
108.55000,-59.161099,-65.629817
108.56250,-59.161099,-65.629817
108.57500,-59.161099,-65.629816
108.58750,-59.161099,-65.629816
108.60000,-59.161099,-65.629816
108.61250,-59.161099,-65.629815
108.62500,-59.161099,-65.629815
108.63750,-59.161099,-65.629814
108.65000,-59.161099,-65.629814
108.66250,-59.161100,-65.629813
108.67500,-59.161100,-65.629813
108.68750,-59.161100,-65.629813
108.70000,-59.161100,-65.629812
108.71250,-59.161100,-65.629812
108.72500,-59.161101,-65.629812
108.73750,-59.161101,-65.629811
108.75000,-59.161101,-65.629811
108.76250,-59.161102,-65.629811
108.77500,-59.161102,-65.629811
108.78750,-59.161102,-65.629810
108.80000,-59.161103,-65.629810
108.81250,-59.161103,-65.629810
108.82500,-59.161103,-65.629810
108.83750,-59.161104,-65.629809
108.85000,-59.161104,-65.629809
108.86250,-59.161104,-65.629809
108.87500,-59.161105,-65.629809
108.88750,-59.161105,-65.629809
108.90000,-59.161106,-65.629808
108.91250,-59.161106,-65.629808
108.92500,-59.161107,-65.629808
108.93750,-59.161107,-65.629808
108.95000,-59.161107,-65.629808
108.96250,-59.161108,-65.629808
108.97500,-59.161108,-65.629808
108.98750,-59.161109,-65.629808
109.00000,-59.161110,-65.629807
109.01250,-59.161110,-65.629807
109.02500,-59.161111,-65.629807
109.03750,-59.161111,-65.629807
109.05000,-59.161112,-65.629807
109.06250,-59.161112,-65.629807
109.07500,-59.161113,-65.629807
109.08750,-59.161114,-65.629807
109.10000,-59.161114,-65.629807
109.11250,-59.161115,-65.629807
109.12500,-59.161116,-65.629807
109.13750,-59.161116,-65.629807
109.15000,-59.161117,-65.629807
109.16250,-59.161118,-65.629807
109.17500,-59.161118,-65.629807
109.18750,-59.161119,-65.629807
109.20000,-59.161120,-65.629808
109.21250,-59.161120,-65.629808
109.22500,-59.161121,-65.629808
109.23750,-59.161122,-65.629808
109.25000,-59.161123,-65.629808
109.26250,-59.161123,-65.629808
109.27500,-59.161124,-65.629808
109.28750,-59.161125,-65.629808
109.30000,-59.161126,-65.629809
109.31250,-59.161127,-65.629809
109.32500,-59.161127,-65.629809
109.33750,-59.161128,-65.629809
109.35000,-59.161129,-65.629809
109.36250,-59.161130,-65.629810
109.37500,-59.161131,-65.629810
109.38750,-59.161132,-65.629810
109.40000,-59.161133,-65.629810
109.41250,-59.161133,-65.629811
109.42500,-59.161134,-65.629811
109.43750,-59.161135,-65.629811
109.45000,-59.161136,-65.629811
109.46250,-59.161137,-65.629812
109.47500,-59.161138,-65.629812
109.48750,-59.161139,-65.629812
109.50000,-59.161140,-65.629813
109.51250,-59.161141,-65.629813
109.52500,-59.161142,-65.629813
109.53750,-59.161143,-65.629814
109.55000,-59.161144,-65.629814
109.56250,-59.161145,-65.629814
109.57500,-59.161146,-65.629815
109.58750,-59.161147,-65.629815
109.60000,-59.161148,-65.629815
109.61250,-59.161149,-65.629816
109.62500,-59.161150,-65.629816
109.63750,-59.161151,-65.629817
109.65000,-59.161152,-65.629817
109.66250,-59.161153,-65.629817
109.67500,-59.161154,-65.629818
109.68750,-59.161155,-65.629818
109.70000,-59.161156,-65.629819
109.71250,-59.161158,-65.629819
109.72500,-59.161159,-65.629820
109.73750,-59.161160,-65.629820
109.75000,-59.161161,-65.629821
109.76250,-59.161162,-65.629821
109.77500,-59.161163,-65.629822
109.78750,-59.161164,-65.629822
109.80000,-59.161165,-65.629823
109.81250,-59.161167,-65.629823
109.82500,-59.161168,-65.629824
109.83750,-59.161169,-65.629824
109.85000,-59.161170,-65.629825
109.86250,-59.161171,-65.629825
109.87500,-59.161172,-65.629826
109.88750,-59.161174,-65.629826
109.90000,-59.161175,-65.629827
109.91250,-59.161176,-65.629828
109.92500,-59.161177,-65.629828
109.93750,-59.161178,-65.629829
109.95000,-59.161180,-65.629829
109.96250,-59.161181,-65.629830
109.97500,-59.161182,-65.629831
109.98750,-59.161183,-65.629831
110.00000,-59.161185,-65.629832
110.01250,-59.161186,-65.629833
110.02500,-59.161187,-65.629833
110.03750,-59.161188,-65.629834
110.05000,-59.161190,-65.629835
110.06250,-59.161191,-65.629835
110.07500,-59.161192,-65.629836
110.08750,-59.161193,-65.629837
110.10000,-59.161195,-65.629837
110.11250,-59.161196,-65.629838
110.12500,-59.161197,-65.629839
110.13750,-59.161199,-65.629839
110.15000,-59.161200,-65.629840
110.16250,-59.161201,-65.629841
110.17500,-59.161202,-65.629841
110.18750,-59.161204,-65.629842
110.20000,-59.161205,-65.629843
110.21250,-59.161206,-65.629844
110.22500,-59.161208,-65.629844
110.23750,-59.161209,-65.629845
110.25000,-59.161210,-65.629846
110.26250,-59.161212,-65.629847
110.27500,-59.161213,-65.629847
110.28750,-59.161214,-65.629848
110.30000,-59.161216,-65.629849
110.31250,-59.161217,-65.629850
110.32500,-59.161219,-65.629851
110.33750,-59.161220,-65.629851
110.35000,-59.161221,-65.629852
110.36250,-59.161223,-65.629853
110.37500,-59.161224,-65.629854
110.38750,-59.161225,-65.629855
110.40000,-59.161227,-65.629855
110.41250,-59.161228,-65.629856
110.42500,-59.161229,-65.629857
110.43750,-59.161231,-65.629858
110.45000,-59.161232,-65.629859
110.46250,-59.161234,-65.629860
110.47500,-59.161235,-65.629860
110.48750,-59.161236,-65.629861
110.50000,-59.161238,-65.629862
110.51250,-59.161239,-65.629863
110.52500,-59.161241,-65.629864
110.53750,-59.161242,-65.629865
110.55000,-59.161243,-65.629866
110.56250,-59.161245,-65.629866
110.57500,-59.161246,-65.629867
110.58750,-59.161248,-65.629868
110.60000,-59.161249,-65.629869
110.61250,-59.161250,-65.629870
110.62500,-59.161252,-65.629871
110.63750,-59.161253,-65.629872
110.65000,-59.161255,-65.629873
110.66250,-59.161256,-65.629874
110.67500,-59.161257,-65.629875
110.68750,-59.161259,-65.629875
110.70000,-59.161260,-65.629876
110.71250,-59.161262,-65.629877
110.72500,-59.161263,-65.629878
110.73750,-59.161264,-65.629879
110.75000,-59.161266,-65.629880
110.76250,-59.161267,-65.629881
110.77500,-59.161269,-65.629882
110.78750,-59.161270,-65.629883
110.80000,-59.161271,-65.629884
110.81250,-59.161273,-65.629885
110.82500,-59.161274,-65.629886
110.83750,-59.161276,-65.629887
110.85000,-59.161277,-65.629888
110.86250,-59.161278,-65.629889
110.87500,-59.161280,-65.629890
110.88750,-59.161281,-65.629890
110.90000,-59.161283,-65.629891
110.91250,-59.161284,-65.629892
110.92500,-59.161285,-65.629893
110.93750,-59.161287,-65.629894
110.95000,-59.161288,-65.629895
110.96250,-59.161290,-65.629896
110.97500,-59.161291,-65.629897
110.98750,-59.161292,-65.629898
111.00000,-59.161294,-65.629899
111.01250,-59.161295,-65.629900
111.02500,-59.161297,-65.629901
111.03750,-59.161298,-65.629902
111.05000,-59.161299,-65.629903
111.06250,-59.161301,-65.629904
111.07500,-59.161302,-65.629905
111.08750,-59.161304,-65.629906
111.10000,-59.161305,-65.629907
111.11250,-59.161306,-65.629908
111.12500,-59.161308,-65.629909
111.13750,-59.161309,-65.629910
111.15000,-59.161310,-65.629911
111.16250,-59.161312,-65.629912
111.17500,-59.161313,-65.629913
111.18750,-59.161315,-65.629914
111.20000,-59.161316,-65.629915
111.21250,-59.161317,-65.629916
111.22500,-59.161319,-65.629917
111.23750,-59.161320,-65.629918
111.25000,-59.161321,-65.629919
111.26250,-59.161323,-65.629920
111.27500,-59.161324,-65.629921
111.28750,-59.161325,-65.629922
111.30000,-59.161327,-65.629923
111.31250,-59.161328,-65.629924
111.32500,-59.161329,-65.629925
111.33750,-59.161331,-65.629926
111.35000,-59.161332,-65.629927
111.36250,-59.161333,-65.629928
111.37500,-59.161335,-65.629929
111.38750,-59.161336,-65.629930
111.40000,-59.161337,-65.629931
111.41250,-59.161339,-65.629932
111.42500,-59.161340,-65.629933
111.43750,-59.161341,-65.629934
111.45000,-59.161343,-65.629935
111.46250,-59.161344,-65.629936
111.47500,-59.161345,-65.629937
111.48750,-59.161346,-65.629938
111.50000,-59.161348,-65.629939
111.51250,-59.161349,-65.629940
111.52500,-59.161350,-65.629941
111.53750,-59.161352,-65.629942
111.55000,-59.161353,-65.629943
111.56250,-59.161354,-65.629944
111.57500,-59.161355,-65.629945
111.58750,-59.161357,-65.629946
111.60000,-59.161358,-65.629947
111.61250,-59.161359,-65.629948
111.62500,-59.161360,-65.629949
111.63750,-59.161362,-65.629950
111.65000,-59.161363,-65.629951
111.66250,-59.161364,-65.629952
111.67500,-59.161365,-65.629953
111.68750,-59.161366,-65.629954
111.70000,-59.161368,-65.629955
111.71250,-59.161369,-65.629956
111.72500,-59.161370,-65.629957
111.73750,-59.161371,-65.629958
111.75000,-59.161372,-65.629959
111.76250,-59.161374,-65.629960
111.77500,-59.161375,-65.629961
111.78750,-59.161376,-65.629962
111.80000,-59.161377,-65.629963
111.81250,-59.161378,-65.629964
111.82500,-59.161379,-65.629965
111.83750,-59.161381,-65.629966
111.85000,-59.161382,-65.629967
111.86250,-59.161383,-65.629968
111.87500,-59.161384,-65.629969
111.88750,-59.161385,-65.629970
111.90000,-59.161386,-65.629971
111.91250,-59.161387,-65.629971
111.92500,-59.161388,-65.629972
111.93750,-59.161390,-65.629973
111.95000,-59.161391,-65.629974
111.96250,-59.161392,-65.629975
111.97500,-59.161393,-65.629976
111.98750,-59.161394,-65.629977
112.00000,-59.161395,-65.629978
112.01250,-59.161396,-65.629979
112.02500,-59.161397,-65.629980
112.03750,-59.161398,-65.629981
112.05000,-59.161399,-65.629982
112.06250,-59.161400,-65.629983
112.07500,-59.161401,-65.629984
112.08750,-59.161402,-65.629985
112.10000,-59.161403,-65.629985
112.11250,-59.161404,-65.629986
112.12500,-59.161405,-65.629987
112.13750,-59.161406,-65.629988
112.15000,-59.161407,-65.629989
112.16250,-59.161408,-65.629990
112.17500,-59.161409,-65.629991
112.18750,-59.161410,-65.629992
112.20000,-59.161411,-65.629993
112.21250,-59.161412,-65.629994
112.22500,-59.161413,-65.629994
112.23750,-59.161414,-65.629995
112.25000,-59.161415,-65.629996
112.26250,-59.161416,-65.629997
112.27500,-59.161417,-65.629998
112.28750,-59.161418,-65.629999
112.30000,-59.161419,-65.630000
112.31250,-59.161420,-65.630001
112.32500,-59.161421,-65.630001
112.33750,-59.161422,-65.630002
112.35000,-59.161422,-65.630003
112.36250,-59.161423,-65.630004
112.37500,-59.161424,-65.630005
112.38750,-59.161425,-65.630006
112.40000,-59.161426,-65.630006
112.41250,-59.161427,-65.630007
112.42500,-59.161428,-65.630008
112.43750,-59.161428,-65.630009
112.45000,-59.161429,-65.630010
112.46250,-59.161430,-65.630010
112.47500,-59.161431,-65.630011
112.48750,-59.161432,-65.630012
112.50000,-59.161433,-65.630013
112.51250,-59.161433,-65.630014
112.52500,-59.161434,-65.630014
112.53750,-59.161435,-65.630015
112.55000,-59.161436,-65.630016
112.56250,-59.161436,-65.630017
112.57500,-59.161437,-65.630018
112.58750,-59.161438,-65.630018
112.60000,-59.161439,-65.630019
112.61250,-59.161439,-65.630020
112.62500,-59.161440,-65.630021
112.63750,-59.161441,-65.630021
112.65000,-59.161442,-65.630022
112.66250,-59.161442,-65.630023
112.67500,-59.161443,-65.630024
112.68750,-59.161444,-65.630024
112.70000,-59.161444,-65.630025
112.71250,-59.161445,-65.630026
112.72500,-59.161446,-65.630027
112.73750,-59.161446,-65.630027
112.75000,-59.161447,-65.630028
112.76250,-59.161448,-65.630029
112.77500,-59.161448,-65.630029
112.78750,-59.161449,-65.630030
112.80000,-59.161449,-65.630031
112.81250,-59.161450,-65.630031
112.82500,-59.161451,-65.630032
112.83750,-59.161451,-65.630033
112.85000,-59.161452,-65.630033
112.86250,-59.161452,-65.630034
112.87500,-59.161453,-65.630035
112.88750,-59.161454,-65.630035
112.90000,-59.161454,-65.630036
112.91250,-59.161455,-65.630037
112.92500,-59.161455,-65.630037
112.93750,-59.161456,-65.630038
112.95000,-59.161456,-65.630039
112.96250,-59.161457,-65.630039
112.97500,-59.161457,-65.630040
112.98750,-59.161458,-65.630040
113.00000,-59.161458,-65.630041
113.01250,-59.161459,-65.630042
113.02500,-59.161459,-65.630042
113.03750,-59.161460,-65.630043
113.05000,-59.161460,-65.630043
113.06250,-59.161461,-65.630044
113.07500,-59.161461,-65.630045
113.08750,-59.161462,-65.630045
113.10000,-59.161462,-65.630046
113.11250,-59.161462,-65.630046
113.12500,-59.161463,-65.630047
113.13750,-59.161463,-65.630047
113.15000,-59.161464,-65.630048
113.16250,-59.161464,-65.630049
113.17500,-59.161464,-65.630049
113.18750,-59.161465,-65.630050
113.20000,-59.161465,-65.630050
113.21250,-59.161465,-65.630051
113.22500,-59.161466,-65.630051
113.23750,-59.161466,-65.630052
113.25000,-59.161467,-65.630052
113.26250,-59.161467,-65.630053
113.27500,-59.161467,-65.630053
113.28750,-59.161467,-65.630054
113.30000,-59.161468,-65.630054
113.31250,-59.161468,-65.630055
113.32500,-59.161468,-65.630055
113.33750,-59.161469,-65.630056
113.35000,-59.161469,-65.630056
113.36250,-59.161469,-65.630056
113.37500,-59.161469,-65.630057
113.38750,-59.161470,-65.630057
113.40000,-59.161470,-65.630058
113.41250,-59.161470,-65.630058
113.42500,-59.161470,-65.630059
113.43750,-59.161471,-65.630059
113.45000,-59.161471,-65.630059
113.46250,-59.161471,-65.630060
113.47500,-59.161471,-65.630060
113.48750,-59.161471,-65.630061
113.50000,-59.161472,-65.630061
113.51250,-59.161472,-65.630061
113.52500,-59.161472,-65.630062
113.53750,-59.161472,-65.630062
113.55000,-59.161472,-65.630063
113.56250,-59.161472,-65.630063
113.57500,-59.161473,-65.630063
113.58750,-59.161473,-65.630064
113.60000,-59.161473,-65.630064
113.61250,-59.161473,-65.630064
113.62500,-59.161473,-65.630065
113.63750,-59.161473,-65.630065
113.65000,-59.161473,-65.630065
113.66250,-59.161473,-65.630066
113.67500,-59.161473,-65.630066
113.68750,-59.161473,-65.630066
113.70000,-59.161474,-65.630067
113.71250,-59.161474,-65.630067
113.72500,-59.161474,-65.630067
113.73750,-59.161474,-65.630068
113.75000,-59.161474,-65.630068
113.76250,-59.161474,-65.630068
113.77500,-59.161474,-65.630068
113.78750,-59.161474,-65.630069
113.80000,-59.161474,-65.630069
113.81250,-59.161474,-65.630069
113.82500,-59.161474,-65.630069
113.83750,-59.161474,-65.630070
113.85000,-59.161474,-65.630070
113.86250,-59.161474,-65.630070
113.87500,-59.161474,-65.630070
113.88750,-59.161474,-65.630071
113.90000,-59.161474,-65.630071
113.91250,-59.161474,-65.630071
113.92500,-59.161473,-65.630071
113.93750,-59.161473,-65.630071
113.95000,-59.161473,-65.630072
113.96250,-59.161473,-65.630072
113.97500,-59.161473,-65.630072
113.98750,-59.161473,-65.630072
114.00000,-59.161473,-65.630072
114.01250,-59.161473,-65.630072
114.02500,-59.161473,-65.630073
114.03750,-59.161473,-65.630073
114.05000,-59.161472,-65.630073
114.06250,-59.161472,-65.630073
114.07500,-59.161472,-65.630073
114.08750,-59.161472,-65.630073
114.10000,-59.161472,-65.630073
114.11250,-59.161472,-65.630074
114.12500,-59.161472,-65.630074
114.13750,-59.161471,-65.630074
114.15000,-59.161471,-65.630074
114.16250,-59.161471,-65.630074
114.17500,-59.161471,-65.630074
114.18750,-59.161471,-65.630074
114.20000,-59.161470,-65.630074
114.21250,-59.161470,-65.630074
114.22500,-59.161470,-65.630074
114.23750,-59.161470,-65.630074
114.25000,-59.161470,-65.630075
114.26250,-59.161469,-65.630075
114.27500,-59.161469,-65.630075
114.28750,-59.161469,-65.630075
114.30000,-59.161469,-65.630075
114.31250,-59.161468,-65.630075
114.32500,-59.161468,-65.630075
114.33750,-59.161468,-65.630075
114.35000,-59.161467,-65.630075
114.36250,-59.161467,-65.630075
114.37500,-59.161467,-65.630075
114.38750,-59.161467,-65.630075
114.40000,-59.161466,-65.630075
114.41250,-59.161466,-65.630075
114.42500,-59.161466,-65.630075
114.43750,-59.161465,-65.630075
114.45000,-59.161465,-65.630075
114.46250,-59.161465,-65.630075
114.47500,-59.161464,-65.630075
114.48750,-59.161464,-65.630075
114.50000,-59.161464,-65.630075
114.51250,-59.161463,-65.630075
114.52500,-59.161463,-65.630075
114.53750,-59.161463,-65.630075
114.55000,-59.161462,-65.630075
114.56250,-59.161462,-65.630074
114.57500,-59.161462,-65.630074
114.58750,-59.161461,-65.630074
114.60000,-59.161461,-65.630074
114.61250,-59.161460,-65.630074
114.62500,-59.161460,-65.630074
114.63750,-59.161460,-65.630074
114.65000,-59.161459,-65.630074
114.66250,-59.161459,-65.630074
114.67500,-59.161458,-65.630074
114.68750,-59.161458,-65.630074
114.70000,-59.161458,-65.630073
114.71250,-59.161457,-65.630073
114.72500,-59.161457,-65.630073
114.73750,-59.161456,-65.630073
114.75000,-59.161456,-65.630073
114.76250,-59.161455,-65.630073
114.77500,-59.161455,-65.630073
114.78750,-59.161454,-65.630073
114.80000,-59.161454,-65.630072
114.81250,-59.161454,-65.630072
114.82500,-59.161453,-65.630072
114.83750,-59.161453,-65.630072
114.85000,-59.161452,-65.630072
114.86250,-59.161452,-65.630072
114.87500,-59.161451,-65.630071
114.88750,-59.161451,-65.630071
114.90000,-59.161450,-65.630071
114.91250,-59.161450,-65.630071
114.92500,-59.161449,-65.630071
114.93750,-59.161449,-65.630070
114.95000,-59.161448,-65.630070
114.96250,-59.161448,-65.630070
114.97500,-59.161447,-65.630070
114.98750,-59.161447,-65.630070
115.00000,-59.161446,-65.630069
115.01250,-59.161446,-65.630069
115.02500,-59.161445,-65.630069
115.03750,-59.161444,-65.630069
115.05000,-59.161444,-65.630069
115.06250,-59.161443,-65.630068
115.07500,-59.161443,-65.630068
115.08750,-59.161442,-65.630068
115.10000,-59.161442,-65.630068
115.11250,-59.161441,-65.630067
115.12500,-59.161441,-65.630067
115.13750,-59.161440,-65.630067
115.15000,-59.161439,-65.630067
115.16250,-59.161439,-65.630066
115.17500,-59.161438,-65.630066
115.18750,-59.161438,-65.630066
115.20000,-59.161437,-65.630065
115.21250,-59.161437,-65.630065
115.22500,-59.161436,-65.630065
115.23750,-59.161435,-65.630065
115.25000,-59.161435,-65.630064
115.26250,-59.161434,-65.630064
115.27500,-59.161434,-65.630064
115.28750,-59.161433,-65.630063
115.30000,-59.161432,-65.630063
115.31250,-59.161432,-65.630063
115.32500,-59.161431,-65.630063
115.33750,-59.161431,-65.630062
115.35000,-59.161430,-65.630062
115.36250,-59.161429,-65.630062
115.37500,-59.161429,-65.630061
115.38750,-59.161428,-65.630061
115.40000,-59.161428,-65.630061
115.41250,-59.161427,-65.630060
115.42500,-59.161426,-65.630060
115.43750,-59.161426,-65.630060
115.45000,-59.161425,-65.630059
115.46250,-59.161424,-65.630059
115.47500,-59.161424,-65.630059
115.48750,-59.161423,-65.630058
115.50000,-59.161422,-65.630058
115.51250,-59.161422,-65.630057
115.52500,-59.161421,-65.630057
115.53750,-59.161421,-65.630057
115.55000,-59.161420,-65.630056
115.56250,-59.161419,-65.630056
115.57500,-59.161419,-65.630056
115.58750,-59.161418,-65.630055
115.60000,-59.161417,-65.630055
115.61250,-59.161417,-65.630055
115.62500,-59.161416,-65.630054
115.63750,-59.161415,-65.630054
115.65000,-59.161415,-65.630053
115.66250,-59.161414,-65.630053
115.67500,-59.161413,-65.630053
115.68750,-59.161413,-65.630052
115.70000,-59.161412,-65.630052
115.71250,-59.161411,-65.630051
115.72500,-59.161411,-65.630051
115.73750,-59.161410,-65.630051
115.75000,-59.161409,-65.630050
115.76250,-59.161409,-65.630050
115.77500,-59.161408,-65.630049
115.78750,-59.161407,-65.630049
115.80000,-59.161407,-65.630049
115.81250,-59.161406,-65.630048
115.82500,-59.161405,-65.630048
115.83750,-59.161405,-65.630047
115.85000,-59.161404,-65.630047
115.86250,-59.161403,-65.630046
115.87500,-59.161403,-65.630046
115.88750,-59.161402,-65.630046
115.90000,-59.161401,-65.630045
115.91250,-59.161401,-65.630045
115.92500,-59.161400,-65.630044
115.93750,-59.161399,-65.630044
115.95000,-59.161399,-65.630043
115.96250,-59.161398,-65.630043
115.97500,-59.161397,-65.630043
115.98750,-59.161397,-65.630042
116.00000,-59.161396,-65.630042
116.01250,-59.161395,-65.630041
116.02500,-59.161394,-65.630041
116.03750,-59.161394,-65.630040
116.05000,-59.161393,-65.630040
116.06250,-59.161392,-65.630039
116.07500,-59.161392,-65.630039
116.08750,-59.161391,-65.630039
116.10000,-59.161390,-65.630038
116.11250,-59.161390,-65.630038
116.12500,-59.161389,-65.630037
116.13750,-59.161388,-65.630037
116.15000,-59.161388,-65.630036
116.16250,-59.161387,-65.630036
116.17500,-59.161386,-65.630035
116.18750,-59.161386,-65.630035
116.20000,-59.161385,-65.630034
116.21250,-59.161384,-65.630034
116.22500,-59.161384,-65.630033
116.23750,-59.161383,-65.630033
116.25000,-59.161382,-65.630032
116.26250,-59.161382,-65.630032
116.27500,-59.161381,-65.630032
116.28750,-59.161380,-65.630031
116.30000,-59.161380,-65.630031
116.31250,-59.161379,-65.630030
116.32500,-59.161378,-65.630030
116.33750,-59.161377,-65.630029
116.35000,-59.161377,-65.630029
116.36250,-59.161376,-65.630028
116.37500,-59.161375,-65.630028
116.38750,-59.161375,-65.630027
116.40000,-59.161374,-65.630027
116.41250,-59.161373,-65.630026
116.42500,-59.161373,-65.630026
116.43750,-59.161372,-65.630025
116.45000,-59.161371,-65.630025
116.46250,-59.161371,-65.630024
116.47500,-59.161370,-65.630024
116.48750,-59.161369,-65.630023
116.50000,-59.161369,-65.630023
116.51250,-59.161368,-65.630022
116.52500,-59.161367,-65.630022
116.53750,-59.161367,-65.630021
116.55000,-59.161366,-65.630021
116.56250,-59.161366,-65.630021
116.57500,-59.161365,-65.630020
116.58750,-59.161364,-65.630020
116.60000,-59.161364,-65.630019
116.61250,-59.161363,-65.630019
116.62500,-59.161362,-65.630018
116.63750,-59.161362,-65.630018
116.65000,-59.161361,-65.630017
116.66250,-59.161360,-65.630017
116.67500,-59.161360,-65.630016
116.68750,-59.161359,-65.630016
116.70000,-59.161358,-65.630015
116.71250,-59.161358,-65.630015
116.72500,-59.161357,-65.630014
116.73750,-59.161356,-65.630014
116.75000,-59.161356,-65.630013
116.76250,-59.161355,-65.630013
116.77500,-59.161355,-65.630012
116.78750,-59.161354,-65.630012
116.80000,-59.161353,-65.630011
116.81250,-59.161353,-65.630011
116.82500,-59.161352,-65.630010
116.83750,-59.161352,-65.630010
116.85000,-59.161351,-65.630009
116.86250,-59.161350,-65.630009
116.87500,-59.161350,-65.630008
116.88750,-59.161349,-65.630008
116.90000,-59.161348,-65.630007
116.91250,-59.161348,-65.630007
116.92500,-59.161347,-65.630006
116.93750,-59.161347,-65.630006
116.95000,-59.161346,-65.630005
116.96250,-59.161345,-65.630005
116.97500,-59.161345,-65.630005
116.98750,-59.161344,-65.630004
117.00000,-59.161344,-65.630004
117.01250,-59.161343,-65.630003
117.02500,-59.161343,-65.630003
117.03750,-59.161342,-65.630002
117.05000,-59.161341,-65.630002
117.06250,-59.161341,-65.630001
117.07500,-59.161340,-65.630001
117.08750,-59.161340,-65.630000
117.10000,-59.161339,-65.630000
117.11250,-59.161339,-65.629999
117.12500,-59.161338,-65.629999
117.13750,-59.161337,-65.629998
117.15000,-59.161337,-65.629998
117.16250,-59.161336,-65.629997
117.17500,-59.161336,-65.629997
117.18750,-59.161335,-65.629996
117.20000,-59.161335,-65.629996
117.21250,-59.161334,-65.629996
117.22500,-59.161334,-65.629995
117.23750,-59.161333,-65.629995
117.25000,-59.161332,-65.629994
117.26250,-59.161332,-65.629994
117.27500,-59.161331,-65.629993
117.28750,-59.161331,-65.629993
117.30000,-59.161330,-65.629992
117.31250,-59.161330,-65.629992
117.32500,-59.161329,-65.629991
117.33750,-59.161329,-65.629991
117.35000,-59.161328,-65.629991
117.36250,-59.161328,-65.629990
117.37500,-59.161327,-65.629990
117.38750,-59.161327,-65.629989
117.40000,-59.161326,-65.629989
117.41250,-59.161326,-65.629988
117.42500,-59.161325,-65.629988
117.43750,-59.161325,-65.629987
117.45000,-59.161324,-65.629987
117.46250,-59.161324,-65.629987
117.47500,-59.161323,-65.629986
117.48750,-59.161323,-65.629986
117.50000,-59.161322,-65.629985
117.51250,-59.161322,-65.629985
117.52500,-59.161321,-65.629984
117.53750,-59.161321,-65.629984
117.55000,-59.161321,-65.629984
117.56250,-59.161320,-65.629983
117.57500,-59.161320,-65.629983
117.58750,-59.161319,-65.629982
117.60000,-59.161319,-65.629982
117.61250,-59.161318,-65.629981
117.62500,-59.161318,-65.629981
117.63750,-59.161317,-65.629981
117.65000,-59.161317,-65.629980
117.66250,-59.161317,-65.629980
117.67500,-59.161316,-65.629979
117.68750,-59.161316,-65.629979
117.70000,-59.161315,-65.629979
117.71250,-59.161315,-65.629978
117.72500,-59.161314,-65.629978
117.73750,-59.161314,-65.629977
117.75000,-59.161314,-65.629977
117.76250,-59.161313,-65.629977
117.77500,-59.161313,-65.629976
117.78750,-59.161312,-65.629976
117.80000,-59.161312,-65.629975
117.81250,-59.161312,-65.629975
117.82500,-59.161311,-65.629975
117.83750,-59.161311,-65.629974
117.85000,-59.161311,-65.629974
117.86250,-59.161310,-65.629974
117.87500,-59.161310,-65.629973
117.88750,-59.161309,-65.629973
117.90000,-59.161309,-65.629972
117.91250,-59.161309,-65.629972
117.92500,-59.161308,-65.629972
117.93750,-59.161308,-65.629971
117.95000,-59.161308,-65.629971
117.96250,-59.161307,-65.629971
117.97500,-59.161307,-65.629970
117.98750,-59.161307,-65.629970
118.00000,-59.161306,-65.629970
118.01250,-59.161306,-65.629969
118.02500,-59.161306,-65.629969
118.03750,-59.161305,-65.629968
118.05000,-59.161305,-65.629968
118.06250,-59.161305,-65.629968
118.07500,-59.161304,-65.629967
118.08750,-59.161304,-65.629967
118.10000,-59.161304,-65.629967
118.11250,-59.161304,-65.629966
118.12500,-59.161303,-65.629966
118.13750,-59.161303,-65.629966
118.15000,-59.161303,-65.629965
118.16250,-59.161302,-65.629965
118.17500,-59.161302,-65.629965
118.18750,-59.161302,-65.629964
118.20000,-59.161302,-65.629964
118.21250,-59.161301,-65.629964
118.22500,-59.161301,-65.629964
118.23750,-59.161301,-65.629963
118.25000,-59.161301,-65.629963
118.26250,-59.161300,-65.629963
118.27500,-59.161300,-65.629962
118.28750,-59.161300,-65.629962
118.30000,-59.161300,-65.629962
118.31250,-59.161299,-65.629961
118.32500,-59.161299,-65.629961
118.33750,-59.161299,-65.629961
118.35000,-59.161299,-65.629961
118.36250,-59.161298,-65.629960
118.37500,-59.161298,-65.629960
118.38750,-59.161298,-65.629960
118.40000,-59.161298,-65.629959
118.41250,-59.161298,-65.629959
118.42500,-59.161297,-65.629959
118.43750,-59.161297,-65.629959
118.45000,-59.161297,-65.629958
118.46250,-59.161297,-65.629958
118.47500,-59.161297,-65.629958
118.48750,-59.161296,-65.629958
118.50000,-59.161296,-65.629957
118.51250,-59.161296,-65.629957
118.52500,-59.161296,-65.629957
118.53750,-59.161296,-65.629957
118.55000,-59.161295,-65.629956
118.56250,-59.161295,-65.629956
118.57500,-59.161295,-65.629956
118.58750,-59.161295,-65.629956
118.60000,-59.161295,-65.629955
118.61250,-59.161295,-65.629955
118.62500,-59.161295,-65.629955
118.63750,-59.161294,-65.629955
118.65000,-59.161294,-65.629954
118.66250,-59.161294,-65.629954
118.67500,-59.161294,-65.629954
118.68750,-59.161294,-65.629954
118.70000,-59.161294,-65.629954
118.71250,-59.161294,-65.629953
118.72500,-59.161294,-65.629953
118.73750,-59.161293,-65.629953
118.75000,-59.161293,-65.629953
118.76250,-59.161293,-65.629953
118.77500,-59.161293,-65.629952
118.78750,-59.161293,-65.629952
118.80000,-59.161293,-65.629952
118.81250,-59.161293,-65.629952
118.82500,-59.161293,-65.629952
118.83750,-59.161293,-65.629951
118.85000,-59.161293,-65.629951
118.86250,-59.161293,-65.629951
118.87500,-59.161292,-65.629951
118.88750,-59.161292,-65.629951
118.90000,-59.161292,-65.629951
118.91250,-59.161292,-65.629950
118.92500,-59.161292,-65.629950
118.93750,-59.161292,-65.629950
118.95000,-59.161292,-65.629950
118.96250,-59.161292,-65.629950
118.97500,-59.161292,-65.629950
118.98750,-59.161292,-65.629949
119.00000,-59.161292,-65.629949
119.01250,-59.161292,-65.629949
119.02500,-59.161292,-65.629949
119.03750,-59.161292,-65.629949
119.05000,-59.161292,-65.629949
119.06250,-59.161292,-65.629949
119.07500,-59.161292,-65.629948
119.08750,-59.161292,-65.629948
119.10000,-59.161292,-65.629948
119.11250,-59.161292,-65.629948
119.12500,-59.161292,-65.629948
119.13750,-59.161292,-65.629948
119.15000,-59.161292,-65.629948
119.16250,-59.161292,-65.629948
119.17500,-59.161292,-65.629947
119.18750,-59.161292,-65.629947
119.20000,-59.161292,-65.629947
119.21250,-59.161292,-65.629947
119.22500,-59.161292,-65.629947
119.23750,-59.161292,-65.629947
119.25000,-59.161292,-65.629947
119.26250,-59.161292,-65.629947
119.27500,-59.161292,-65.629947
119.28750,-59.161292,-65.629947
119.30000,-59.161292,-65.629946
119.31250,-59.161292,-65.629946
119.32500,-59.161292,-65.629946
119.33750,-59.161292,-65.629946
119.35000,-59.161292,-65.629946
119.36250,-59.161293,-65.629946
119.37500,-59.161293,-65.629946
119.38750,-59.161293,-65.629946
119.40000,-59.161293,-65.629946
119.41250,-59.161293,-65.629946
119.42500,-59.161293,-65.629946
119.43750,-59.161293,-65.629946
119.45000,-59.161293,-65.629946
119.46250,-59.161293,-65.629946
119.47500,-59.161293,-65.629946
119.48750,-59.161293,-65.629946
119.50000,-59.161293,-65.629945
119.51250,-59.161294,-65.629945
119.52500,-59.161294,-65.629945
119.53750,-59.161294,-65.629945
119.55000,-59.161294,-65.629945
119.56250,-59.161294,-65.629945
119.57500,-59.161294,-65.629945
119.58750,-59.161294,-65.629945
119.60000,-59.161294,-65.629945
119.61250,-59.161294,-65.629945
119.62500,-59.161295,-65.629945
119.63750,-59.161295,-65.629945
119.65000,-59.161295,-65.629945
119.66250,-59.161295,-65.629945
119.67500,-59.161295,-65.629945
119.68750,-59.161295,-65.629945
119.70000,-59.161295,-65.629945
119.71250,-59.161296,-65.629945
119.72500,-59.161296,-65.629945
119.73750,-59.161296,-65.629945
119.75000,-59.161296,-65.629945
119.76250,-59.161296,-65.629945
119.77500,-59.161296,-65.629945
119.78750,-59.161296,-65.629945
119.80000,-59.161297,-65.629945
119.81250,-59.161297,-65.629945
119.82500,-59.161297,-65.629945
119.83750,-59.161297,-65.629945
119.85000,-59.161297,-65.629945
119.86250,-59.161298,-65.629945
119.87500,-59.161298,-65.629945
119.88750,-59.161298,-65.629945
119.90000,-59.161298,-65.629945
119.91250,-59.161298,-65.629945
119.92500,-59.161298,-65.629946
119.93750,-59.161299,-65.629946
119.95000,-59.161299,-65.629946
119.96250,-59.161299,-65.629946
119.97500,-59.161299,-65.629946
119.98750,-59.161299,-65.629946
120.00000,-59.161300,-65.629946
120.01250,-59.161300,-65.629946
120.02500,-59.161300,-65.629946
120.03750,-59.161300,-65.629946
120.05000,-59.161300,-65.629946
120.06250,-59.161301,-65.629946
120.07500,-59.161301,-65.629946
120.08750,-59.161301,-65.629946
120.10000,-59.161301,-65.629946
120.11250,-59.161302,-65.629946
120.12500,-59.161302,-65.629946
120.13750,-59.161302,-65.629947
120.15000,-59.161302,-65.629947
120.16250,-59.161302,-65.629947
120.17500,-59.161303,-65.629947
120.18750,-59.161303,-65.629947
120.20000,-59.161303,-65.629947
120.21250,-59.161303,-65.629947
120.22500,-59.161304,-65.629947
120.23750,-59.161304,-65.629947
120.25000,-59.161304,-65.629947
120.26250,-59.161304,-65.629947
120.27500,-59.161305,-65.629948
120.28750,-59.161305,-65.629948
120.30000,-59.161305,-65.629948
120.31250,-59.161305,-65.629948
120.32500,-59.161306,-65.629948
120.33750,-59.161306,-65.629948
120.35000,-59.161306,-65.629948
120.36250,-59.161306,-65.629948
120.37500,-59.161307,-65.629948
120.38750,-59.161307,-65.629949
120.40000,-59.161307,-65.629949
120.41250,-59.161308,-65.629949
120.42500,-59.161308,-65.629949
120.43750,-59.161308,-65.629949
120.45000,-59.161308,-65.629949
120.46250,-59.161309,-65.629949
120.47500,-59.161309,-65.629949
120.48750,-59.161309,-65.629950
120.50000,-59.161309,-65.629950
120.51250,-59.161310,-65.629950
120.52500,-59.161310,-65.629950
120.53750,-59.161310,-65.629950
120.55000,-59.161311,-65.629950
120.56250,-59.161311,-65.629950
120.57500,-59.161311,-65.629950
120.58750,-59.161311,-65.629951
120.60000,-59.161312,-65.629951
120.61250,-59.161312,-65.629951
120.62500,-59.161312,-65.629951
120.63750,-59.161313,-65.629951
120.65000,-59.161313,-65.629951
120.66250,-59.161313,-65.629952
120.67500,-59.161314,-65.629952
120.68750,-59.161314,-65.629952
120.70000,-59.161314,-65.629952
120.71250,-59.161314,-65.629952
120.72500,-59.161315,-65.629952
120.73750,-59.161315,-65.629952
120.75000,-59.161315,-65.629953
120.76250,-59.161316,-65.629953
120.77500,-59.161316,-65.629953
120.78750,-59.161316,-65.629953
120.80000,-59.161317,-65.629953
120.81250,-59.161317,-65.629954
120.82500,-59.161317,-65.629954
120.83750,-59.161317,-65.629954
120.85000,-59.161318,-65.629954
120.86250,-59.161318,-65.629954
120.87500,-59.161318,-65.629954
120.88750,-59.161319,-65.629955
120.90000,-59.161319,-65.629955
120.91250,-59.161319,-65.629955
120.92500,-59.161320,-65.629955
120.93750,-59.161320,-65.629955
120.95000,-59.161320,-65.629955
120.96250,-59.161321,-65.629956
120.97500,-59.161321,-65.629956
120.98750,-59.161321,-65.629956
121.00000,-59.161322,-65.629956
121.01250,-59.161322,-65.629956
121.02500,-59.161322,-65.629957
121.03750,-59.161323,-65.629957
121.05000,-59.161323,-65.629957
121.06250,-59.161323,-65.629957
121.07500,-59.161324,-65.629957
121.08750,-59.161324,-65.629958
121.10000,-59.161324,-65.629958
121.11250,-59.161325,-65.629958
121.12500,-59.161325,-65.629958
121.13750,-59.161325,-65.629958
121.15000,-59.161326,-65.629959
121.16250,-59.161326,-65.629959
121.17500,-59.161326,-65.629959
121.18750,-59.161327,-65.629959
121.20000,-59.161327,-65.629959
121.21250,-59.161327,-65.629960
121.22500,-59.161327,-65.629960
121.23750,-59.161328,-65.629960
121.25000,-59.161328,-65.629960
121.26250,-59.161328,-65.629961
121.27500,-59.161329,-65.629961
121.28750,-59.161329,-65.629961
121.30000,-59.161329,-65.629961
121.31250,-59.161330,-65.629961
121.32500,-59.161330,-65.629962
121.33750,-59.161330,-65.629962
121.35000,-59.161331,-65.629962
121.36250,-59.161331,-65.629962
121.37500,-59.161331,-65.629962
121.38750,-59.161332,-65.629963
121.40000,-59.161332,-65.629963
121.41250,-59.161332,-65.629963
121.42500,-59.161333,-65.629963
121.43750,-59.161333,-65.629964
121.45000,-59.161333,-65.629964
121.46250,-59.161334,-65.629964
121.47500,-59.161334,-65.629964
121.48750,-59.161334,-65.629964
121.50000,-59.161335,-65.629965
121.51250,-59.161335,-65.629965
121.52500,-59.161335,-65.629965
121.53750,-59.161336,-65.629965
121.55000,-59.161336,-65.629966
121.56250,-59.161336,-65.629966
121.57500,-59.161337,-65.629966
121.58750,-59.161337,-65.629966
121.60000,-59.161337,-65.629967
121.61250,-59.161338,-65.629967
121.62500,-59.161338,-65.629967
121.63750,-59.161338,-65.629967
121.65000,-59.161339,-65.629967
121.66250,-59.161339,-65.629968
121.67500,-59.161339,-65.629968
121.68750,-59.161340,-65.629968
121.70000,-59.161340,-65.629968
121.71250,-59.161340,-65.629969
121.72500,-59.161341,-65.629969
121.73750,-59.161341,-65.629969
121.75000,-59.161341,-65.629969
121.76250,-59.161342,-65.629970
121.77500,-59.161342,-65.629970
121.78750,-59.161342,-65.629970
121.80000,-59.161343,-65.629970
121.81250,-59.161343,-65.629970
121.82500,-59.161343,-65.629971
121.83750,-59.161344,-65.629971
121.85000,-59.161344,-65.629971
121.86250,-59.161344,-65.629971
121.87500,-59.161345,-65.629972
121.88750,-59.161345,-65.629972
121.90000,-59.161345,-65.629972
121.91250,-59.161345,-65.629972
121.92500,-59.161346,-65.629973
121.93750,-59.161346,-65.629973
121.95000,-59.161346,-65.629973
121.96250,-59.161347,-65.629973
121.97500,-59.161347,-65.629974
121.98750,-59.161347,-65.629974
122.00000,-59.161348,-65.629974
122.01250,-59.161348,-65.629974
122.02500,-59.161348,-65.629974
122.03750,-59.161349,-65.629975
122.05000,-59.161349,-65.629975
122.06250,-59.161349,-65.629975
122.07500,-59.161349,-65.629975
122.08750,-59.161350,-65.629976
122.10000,-59.161350,-65.629976
122.11250,-59.161350,-65.629976
122.12500,-59.161351,-65.629976
122.13750,-59.161351,-65.629977
122.15000,-59.161351,-65.629977
122.16250,-59.161352,-65.629977
122.17500,-59.161352,-65.629977
122.18750,-59.161352,-65.629978
122.20000,-59.161352,-65.629978
122.21250,-59.161353,-65.629978
122.22500,-59.161353,-65.629978
122.23750,-59.161353,-65.629978
122.25000,-59.161354,-65.629979
122.26250,-59.161354,-65.629979
122.27500,-59.161354,-65.629979
122.28750,-59.161355,-65.629979
122.30000,-59.161355,-65.629980
122.31250,-59.161355,-65.629980
122.32500,-59.161355,-65.629980
122.33750,-59.161356,-65.629980
122.35000,-59.161356,-65.629981
122.36250,-59.161356,-65.629981
122.37500,-59.161356,-65.629981
122.38750,-59.161357,-65.629981
122.40000,-59.161357,-65.629981
122.41250,-59.161357,-65.629982
122.42500,-59.161358,-65.629982
122.43750,-59.161358,-65.629982
122.45000,-59.161358,-65.629982
122.46250,-59.161358,-65.629983
122.47500,-59.161359,-65.629983
122.48750,-59.161359,-65.629983
122.50000,-59.161359,-65.629983
122.51250,-59.161359,-65.629984
122.52500,-59.161360,-65.629984
122.53750,-59.161360,-65.629984
122.55000,-59.161360,-65.629984
122.56250,-59.161361,-65.629984
122.57500,-59.161361,-65.629985
122.58750,-59.161361,-65.629985
122.60000,-59.161361,-65.629985
122.61250,-59.161362,-65.629985
122.62500,-59.161362,-65.629986
122.63750,-59.161362,-65.629986
122.65000,-59.161362,-65.629986
122.66250,-59.161363,-65.629986
122.67500,-59.161363,-65.629986
122.68750,-59.161363,-65.629987
122.70000,-59.161363,-65.629987
122.71250,-59.161364,-65.629987
122.72500,-59.161364,-65.629987
122.73750,-59.161364,-65.629987
122.75000,-59.161364,-65.629988
122.76250,-59.161364,-65.629988
122.77500,-59.161365,-65.629988
122.78750,-59.161365,-65.629988
122.80000,-59.161365,-65.629989
122.81250,-59.161365,-65.629989
122.82500,-59.161366,-65.629989
122.83750,-59.161366,-65.629989
122.85000,-59.161366,-65.629989
122.86250,-59.161366,-65.629990
122.87500,-59.161366,-65.629990
122.88750,-59.161367,-65.629990
122.90000,-59.161367,-65.629990
122.91250,-59.161367,-65.629990
122.92500,-59.161367,-65.629991
122.93750,-59.161368,-65.629991
122.95000,-59.161368,-65.629991
122.96250,-59.161368,-65.629991
122.97500,-59.161368,-65.629991
122.98750,-59.161368,-65.629992
123.00000,-59.161369,-65.629992
123.01250,-59.161369,-65.629992
123.02500,-59.161369,-65.629992
123.03750,-59.161369,-65.629992
123.05000,-59.161369,-65.629993
123.06250,-59.161370,-65.629993
123.07500,-59.161370,-65.629993
123.08750,-59.161370,-65.629993
123.10000,-59.161370,-65.629993
123.11250,-59.161370,-65.629993
123.12500,-59.161371,-65.629994
123.13750,-59.161371,-65.629994
123.15000,-59.161371,-65.629994
123.16250,-59.161371,-65.629994
123.17500,-59.161371,-65.629994
123.18750,-59.161371,-65.629995
123.20000,-59.161372,-65.629995
123.21250,-59.161372,-65.629995
123.22500,-59.161372,-65.629995
123.23750,-59.161372,-65.629995
123.25000,-59.161372,-65.629995
123.26250,-59.161373,-65.629996
123.27500,-59.161373,-65.629996
123.28750,-59.161373,-65.629996
123.30000,-59.161373,-65.629996
123.31250,-59.161373,-65.629996
123.32500,-59.161373,-65.629997
123.33750,-59.161373,-65.629997
123.35000,-59.161374,-65.629997
123.36250,-59.161374,-65.629997
123.37500,-59.161374,-65.629997
123.38750,-59.161374,-65.629997
123.40000,-59.161374,-65.629998
123.41250,-59.161374,-65.629998
123.42500,-59.161375,-65.629998
123.43750,-59.161375,-65.629998
123.45000,-59.161375,-65.629998
123.46250,-59.161375,-65.629998
123.47500,-59.161375,-65.629998
123.48750,-59.161375,-65.629999
123.50000,-59.161375,-65.629999
123.51250,-59.161375,-65.629999
123.52500,-59.161376,-65.629999
123.53750,-59.161376,-65.629999
123.55000,-59.161376,-65.629999
123.56250,-59.161376,-65.630000
123.57500,-59.161376,-65.630000
123.58750,-59.161376,-65.630000
123.60000,-59.161376,-65.630000
123.61250,-59.161376,-65.630000
123.62500,-59.161377,-65.630000
123.63750,-59.161377,-65.630000
123.65000,-59.161377,-65.630001
123.66250,-59.161377,-65.630001
123.67500,-59.161377,-65.630001
123.68750,-59.161377,-65.630001
123.70000,-59.161377,-65.630001
123.71250,-59.161377,-65.630001
123.72500,-59.161377,-65.630001
123.73750,-59.161378,-65.630001
123.75000,-59.161378,-65.630002
123.76250,-59.161378,-65.630002
123.77500,-59.161378,-65.630002
123.78750,-59.161378,-65.630002
123.80000,-59.161378,-65.630002
123.81250,-59.161378,-65.630002
123.82500,-59.161378,-65.630002
123.83750,-59.161378,-65.630002
123.85000,-59.161378,-65.630003
123.86250,-59.161378,-65.630003
123.87500,-59.161378,-65.630003
123.88750,-59.161379,-65.630003
123.90000,-59.161379,-65.630003
123.91250,-59.161379,-65.630003
123.92500,-59.161379,-65.630003
123.93750,-59.161379,-65.630003
123.95000,-59.161379,-65.630004
123.96250,-59.161379,-65.630004
123.97500,-59.161379,-65.630004
123.98750,-59.161379,-65.630004
124.00000,-59.161379,-65.630004
124.01250,-59.161379,-65.630004
124.02500,-59.161379,-65.630004
124.03750,-59.161379,-65.630004
124.05000,-59.161379,-65.630004
124.06250,-59.161379,-65.630004
124.07500,-59.161379,-65.630005
124.08750,-59.161380,-65.630005
124.10000,-59.161380,-65.630005
124.11250,-59.161380,-65.630005
124.12500,-59.161380,-65.630005
124.13750,-59.161380,-65.630005
124.15000,-59.161380,-65.630005
124.16250,-59.161380,-65.630005
124.17500,-59.161380,-65.630005
124.18750,-59.161380,-65.630005
124.20000,-59.161380,-65.630005
124.21250,-59.161380,-65.630006
124.22500,-59.161380,-65.630006
124.23750,-59.161380,-65.630006
124.25000,-59.161380,-65.630006
124.26250,-59.161380,-65.630006
124.27500,-59.161380,-65.630006
124.28750,-59.161380,-65.630006
124.30000,-59.161380,-65.630006
124.31250,-59.161380,-65.630006
124.32500,-59.161380,-65.630006
124.33750,-59.161380,-65.630006
124.35000,-59.161380,-65.630006
124.36250,-59.161380,-65.630006
124.37500,-59.161380,-65.630006
124.38750,-59.161380,-65.630007
124.40000,-59.161380,-65.630007
124.41250,-59.161380,-65.630007
124.42500,-59.161380,-65.630007
124.43750,-59.161380,-65.630007
124.45000,-59.161380,-65.630007
124.46250,-59.161380,-65.630007
124.47500,-59.161380,-65.630007
124.48750,-59.161380,-65.630007
124.50000,-59.161380,-65.630007
124.51250,-59.161380,-65.630007
124.52500,-59.161380,-65.630007
124.53750,-59.161380,-65.630007
124.55000,-59.161380,-65.630007
124.56250,-59.161380,-65.630007
124.57500,-59.161380,-65.630007
124.58750,-59.161380,-65.630007
124.60000,-59.161380,-65.630007
124.61250,-59.161380,-65.630007
124.62500,-59.161380,-65.630008
124.63750,-59.161380,-65.630008
124.65000,-59.161380,-65.630008
124.66250,-59.161380,-65.630008
124.67500,-59.161380,-65.630008
124.68750,-59.161380,-65.630008
124.70000,-59.161380,-65.630008
124.71250,-59.161380,-65.630008
124.72500,-59.161380,-65.630008
124.73750,-59.161380,-65.630008
124.75000,-59.161380,-65.630008
124.76250,-59.161380,-65.630008
124.77500,-59.161379,-65.630008
124.78750,-59.161379,-65.630008
124.80000,-59.161379,-65.630008
124.81250,-59.161379,-65.630008
124.82500,-59.161379,-65.630008
124.83750,-59.161379,-65.630008
124.85000,-59.161379,-65.630008
124.86250,-59.161379,-65.630008
124.87500,-59.161379,-65.630008
124.88750,-59.161379,-65.630008
124.90000,-59.161379,-65.630008
124.91250,-59.161379,-65.630008
124.92500,-59.161379,-65.630008
124.93750,-59.161379,-65.630008
124.95000,-59.161379,-65.630008
124.96250,-59.161379,-65.630008
124.97500,-59.161379,-65.630008
124.98750,-59.161379,-65.630008
125.00000,-59.161378,-65.630008
125.01250,-59.161378,-65.630008
125.02500,-59.161378,-65.630008
125.03750,-59.161378,-65.630008
125.05000,-59.161378,-65.630008
125.06250,-59.161378,-65.630008
125.07500,-59.161378,-65.630008
125.08750,-59.161378,-65.630008
125.10000,-59.161378,-65.630008
125.11250,-59.161378,-65.630008
125.12500,-59.161378,-65.630008
125.13750,-59.161378,-65.630008
125.15000,-59.161378,-65.630008
125.16250,-59.161377,-65.630008
125.17500,-59.161377,-65.630008
125.18750,-59.161377,-65.630008
125.20000,-59.161377,-65.630008
125.21250,-59.161377,-65.630008
125.22500,-59.161377,-65.630008
125.23750,-59.161377,-65.630008
125.25000,-59.161377,-65.630008
125.26250,-59.161377,-65.630008
125.27500,-59.161377,-65.630008
125.28750,-59.161377,-65.630008
125.30000,-59.161376,-65.630008
125.31250,-59.161376,-65.630008
125.32500,-59.161376,-65.630008
125.33750,-59.161376,-65.630008
125.35000,-59.161376,-65.630008
125.36250,-59.161376,-65.630008
125.37500,-59.161376,-65.630008
125.38750,-59.161376,-65.630008
125.40000,-59.161376,-65.630008
125.41250,-59.161375,-65.630008
125.42500,-59.161375,-65.630007
125.43750,-59.161375,-65.630007
125.45000,-59.161375,-65.630007
125.46250,-59.161375,-65.630007
125.47500,-59.161375,-65.630007
125.48750,-59.161375,-65.630007
125.50000,-59.161375,-65.630007
125.51250,-59.161375,-65.630007
125.52500,-59.161374,-65.630007
125.53750,-59.161374,-65.630007
125.55000,-59.161374,-65.630007
125.56250,-59.161374,-65.630007
125.57500,-59.161374,-65.630007
125.58750,-59.161374,-65.630007
125.60000,-59.161374,-65.630007
125.61250,-59.161374,-65.630007
125.62500,-59.161374,-65.630007
125.63750,-59.161373,-65.630007
125.65000,-59.161373,-65.630007
125.66250,-59.161373,-65.630007
125.67500,-59.161373,-65.630007
125.68750,-59.161373,-65.630007
125.70000,-59.161373,-65.630006
125.71250,-59.161373,-65.630006
125.72500,-59.161372,-65.630006
125.73750,-59.161372,-65.630006
125.75000,-59.161372,-65.630006
125.76250,-59.161372,-65.630006
125.77500,-59.161372,-65.630006
125.78750,-59.161372,-65.630006
125.80000,-59.161372,-65.630006
125.81250,-59.161372,-65.630006
125.82500,-59.161371,-65.630006
125.83750,-59.161371,-65.630006
125.85000,-59.161371,-65.630006
125.86250,-59.161371,-65.630006
125.87500,-59.161371,-65.630006
125.88750,-59.161371,-65.630005
125.90000,-59.161371,-65.630005
125.91250,-59.161370,-65.630005
125.92500,-59.161370,-65.630005
125.93750,-59.161370,-65.630005
125.95000,-59.161370,-65.630005
125.96250,-59.161370,-65.630005
125.97500,-59.161370,-65.630005
125.98750,-59.161370,-65.630005
126.00000,-59.161369,-65.630005
126.01250,-59.161369,-65.630005
126.02500,-59.161369,-65.630005
126.03750,-59.161369,-65.630005
126.05000,-59.161369,-65.630005
126.06250,-59.161369,-65.630004
126.07500,-59.161369,-65.630004
126.08750,-59.161368,-65.630004
126.10000,-59.161368,-65.630004
126.11250,-59.161368,-65.630004
126.12500,-59.161368,-65.630004
126.13750,-59.161368,-65.630004
126.15000,-59.161368,-65.630004
126.16250,-59.161367,-65.630004
126.17500,-59.161367,-65.630004
126.18750,-59.161367,-65.630004
126.20000,-59.161367,-65.630004
126.21250,-59.161367,-65.630003
126.22500,-59.161367,-65.630003
126.23750,-59.161367,-65.630003
126.25000,-59.161366,-65.630003
126.26250,-59.161366,-65.630003
126.27500,-59.161366,-65.630003
126.28750,-59.161366,-65.630003
126.30000,-59.161366,-65.630003
126.31250,-59.161366,-65.630003
126.32500,-59.161365,-65.630003
126.33750,-59.161365,-65.630003
126.35000,-59.161365,-65.630002
126.36250,-59.161365,-65.630002
126.37500,-59.161365,-65.630002
126.38750,-59.161365,-65.630002
126.40000,-59.161365,-65.630002
126.41250,-59.161364,-65.630002
126.42500,-59.161364,-65.630002
126.43750,-59.161364,-65.630002
126.45000,-59.161364,-65.630002
126.46250,-59.161364,-65.630002
126.47500,-59.161364,-65.630001
126.48750,-59.161363,-65.630001
126.50000,-59.161363,-65.630001
126.51250,-59.161363,-65.630001
126.52500,-59.161363,-65.630001
126.53750,-59.161363,-65.630001
126.55000,-59.161363,-65.630001
126.56250,-59.161362,-65.630001
126.57500,-59.161362,-65.630001
126.58750,-59.161362,-65.630001
126.60000,-59.161362,-65.630000
126.61250,-59.161362,-65.630000
126.62500,-59.161362,-65.630000
126.63750,-59.161362,-65.630000
126.65000,-59.161361,-65.630000
126.66250,-59.161361,-65.630000
126.67500,-59.161361,-65.630000
126.68750,-59.161361,-65.630000
126.70000,-59.161361,-65.630000
126.71250,-59.161361,-65.629999
126.72500,-59.161360,-65.629999
126.73750,-59.161360,-65.629999
126.75000,-59.161360,-65.629999
126.76250,-59.161360,-65.629999
126.77500,-59.161360,-65.629999
126.78750,-59.161360,-65.629999
126.80000,-59.161359,-65.629999
126.81250,-59.161359,-65.629999
126.82500,-59.161359,-65.629998
126.83750,-59.161359,-65.629998
126.85000,-59.161359,-65.629998
126.86250,-59.161359,-65.629998
126.87500,-59.161358,-65.629998
126.88750,-59.161358,-65.629998
126.90000,-59.161358,-65.629998
126.91250,-59.161358,-65.629998
126.92500,-59.161358,-65.629998
126.93750,-59.161358,-65.629997
126.95000,-59.161358,-65.629997
126.96250,-59.161357,-65.629997
126.97500,-59.161357,-65.629997
126.98750,-59.161357,-65.629997
127.00000,-59.161357,-65.629997
127.01250,-59.161357,-65.629997
127.02500,-59.161357,-65.629997
127.03750,-59.161356,-65.629997
127.05000,-59.161356,-65.629996
127.06250,-59.161356,-65.629996
127.07500,-59.161356,-65.629996
127.08750,-59.161356,-65.629996
127.10000,-59.161356,-65.629996
127.11250,-59.161355,-65.629996
127.12500,-59.161355,-65.629996
127.13750,-59.161355,-65.629996
127.15000,-59.161355,-65.629996
127.16250,-59.161355,-65.629995
127.17500,-59.161355,-65.629995
127.18750,-59.161355,-65.629995
127.20000,-59.161354,-65.629995
127.21250,-59.161354,-65.629995
127.22500,-59.161354,-65.629995
127.23750,-59.161354,-65.629995
127.25000,-59.161354,-65.629995
127.26250,-59.161354,-65.629995
127.27500,-59.161353,-65.629994
127.28750,-59.161353,-65.629994
127.30000,-59.161353,-65.629994
127.31250,-59.161353,-65.629994
127.32500,-59.161353,-65.629994
127.33750,-59.161353,-65.629994
127.35000,-59.161353,-65.629994
127.36250,-59.161352,-65.629994
127.37500,-59.161352,-65.629994
127.38750,-59.161352,-65.629993
127.40000,-59.161352,-65.629993
127.41250,-59.161352,-65.629993
127.42500,-59.161352,-65.629993
127.43750,-59.161352,-65.629993
127.45000,-59.161351,-65.629993
127.46250,-59.161351,-65.629993
127.47500,-59.161351,-65.629993
127.48750,-59.161351,-65.629992
127.50000,-59.161351,-65.629992
127.51250,-59.161351,-65.629992
127.52500,-59.161351,-65.629992
127.53750,-59.161350,-65.629992
127.55000,-59.161350,-65.629992
127.56250,-59.161350,-65.629992
127.57500,-59.161350,-65.629992
127.58750,-59.161350,-65.629992
127.60000,-59.161350,-65.629991
127.61250,-59.161350,-65.629991
127.62500,-59.161349,-65.629991
127.63750,-59.161349,-65.629991
127.65000,-59.161349,-65.629991
127.66250,-59.161349,-65.629991
127.67500,-59.161349,-65.629991
127.68750,-59.161349,-65.629991
127.70000,-59.161349,-65.629991
127.71250,-59.161348,-65.629990
127.72500,-59.161348,-65.629990
127.73750,-59.161348,-65.629990
127.75000,-59.161348,-65.629990
127.76250,-59.161348,-65.629990
127.77500,-59.161348,-65.629990
127.78750,-59.161348,-65.629990
127.80000,-59.161348,-65.629990
127.81250,-59.161347,-65.629990
127.82500,-59.161347,-65.629989
127.83750,-59.161347,-65.629989
127.85000,-59.161347,-65.629989
127.86250,-59.161347,-65.629989
127.87500,-59.161347,-65.629989
127.88750,-59.161347,-65.629989
127.90000,-59.161347,-65.629989
127.91250,-59.161346,-65.629989
127.92500,-59.161346,-65.629989
127.93750,-59.161346,-65.629989
127.95000,-59.161346,-65.629988
127.96250,-59.161346,-65.629988
127.97500,-59.161346,-65.629988
127.98750,-59.161346,-65.629988
128.00000,-59.161346,-65.629988
128.01250,-59.161345,-65.629988
128.02500,-59.161345,-65.629988
128.03750,-59.161345,-65.629988
128.05000,-59.161345,-65.629988
128.06250,-59.161345,-65.629987
128.07500,-59.161345,-65.629987
128.08750,-59.161345,-65.629987
128.10000,-59.161345,-65.629987
128.11250,-59.161345,-65.629987
128.12500,-59.161344,-65.629987
128.13750,-59.161344,-65.629987
128.15000,-59.161344,-65.629987
128.16250,-59.161344,-65.629987
128.17500,-59.161344,-65.629987
128.18750,-59.161344,-65.629986
128.20000,-59.161344,-65.629986
128.21250,-59.161344,-65.629986
128.22500,-59.161344,-65.629986
128.23750,-59.161343,-65.629986
128.25000,-59.161343,-65.629986
128.26250,-59.161343,-65.629986
128.27500,-59.161343,-65.629986
128.28750,-59.161343,-65.629986
128.30000,-59.161343,-65.629986
128.31250,-59.161343,-65.629985
128.32500,-59.161343,-65.629985
128.33750,-59.161343,-65.629985
128.35000,-59.161343,-65.629985
128.36250,-59.161343,-65.629985
128.37500,-59.161342,-65.629985
128.38750,-59.161342,-65.629985
128.40000,-59.161342,-65.629985
128.41250,-59.161342,-65.629985
128.42500,-59.161342,-65.629985
128.43750,-59.161342,-65.629985
128.45000,-59.161342,-65.629984
128.46250,-59.161342,-65.629984
128.47500,-59.161342,-65.629984
128.48750,-59.161342,-65.629984
128.50000,-59.161342,-65.629984
128.51250,-59.161341,-65.629984
128.52500,-59.161341,-65.629984
128.53750,-59.161341,-65.629984
128.55000,-59.161341,-65.629984
128.56250,-59.161341,-65.629984
128.57500,-59.161341,-65.629984
128.58750,-59.161341,-65.629984
128.60000,-59.161341,-65.629983
128.61250,-59.161341,-65.629983
128.62500,-59.161341,-65.629983
128.63750,-59.161341,-65.629983
128.65000,-59.161341,-65.629983
128.66250,-59.161340,-65.629983
128.67500,-59.161340,-65.629983
128.68750,-59.161340,-65.629983
128.70000,-59.161340,-65.629983
128.71250,-59.161340,-65.629983
128.72500,-59.161340,-65.629983
128.73750,-59.161340,-65.629983
128.75000,-59.161340,-65.629982
128.76250,-59.161340,-65.629982
128.77500,-59.161340,-65.629982
128.78750,-59.161340,-65.629982
128.80000,-59.161340,-65.629982
128.81250,-59.161340,-65.629982
128.82500,-59.161340,-65.629982
128.83750,-59.161340,-65.629982
128.85000,-59.161339,-65.629982
128.86250,-59.161339,-65.629982
128.87500,-59.161339,-65.629982
128.88750,-59.161339,-65.629982
128.90000,-59.161339,-65.629982
128.91250,-59.161339,-65.629982
128.92500,-59.161339,-65.629981
128.93750,-59.161339,-65.629981
128.95000,-59.161339,-65.629981
128.96250,-59.161339,-65.629981
128.97500,-59.161339,-65.629981
128.98750,-59.161339,-65.629981
129.00000,-59.161339,-65.629981
129.01250,-59.161339,-65.629981
129.02500,-59.161339,-65.629981
129.03750,-59.161339,-65.629981
129.05000,-59.161339,-65.629981
129.06250,-59.161339,-65.629981
129.07500,-59.161339,-65.629981
129.08750,-59.161338,-65.629981
129.10000,-59.161338,-65.629981
129.11250,-59.161338,-65.629980
129.12500,-59.161338,-65.629980
129.13750,-59.161338,-65.629980
129.15000,-59.161338,-65.629980
129.16250,-59.161338,-65.629980
129.17500,-59.161338,-65.629980
129.18750,-59.161338,-65.629980
129.20000,-59.161338,-65.629980
129.21250,-59.161338,-65.629980
129.22500,-59.161338,-65.629980
129.23750,-59.161338,-65.629980
129.25000,-59.161338,-65.629980
129.26250,-59.161338,-65.629980
129.27500,-59.161338,-65.629980
129.28750,-59.161338,-65.629980
129.30000,-59.161338,-65.629980
129.31250,-59.161338,-65.629980
129.32500,-59.161338,-65.629980
129.33750,-59.161338,-65.629979
129.35000,-59.161338,-65.629979
129.36250,-59.161338,-65.629979
129.37500,-59.161338,-65.629979
129.38750,-59.161338,-65.629979
129.40000,-59.161338,-65.629979
129.41250,-59.161338,-65.629979
129.42500,-59.161338,-65.629979
129.43750,-59.161338,-65.629979
129.45000,-59.161338,-65.629979
129.46250,-59.161338,-65.629979
129.47500,-59.161338,-65.629979
129.48750,-59.161337,-65.629979
129.50000,-59.161337,-65.629979
129.51250,-59.161337,-65.629979
129.52500,-59.161337,-65.629979
129.53750,-59.161337,-65.629979
129.55000,-59.161337,-65.629979
129.56250,-59.161337,-65.629979
129.57500,-59.161337,-65.629979
129.58750,-59.161337,-65.629979
129.60000,-59.161337,-65.629979
129.61250,-59.161337,-65.629979
129.62500,-59.161337,-65.629979
129.63750,-59.161337,-65.629979
129.65000,-59.161337,-65.629978
129.66250,-59.161337,-65.629978
129.67500,-59.161337,-65.629978
129.68750,-59.161337,-65.629978
129.70000,-59.161337,-65.629978
129.71250,-59.161337,-65.629978
129.72500,-59.161337,-65.629978
129.73750,-59.161337,-65.629978
129.75000,-59.161337,-65.629978
129.76250,-59.161337,-65.629978
129.77500,-59.161337,-65.629978
129.78750,-59.161337,-65.629978
129.80000,-59.161337,-65.629978
129.81250,-59.161337,-65.629978
129.82500,-59.161337,-65.629978
129.83750,-59.161337,-65.629978
129.85000,-59.161337,-65.629978
129.86250,-59.161337,-65.629978
129.87500,-59.161337,-65.629978
129.88750,-59.161337,-65.629978
129.90000,-59.161337,-65.629978
129.91250,-59.161337,-65.629978
129.92500,-59.161337,-65.629978
129.93750,-59.161337,-65.629978
129.95000,-59.161337,-65.629978
129.96250,-59.161337,-65.629978
129.97500,-59.161337,-65.629978
129.98750,-59.161338,-65.629978
130.00000,-59.161338,-65.629978
130.01250,-59.161338,-65.629978
130.02500,-59.161338,-65.629978
130.03750,-59.161338,-65.629978
130.05000,-59.161338,-65.629978
130.06250,-59.161338,-65.629978
130.07500,-59.161338,-65.629978
130.08750,-59.161338,-65.629978
130.10000,-59.161338,-65.629978
130.11250,-59.161338,-65.629978
130.12500,-59.161338,-65.629978
130.13750,-59.161338,-65.629978
130.15000,-59.161338,-65.629978
130.16250,-59.161338,-65.629978
130.17500,-59.161338,-65.629978
130.18750,-59.161338,-65.629978
130.20000,-59.161338,-65.629978
130.21250,-59.161338,-65.629978
130.22500,-59.161338,-65.629978
130.23750,-59.161338,-65.629978
130.25000,-59.161338,-65.629978
130.26250,-59.161338,-65.629978
130.27500,-59.161338,-65.629978
130.28750,-59.161338,-65.629978
130.30000,-59.161338,-65.629978
130.31250,-59.161338,-65.629978
130.32500,-59.161338,-65.629978
130.33750,-59.161338,-65.629978
130.35000,-59.161338,-65.629978
130.36250,-59.161338,-65.629978
130.37500,-59.161338,-65.629978
130.38750,-59.161338,-65.629978
130.40000,-59.161338,-65.629978
130.41250,-59.161338,-65.629978
130.42500,-59.161339,-65.629978
130.43750,-59.161339,-65.629978
130.45000,-59.161339,-65.629978
130.46250,-59.161339,-65.629978
130.47500,-59.161339,-65.629978
130.48750,-59.161339,-65.629978
130.50000,-59.161339,-65.629978
130.51250,-59.161339,-65.629978
130.52500,-59.161339,-65.629978
130.53750,-59.161339,-65.629978
130.55000,-59.161339,-65.629978
130.56250,-59.161339,-65.629978
130.57500,-59.161339,-65.629978
130.58750,-59.161339,-65.629978
130.60000,-59.161339,-65.629978
130.61250,-59.161339,-65.629978
130.62500,-59.161339,-65.629978
130.63750,-59.161339,-65.629978
130.65000,-59.161339,-65.629978
130.66250,-59.161339,-65.629978
130.67500,-59.161339,-65.629978
130.68750,-59.161339,-65.629978
130.70000,-59.161340,-65.629978
130.71250,-59.161340,-65.629978
130.72500,-59.161340,-65.629978
130.73750,-59.161340,-65.629978
130.75000,-59.161340,-65.629978
130.76250,-59.161340,-65.629978
130.77500,-59.161340,-65.629978
130.78750,-59.161340,-65.629978
130.80000,-59.161340,-65.629978
130.81250,-59.161340,-65.629978
130.82500,-59.161340,-65.629978
130.83750,-59.161340,-65.629978
130.85000,-59.161340,-65.629978
130.86250,-59.161340,-65.629978
130.87500,-59.161340,-65.629978
130.88750,-59.161340,-65.629978
130.90000,-59.161340,-65.629978
130.91250,-59.161340,-65.629978
130.92500,-59.161341,-65.629978
130.93750,-59.161341,-65.629978
130.95000,-59.161341,-65.629978
130.96250,-59.161341,-65.629978
130.97500,-59.161341,-65.629978
130.98750,-59.161341,-65.629978
131.00000,-59.161341,-65.629978
131.01250,-59.161341,-65.629978
131.02500,-59.161341,-65.629978
131.03750,-59.161341,-65.629978
131.05000,-59.161341,-65.629978
131.06250,-59.161341,-65.629979
131.07500,-59.161341,-65.629979
131.08750,-59.161341,-65.629979
131.10000,-59.161341,-65.629979
131.11250,-59.161341,-65.629979
131.12500,-59.161342,-65.629979
131.13750,-59.161342,-65.629979
131.15000,-59.161342,-65.629979
131.16250,-59.161342,-65.629979
131.17500,-59.161342,-65.629979
131.18750,-59.161342,-65.629979
131.20000,-59.161342,-65.629979
131.21250,-59.161342,-65.629979
131.22500,-59.161342,-65.629979
131.23750,-59.161342,-65.629979
131.25000,-59.161342,-65.629979
131.26250,-59.161342,-65.629979
131.27500,-59.161342,-65.629979
131.28750,-59.161342,-65.629979
131.30000,-59.161342,-65.629979
131.31250,-59.161343,-65.629979
131.32500,-59.161343,-65.629979
131.33750,-59.161343,-65.629979
131.35000,-59.161343,-65.629979
131.36250,-59.161343,-65.629979
131.37500,-59.161343,-65.629979
131.38750,-59.161343,-65.629979
131.40000,-59.161343,-65.629979
131.41250,-59.161343,-65.629980
131.42500,-59.161343,-65.629980
131.43750,-59.161343,-65.629980
131.45000,-59.161343,-65.629980
131.46250,-59.161343,-65.629980
131.47500,-59.161344,-65.629980
131.48750,-59.161344,-65.629980
131.50000,-59.161344,-65.629980
131.51250,-59.161344,-65.629980
131.52500,-59.161344,-65.629980
131.53750,-59.161344,-65.629980
131.55000,-59.161344,-65.629980
131.56250,-59.161344,-65.629980
131.57500,-59.161344,-65.629980
131.58750,-59.161344,-65.629980
131.60000,-59.161344,-65.629980
131.61250,-59.161344,-65.629980
131.62500,-59.161344,-65.629980
131.63750,-59.161344,-65.629980
131.65000,-59.161345,-65.629980
131.66250,-59.161345,-65.629980
131.67500,-59.161345,-65.629980
131.68750,-59.161345,-65.629980
131.70000,-59.161345,-65.629981
131.71250,-59.161345,-65.629981
131.72500,-59.161345,-65.629981
131.73750,-59.161345,-65.629981
131.75000,-59.161345,-65.629981
131.76250,-59.161345,-65.629981
131.77500,-59.161345,-65.629981
131.78750,-59.161345,-65.629981
131.80000,-59.161345,-65.629981
131.81250,-59.161346,-65.629981
131.82500,-59.161346,-65.629981
131.83750,-59.161346,-65.629981
131.85000,-59.161346,-65.629981
131.86250,-59.161346,-65.629981
131.87500,-59.161346,-65.629981
131.88750,-59.161346,-65.629981
131.90000,-59.161346,-65.629981
131.91250,-59.161346,-65.629981
131.92500,-59.161346,-65.629981
131.93750,-59.161346,-65.629981
131.95000,-59.161346,-65.629981
131.96250,-59.161346,-65.629982
131.97500,-59.161347,-65.629982
131.98750,-59.161347,-65.629982
132.00000,-59.161347,-65.629982
132.01250,-59.161347,-65.629982
132.02500,-59.161347,-65.629982
132.03750,-59.161347,-65.629982
132.05000,-59.161347,-65.629982
132.06250,-59.161347,-65.629982
132.07500,-59.161347,-65.629982
132.08750,-59.161347,-65.629982
132.10000,-59.161347,-65.629982
132.11250,-59.161347,-65.629982
132.12500,-59.161347,-65.629982
132.13750,-59.161348,-65.629982
132.15000,-59.161348,-65.629982
132.16250,-59.161348,-65.629982
132.17500,-59.161348,-65.629982
132.18750,-59.161348,-65.629982
132.20000,-59.161348,-65.629983
132.21250,-59.161348,-65.629983
132.22500,-59.161348,-65.629983
132.23750,-59.161348,-65.629983
132.25000,-59.161348,-65.629983
132.26250,-59.161348,-65.629983
132.27500,-59.161348,-65.629983
132.28750,-59.161348,-65.629983
132.30000,-59.161349,-65.629983
132.31250,-59.161349,-65.629983
132.32500,-59.161349,-65.629983
132.33750,-59.161349,-65.629983
132.35000,-59.161349,-65.629983
132.36250,-59.161349,-65.629983
132.37500,-59.161349,-65.629983
132.38750,-59.161349,-65.629983
132.40000,-59.161349,-65.629983
132.41250,-59.161349,-65.629983
132.42500,-59.161349,-65.629984
132.43750,-59.161349,-65.629984
132.45000,-59.161349,-65.629984
132.46250,-59.161350,-65.629984
132.47500,-59.161350,-65.629984
132.48750,-59.161350,-65.629984
132.50000,-59.161350,-65.629984
132.51250,-59.161350,-65.629984
132.52500,-59.161350,-65.629984
132.53750,-59.161350,-65.629984
132.55000,-59.161350,-65.629984
132.56250,-59.161350,-65.629984
132.57500,-59.161350,-65.629984
132.58750,-59.161350,-65.629984
132.60000,-59.161350,-65.629984
132.61250,-59.161350,-65.629984
132.62500,-59.161351,-65.629984
132.63750,-59.161351,-65.629984
132.65000,-59.161351,-65.629985
132.66250,-59.161351,-65.629985
132.67500,-59.161351,-65.629985
132.68750,-59.161351,-65.629985
132.70000,-59.161351,-65.629985
132.71250,-59.161351,-65.629985
132.72500,-59.161351,-65.629985
132.73750,-59.161351,-65.629985
132.75000,-59.161351,-65.629985
132.76250,-59.161351,-65.629985
132.77500,-59.161351,-65.629985
132.78750,-59.161351,-65.629985
132.80000,-59.161352,-65.629985
132.81250,-59.161352,-65.629985
132.82500,-59.161352,-65.629985
132.83750,-59.161352,-65.629985
132.85000,-59.161352,-65.629985
132.86250,-59.161352,-65.629985
132.87500,-59.161352,-65.629986
132.88750,-59.161352,-65.629986
132.90000,-59.161352,-65.629986
132.91250,-59.161352,-65.629986
132.92500,-59.161352,-65.629986
132.93750,-59.161352,-65.629986
132.95000,-59.161352,-65.629986
132.96250,-59.161352,-65.629986
132.97500,-59.161352,-65.629986
132.98750,-59.161353,-65.629986
133.00000,-59.161353,-65.629986
133.01250,-59.161353,-65.629986
133.02500,-59.161353,-65.629986
133.03750,-59.161353,-65.629986
133.05000,-59.161353,-65.629986
133.06250,-59.161353,-65.629986
133.07500,-59.161353,-65.629986
133.08750,-59.161353,-65.629986
133.10000,-59.161353,-65.629986
133.11250,-59.161353,-65.629987
133.12500,-59.161353,-65.629987
133.13750,-59.161353,-65.629987
133.15000,-59.161353,-65.629987
133.16250,-59.161353,-65.629987
133.17500,-59.161353,-65.629987
133.18750,-59.161354,-65.629987
133.20000,-59.161354,-65.629987
133.21250,-59.161354,-65.629987
133.22500,-59.161354,-65.629987
133.23750,-59.161354,-65.629987
133.25000,-59.161354,-65.629987
133.26250,-59.161354,-65.629987
133.27500,-59.161354,-65.629987
133.28750,-59.161354,-65.629987
133.30000,-59.161354,-65.629987
133.31250,-59.161354,-65.629987
133.32500,-59.161354,-65.629987
133.33750,-59.161354,-65.629987
133.35000,-59.161354,-65.629988
133.36250,-59.161354,-65.629988
133.37500,-59.161354,-65.629988
133.38750,-59.161354,-65.629988
133.40000,-59.161355,-65.629988
133.41250,-59.161355,-65.629988
133.42500,-59.161355,-65.629988
133.43750,-59.161355,-65.629988
133.45000,-59.161355,-65.629988
133.46250,-59.161355,-65.629988
133.47500,-59.161355,-65.629988
133.48750,-59.161355,-65.629988
133.50000,-59.161355,-65.629988
133.51250,-59.161355,-65.629988
133.52500,-59.161355,-65.629988
133.53750,-59.161355,-65.629988
133.55000,-59.161355,-65.629988
133.56250,-59.161355,-65.629988
133.57500,-59.161355,-65.629988
133.58750,-59.161355,-65.629988
133.60000,-59.161355,-65.629988
133.61250,-59.161355,-65.629989
133.62500,-59.161355,-65.629989
133.63750,-59.161355,-65.629989
133.65000,-59.161356,-65.629989
133.66250,-59.161356,-65.629989
133.67500,-59.161356,-65.629989
133.68750,-59.161356,-65.629989
133.70000,-59.161356,-65.629989
133.71250,-59.161356,-65.629989
133.72500,-59.161356,-65.629989
133.73750,-59.161356,-65.629989
133.75000,-59.161356,-65.629989
133.76250,-59.161356,-65.629989
133.77500,-59.161356,-65.629989
133.78750,-59.161356,-65.629989
133.80000,-59.161356,-65.629989
133.81250,-59.161356,-65.629989
133.82500,-59.161356,-65.629989
133.83750,-59.161356,-65.629989
133.85000,-59.161356,-65.629989
133.86250,-59.161356,-65.629989
133.87500,-59.161356,-65.629989
133.88750,-59.161356,-65.629990
133.90000,-59.161356,-65.629990
133.91250,-59.161356,-65.629990
133.92500,-59.161356,-65.629990
133.93750,-59.161356,-65.629990
133.95000,-59.161357,-65.629990
133.96250,-59.161357,-65.629990
133.97500,-59.161357,-65.629990
133.98750,-59.161357,-65.629990
134.00000,-59.161357,-65.629990
134.01250,-59.161357,-65.629990
134.02500,-59.161357,-65.629990
134.03750,-59.161357,-65.629990
134.05000,-59.161357,-65.629990
134.06250,-59.161357,-65.629990
134.07500,-59.161357,-65.629990
134.08750,-59.161357,-65.629990
134.10000,-59.161357,-65.629990
134.11250,-59.161357,-65.629990
134.12500,-59.161357,-65.629990
134.13750,-59.161357,-65.629990
134.15000,-59.161357,-65.629990
134.16250,-59.161357,-65.629990
134.17500,-59.161357,-65.629990
134.18750,-59.161357,-65.629990
134.20000,-59.161357,-65.629990
134.21250,-59.161357,-65.629990
134.22500,-59.161357,-65.629991
134.23750,-59.161357,-65.629991
134.25000,-59.161357,-65.629991
134.26250,-59.161357,-65.629991
134.27500,-59.161357,-65.629991
134.28750,-59.161357,-65.629991
134.30000,-59.161357,-65.629991
134.31250,-59.161357,-65.629991
134.32500,-59.161357,-65.629991
134.33750,-59.161357,-65.629991
134.35000,-59.161357,-65.629991
134.36250,-59.161358,-65.629991
134.37500,-59.161358,-65.629991
134.38750,-59.161358,-65.629991
134.40000,-59.161358,-65.629991
134.41250,-59.161358,-65.629991
134.42500,-59.161358,-65.629991
134.43750,-59.161358,-65.629991
134.45000,-59.161358,-65.629991
134.46250,-59.161358,-65.629991
134.47500,-59.161358,-65.629991
134.48750,-59.161358,-65.629991
134.50000,-59.161358,-65.629991
134.51250,-59.161358,-65.629991
134.52500,-59.161358,-65.629991
134.53750,-59.161358,-65.629991
134.55000,-59.161358,-65.629991
134.56250,-59.161358,-65.629991
134.57500,-59.161358,-65.629991
134.58750,-59.161358,-65.629991
134.60000,-59.161358,-65.629991
134.61250,-59.161358,-65.629991
134.62500,-59.161358,-65.629991
134.63750,-59.161358,-65.629991
134.65000,-59.161358,-65.629991
134.66250,-59.161358,-65.629992
134.67500,-59.161358,-65.629992
134.68750,-59.161358,-65.629992
134.70000,-59.161358,-65.629992
134.71250,-59.161358,-65.629992
134.72500,-59.161358,-65.629992
134.73750,-59.161358,-65.629992
134.75000,-59.161358,-65.629992
134.76250,-59.161358,-65.629992
134.77500,-59.161358,-65.629992
134.78750,-59.161358,-65.629992
134.80000,-59.161358,-65.629992
134.81250,-59.161358,-65.629992
134.82500,-59.161358,-65.629992
134.83750,-59.161358,-65.629992
134.85000,-59.161358,-65.629992
134.86250,-59.161358,-65.629992
134.87500,-59.161358,-65.629992
134.88750,-59.161358,-65.629992
134.90000,-59.161358,-65.629992
134.91250,-59.161358,-65.629992
134.92500,-59.161358,-65.629992
134.93750,-59.161358,-65.629992
134.95000,-59.161358,-65.629992
134.96250,-59.161358,-65.629992
134.97500,-59.161358,-65.629992
134.98750,-59.161358,-65.629992
135.00000,-59.161358,-65.629992
135.01250,-59.161358,-65.629992
135.02500,-59.161358,-65.629992
135.03750,-59.161358,-65.629992
135.05000,-59.161358,-65.629992
135.06250,-59.161358,-65.629992
135.07500,-59.161358,-65.629992
135.08750,-59.161358,-65.629992
135.10000,-59.161358,-65.629992
135.11250,-59.161358,-65.629992
135.12500,-59.161358,-65.629992
135.13750,-59.161358,-65.629992
135.15000,-59.161358,-65.629992
135.16250,-59.161358,-65.629992
135.17500,-59.161358,-65.629992
135.18750,-59.161358,-65.629992
135.20000,-59.161358,-65.629992
135.21250,-59.161358,-65.629992
135.22500,-59.161358,-65.629992
135.23750,-59.161358,-65.629992
135.25000,-59.161358,-65.629992
135.26250,-59.161358,-65.629992
135.27500,-59.161358,-65.629992
135.28750,-59.161358,-65.629992
135.30000,-59.161358,-65.629992
135.31250,-59.161358,-65.629992
135.32500,-59.161358,-65.629992
135.33750,-59.161358,-65.629992
135.35000,-59.161358,-65.629992
135.36250,-59.161358,-65.629992
135.37500,-59.161358,-65.629992
135.38750,-59.161358,-65.629992
135.40000,-59.161358,-65.629992
135.41250,-59.161358,-65.629992
135.42500,-59.161358,-65.629992
135.43750,-59.161358,-65.629992
135.45000,-59.161358,-65.629992
135.46250,-59.161358,-65.629992
135.47500,-59.161358,-65.629992
135.48750,-59.161358,-65.629992
135.50000,-59.161358,-65.629992
135.51250,-59.161358,-65.629992
135.52500,-59.161358,-65.629992
135.53750,-59.161358,-65.629992
135.55000,-59.161358,-65.629992
135.56250,-59.161358,-65.629992
135.57500,-59.161358,-65.629992
135.58750,-59.161358,-65.629992
135.60000,-59.161358,-65.629992
135.61250,-59.161358,-65.629992
135.62500,-59.161358,-65.629992
135.63750,-59.161358,-65.629992
135.65000,-59.161358,-65.629992
135.66250,-59.161358,-65.629992
135.67500,-59.161358,-65.629992
135.68750,-59.161358,-65.629992
135.70000,-59.161358,-65.629992
135.71250,-59.161358,-65.629992
135.72500,-59.161358,-65.629992
135.73750,-59.161358,-65.629992
135.75000,-59.161358,-65.629992
135.76250,-59.161357,-65.629992
135.77500,-59.161357,-65.629992
135.78750,-59.161357,-65.629992
135.80000,-59.161357,-65.629992
135.81250,-59.161357,-65.629992
135.82500,-59.161357,-65.629992
135.83750,-59.161357,-65.629992
135.85000,-59.161357,-65.629992
135.86250,-59.161357,-65.629992
135.87500,-59.161357,-65.629992
135.88750,-59.161357,-65.629992
135.90000,-59.161357,-65.629992
135.91250,-59.161357,-65.629992
135.92500,-59.161357,-65.629992
135.93750,-59.161357,-65.629992
135.95000,-59.161357,-65.629992
135.96250,-59.161357,-65.629992
135.97500,-59.161357,-65.629992
135.98750,-59.161357,-65.629992
136.00000,-59.161357,-65.629992
136.01250,-59.161357,-65.629992
136.02500,-59.161357,-65.629992
136.03750,-59.161357,-65.629992
136.05000,-59.161357,-65.629992
136.06250,-59.161357,-65.629992
136.07500,-59.161357,-65.629992
136.08750,-59.161357,-65.629992
136.10000,-59.161357,-65.629992
136.11250,-59.161357,-65.629992
136.12500,-59.161357,-65.629992
136.13750,-59.161357,-65.629992
136.15000,-59.161357,-65.629992
136.16250,-59.161357,-65.629992
136.17500,-59.161357,-65.629992
136.18750,-59.161357,-65.629992
136.20000,-59.161357,-65.629992
136.21250,-59.161357,-65.629992
136.22500,-59.161357,-65.629992
136.23750,-59.161357,-65.629992
136.25000,-59.161357,-65.629992
136.26250,-59.161356,-65.629992
136.27500,-59.161356,-65.629992
136.28750,-59.161356,-65.629992
136.30000,-59.161356,-65.629992
136.31250,-59.161356,-65.629992
136.32500,-59.161356,-65.629992
136.33750,-59.161356,-65.629992
136.35000,-59.161356,-65.629992
136.36250,-59.161356,-65.629992
136.37500,-59.161356,-65.629992
136.38750,-59.161356,-65.629992
136.40000,-59.161356,-65.629992
136.41250,-59.161356,-65.629992
136.42500,-59.161356,-65.629992
136.43750,-59.161356,-65.629992
136.45000,-59.161356,-65.629992
136.46250,-59.161356,-65.629992
136.47500,-59.161356,-65.629992
136.48750,-59.161356,-65.629992
136.50000,-59.161356,-65.629992
136.51250,-59.161356,-65.629992
136.52500,-59.161356,-65.629992
136.53750,-59.161356,-65.629992
136.55000,-59.161356,-65.629992
136.56250,-59.161356,-65.629992
136.57500,-59.161356,-65.629992
136.58750,-59.161356,-65.629992
136.60000,-59.161356,-65.629992
136.61250,-59.161356,-65.629992
136.62500,-59.161356,-65.629992
136.63750,-59.161356,-65.629992
136.65000,-59.161355,-65.629992
136.66250,-59.161355,-65.629992
136.67500,-59.161355,-65.629992
136.68750,-59.161355,-65.629992
136.70000,-59.161355,-65.629992
136.71250,-59.161355,-65.629991
136.72500,-59.161355,-65.629991
136.73750,-59.161355,-65.629991
136.75000,-59.161355,-65.629991
136.76250,-59.161355,-65.629991
136.77500,-59.161355,-65.629991
136.78750,-59.161355,-65.629991
136.80000,-59.161355,-65.629991
136.81250,-59.161355,-65.629991
136.82500,-59.161355,-65.629991
136.83750,-59.161355,-65.629991
136.85000,-59.161355,-65.629991
136.86250,-59.161355,-65.629991
136.87500,-59.161355,-65.629991
136.88750,-59.161355,-65.629991
136.90000,-59.161355,-65.629991
136.91250,-59.161355,-65.629991
136.92500,-59.161355,-65.629991
136.93750,-59.161355,-65.629991
136.95000,-59.161355,-65.629991
136.96250,-59.161355,-65.629991
136.97500,-59.161355,-65.629991
136.98750,-59.161355,-65.629991
137.00000,-59.161354,-65.629991
137.01250,-59.161354,-65.629991
137.02500,-59.161354,-65.629991
137.03750,-59.161354,-65.629991
137.05000,-59.161354,-65.629991
137.06250,-59.161354,-65.629991
137.07500,-59.161354,-65.629991
137.08750,-59.161354,-65.629991
137.10000,-59.161354,-65.629991
137.11250,-59.161354,-65.629991
137.12500,-59.161354,-65.629991
137.13750,-59.161354,-65.629991
137.15000,-59.161354,-65.629991
137.16250,-59.161354,-65.629991
137.17500,-59.161354,-65.629991
137.18750,-59.161354,-65.629991
137.20000,-59.161354,-65.629991
137.21250,-59.161354,-65.629991
137.22500,-59.161354,-65.629991
137.23750,-59.161354,-65.629991
137.25000,-59.161354,-65.629991
137.26250,-59.161354,-65.629991
137.27500,-59.161354,-65.629990
137.28750,-59.161354,-65.629990
137.30000,-59.161354,-65.629990
137.31250,-59.161354,-65.629990
137.32500,-59.161354,-65.629990
137.33750,-59.161353,-65.629990
137.35000,-59.161353,-65.629990
137.36250,-59.161353,-65.629990
137.37500,-59.161353,-65.629990
137.38750,-59.161353,-65.629990
137.40000,-59.161353,-65.629990
137.41250,-59.161353,-65.629990
137.42500,-59.161353,-65.629990
137.43750,-59.161353,-65.629990
137.45000,-59.161353,-65.629990
137.46250,-59.161353,-65.629990
137.47500,-59.161353,-65.629990
137.48750,-59.161353,-65.629990
137.50000,-59.161353,-65.629990
137.51250,-59.161353,-65.629990
137.52500,-59.161353,-65.629990
137.53750,-59.161353,-65.629990
137.55000,-59.161353,-65.629990
137.56250,-59.161353,-65.629990
137.57500,-59.161353,-65.629990
137.58750,-59.161353,-65.629990
137.60000,-59.161353,-65.629990
137.61250,-59.161353,-65.629990
137.62500,-59.161353,-65.629990
137.63750,-59.161353,-65.629990
137.65000,-59.161353,-65.629990
137.66250,-59.161352,-65.629990
137.67500,-59.161352,-65.629990
137.68750,-59.161352,-65.629990
137.70000,-59.161352,-65.629990
137.71250,-59.161352,-65.629990
137.72500,-59.161352,-65.629990
137.73750,-59.161352,-65.629990
137.75000,-59.161352,-65.629989
137.76250,-59.161352,-65.629989
137.77500,-59.161352,-65.629989
137.78750,-59.161352,-65.629989
137.80000,-59.161352,-65.629989
137.81250,-59.161352,-65.629989
137.82500,-59.161352,-65.629989
137.83750,-59.161352,-65.629989
137.85000,-59.161352,-65.629989
137.86250,-59.161352,-65.629989
137.87500,-59.161352,-65.629989
137.88750,-59.161352,-65.629989
137.90000,-59.161352,-65.629989
137.91250,-59.161352,-65.629989
137.92500,-59.161352,-65.629989
137.93750,-59.161352,-65.629989
137.95000,-59.161352,-65.629989
137.96250,-59.161352,-65.629989
137.97500,-59.161352,-65.629989
137.98750,-59.161352,-65.629989
138.00000,-59.161352,-65.629989
138.01250,-59.161351,-65.629989
138.02500,-59.161351,-65.629989
138.03750,-59.161351,-65.629989
138.05000,-59.161351,-65.629989
138.06250,-59.161351,-65.629989
138.07500,-59.161351,-65.629989
138.08750,-59.161351,-65.629989
138.10000,-59.161351,-65.629989
138.11250,-59.161351,-65.629989
138.12500,-59.161351,-65.629989
138.13750,-59.161351,-65.629989
138.15000,-59.161351,-65.629989
138.16250,-59.161351,-65.629989
138.17500,-59.161351,-65.629989
138.18750,-59.161351,-65.629989
138.20000,-59.161351,-65.629989
138.21250,-59.161351,-65.629988
138.22500,-59.161351,-65.629988
138.23750,-59.161351,-65.629988
138.25000,-59.161351,-65.629988
138.26250,-59.161351,-65.629988
138.27500,-59.161351,-65.629988
138.28750,-59.161351,-65.629988
138.30000,-59.161351,-65.629988
138.31250,-59.161351,-65.629988
138.32500,-59.161351,-65.629988
138.33750,-59.161351,-65.629988
138.35000,-59.161351,-65.629988
138.36250,-59.161351,-65.629988
138.37500,-59.161351,-65.629988
138.38750,-59.161351,-65.629988
138.40000,-59.161350,-65.629988
138.41250,-59.161350,-65.629988
138.42500,-59.161350,-65.629988
138.43750,-59.161350,-65.629988
138.45000,-59.161350,-65.629988
138.46250,-59.161350,-65.629988
138.47500,-59.161350,-65.629988
138.48750,-59.161350,-65.629988
138.50000,-59.161350,-65.629988
138.51250,-59.161350,-65.629988
138.52500,-59.161350,-65.629988
138.53750,-59.161350,-65.629988
138.55000,-59.161350,-65.629988
138.56250,-59.161350,-65.629988
138.57500,-59.161350,-65.629988
138.58750,-59.161350,-65.629988
138.60000,-59.161350,-65.629988
138.61250,-59.161350,-65.629988
138.62500,-59.161350,-65.629988
138.63750,-59.161350,-65.629988
138.65000,-59.161350,-65.629988
138.66250,-59.161350,-65.629988
138.67500,-59.161350,-65.629988
138.68750,-59.161350,-65.629988
138.70000,-59.161350,-65.629988
138.71250,-59.161350,-65.629987
138.72500,-59.161350,-65.629987
138.73750,-59.161350,-65.629987
138.75000,-59.161350,-65.629987
138.76250,-59.161350,-65.629987
138.77500,-59.161350,-65.629987
138.78750,-59.161350,-65.629987
138.80000,-59.161350,-65.629987
138.81250,-59.161350,-65.629987
138.82500,-59.161350,-65.629987
138.83750,-59.161350,-65.629987
138.85000,-59.161349,-65.629987
138.86250,-59.161349,-65.629987
138.87500,-59.161349,-65.629987
138.88750,-59.161349,-65.629987
138.90000,-59.161349,-65.629987
138.91250,-59.161349,-65.629987
138.92500,-59.161349,-65.629987
138.93750,-59.161349,-65.629987
138.95000,-59.161349,-65.629987
138.96250,-59.161349,-65.629987
138.97500,-59.161349,-65.629987
138.98750,-59.161349,-65.629987
139.00000,-59.161349,-65.629987
139.01250,-59.161349,-65.629987
139.02500,-59.161349,-65.629987
139.03750,-59.161349,-65.629987
139.05000,-59.161349,-65.629987
139.06250,-59.161349,-65.629987
139.07500,-59.161349,-65.629987
139.08750,-59.161349,-65.629987
139.10000,-59.161349,-65.629987
139.11250,-59.161349,-65.629987
139.12500,-59.161349,-65.629987
139.13750,-59.161349,-65.629987
139.15000,-59.161349,-65.629987
139.16250,-59.161349,-65.629987
139.17500,-59.161349,-65.629987
139.18750,-59.161349,-65.629987
139.20000,-59.161349,-65.629987
139.21250,-59.161349,-65.629987
139.22500,-59.161349,-65.629987
139.23750,-59.161349,-65.629987
139.25000,-59.161349,-65.629987
139.26250,-59.161349,-65.629987
139.27500,-59.161349,-65.629987
139.28750,-59.161349,-65.629986
139.30000,-59.161349,-65.629986
139.31250,-59.161349,-65.629986
139.32500,-59.161349,-65.629986
139.33750,-59.161349,-65.629986
139.35000,-59.161349,-65.629986
139.36250,-59.161349,-65.629986
139.37500,-59.161349,-65.629986
139.38750,-59.161349,-65.629986
139.40000,-59.161349,-65.629986
139.41250,-59.161349,-65.629986
139.42500,-59.161349,-65.629986
139.43750,-59.161349,-65.629986
139.45000,-59.161349,-65.629986
139.46250,-59.161349,-65.629986
139.47500,-59.161349,-65.629986
139.48750,-59.161349,-65.629986
139.50000,-59.161348,-65.629986
139.51250,-59.161348,-65.629986
139.52500,-59.161348,-65.629986
139.53750,-59.161348,-65.629986
139.55000,-59.161348,-65.629986
139.56250,-59.161348,-65.629986
139.57500,-59.161348,-65.629986
139.58750,-59.161348,-65.629986
139.60000,-59.161348,-65.629986
139.61250,-59.161348,-65.629986
139.62500,-59.161348,-65.629986
139.63750,-59.161348,-65.629986
139.65000,-59.161348,-65.629986
139.66250,-59.161348,-65.629986
139.67500,-59.161348,-65.629986
139.68750,-59.161348,-65.629986
139.70000,-59.161348,-65.629986
139.71250,-59.161348,-65.629986
139.72500,-59.161348,-65.629986
139.73750,-59.161348,-65.629986
139.75000,-59.161348,-65.629986
139.76250,-59.161348,-65.629986
139.77500,-59.161348,-65.629986
139.78750,-59.161348,-65.629986
139.80000,-59.161348,-65.629986
139.81250,-59.161348,-65.629986
139.82500,-59.161348,-65.629986
139.83750,-59.161348,-65.629986
139.85000,-59.161348,-65.629986
139.86250,-59.161348,-65.629986
139.87500,-59.161348,-65.629986
139.88750,-59.161348,-65.629986
139.90000,-59.161348,-65.629986
139.91250,-59.161348,-65.629986
139.92500,-59.161348,-65.629986
139.93750,-59.161348,-65.629986
139.95000,-59.161348,-65.629986
139.96250,-59.161348,-65.629986
139.97500,-59.161348,-65.629986
139.98750,-59.161348,-65.629986
140.00000,-59.161348,-65.629986
140.01250,-59.161348,-65.629986
140.02500,-59.161348,-65.629986
140.03750,-59.161348,-65.629986
140.05000,-59.161348,-65.629986
140.06250,-59.161348,-65.629986
140.07500,-59.161348,-65.629986
140.08750,-59.161348,-65.629986
140.10000,-59.161348,-65.629986
140.11250,-59.161348,-65.629986
140.12500,-59.161348,-65.629986
140.13750,-59.161348,-65.629986
140.15000,-59.161348,-65.629986
140.16250,-59.161348,-65.629986
140.17500,-59.161348,-65.629985
140.18750,-59.161348,-65.629985
140.20000,-59.161348,-65.629985
140.21250,-59.161348,-65.629985
140.22500,-59.161348,-65.629985
140.23750,-59.161348,-65.629985
140.25000,-59.161348,-65.629985
140.26250,-59.161348,-65.629985
140.27500,-59.161348,-65.629985
140.28750,-59.161348,-65.629985
140.30000,-59.161348,-65.629985
140.31250,-59.161348,-65.629985
140.32500,-59.161348,-65.629985
140.33750,-59.161348,-65.629985
140.35000,-59.161348,-65.629985
140.36250,-59.161348,-65.629985
140.37500,-59.161348,-65.629985
140.38750,-59.161348,-65.629985
140.40000,-59.161348,-65.629985
140.41250,-59.161348,-65.629985
140.42500,-59.161348,-65.629985
140.43750,-59.161348,-65.629985
140.45000,-59.161348,-65.629985
140.46250,-59.161348,-65.629985
140.47500,-59.161348,-65.629985
140.48750,-59.161348,-65.629985
140.50000,-59.161348,-65.629985
140.51250,-59.161348,-65.629985
140.52500,-59.161348,-65.629985
140.53750,-59.161348,-65.629985
140.55000,-59.161348,-65.629985
140.56250,-59.161348,-65.629985
140.57500,-59.161348,-65.629985
140.58750,-59.161348,-65.629985
140.60000,-59.161348,-65.629985
140.61250,-59.161348,-65.629985
140.62500,-59.161348,-65.629985
140.63750,-59.161348,-65.629985
140.65000,-59.161348,-65.629985
140.66250,-59.161348,-65.629985
140.67500,-59.161348,-65.629985
140.68750,-59.161348,-65.629985
140.70000,-59.161348,-65.629985
140.71250,-59.161348,-65.629985
140.72500,-59.161348,-65.629985
140.73750,-59.161348,-65.629985
140.75000,-59.161348,-65.629985
140.76250,-59.161348,-65.629985
140.77500,-59.161348,-65.629985
140.78750,-59.161348,-65.629985
140.80000,-59.161348,-65.629985
140.81250,-59.161348,-65.629985
140.82500,-59.161348,-65.629985
140.83750,-59.161348,-65.629985
140.85000,-59.161348,-65.629985
140.86250,-59.161348,-65.629985
140.87500,-59.161348,-65.629985
140.88750,-59.161348,-65.629985
140.90000,-59.161348,-65.629985
140.91250,-59.161348,-65.629985
140.92500,-59.161348,-65.629985
140.93750,-59.161348,-65.629985
140.95000,-59.161348,-65.629985
140.96250,-59.161348,-65.629985
140.97500,-59.161348,-65.629985
140.98750,-59.161348,-65.629985
141.00000,-59.161348,-65.629985
141.01250,-59.161348,-65.629985
141.02500,-59.161348,-65.629985
141.03750,-59.161348,-65.629985
141.05000,-59.161348,-65.629985
141.06250,-59.161348,-65.629985
141.07500,-59.161348,-65.629985
141.08750,-59.161348,-65.629985
141.10000,-59.161348,-65.629985
141.11250,-59.161348,-65.629985
141.12500,-59.161348,-65.629985
141.13750,-59.161348,-65.629985
141.15000,-59.161348,-65.629985
141.16250,-59.161348,-65.629985
141.17500,-59.161348,-65.629985
141.18750,-59.161348,-65.629985
141.20000,-59.161348,-65.629985
141.21250,-59.161348,-65.629985
141.22500,-59.161348,-65.629985
141.23750,-59.161348,-65.629985
141.25000,-59.161348,-65.629985
141.26250,-59.161349,-65.629985
141.27500,-59.161349,-65.629985
141.28750,-59.161349,-65.629985
141.30000,-59.161349,-65.629985
141.31250,-59.161349,-65.629985
141.32500,-59.161349,-65.629985
141.33750,-59.161349,-65.629985
141.35000,-59.161349,-65.629985
141.36250,-59.161349,-65.629985
141.37500,-59.161349,-65.629985
141.38750,-59.161349,-65.629985
141.40000,-59.161349,-65.629985
141.41250,-59.161349,-65.629985
141.42500,-59.161349,-65.629985
141.43750,-59.161349,-65.629985
141.45000,-59.161349,-65.629985
141.46250,-59.161349,-65.629985
141.47500,-59.161349,-65.629985
141.48750,-59.161349,-65.629985
141.50000,-59.161349,-65.629985
141.51250,-59.161349,-65.629985
141.52500,-59.161349,-65.629985
141.53750,-59.161349,-65.629985
141.55000,-59.161349,-65.629985
141.56250,-59.161349,-65.629985
141.57500,-59.161349,-65.629985
141.58750,-59.161349,-65.629985
141.60000,-59.161349,-65.629985
141.61250,-59.161349,-65.629985
141.62500,-59.161349,-65.629985
141.63750,-59.161349,-65.629985
141.65000,-59.161349,-65.629985
141.66250,-59.161349,-65.629985
141.67500,-59.161349,-65.629985
141.68750,-59.161349,-65.629985
141.70000,-59.161349,-65.629985
141.71250,-59.161349,-65.629985
141.72500,-59.161349,-65.629985
141.73750,-59.161349,-65.629985
141.75000,-59.161349,-65.629985
141.76250,-59.161349,-65.629985
141.77500,-59.161349,-65.629986
141.78750,-59.161349,-65.629986
141.80000,-59.161349,-65.629986
141.81250,-59.161349,-65.629986
141.82500,-59.161349,-65.629986
141.83750,-59.161349,-65.629986
141.85000,-59.161349,-65.629986
141.86250,-59.161349,-65.629986
141.87500,-59.161349,-65.629986
141.88750,-59.161349,-65.629986
141.90000,-59.161349,-65.629986
141.91250,-59.161349,-65.629986
141.92500,-59.161349,-65.629986
141.93750,-59.161349,-65.629986
141.95000,-59.161349,-65.629986
141.96250,-59.161349,-65.629986
141.97500,-59.161349,-65.629986
141.98750,-59.161349,-65.629986
142.00000,-59.161349,-65.629986
142.01250,-59.161349,-65.629986
142.02500,-59.161349,-65.629986
142.03750,-59.161349,-65.629986
142.05000,-59.161349,-65.629986
142.06250,-59.161349,-65.629986
142.07500,-59.161349,-65.629986
142.08750,-59.161349,-65.629986
142.10000,-59.161350,-65.629986
142.11250,-59.161350,-65.629986
142.12500,-59.161350,-65.629986
142.13750,-59.161350,-65.629986
142.15000,-59.161350,-65.629986
142.16250,-59.161350,-65.629986
142.17500,-59.161350,-65.629986
142.18750,-59.161350,-65.629986
142.20000,-59.161350,-65.629986
142.21250,-59.161350,-65.629986
142.22500,-59.161350,-65.629986
142.23750,-59.161350,-65.629986
142.25000,-59.161350,-65.629986
142.26250,-59.161350,-65.629986
142.27500,-59.161350,-65.629986
142.28750,-59.161350,-65.629986
142.30000,-59.161350,-65.629986
142.31250,-59.161350,-65.629986
142.32500,-59.161350,-65.629986
142.33750,-59.161350,-65.629986
142.35000,-59.161350,-65.629986
142.36250,-59.161350,-65.629986
142.37500,-59.161350,-65.629986
142.38750,-59.161350,-65.629986
142.40000,-59.161350,-65.629986
142.41250,-59.161350,-65.629986
142.42500,-59.161350,-65.629986
142.43750,-59.161350,-65.629986
142.45000,-59.161350,-65.629986
142.46250,-59.161350,-65.629986
142.47500,-59.161350,-65.629986
142.48750,-59.161350,-65.629986
142.50000,-59.161350,-65.629986
142.51250,-59.161350,-65.629986
142.52500,-59.161350,-65.629986
142.53750,-59.161350,-65.629986
142.55000,-59.161350,-65.629986
142.56250,-59.161350,-65.629986
142.57500,-59.161350,-65.629986
142.58750,-59.161350,-65.629986
142.60000,-59.161350,-65.629986
142.61250,-59.161350,-65.629986
142.62500,-59.161350,-65.629986
142.63750,-59.161350,-65.629986
142.65000,-59.161350,-65.629986
142.66250,-59.161350,-65.629986
142.67500,-59.161350,-65.629986
142.68750,-59.161350,-65.629986
142.70000,-59.161350,-65.629986
142.71250,-59.161350,-65.629986
142.72500,-59.161350,-65.629986
142.73750,-59.161350,-65.629986
142.75000,-59.161350,-65.629986
142.76250,-59.161350,-65.629986
142.77500,-59.161350,-65.629986
142.78750,-59.161350,-65.629986
142.80000,-59.161351,-65.629986
142.81250,-59.161351,-65.629986
142.82500,-59.161351,-65.629986
142.83750,-59.161351,-65.629986
142.85000,-59.161351,-65.629986
142.86250,-59.161351,-65.629986
142.87500,-59.161351,-65.629986
142.88750,-59.161351,-65.629986
142.90000,-59.161351,-65.629986
142.91250,-59.161351,-65.629986
142.92500,-59.161351,-65.629987
142.93750,-59.161351,-65.629987
142.95000,-59.161351,-65.629987
142.96250,-59.161351,-65.629987
142.97500,-59.161351,-65.629987
142.98750,-59.161351,-65.629987
143.00000,-59.161351,-65.629987
143.01250,-59.161351,-65.629987
143.02500,-59.161351,-65.629987
143.03750,-59.161351,-65.629987
143.05000,-59.161351,-65.629987
143.06250,-59.161351,-65.629987
143.07500,-59.161351,-65.629987
143.08750,-59.161351,-65.629987
143.10000,-59.161351,-65.629987
143.11250,-59.161351,-65.629987
143.12500,-59.161351,-65.629987
143.13750,-59.161351,-65.629987
143.15000,-59.161351,-65.629987
143.16250,-59.161351,-65.629987
143.17500,-59.161351,-65.629987
143.18750,-59.161351,-65.629987
143.20000,-59.161351,-65.629987
143.21250,-59.161351,-65.629987
143.22500,-59.161351,-65.629987
143.23750,-59.161351,-65.629987
143.25000,-59.161351,-65.629987
143.26250,-59.161351,-65.629987
143.27500,-59.161351,-65.629987
143.28750,-59.161351,-65.629987
143.30000,-59.161351,-65.629987
143.31250,-59.161351,-65.629987
143.32500,-59.161351,-65.629987
143.33750,-59.161351,-65.629987
143.35000,-59.161351,-65.629987
143.36250,-59.161351,-65.629987
143.37500,-59.161351,-65.629987
143.38750,-59.161351,-65.629987
143.40000,-59.161351,-65.629987
143.41250,-59.161351,-65.629987
143.42500,-59.161351,-65.629987
143.43750,-59.161351,-65.629987
143.45000,-59.161351,-65.629987
143.46250,-59.161351,-65.629987
143.47500,-59.161351,-65.629987
143.48750,-59.161351,-65.629987
143.50000,-59.161351,-65.629987
143.51250,-59.161351,-65.629987
143.52500,-59.161352,-65.629987
143.53750,-59.161352,-65.629987
143.55000,-59.161352,-65.629987
143.56250,-59.161352,-65.629987
143.57500,-59.161352,-65.629987
143.58750,-59.161352,-65.629987
143.60000,-59.161352,-65.629987
143.61250,-59.161352,-65.629987
143.62500,-59.161352,-65.629987
143.63750,-59.161352,-65.629987
143.65000,-59.161352,-65.629987
143.66250,-59.161352,-65.629987
143.67500,-59.161352,-65.629987
143.68750,-59.161352,-65.629987
143.70000,-59.161352,-65.629987
143.71250,-59.161352,-65.629987
143.72500,-59.161352,-65.629987
143.73750,-59.161352,-65.629987
143.75000,-59.161352,-65.629987
143.76250,-59.161352,-65.629987
143.77500,-59.161352,-65.629987
143.78750,-59.161352,-65.629987
143.80000,-59.161352,-65.629987
143.81250,-59.161352,-65.629987
143.82500,-59.161352,-65.629987
143.83750,-59.161352,-65.629987
143.85000,-59.161352,-65.629987
143.86250,-59.161352,-65.629987
143.87500,-59.161352,-65.629987
143.88750,-59.161352,-65.629987
143.90000,-59.161352,-65.629988
143.91250,-59.161352,-65.629988
143.92500,-59.161352,-65.629988
143.93750,-59.161352,-65.629988
143.95000,-59.161352,-65.629988
143.96250,-59.161352,-65.629988
143.97500,-59.161352,-65.629988
143.98750,-59.161352,-65.629988
144.00000,-59.161352,-65.629988
144.01250,-59.161352,-65.629988
144.02500,-59.161352,-65.629988
144.03750,-59.161352,-65.629988
144.05000,-59.161352,-65.629988
144.06250,-59.161352,-65.629988
144.07500,-59.161352,-65.629988
144.08750,-59.161352,-65.629988
144.10000,-59.161352,-65.629988
144.11250,-59.161352,-65.629988
144.12500,-59.161352,-65.629988
144.13750,-59.161352,-65.629988
144.15000,-59.161352,-65.629988
144.16250,-59.161352,-65.629988
144.17500,-59.161352,-65.629988
144.18750,-59.161352,-65.629988
144.20000,-59.161352,-65.629988
144.21250,-59.161352,-65.629988
144.22500,-59.161352,-65.629988
144.23750,-59.161352,-65.629988
144.25000,-59.161352,-65.629988
144.26250,-59.161352,-65.629988
144.27500,-59.161352,-65.629988
144.28750,-59.161352,-65.629988
144.30000,-59.161352,-65.629988
144.31250,-59.161352,-65.629988
144.32500,-59.161352,-65.629988
144.33750,-59.161352,-65.629988
144.35000,-59.161352,-65.629988
144.36250,-59.161352,-65.629988
144.37500,-59.161352,-65.629988
144.38750,-59.161352,-65.629988
144.40000,-59.161352,-65.629988
144.41250,-59.161352,-65.629988
144.42500,-59.161352,-65.629988
144.43750,-59.161352,-65.629988
144.45000,-59.161352,-65.629988
144.46250,-59.161352,-65.629988
144.47500,-59.161352,-65.629988
144.48750,-59.161352,-65.629988
144.50000,-59.161353,-65.629988
144.51250,-59.161353,-65.629988
144.52500,-59.161353,-65.629988
144.53750,-59.161353,-65.629988
144.55000,-59.161353,-65.629988
144.56250,-59.161353,-65.629988
144.57500,-59.161353,-65.629988
144.58750,-59.161353,-65.629988
144.60000,-59.161353,-65.629988
144.61250,-59.161353,-65.629988
144.62500,-59.161353,-65.629988
144.63750,-59.161353,-65.629988
144.65000,-59.161353,-65.629988
144.66250,-59.161353,-65.629988
144.67500,-59.161353,-65.629988
144.68750,-59.161353,-65.629988
144.70000,-59.161353,-65.629988
144.71250,-59.161353,-65.629988
144.72500,-59.161353,-65.629988
144.73750,-59.161353,-65.629988
144.75000,-59.161353,-65.629988
144.76250,-59.161353,-65.629988
144.77500,-59.161353,-65.629988
144.78750,-59.161353,-65.629988
144.80000,-59.161353,-65.629988
144.81250,-59.161353,-65.629988
144.82500,-59.161353,-65.629988
144.83750,-59.161353,-65.629988
144.85000,-59.161353,-65.629988
144.86250,-59.161353,-65.629988
144.87500,-59.161353,-65.629988
144.88750,-59.161353,-65.629988
144.90000,-59.161353,-65.629988
144.91250,-59.161353,-65.629988
144.92500,-59.161353,-65.629988
144.93750,-59.161353,-65.629988
144.95000,-59.161353,-65.629988
144.96250,-59.161353,-65.629988
144.97500,-59.161353,-65.629988
144.98750,-59.161353,-65.629988
145.00000,-59.161353,-65.629988
145.01250,-59.161353,-65.629988
145.02500,-59.161353,-65.629988
145.03750,-59.161353,-65.629988
145.05000,-59.161353,-65.629988
145.06250,-59.161353,-65.629988
145.07500,-59.161353,-65.629988
145.08750,-59.161353,-65.629988
145.10000,-59.161353,-65.629988
145.11250,-59.161353,-65.629988
145.12500,-59.161353,-65.629988
145.13750,-59.161353,-65.629988
145.15000,-59.161353,-65.629988
145.16250,-59.161353,-65.629988
145.17500,-59.161353,-65.629988
145.18750,-59.161353,-65.629988
145.20000,-59.161353,-65.629988
145.21250,-59.161353,-65.629988
145.22500,-59.161353,-65.629988
145.23750,-59.161353,-65.629988
145.25000,-59.161353,-65.629988
145.26250,-59.161353,-65.629988
145.27500,-59.161353,-65.629988
145.28750,-59.161353,-65.629989
145.30000,-59.161353,-65.629989
145.31250,-59.161353,-65.629989
145.32500,-59.161353,-65.629989
145.33750,-59.161353,-65.629989
145.35000,-59.161353,-65.629989
145.36250,-59.161353,-65.629989
145.37500,-59.161353,-65.629989
145.38750,-59.161353,-65.629989
145.40000,-59.161353,-65.629989
145.41250,-59.161353,-65.629989
145.42500,-59.161353,-65.629989
145.43750,-59.161353,-65.629989
145.45000,-59.161353,-65.629989
145.46250,-59.161353,-65.629989
145.47500,-59.161353,-65.629989
145.48750,-59.161353,-65.629989
145.50000,-59.161353,-65.629989
145.51250,-59.161353,-65.629989
145.52500,-59.161353,-65.629989
145.53750,-59.161353,-65.629989
145.55000,-59.161353,-65.629989
145.56250,-59.161353,-65.629989
145.57500,-59.161353,-65.629989
145.58750,-59.161353,-65.629989
145.60000,-59.161353,-65.629989
145.61250,-59.161353,-65.629989
145.62500,-59.161353,-65.629989
145.63750,-59.161353,-65.629989
145.65000,-59.161353,-65.629989
145.66250,-59.161353,-65.629989
145.67500,-59.161353,-65.629989
145.68750,-59.161353,-65.629989
145.70000,-59.161353,-65.629989
145.71250,-59.161353,-65.629989
145.72500,-59.161353,-65.629989
145.73750,-59.161353,-65.629989
145.75000,-59.161353,-65.629989
145.76250,-59.161353,-65.629989
145.77500,-59.161353,-65.629989
145.78750,-59.161353,-65.629989
145.80000,-59.161353,-65.629989
145.81250,-59.161353,-65.629989
145.82500,-59.161353,-65.629989
145.83750,-59.161353,-65.629989
145.85000,-59.161353,-65.629989
145.86250,-59.161353,-65.629989
145.87500,-59.161353,-65.629989
145.88750,-59.161353,-65.629989
145.90000,-59.161353,-65.629989
145.91250,-59.161353,-65.629989
145.92500,-59.161353,-65.629989
145.93750,-59.161353,-65.629989
145.95000,-59.161353,-65.629989
145.96250,-59.161353,-65.629989
145.97500,-59.161353,-65.629989
145.98750,-59.161353,-65.629989
146.00000,-59.161353,-65.629989
146.01250,-59.161353,-65.629989
146.02500,-59.161353,-65.629989
146.03750,-59.161353,-65.629989
146.05000,-59.161353,-65.629989
146.06250,-59.161353,-65.629989
146.07500,-59.161353,-65.629989
146.08750,-59.161353,-65.629989
146.10000,-59.161353,-65.629989
146.11250,-59.161353,-65.629989
146.12500,-59.161353,-65.629989
146.13750,-59.161353,-65.629989
146.15000,-59.161353,-65.629989
146.16250,-59.161353,-65.629989
146.17500,-59.161353,-65.629989
146.18750,-59.161353,-65.629989
146.20000,-59.161353,-65.629989
146.21250,-59.161353,-65.629989
146.22500,-59.161353,-65.629989
146.23750,-59.161353,-65.629989
146.25000,-59.161353,-65.629989
146.26250,-59.161353,-65.629989
146.27500,-59.161353,-65.629989
146.28750,-59.161353,-65.629989
146.30000,-59.161353,-65.629989
146.31250,-59.161353,-65.629989
146.32500,-59.161353,-65.629989
146.33750,-59.161353,-65.629989
146.35000,-59.161353,-65.629989
146.36250,-59.161353,-65.629989
146.37500,-59.161353,-65.629989
146.38750,-59.161353,-65.629989
146.40000,-59.161353,-65.629989
146.41250,-59.161353,-65.629989
146.42500,-59.161353,-65.629989
146.43750,-59.161353,-65.629989
146.45000,-59.161353,-65.629989
146.46250,-59.161353,-65.629989
146.47500,-59.161353,-65.629989
146.48750,-59.161353,-65.629989
146.50000,-59.161353,-65.629989
146.51250,-59.161353,-65.629989
146.52500,-59.161353,-65.629989
146.53750,-59.161353,-65.629989
146.55000,-59.161353,-65.629989
146.56250,-59.161353,-65.629989
146.57500,-59.161353,-65.629989
146.58750,-59.161353,-65.629989
146.60000,-59.161353,-65.629989
146.61250,-59.161353,-65.629989
146.62500,-59.161353,-65.629989
146.63750,-59.161353,-65.629989
146.65000,-59.161353,-65.629989
146.66250,-59.161353,-65.629989
146.67500,-59.161353,-65.629989
146.68750,-59.161353,-65.629989
146.70000,-59.161353,-65.629989
146.71250,-59.161353,-65.629989
146.72500,-59.161353,-65.629989
146.73750,-59.161353,-65.629989
146.75000,-59.161353,-65.629989
146.76250,-59.161353,-65.629989
146.77500,-59.161353,-65.629989
146.78750,-59.161353,-65.629989
146.80000,-59.161353,-65.629989
146.81250,-59.161353,-65.629989
146.82500,-59.161353,-65.629989
146.83750,-59.161353,-65.629989
146.85000,-59.161353,-65.629989
146.86250,-59.161353,-65.629989
146.87500,-59.161353,-65.629989
146.88750,-59.161353,-65.629989
146.90000,-59.161353,-65.629989
146.91250,-59.161353,-65.629989
146.92500,-59.161353,-65.629989
146.93750,-59.161353,-65.629989
146.95000,-59.161353,-65.629989
146.96250,-59.161352,-65.629989
146.97500,-59.161352,-65.629989
146.98750,-59.161352,-65.629989
147.00000,-59.161352,-65.629989
147.01250,-59.161352,-65.629989
147.02500,-59.161352,-65.629989
147.03750,-59.161352,-65.629989
147.05000,-59.161352,-65.629989
147.06250,-59.161352,-65.629989
147.07500,-59.161352,-65.629989
147.08750,-59.161352,-65.629989
147.10000,-59.161352,-65.629989
147.11250,-59.161352,-65.629989
147.12500,-59.161352,-65.629989
147.13750,-59.161352,-65.629989
147.15000,-59.161352,-65.629989
147.16250,-59.161352,-65.629989
147.17500,-59.161352,-65.629989
147.18750,-59.161352,-65.629989
147.20000,-59.161352,-65.629989
147.21250,-59.161352,-65.629989
147.22500,-59.161352,-65.629989
147.23750,-59.161352,-65.629989
147.25000,-59.161352,-65.629989
147.26250,-59.161352,-65.629989
147.27500,-59.161352,-65.629989
147.28750,-59.161352,-65.629989
147.30000,-59.161352,-65.629989
147.31250,-59.161352,-65.629989
147.32500,-59.161352,-65.629988
147.33750,-59.161352,-65.629988
147.35000,-59.161352,-65.629988
147.36250,-59.161352,-65.629988
147.37500,-59.161352,-65.629988
147.38750,-59.161352,-65.629988
147.40000,-59.161352,-65.629988
147.41250,-59.161352,-65.629988
147.42500,-59.161352,-65.629988
147.43750,-59.161352,-65.629988
147.45000,-59.161352,-65.629988
147.46250,-59.161352,-65.629988
147.47500,-59.161352,-65.629988
147.48750,-59.161352,-65.629988
147.50000,-59.161352,-65.629988
147.51250,-59.161352,-65.629988
147.52500,-59.161352,-65.629988
147.53750,-59.161352,-65.629988
147.55000,-59.161352,-65.629988
147.56250,-59.161352,-65.629988
147.57500,-59.161352,-65.629988
147.58750,-59.161352,-65.629988
147.60000,-59.161352,-65.629988
147.61250,-59.161352,-65.629988
147.62500,-59.161352,-65.629988
147.63750,-59.161352,-65.629988
147.65000,-59.161352,-65.629988
147.66250,-59.161352,-65.629988
147.67500,-59.161352,-65.629988
147.68750,-59.161352,-65.629988
147.70000,-59.161352,-65.629988
147.71250,-59.161352,-65.629988
147.72500,-59.161352,-65.629988
147.73750,-59.161352,-65.629988
147.75000,-59.161352,-65.629988
147.76250,-59.161352,-65.629988
147.77500,-59.161352,-65.629988
147.78750,-59.161352,-65.629988
147.80000,-59.161352,-65.629988
147.81250,-59.161352,-65.629988
147.82500,-59.161352,-65.629988
147.83750,-59.161352,-65.629988
147.85000,-59.161352,-65.629988
147.86250,-59.161352,-65.629988
147.87500,-59.161352,-65.629988
147.88750,-59.161352,-65.629988
147.90000,-59.161352,-65.629988
147.91250,-59.161352,-65.629988
147.92500,-59.161352,-65.629988
147.93750,-59.161352,-65.629988
147.95000,-59.161352,-65.629988
147.96250,-59.161352,-65.629988
147.97500,-59.161352,-65.629988
147.98750,-59.161352,-65.629988
148.00000,-59.161352,-65.629988
148.01250,-59.161352,-65.629988
148.02500,-59.161352,-65.629988
148.03750,-59.161352,-65.629988
148.05000,-59.161352,-65.629988
148.06250,-59.161352,-65.629988
148.07500,-59.161352,-65.629988
148.08750,-59.161352,-65.629988
148.10000,-59.161352,-65.629988
148.11250,-59.161352,-65.629988
148.12500,-59.161352,-65.629988
148.13750,-59.161352,-65.629988
148.15000,-59.161352,-65.629988
148.16250,-59.161352,-65.629988
148.17500,-59.161352,-65.629988
148.18750,-59.161352,-65.629988
148.20000,-59.161352,-65.629988
148.21250,-59.161352,-65.629988
148.22500,-59.161352,-65.629988
148.23750,-59.161352,-65.629988
148.25000,-59.161352,-65.629988
148.26250,-59.161352,-65.629988
148.27500,-59.161352,-65.629988
148.28750,-59.161352,-65.629988
148.30000,-59.161352,-65.629988
148.31250,-59.161352,-65.629988
148.32500,-59.161352,-65.629988
148.33750,-59.161352,-65.629988
148.35000,-59.161352,-65.629988
148.36250,-59.161352,-65.629988
148.37500,-59.161352,-65.629988
148.38750,-59.161352,-65.629988
148.40000,-59.161352,-65.629988
148.41250,-59.161352,-65.629988
148.42500,-59.161352,-65.629988
148.43750,-59.161351,-65.629988
148.45000,-59.161351,-65.629988
148.46250,-59.161351,-65.629988
148.47500,-59.161351,-65.629988
148.48750,-59.161351,-65.629988
148.50000,-59.161351,-65.629988
148.51250,-59.161351,-65.629988
148.52500,-59.161351,-65.629988
148.53750,-59.161351,-65.629988
148.55000,-59.161351,-65.629988
148.56250,-59.161351,-65.629988
148.57500,-59.161351,-65.629988
148.58750,-59.161351,-65.629988
148.60000,-59.161351,-65.629988
148.61250,-59.161351,-65.629988
148.62500,-59.161351,-65.629988
148.63750,-59.161351,-65.629988
148.65000,-59.161351,-65.629988
148.66250,-59.161351,-65.629988
148.67500,-59.161351,-65.629988
148.68750,-59.161351,-65.629988
148.70000,-59.161351,-65.629988
148.71250,-59.161351,-65.629988
148.72500,-59.161351,-65.629988
148.73750,-59.161351,-65.629988
148.75000,-59.161351,-65.629988
148.76250,-59.161351,-65.629988
148.77500,-59.161351,-65.629988
148.78750,-59.161351,-65.629988
148.80000,-59.161351,-65.629988
148.81250,-59.161351,-65.629988
148.82500,-59.161351,-65.629988
148.83750,-59.161351,-65.629988
148.85000,-59.161351,-65.629988
148.86250,-59.161351,-65.629988
148.87500,-59.161351,-65.629988
148.88750,-59.161351,-65.629988
148.90000,-59.161351,-65.629988
148.91250,-59.161351,-65.629988
148.92500,-59.161351,-65.629988
148.93750,-59.161351,-65.629988
148.95000,-59.161351,-65.629988
148.96250,-59.161351,-65.629988
148.97500,-59.161351,-65.629988
148.98750,-59.161351,-65.629988
149.00000,-59.161351,-65.629988
149.01250,-59.161351,-65.629988
149.02500,-59.161351,-65.629988
149.03750,-59.161351,-65.629988
149.05000,-59.161351,-65.629988
149.06250,-59.161351,-65.629988
149.07500,-59.161351,-65.629988
149.08750,-59.161351,-65.629988
149.10000,-59.161351,-65.629988
149.11250,-59.161351,-65.629988
149.12500,-59.161351,-65.629988
149.13750,-59.161351,-65.629988
149.15000,-59.161351,-65.629988
149.16250,-59.161351,-65.629988
149.17500,-59.161351,-65.629988
149.18750,-59.161351,-65.629988
149.20000,-59.161351,-65.629988
149.21250,-59.161351,-65.629988
149.22500,-59.161351,-65.629988
149.23750,-59.161351,-65.629988
149.25000,-59.161351,-65.629988
149.26250,-59.161351,-65.629988
149.27500,-59.161351,-65.629988
149.28750,-59.161351,-65.629988
149.30000,-59.161351,-65.629988
149.31250,-59.161351,-65.629988
149.32500,-59.161351,-65.629988
149.33750,-59.161351,-65.629988
149.35000,-59.161351,-65.629988
149.36250,-59.161351,-65.629988
149.37500,-59.161351,-65.629988
149.38750,-59.161351,-65.629988
149.40000,-59.161351,-65.629988
149.41250,-59.161351,-65.629988
149.42500,-59.161351,-65.629988
149.43750,-59.161351,-65.629988
149.45000,-59.161351,-65.629987
149.46250,-59.161351,-65.629987
149.47500,-59.161351,-65.629987
149.48750,-59.161351,-65.629987
149.50000,-59.161351,-65.629987
149.51250,-59.161351,-65.629987
149.52500,-59.161351,-65.629987
149.53750,-59.161351,-65.629987
149.55000,-59.161351,-65.629987
149.56250,-59.161351,-65.629987
149.57500,-59.161351,-65.629987
149.58750,-59.161351,-65.629987
149.60000,-59.161351,-65.629987
149.61250,-59.161351,-65.629987
149.62500,-59.161351,-65.629987
149.63750,-59.161351,-65.629987
149.65000,-59.161351,-65.629987
149.66250,-59.161351,-65.629987
149.67500,-59.161351,-65.629987
149.68750,-59.161351,-65.629987
149.70000,-59.161351,-65.629987
149.71250,-59.161351,-65.629987
149.72500,-59.161351,-65.629987
149.73750,-59.161351,-65.629987
149.75000,-59.161351,-65.629987
149.76250,-59.161351,-65.629987
149.77500,-59.161351,-65.629987
149.78750,-59.161351,-65.629987
149.80000,-59.161351,-65.629987
149.81250,-59.161351,-65.629987
149.82500,-59.161351,-65.629987
149.83750,-59.161351,-65.629987
149.85000,-59.161351,-65.629987
149.86250,-59.161351,-65.629987
149.87500,-59.161351,-65.629987
149.88750,-59.161351,-65.629987
149.90000,-59.161351,-65.629987
149.91250,-59.161351,-65.629987
149.92500,-59.161351,-65.629987
149.93750,-59.161351,-65.629987
149.95000,-59.161351,-65.629987
149.96250,-59.161351,-65.629987
149.97500,-59.161351,-65.629987
149.98750,-59.161351,-65.629987
150.00000,-59.161351,-65.629987
150.01250,-59.161351,-65.629987
150.02500,-59.161351,-65.629987
150.03750,-59.161351,-65.629987
150.05000,-59.161351,-65.629987
150.06250,-59.161351,-65.629987
150.07500,-59.161351,-65.629987
150.08750,-59.161351,-65.629987
150.10000,-59.161351,-65.629987
150.11250,-59.161351,-65.629987
150.12500,-59.161351,-65.629987
150.13750,-59.161351,-65.629987
150.15000,-59.161351,-65.629987
150.16250,-59.161351,-65.629987
150.17500,-59.161351,-65.629987
150.18750,-59.161351,-65.629987
150.20000,-59.161351,-65.629987
150.21250,-59.161351,-65.629987
150.22500,-59.161351,-65.629987
150.23750,-59.161351,-65.629987
150.25000,-59.161351,-65.629987
150.26250,-59.161351,-65.629987
150.27500,-59.161351,-65.629987
150.28750,-59.161351,-65.629987
150.30000,-59.161351,-65.629987
150.31250,-59.161351,-65.629987
150.32500,-59.161351,-65.629987
150.33750,-59.161351,-65.629987
150.35000,-59.161351,-65.629987
150.36250,-59.161351,-65.629987
150.37500,-59.161351,-65.629987
150.38750,-59.161351,-65.629987
150.40000,-59.161351,-65.629987
150.41250,-59.161351,-65.629987
150.42500,-59.161351,-65.629987
150.43750,-59.161351,-65.629987
150.45000,-59.161351,-65.629987
150.46250,-59.161351,-65.629987
150.47500,-59.161351,-65.629987
150.48750,-59.161351,-65.629987
150.50000,-59.161351,-65.629987
150.51250,-59.161351,-65.629987
150.52500,-59.161351,-65.629987
150.53750,-59.161351,-65.629987
150.55000,-59.161351,-65.629987
150.56250,-59.161351,-65.629987
150.57500,-59.161351,-65.629987
150.58750,-59.161351,-65.629987
150.60000,-59.161351,-65.629987
150.61250,-59.161351,-65.629987
150.62500,-59.161351,-65.629987
150.63750,-59.161351,-65.629987
150.65000,-59.161351,-65.629987
150.66250,-59.161351,-65.629987
150.67500,-59.161351,-65.629987
150.68750,-59.161351,-65.629987
150.70000,-59.161351,-65.629987
150.71250,-59.161351,-65.629987
150.72500,-59.161351,-65.629987
150.73750,-59.161351,-65.629987
150.75000,-59.161351,-65.629987
150.76250,-59.161351,-65.629987
150.77500,-59.161351,-65.629987
150.78750,-59.161351,-65.629987
150.80000,-59.161351,-65.629987
150.81250,-59.161351,-65.629987
150.82500,-59.161351,-65.629987
150.83750,-59.161351,-65.629987
150.85000,-59.161351,-65.629987
150.86250,-59.161351,-65.629987
150.87500,-59.161351,-65.629987
150.88750,-59.161351,-65.629987
150.90000,-59.161351,-65.629987
150.91250,-59.161351,-65.629987
150.92500,-59.161351,-65.629987
150.93750,-59.161351,-65.629987
150.95000,-59.161351,-65.629987
150.96250,-59.161351,-65.629987
150.97500,-59.161351,-65.629987
150.98750,-59.161351,-65.629987
151.00000,-59.161351,-65.629987
151.01250,-59.161351,-65.629987
151.02500,-59.161351,-65.629987
151.03750,-59.161351,-65.629987
151.05000,-59.161351,-65.629987
151.06250,-59.161351,-65.629987
151.07500,-59.161351,-65.629987
151.08750,-59.161351,-65.629987
151.10000,-59.161351,-65.629987
151.11250,-59.161351,-65.629987
151.12500,-59.161351,-65.629987
151.13750,-59.161351,-65.629987
151.15000,-59.161351,-65.629987
151.16250,-59.161351,-65.629987
151.17500,-59.161351,-65.629987
151.18750,-59.161351,-65.629987
151.20000,-59.161351,-65.629987
151.21250,-59.161351,-65.629987
151.22500,-59.161351,-65.629987
151.23750,-59.161351,-65.629987
151.25000,-59.161351,-65.629987
151.26250,-59.161351,-65.629987
151.27500,-59.161351,-65.629987
151.28750,-59.161351,-65.629987
151.30000,-59.161351,-65.629987
151.31250,-59.161351,-65.629987
151.32500,-59.161351,-65.629987
151.33750,-59.161351,-65.629987
151.35000,-59.161351,-65.629987
151.36250,-59.161351,-65.629987
151.37500,-59.161351,-65.629987
151.38750,-59.161351,-65.629987
151.40000,-59.161351,-65.629987
151.41250,-59.161351,-65.629987
151.42500,-59.161351,-65.629987
151.43750,-59.161351,-65.629987
151.45000,-59.161351,-65.629987
151.46250,-59.161351,-65.629987
151.47500,-59.161351,-65.629987
151.48750,-59.161351,-65.629987
151.50000,-59.161351,-65.629987
151.51250,-59.161351,-65.629987
151.52500,-59.161351,-65.629987
151.53750,-59.161351,-65.629987
151.55000,-59.161351,-65.629987
151.56250,-59.161351,-65.629987
151.57500,-59.161351,-65.629987
151.58750,-59.161351,-65.629987
151.60000,-59.161351,-65.629987
151.61250,-59.161351,-65.629987
151.62500,-59.161351,-65.629987
151.63750,-59.161351,-65.629987
151.65000,-59.161351,-65.629987
151.66250,-59.161351,-65.629987
151.67500,-59.161351,-65.629987
151.68750,-59.161351,-65.629987
151.70000,-59.161351,-65.629987
151.71250,-59.161351,-65.629987
151.72500,-59.161351,-65.629987
151.73750,-59.161351,-65.629987
151.75000,-59.161351,-65.629987
151.76250,-59.161351,-65.629987
151.77500,-59.161351,-65.629987
151.78750,-59.161351,-65.629987
151.80000,-59.161351,-65.629987
151.81250,-59.161351,-65.629987
151.82500,-59.161351,-65.629987
151.83750,-59.161351,-65.629987
151.85000,-59.161351,-65.629987
151.86250,-59.161351,-65.629987
151.87500,-59.161351,-65.629987
151.88750,-59.161351,-65.629987
151.90000,-59.161351,-65.629987
151.91250,-59.161351,-65.629987
151.92500,-59.161351,-65.629987
151.93750,-59.161351,-65.629987
151.95000,-59.161351,-65.629987
151.96250,-59.161351,-65.629987
151.97500,-59.161351,-65.629987
151.98750,-59.161351,-65.629987
152.00000,-59.161351,-65.629987
152.01250,-59.161351,-65.629987
152.02500,-59.161351,-65.629987
152.03750,-59.161351,-65.629987
152.05000,-59.161351,-65.629987
152.06250,-59.161351,-65.629987
152.07500,-59.161351,-65.629987
152.08750,-59.161351,-65.629987
152.10000,-59.161351,-65.629987
152.11250,-59.161351,-65.629987
152.12500,-59.161351,-65.629987
152.13750,-59.161351,-65.629987
152.15000,-59.161351,-65.629987
152.16250,-59.161351,-65.629987
152.17500,-59.161351,-65.629987
152.18750,-59.161351,-65.629987
152.20000,-59.161351,-65.629987
152.21250,-59.161351,-65.629987
152.22500,-59.161351,-65.629987
152.23750,-59.161351,-65.629987
152.25000,-59.161351,-65.629987
152.26250,-59.161351,-65.629987
152.27500,-59.161351,-65.629987
152.28750,-59.161351,-65.629987
152.30000,-59.161351,-65.629987
152.31250,-59.161351,-65.629987
152.32500,-59.161351,-65.629987
152.33750,-59.161351,-65.629987
152.35000,-59.161351,-65.629987
152.36250,-59.161351,-65.629987
152.37500,-59.161351,-65.629987
152.38750,-59.161351,-65.629987
152.40000,-59.161351,-65.629987
152.41250,-59.161351,-65.629987
152.42500,-59.161351,-65.629987
152.43750,-59.161351,-65.629987
152.45000,-59.161351,-65.629987
152.46250,-59.161351,-65.629987
152.47500,-59.161351,-65.629987
152.48750,-59.161351,-65.629987
152.50000,-59.161351,-65.629987
152.51250,-59.161351,-65.629987
152.52500,-59.161351,-65.629987
152.53750,-59.161351,-65.629987
152.55000,-59.161351,-65.629987
152.56250,-59.161351,-65.629987
152.57500,-59.161351,-65.629987
152.58750,-59.161351,-65.629987
152.60000,-59.161351,-65.629987
152.61250,-59.161351,-65.629987
152.62500,-59.161351,-65.629987
152.63750,-59.161351,-65.629987
152.65000,-59.161351,-65.629987
152.66250,-59.161351,-65.629987
152.67500,-59.161351,-65.629987
152.68750,-59.161351,-65.629987
152.70000,-59.161351,-65.629987
152.71250,-59.161351,-65.629987
152.72500,-59.161351,-65.629987
152.73750,-59.161351,-65.629987
152.75000,-59.161351,-65.629987
152.76250,-59.161351,-65.629987
152.77500,-59.161351,-65.629987
152.78750,-59.161351,-65.629987
152.80000,-59.161351,-65.629987
152.81250,-59.161351,-65.629987
152.82500,-59.161351,-65.629987
152.83750,-59.161351,-65.629987
152.85000,-59.161351,-65.629987
152.86250,-59.161351,-65.629987
152.87500,-59.161351,-65.629987
152.88750,-59.161351,-65.629987
152.90000,-59.161351,-65.629987
152.91250,-59.161351,-65.629987
152.92500,-59.161351,-65.629987
152.93750,-59.161351,-65.629987
152.95000,-59.161351,-65.629987
152.96250,-59.161351,-65.629987
152.97500,-59.161351,-65.629987
152.98750,-59.161351,-65.629987
153.00000,-59.161351,-65.629987
153.01250,-59.161351,-65.629987
153.02500,-59.161351,-65.629987
153.03750,-59.161351,-65.629987
153.05000,-59.161351,-65.629987
153.06250,-59.161351,-65.629987
153.07500,-59.161351,-65.629987
153.08750,-59.161351,-65.629987
153.10000,-59.161351,-65.629987
153.11250,-59.161351,-65.629987
153.12500,-59.161351,-65.629987
153.13750,-59.161351,-65.629987
153.15000,-59.161351,-65.629987
153.16250,-59.161351,-65.629987
153.17500,-59.161351,-65.629987
153.18750,-59.161351,-65.629987
153.20000,-59.161351,-65.629987
153.21250,-59.161351,-65.629987
153.22500,-59.161351,-65.629987
153.23750,-59.161351,-65.629987
153.25000,-59.161351,-65.629987
153.26250,-59.161351,-65.629987
153.27500,-59.161351,-65.629987
153.28750,-59.161351,-65.629987
153.30000,-59.161351,-65.629987
153.31250,-59.161351,-65.629987
153.32500,-59.161351,-65.629987
153.33750,-59.161351,-65.629987
153.35000,-59.161351,-65.629987
153.36250,-59.161351,-65.629987
153.37500,-59.161351,-65.629987
153.38750,-59.161351,-65.629987
153.40000,-59.161351,-65.629987
153.41250,-59.161351,-65.629987
153.42500,-59.161351,-65.629987
153.43750,-59.161351,-65.629987
153.45000,-59.161351,-65.629987
153.46250,-59.161351,-65.629987
153.47500,-59.161351,-65.629987
153.48750,-59.161351,-65.629987
153.50000,-59.161351,-65.629987
153.51250,-59.161351,-65.629987
153.52500,-59.161351,-65.629987
153.53750,-59.161351,-65.629987
153.55000,-59.161351,-65.629987
153.56250,-59.161351,-65.629987
153.57500,-59.161351,-65.629987
153.58750,-59.161351,-65.629987
153.60000,-59.161351,-65.629987
153.61250,-59.161351,-65.629987
153.62500,-59.161351,-65.629987
153.63750,-59.161351,-65.629987
153.65000,-59.161351,-65.629987
153.66250,-59.161351,-65.629987
153.67500,-59.161351,-65.629987
153.68750,-59.161351,-65.629987
153.70000,-59.161351,-65.629987
153.71250,-59.161351,-65.629987
153.72500,-59.161351,-65.629987
153.73750,-59.161351,-65.629987
153.75000,-59.161351,-65.629987
153.76250,-59.161351,-65.629987
153.77500,-59.161351,-65.629987
153.78750,-59.161351,-65.629987
153.80000,-59.161351,-65.629987
153.81250,-59.161351,-65.629987
153.82500,-59.161351,-65.629987
153.83750,-59.161351,-65.629987
153.85000,-59.161351,-65.629987
153.86250,-59.161351,-65.629987
153.87500,-59.161351,-65.629987
153.88750,-59.161351,-65.629987
153.90000,-59.161351,-65.629987
153.91250,-59.161351,-65.629987
153.92500,-59.161351,-65.629987
153.93750,-59.161351,-65.629987
153.95000,-59.161351,-65.629987
153.96250,-59.161351,-65.629987
153.97500,-59.161351,-65.629987
153.98750,-59.161351,-65.629987
154.00000,-59.161351,-65.629987
154.01250,-59.161351,-65.629987
154.02500,-59.161351,-65.629987
154.03750,-59.161351,-65.629987
154.05000,-59.161351,-65.629987
154.06250,-59.161351,-65.629987
154.07500,-59.161351,-65.629987
154.08750,-59.161351,-65.629987
154.10000,-59.161351,-65.629987
154.11250,-59.161351,-65.629987
154.12500,-59.161351,-65.629987
154.13750,-59.161351,-65.629987
154.15000,-59.161351,-65.629987
154.16250,-59.161351,-65.629987
154.17500,-59.161351,-65.629987
154.18750,-59.161351,-65.629987
154.20000,-59.161351,-65.629987
154.21250,-59.161351,-65.629987
154.22500,-59.161351,-65.629987
154.23750,-59.161351,-65.629987
154.25000,-59.161351,-65.629987
154.26250,-59.161351,-65.629987
154.27500,-59.161351,-65.629988
154.28750,-59.161351,-65.629988
154.30000,-59.161351,-65.629988
154.31250,-59.161351,-65.629988
154.32500,-59.161351,-65.629988
154.33750,-59.161351,-65.629988
154.35000,-59.161351,-65.629988
154.36250,-59.161351,-65.629988
154.37500,-59.161351,-65.629988
154.38750,-59.161351,-65.629988
154.40000,-59.161351,-65.629988
154.41250,-59.161351,-65.629988
154.42500,-59.161351,-65.629988
154.43750,-59.161351,-65.629988
154.45000,-59.161351,-65.629988
154.46250,-59.161351,-65.629988
154.47500,-59.161351,-65.629988
154.48750,-59.161351,-65.629988
154.50000,-59.161351,-65.629988
154.51250,-59.161351,-65.629988
154.52500,-59.161351,-65.629988
154.53750,-59.161351,-65.629988
154.55000,-59.161351,-65.629988
154.56250,-59.161351,-65.629988
154.57500,-59.161351,-65.629988
154.58750,-59.161351,-65.629988
154.60000,-59.161351,-65.629988
154.61250,-59.161352,-65.629988
154.62500,-59.161352,-65.629988
154.63750,-59.161352,-65.629988
154.65000,-59.161352,-65.629988
154.66250,-59.161352,-65.629988
154.67500,-59.161352,-65.629988
154.68750,-59.161352,-65.629988
154.70000,-59.161352,-65.629988
154.71250,-59.161352,-65.629988
154.72500,-59.161352,-65.629988
154.73750,-59.161352,-65.629988
154.75000,-59.161352,-65.629988
154.76250,-59.161352,-65.629988
154.77500,-59.161352,-65.629988
154.78750,-59.161352,-65.629988
154.80000,-59.161352,-65.629988
154.81250,-59.161352,-65.629988
154.82500,-59.161352,-65.629988
154.83750,-59.161352,-65.629988
154.85000,-59.161352,-65.629988
154.86250,-59.161352,-65.629988
154.87500,-59.161352,-65.629988
154.88750,-59.161352,-65.629988
154.90000,-59.161352,-65.629988
154.91250,-59.161352,-65.629988
154.92500,-59.161352,-65.629988
154.93750,-59.161352,-65.629988
154.95000,-59.161352,-65.629988
154.96250,-59.161352,-65.629988
154.97500,-59.161352,-65.629988
154.98750,-59.161352,-65.629988
155.00000,-59.161352,-65.629988
155.01250,-59.161352,-65.629988
155.02500,-59.161352,-65.629988
155.03750,-59.161352,-65.629988
155.05000,-59.161352,-65.629988
155.06250,-59.161352,-65.629988
155.07500,-59.161352,-65.629988
155.08750,-59.161352,-65.629988
155.10000,-59.161352,-65.629988
155.11250,-59.161352,-65.629988
155.12500,-59.161352,-65.629988
155.13750,-59.161352,-65.629988
155.15000,-59.161352,-65.629988
155.16250,-59.161352,-65.629988
155.17500,-59.161352,-65.629988
155.18750,-59.161352,-65.629988
155.20000,-59.161352,-65.629988
155.21250,-59.161352,-65.629988
155.22500,-59.161352,-65.629988
155.23750,-59.161352,-65.629988
155.25000,-59.161352,-65.629988
155.26250,-59.161352,-65.629988
155.27500,-59.161352,-65.629988
155.28750,-59.161352,-65.629988
155.30000,-59.161352,-65.629988
155.31250,-59.161352,-65.629988
155.32500,-59.161352,-65.629988
155.33750,-59.161352,-65.629988
155.35000,-59.161352,-65.629988
155.36250,-59.161352,-65.629988
155.37500,-59.161352,-65.629988
155.38750,-59.161352,-65.629988
155.40000,-59.161352,-65.629988
155.41250,-59.161352,-65.629988
155.42500,-59.161352,-65.629988
155.43750,-59.161352,-65.629988
155.45000,-59.161352,-65.629988
155.46250,-59.161352,-65.629988
155.47500,-59.161352,-65.629988
155.48750,-59.161352,-65.629988
155.50000,-59.161352,-65.629988
155.51250,-59.161352,-65.629988
155.52500,-59.161352,-65.629988
155.53750,-59.161352,-65.629988
155.55000,-59.161352,-65.629988
155.56250,-59.161352,-65.629988
155.57500,-59.161352,-65.629988
155.58750,-59.161352,-65.629988
155.60000,-59.161352,-65.629988
155.61250,-59.161352,-65.629988
155.62500,-59.161352,-65.629988
155.63750,-59.161352,-65.629988
155.65000,-59.161352,-65.629988
155.66250,-59.161352,-65.629988
155.67500,-59.161352,-65.629988
155.68750,-59.161352,-65.629988
155.70000,-59.161352,-65.629988
155.71250,-59.161352,-65.629988
155.72500,-59.161352,-65.629988
155.73750,-59.161352,-65.629988
155.75000,-59.161352,-65.629988
155.76250,-59.161352,-65.629988
155.77500,-59.161352,-65.629988
155.78750,-59.161352,-65.629988
155.80000,-59.161352,-65.629988
155.81250,-59.161352,-65.629988
155.82500,-59.161352,-65.629988
155.83750,-59.161352,-65.629988
155.85000,-59.161352,-65.629988
155.86250,-59.161352,-65.629988
155.87500,-59.161352,-65.629988
155.88750,-59.161352,-65.629988
155.90000,-59.161352,-65.629988
155.91250,-59.161352,-65.629988
155.92500,-59.161352,-65.629988
155.93750,-59.161352,-65.629988
155.95000,-59.161352,-65.629988
155.96250,-59.161352,-65.629988
155.97500,-59.161352,-65.629988
155.98750,-59.161352,-65.629988
156.00000,-59.161352,-65.629988
156.01250,-59.161352,-65.629988
156.02500,-59.161352,-65.629988
156.03750,-59.161352,-65.629988
156.05000,-59.161352,-65.629988
156.06250,-59.161352,-65.629988
156.07500,-59.161352,-65.629988
156.08750,-59.161352,-65.629988
156.10000,-59.161352,-65.629988
156.11250,-59.161352,-65.629988
156.12500,-59.161352,-65.629988
156.13750,-59.161352,-65.629988
156.15000,-59.161352,-65.629988
156.16250,-59.161352,-65.629988
156.17500,-59.161352,-65.629988
156.18750,-59.161352,-65.629988
156.20000,-59.161352,-65.629988
156.21250,-59.161352,-65.629988
156.22500,-59.161352,-65.629988
156.23750,-59.161352,-65.629988
156.25000,-59.161352,-65.629988
156.26250,-59.161352,-65.629988
156.27500,-59.161352,-65.629988
156.28750,-59.161352,-65.629988
156.30000,-59.161352,-65.629988
156.31250,-59.161352,-65.629988
156.32500,-59.161352,-65.629988
156.33750,-59.161352,-65.629988
156.35000,-59.161352,-65.629988
156.36250,-59.161352,-65.629988
156.37500,-59.161352,-65.629988
156.38750,-59.161352,-65.629988
156.40000,-59.161352,-65.629988
156.41250,-59.161352,-65.629988
156.42500,-59.161352,-65.629988
156.43750,-59.161352,-65.629988
156.45000,-59.161352,-65.629988
156.46250,-59.161352,-65.629988
156.47500,-59.161352,-65.629988
156.48750,-59.161352,-65.629988
156.50000,-59.161352,-65.629988
156.51250,-59.161352,-65.629988
156.52500,-59.161352,-65.629988
156.53750,-59.161352,-65.629988
156.55000,-59.161352,-65.629988
156.56250,-59.161352,-65.629988
156.57500,-59.161352,-65.629988
156.58750,-59.161352,-65.629988
156.60000,-59.161352,-65.629988
156.61250,-59.161352,-65.629988
156.62500,-59.161352,-65.629988
156.63750,-59.161352,-65.629988
156.65000,-59.161352,-65.629988
156.66250,-59.161352,-65.629988
156.67500,-59.161352,-65.629988
156.68750,-59.161352,-65.629988
156.70000,-59.161352,-65.629988
156.71250,-59.161352,-65.629988
156.72500,-59.161352,-65.629988
156.73750,-59.161352,-65.629988
156.75000,-59.161352,-65.629988
156.76250,-59.161352,-65.629988
156.77500,-59.161352,-65.629988
156.78750,-59.161352,-65.629988
156.80000,-59.161352,-65.629988
156.81250,-59.161352,-65.629988
156.82500,-59.161352,-65.629988
156.83750,-59.161352,-65.629988
156.85000,-59.161352,-65.629988
156.86250,-59.161352,-65.629988
156.87500,-59.161352,-65.629988
156.88750,-59.161352,-65.629988
156.90000,-59.161352,-65.629988
156.91250,-59.161352,-65.629988
156.92500,-59.161352,-65.629988
156.93750,-59.161352,-65.629988
156.95000,-59.161352,-65.629988
156.96250,-59.161352,-65.629988
156.97500,-59.161352,-65.629988
156.98750,-59.161352,-65.629988
157.00000,-59.161352,-65.629988
157.01250,-59.161352,-65.629988
157.02500,-59.161352,-65.629988
157.03750,-59.161352,-65.629988
157.05000,-59.161352,-65.629988
157.06250,-59.161352,-65.629988
157.07500,-59.161352,-65.629988
157.08750,-59.161352,-65.629988
157.10000,-59.161352,-65.629988
157.11250,-59.161352,-65.629988
157.12500,-59.161352,-65.629988
157.13750,-59.161352,-65.629988
157.15000,-59.161352,-65.629988
157.16250,-59.161352,-65.629988
157.17500,-59.161352,-65.629988
157.18750,-59.161352,-65.629988
157.20000,-59.161352,-65.629988
157.21250,-59.161352,-65.629988
157.22500,-59.161352,-65.629988
157.23750,-59.161352,-65.629988
157.25000,-59.161352,-65.629988
157.26250,-59.161352,-65.629988
157.27500,-59.161352,-65.629988
157.28750,-59.161352,-65.629988
157.30000,-59.161352,-65.629988
157.31250,-59.161352,-65.629988
157.32500,-59.161352,-65.629988
157.33750,-59.161352,-65.629988
157.35000,-59.161352,-65.629988
157.36250,-59.161352,-65.629988
157.37500,-59.161352,-65.629988
157.38750,-59.161352,-65.629988
157.40000,-59.161352,-65.629988
157.41250,-59.161352,-65.629988
157.42500,-59.161352,-65.629988
157.43750,-59.161352,-65.629988
157.45000,-59.161352,-65.629988
157.46250,-59.161352,-65.629988
157.47500,-59.161352,-65.629988
157.48750,-59.161352,-65.629988
157.50000,-59.161352,-65.629988
157.51250,-59.161352,-65.629988
157.52500,-59.161352,-65.629988
157.53750,-59.161352,-65.629988
157.55000,-59.161352,-65.629988
157.56250,-59.161352,-65.629988
157.57500,-59.161352,-65.629988
157.58750,-59.161352,-65.629988
157.60000,-59.161352,-65.629988
157.61250,-59.161352,-65.629988
157.62500,-59.161352,-65.629988
157.63750,-59.161352,-65.629988
157.65000,-59.161352,-65.629988
157.66250,-59.161352,-65.629988
157.67500,-59.161352,-65.629988
157.68750,-59.161352,-65.629988
157.70000,-59.161352,-65.629988
157.71250,-59.161352,-65.629988
157.72500,-59.161352,-65.629988
157.73750,-59.161352,-65.629988
157.75000,-59.161352,-65.629988
157.76250,-59.161352,-65.629988
157.77500,-59.161352,-65.629988
157.78750,-59.161352,-65.629988
157.80000,-59.161352,-65.629988
157.81250,-59.161352,-65.629988
157.82500,-59.161352,-65.629988
157.83750,-59.161352,-65.629988
157.85000,-59.161352,-65.629988
157.86250,-59.161352,-65.629988
157.87500,-59.161352,-65.629988
157.88750,-59.161352,-65.629988
157.90000,-59.161352,-65.629988
157.91250,-59.161352,-65.629988
157.92500,-59.161352,-65.629988
157.93750,-59.161352,-65.629988
157.95000,-59.161352,-65.629988
157.96250,-59.161352,-65.629988
157.97500,-59.161352,-65.629988
157.98750,-59.161352,-65.629988
158.00000,-59.161352,-65.629988
158.01250,-59.161352,-65.629988
158.02500,-59.161352,-65.629988
158.03750,-59.161352,-65.629988
158.05000,-59.161352,-65.629988
158.06250,-59.161352,-65.629988
158.07500,-59.161352,-65.629988
158.08750,-59.161352,-65.629988
158.10000,-59.161352,-65.629988
158.11250,-59.161352,-65.629988
158.12500,-59.161352,-65.629988
158.13750,-59.161352,-65.629988
158.15000,-59.161352,-65.629988
158.16250,-59.161352,-65.629988
158.17500,-59.161352,-65.629988
158.18750,-59.161352,-65.629988
158.20000,-59.161352,-65.629988
158.21250,-59.161352,-65.629988
158.22500,-59.161352,-65.629988
158.23750,-59.161352,-65.629988
158.25000,-59.161352,-65.629988
158.26250,-59.161352,-65.629988
158.27500,-59.161351,-65.629988
158.28750,-59.161351,-65.629988
158.30000,-59.161351,-65.629988
158.31250,-59.161351,-65.629988
158.32500,-59.161351,-65.629988
158.33750,-59.161351,-65.629988
158.35000,-59.161351,-65.629988
158.36250,-59.161351,-65.629988
158.37500,-59.161351,-65.629988
158.38750,-59.161351,-65.629988
158.40000,-59.161351,-65.629988
158.41250,-59.161351,-65.629988
158.42500,-59.161351,-65.629988
158.43750,-59.161351,-65.629988
158.45000,-59.161351,-65.629988
158.46250,-59.161351,-65.629988
158.47500,-59.161351,-65.629988
158.48750,-59.161351,-65.629988
158.50000,-59.161351,-65.629988
158.51250,-59.161351,-65.629988
158.52500,-59.161351,-65.629988
158.53750,-59.161351,-65.629988
158.55000,-59.161351,-65.629988
158.56250,-59.161351,-65.629988
158.57500,-59.161351,-65.629988
158.58750,-59.161351,-65.629988
158.60000,-59.161351,-65.629988
158.61250,-59.161351,-65.629988
158.62500,-59.161351,-65.629988
158.63750,-59.161351,-65.629988
158.65000,-59.161351,-65.629988
158.66250,-59.161351,-65.629988
158.67500,-59.161351,-65.629988
158.68750,-59.161351,-65.629988
158.70000,-59.161351,-65.629988
158.71250,-59.161351,-65.629988
158.72500,-59.161351,-65.629988
158.73750,-59.161351,-65.629988
158.75000,-59.161351,-65.629988
158.76250,-59.161351,-65.629988
158.77500,-59.161351,-65.629988
158.78750,-59.161351,-65.629988
158.80000,-59.161351,-65.629988
158.81250,-59.161351,-65.629988
158.82500,-59.161351,-65.629988
158.83750,-59.161351,-65.629988
158.85000,-59.161351,-65.629988
158.86250,-59.161351,-65.629988
158.87500,-59.161351,-65.629988
158.88750,-59.161351,-65.629988
158.90000,-59.161351,-65.629988
158.91250,-59.161351,-65.629988
158.92500,-59.161351,-65.629988
158.93750,-59.161351,-65.629988
158.95000,-59.161351,-65.629988
158.96250,-59.161351,-65.629988
158.97500,-59.161351,-65.629988
158.98750,-59.161351,-65.629988
159.00000,-59.161351,-65.629988
159.01250,-59.161351,-65.629988
159.02500,-59.161351,-65.629988
159.03750,-59.161351,-65.629988
159.05000,-59.161351,-65.629988
159.06250,-59.161351,-65.629988
159.07500,-59.161351,-65.629988
159.08750,-59.161351,-65.629988
159.10000,-59.161351,-65.629988
159.11250,-59.161351,-65.629988
159.12500,-59.161351,-65.629988
159.13750,-59.161351,-65.629988
159.15000,-59.161351,-65.629988
159.16250,-59.161351,-65.629988
159.17500,-59.161351,-65.629988
159.18750,-59.161351,-65.629988
159.20000,-59.161351,-65.629988
159.21250,-59.161351,-65.629988
159.22500,-59.161351,-65.629988
159.23750,-59.161351,-65.629988
159.25000,-59.161351,-65.629988
159.26250,-59.161351,-65.629988
159.27500,-59.161351,-65.629988
159.28750,-59.161351,-65.629988
159.30000,-59.161351,-65.629988
159.31250,-59.161351,-65.629988
159.32500,-59.161351,-65.629988
159.33750,-59.161351,-65.629988
159.35000,-59.161351,-65.629988
159.36250,-59.161351,-65.629988
159.37500,-59.161351,-65.629988
159.38750,-59.161351,-65.629988
159.40000,-59.161351,-65.629988
159.41250,-59.161351,-65.629988
159.42500,-59.161351,-65.629988
159.43750,-59.161351,-65.629988
159.45000,-59.161351,-65.629988
159.46250,-59.161351,-65.629988
159.47500,-59.161351,-65.629988
159.48750,-59.161351,-65.629988
159.50000,-59.161351,-65.629988
159.51250,-59.161351,-65.629988
159.52500,-59.161351,-65.629988
159.53750,-59.161351,-65.629988
159.55000,-59.161351,-65.629988
159.56250,-59.161351,-65.629988
159.57500,-59.161351,-65.629988
159.58750,-59.161351,-65.629988
159.60000,-59.161351,-65.629988
159.61250,-59.161351,-65.629988
159.62500,-59.161351,-65.629988
159.63750,-59.161351,-65.629988
159.65000,-59.161351,-65.629988
159.66250,-59.161351,-65.629988
159.67500,-59.161351,-65.629988
159.68750,-59.161351,-65.629988
159.70000,-59.161351,-65.629988
159.71250,-59.161351,-65.629988
159.72500,-59.161351,-65.629988
159.73750,-59.161351,-65.629988
159.75000,-59.161351,-65.629988
159.76250,-59.161351,-65.629988
159.77500,-59.161351,-65.629988
159.78750,-59.161351,-65.629988
159.80000,-59.161351,-65.629988
159.81250,-59.161351,-65.629988
159.82500,-59.161351,-65.629988
159.83750,-59.161351,-65.629988
159.85000,-59.161351,-65.629988
159.86250,-59.161351,-65.629988
159.87500,-59.161351,-65.629988
159.88750,-59.161351,-65.629988
159.90000,-59.161351,-65.629988
159.91250,-59.161351,-65.629988
159.92500,-59.161351,-65.629988
159.93750,-59.161351,-65.629988
159.95000,-59.161351,-65.629988
159.96250,-59.161351,-65.629988
159.97500,-59.161351,-65.629988
159.98750,-59.161351,-65.629988
160.00000,-59.161351,-65.629988
160.01250,-59.161351,-65.629988
160.02500,-59.161351,-65.629988
160.03750,-59.161351,-65.629988
160.05000,-59.161351,-65.629988
160.06250,-59.161351,-65.629988
160.07500,-59.161351,-65.629988
160.08750,-59.161351,-65.629988
160.10000,-59.161351,-65.629988
160.11250,-59.161351,-65.629988
160.12500,-59.161351,-65.629988
160.13750,-59.161351,-65.629988
160.15000,-59.161351,-65.629988
160.16250,-59.161351,-65.629988
160.17500,-59.161351,-65.629988
160.18750,-59.161351,-65.629988
160.20000,-59.161351,-65.629988
160.21250,-59.161351,-65.629988
160.22500,-59.161351,-65.629988
160.23750,-59.161351,-65.629988
160.25000,-59.161351,-65.629988
160.26250,-59.161351,-65.629988
160.27500,-59.161351,-65.629988
160.28750,-59.161351,-65.629988
160.30000,-59.161351,-65.629988
160.31250,-59.161351,-65.629988
160.32500,-59.161351,-65.629988
160.33750,-59.161351,-65.629988
160.35000,-59.161351,-65.629988
160.36250,-59.161351,-65.629988
160.37500,-59.161351,-65.629988
160.38750,-59.161351,-65.629988
160.40000,-59.161351,-65.629988
160.41250,-59.161351,-65.629988
160.42500,-59.161351,-65.629988
160.43750,-59.161351,-65.629988
160.45000,-59.161351,-65.629988
160.46250,-59.161351,-65.629988
160.47500,-59.161351,-65.629988
160.48750,-59.161351,-65.629988
160.50000,-59.161351,-65.629988
160.51250,-59.161351,-65.629988
160.52500,-59.161351,-65.629988
160.53750,-59.161351,-65.629988
160.55000,-59.161351,-65.629988
160.56250,-59.161351,-65.629988
160.57500,-59.161351,-65.629988
160.58750,-59.161351,-65.629988
160.60000,-59.161351,-65.629988
160.61250,-59.161351,-65.629988
160.62500,-59.161351,-65.629988
160.63750,-59.161351,-65.629988
160.65000,-59.161351,-65.629988
160.66250,-59.161351,-65.629988
160.67500,-59.161351,-65.629988
160.68750,-59.161351,-65.629988
160.70000,-59.161351,-65.629988
160.71250,-59.161351,-65.629987
160.72500,-59.161351,-65.629987
160.73750,-59.161351,-65.629987
160.75000,-59.161351,-65.629987
160.76250,-59.161351,-65.629987
160.77500,-59.161351,-65.629987
160.78750,-59.161351,-65.629987
160.80000,-59.161351,-65.629987
160.81250,-59.161351,-65.629987
160.82500,-59.161351,-65.629987
160.83750,-59.161351,-65.629987
160.85000,-59.161351,-65.629987
160.86250,-59.161351,-65.629987
160.87500,-59.161351,-65.629987
160.88750,-59.161351,-65.629987
160.90000,-59.161351,-65.629987
160.91250,-59.161351,-65.629987
160.92500,-59.161351,-65.629987
160.93750,-59.161351,-65.629987
160.95000,-59.161351,-65.629987
160.96250,-59.161351,-65.629987
160.97500,-59.161351,-65.629987
160.98750,-59.161351,-65.629987
161.00000,-59.161351,-65.629987
161.01250,-59.161351,-65.629987
161.02500,-59.161351,-65.629987
161.03750,-59.161351,-65.629987
161.05000,-59.161351,-65.629987
161.06250,-59.161351,-65.629987
161.07500,-59.161351,-65.629987
161.08750,-59.161351,-65.629987
161.10000,-59.161351,-65.629987
161.11250,-59.161351,-65.629987
161.12500,-59.161351,-65.629987
161.13750,-59.161351,-65.629987
161.15000,-59.161351,-65.629987
161.16250,-59.161351,-65.629987
161.17500,-59.161351,-65.629987
161.18750,-59.161351,-65.629987
161.20000,-59.161351,-65.629987
161.21250,-59.161351,-65.629987
161.22500,-59.161351,-65.629987
161.23750,-59.161351,-65.629987
161.25000,-59.161351,-65.629987
161.26250,-59.161351,-65.629987
161.27500,-59.161351,-65.629987
161.28750,-59.161351,-65.629987
161.30000,-59.161351,-65.629987
161.31250,-59.161351,-65.629987
161.32500,-59.161351,-65.629987
161.33750,-59.161351,-65.629987
161.35000,-59.161351,-65.629987
161.36250,-59.161351,-65.629987
161.37500,-59.161351,-65.629987
161.38750,-59.161351,-65.629987
161.40000,-59.161351,-65.629987
161.41250,-59.161351,-65.629987
161.42500,-59.161351,-65.629987
161.43750,-59.161351,-65.629987
161.45000,-59.161351,-65.629987
161.46250,-59.161351,-65.629987
161.47500,-59.161351,-65.629987
161.48750,-59.161351,-65.629987
161.50000,-59.161351,-65.629987
161.51250,-59.161351,-65.629987
161.52500,-59.161351,-65.629987
161.53750,-59.161351,-65.629987
161.55000,-59.161351,-65.629987
161.56250,-59.161351,-65.629987
161.57500,-59.161351,-65.629987
161.58750,-59.161351,-65.629987
161.60000,-59.161351,-65.629987
161.61250,-59.161351,-65.629987
161.62500,-59.161351,-65.629987
161.63750,-59.161351,-65.629987
161.65000,-59.161351,-65.629987
161.66250,-59.161351,-65.629987
161.67500,-59.161351,-65.629987
161.68750,-59.161351,-65.629987
161.70000,-59.161351,-65.629987
161.71250,-59.161351,-65.629987
161.72500,-59.161351,-65.629987
161.73750,-59.161351,-65.629987
161.75000,-59.161351,-65.629987
161.76250,-59.161351,-65.629987
161.77500,-59.161351,-65.629987
161.78750,-59.161351,-65.629987
161.80000,-59.161351,-65.629987
161.81250,-59.161351,-65.629987
161.82500,-59.161351,-65.629987
161.83750,-59.161351,-65.629987
161.85000,-59.161351,-65.629987
161.86250,-59.161351,-65.629987
161.87500,-59.161351,-65.629987
161.88750,-59.161351,-65.629987
161.90000,-59.161351,-65.629987
161.91250,-59.161351,-65.629987
161.92500,-59.161351,-65.629987
161.93750,-59.161351,-65.629987
161.95000,-59.161351,-65.629987
161.96250,-59.161351,-65.629987
161.97500,-59.161351,-65.629987
161.98750,-59.161351,-65.629987
162.00000,-59.161351,-65.629987
162.01250,-59.161351,-65.629987
162.02500,-59.161351,-65.629987
162.03750,-59.161351,-65.629987
162.05000,-59.161351,-65.629987
162.06250,-59.161351,-65.629987
162.07500,-59.161351,-65.629987
162.08750,-59.161351,-65.629987
162.10000,-59.161351,-65.629987
162.11250,-59.161351,-65.629987
162.12500,-59.161351,-65.629987
162.13750,-59.161351,-65.629987
162.15000,-59.161351,-65.629987
162.16250,-59.161351,-65.629987
162.17500,-59.161351,-65.629987
162.18750,-59.161351,-65.629987
162.20000,-59.161351,-65.629987
162.21250,-59.161351,-65.629987
162.22500,-59.161351,-65.629987
162.23750,-59.161351,-65.629987
162.25000,-59.161351,-65.629987
162.26250,-59.161351,-65.629987
162.27500,-59.161351,-65.629987
162.28750,-59.161351,-65.629987
162.30000,-59.161351,-65.629987
162.31250,-59.161351,-65.629987
162.32500,-59.161351,-65.629987
162.33750,-59.161351,-65.629987
162.35000,-59.161351,-65.629987
162.36250,-59.161351,-65.629987
162.37500,-59.161351,-65.629987
162.38750,-59.161351,-65.629987
162.40000,-59.161351,-65.629987
162.41250,-59.161351,-65.629987
162.42500,-59.161351,-65.629987
162.43750,-59.161351,-65.629987
162.45000,-59.161351,-65.629987
162.46250,-59.161351,-65.629987
162.47500,-59.161351,-65.629987
162.48750,-59.161351,-65.629987
162.50000,-59.161351,-65.629987
162.51250,-59.161351,-65.629987
162.52500,-59.161351,-65.629987
162.53750,-59.161351,-65.629987
162.55000,-59.161351,-65.629987
162.56250,-59.161351,-65.629987
162.57500,-59.161351,-65.629987
162.58750,-59.161351,-65.629987
162.60000,-59.161351,-65.629987
162.61250,-59.161351,-65.629987
162.62500,-59.161351,-65.629987
162.63750,-59.161351,-65.629987
162.65000,-59.161351,-65.629987
162.66250,-59.161351,-65.629987
162.67500,-59.161351,-65.629987
162.68750,-59.161351,-65.629987
162.70000,-59.161351,-65.629987
162.71250,-59.161351,-65.629987
162.72500,-59.161351,-65.629987
162.73750,-59.161351,-65.629987
162.75000,-59.161351,-65.629987
162.76250,-59.161351,-65.629987
162.77500,-59.161351,-65.629987
162.78750,-59.161351,-65.629987
162.80000,-59.161351,-65.629987
162.81250,-59.161351,-65.629987
162.82500,-59.161351,-65.629987
162.83750,-59.161351,-65.629987
162.85000,-59.161351,-65.629987
162.86250,-59.161351,-65.629987
162.87500,-59.161351,-65.629987
162.88750,-59.161351,-65.629987
162.90000,-59.161351,-65.629987
162.91250,-59.161351,-65.629987
162.92500,-59.161351,-65.629987
162.93750,-59.161351,-65.629987
162.95000,-59.161351,-65.629987
162.96250,-59.161351,-65.629987
162.97500,-59.161351,-65.629987
162.98750,-59.161351,-65.629987
163.00000,-59.161351,-65.629987
163.01250,-59.161351,-65.629987
163.02500,-59.161351,-65.629987
163.03750,-59.161351,-65.629987
163.05000,-59.161351,-65.629987
163.06250,-59.161351,-65.629987
163.07500,-59.161351,-65.629987
163.08750,-59.161351,-65.629987
163.10000,-59.161351,-65.629987
163.11250,-59.161351,-65.629987
163.12500,-59.161351,-65.629987
163.13750,-59.161351,-65.629987
163.15000,-59.161351,-65.629987
163.16250,-59.161351,-65.629987
163.17500,-59.161351,-65.629987
163.18750,-59.161351,-65.629987
163.20000,-59.161351,-65.629987
163.21250,-59.161351,-65.629987
163.22500,-59.161351,-65.629987
163.23750,-59.161351,-65.629987
163.25000,-59.161351,-65.629987
163.26250,-59.161351,-65.629987
163.27500,-59.161351,-65.629987
163.28750,-59.161351,-65.629987
163.30000,-59.161351,-65.629987
163.31250,-59.161351,-65.629987
163.32500,-59.161351,-65.629987
163.33750,-59.161351,-65.629987
163.35000,-59.161351,-65.629987
163.36250,-59.161351,-65.629987
163.37500,-59.161351,-65.629987
163.38750,-59.161351,-65.629987
163.40000,-59.161351,-65.629987
163.41250,-59.161351,-65.629987
163.42500,-59.161351,-65.629987
163.43750,-59.161351,-65.629987
163.45000,-59.161351,-65.629987
163.46250,-59.161351,-65.629987
163.47500,-59.161351,-65.629987
163.48750,-59.161351,-65.629987
163.50000,-59.161351,-65.629987
163.51250,-59.161351,-65.629987
163.52500,-59.161351,-65.629987
163.53750,-59.161351,-65.629987
163.55000,-59.161351,-65.629987
163.56250,-59.161351,-65.629987
163.57500,-59.161351,-65.629987
163.58750,-59.161351,-65.629987
163.60000,-59.161351,-65.629987
163.61250,-59.161351,-65.629987
163.62500,-59.161351,-65.629987
163.63750,-59.161351,-65.629987
163.65000,-59.161351,-65.629987
163.66250,-59.161351,-65.629987
163.67500,-59.161351,-65.629987
163.68750,-59.161351,-65.629987
163.70000,-59.161351,-65.629987
163.71250,-59.161351,-65.629987
163.72500,-59.161351,-65.629987
163.73750,-59.161351,-65.629987
163.75000,-59.161351,-65.629987
163.76250,-59.161351,-65.629987
163.77500,-59.161351,-65.629987
163.78750,-59.161351,-65.629987
163.80000,-59.161351,-65.629987
163.81250,-59.161351,-65.629987
163.82500,-59.161351,-65.629987
163.83750,-59.161351,-65.629987
163.85000,-59.161351,-65.629987
163.86250,-59.161351,-65.629987
163.87500,-59.161351,-65.629987
163.88750,-59.161351,-65.629988
163.90000,-59.161351,-65.629988
163.91250,-59.161351,-65.629988
163.92500,-59.161351,-65.629988
163.93750,-59.161351,-65.629988
163.95000,-59.161351,-65.629988
163.96250,-59.161351,-65.629988
163.97500,-59.161351,-65.629988
163.98750,-59.161351,-65.629988
164.00000,-59.161351,-65.629988
164.01250,-59.161351,-65.629988
164.02500,-59.161351,-65.629988
164.03750,-59.161351,-65.629988
164.05000,-59.161351,-65.629988
164.06250,-59.161351,-65.629988
164.07500,-59.161351,-65.629988
164.08750,-59.161351,-65.629988
164.10000,-59.161351,-65.629988
164.11250,-59.161351,-65.629988
164.12500,-59.161351,-65.629988
164.13750,-59.161351,-65.629988
164.15000,-59.161351,-65.629988
164.16250,-59.161351,-65.629988
164.17500,-59.161351,-65.629988
164.18750,-59.161351,-65.629988
164.20000,-59.161351,-65.629988
164.21250,-59.161351,-65.629988
164.22500,-59.161351,-65.629988
164.23750,-59.161351,-65.629988
164.25000,-59.161351,-65.629988
164.26250,-59.161351,-65.629988
164.27500,-59.161351,-65.629988
164.28750,-59.161351,-65.629988
164.30000,-59.161351,-65.629988
164.31250,-59.161351,-65.629988
164.32500,-59.161351,-65.629988
164.33750,-59.161351,-65.629988
164.35000,-59.161351,-65.629988
164.36250,-59.161351,-65.629988
164.37500,-59.161351,-65.629988
164.38750,-59.161351,-65.629988
164.40000,-59.161351,-65.629988
164.41250,-59.161351,-65.629988
164.42500,-59.161351,-65.629988
164.43750,-59.161351,-65.629988
164.45000,-59.161351,-65.629988
164.46250,-59.161351,-65.629988
164.47500,-59.161351,-65.629988
164.48750,-59.161351,-65.629988
164.50000,-59.161351,-65.629988
164.51250,-59.161351,-65.629988
164.52500,-59.161351,-65.629988
164.53750,-59.161351,-65.629988
164.55000,-59.161351,-65.629988
164.56250,-59.161351,-65.629988
164.57500,-59.161351,-65.629988
164.58750,-59.161351,-65.629988
164.60000,-59.161351,-65.629988
164.61250,-59.161351,-65.629988
164.62500,-59.161351,-65.629988
164.63750,-59.161351,-65.629988
164.65000,-59.161351,-65.629988
164.66250,-59.161351,-65.629988
164.67500,-59.161351,-65.629988
164.68750,-59.161351,-65.629988
164.70000,-59.161351,-65.629988
164.71250,-59.161351,-65.629988
164.72500,-59.161351,-65.629988
164.73750,-59.161351,-65.629988
164.75000,-59.161351,-65.629988
164.76250,-59.161351,-65.629988
164.77500,-59.161351,-65.629988
164.78750,-59.161351,-65.629988
164.80000,-59.161351,-65.629988
164.81250,-59.161351,-65.629988
164.82500,-59.161351,-65.629988
164.83750,-59.161351,-65.629988
164.85000,-59.161351,-65.629988
164.86250,-59.161351,-65.629988
164.87500,-59.161351,-65.629988
164.88750,-59.161351,-65.629988
164.90000,-59.161351,-65.629988
164.91250,-59.161351,-65.629988
164.92500,-59.161351,-65.629988
164.93750,-59.161351,-65.629988
164.95000,-59.161351,-65.629988
164.96250,-59.161351,-65.629988
164.97500,-59.161351,-65.629988
164.98750,-59.161351,-65.629988
165.00000,-59.161351,-65.629988
165.01250,-59.161351,-65.629988
165.02500,-59.161351,-65.629988
165.03750,-59.161351,-65.629988
165.05000,-59.161351,-65.629988
165.06250,-59.161351,-65.629988
165.07500,-59.161351,-65.629988
165.08750,-59.161351,-65.629988
165.10000,-59.161351,-65.629988
165.11250,-59.161351,-65.629988
165.12500,-59.161351,-65.629988
165.13750,-59.161351,-65.629988
165.15000,-59.161351,-65.629988
165.16250,-59.161351,-65.629988
165.17500,-59.161351,-65.629988
165.18750,-59.161351,-65.629988
165.20000,-59.161351,-65.629988
165.21250,-59.161351,-65.629988
165.22500,-59.161351,-65.629988
165.23750,-59.161351,-65.629988
165.25000,-59.161351,-65.629988
165.26250,-59.161351,-65.629988
165.27500,-59.161351,-65.629988
165.28750,-59.161351,-65.629988
165.30000,-59.161351,-65.629988
165.31250,-59.161351,-65.629988
165.32500,-59.161351,-65.629988
165.33750,-59.161351,-65.629988
165.35000,-59.161351,-65.629988
165.36250,-59.161351,-65.629988
165.37500,-59.161351,-65.629988
165.38750,-59.161351,-65.629988
165.40000,-59.161351,-65.629988
165.41250,-59.161351,-65.629988
165.42500,-59.161351,-65.629988
165.43750,-59.161351,-65.629988
165.45000,-59.161351,-65.629988
165.46250,-59.161351,-65.629988
165.47500,-59.161351,-65.629988
165.48750,-59.161351,-65.629988
165.50000,-59.161351,-65.629988
165.51250,-59.161351,-65.629988
165.52500,-59.161351,-65.629988
165.53750,-59.161351,-65.629988
165.55000,-59.161351,-65.629988
165.56250,-59.161351,-65.629988
165.57500,-59.161351,-65.629988
165.58750,-59.161351,-65.629988
165.60000,-59.161351,-65.629988
165.61250,-59.161351,-65.629988
165.62500,-59.161351,-65.629988
165.63750,-59.161351,-65.629988
165.65000,-59.161351,-65.629988
165.66250,-59.161351,-65.629988
165.67500,-59.161351,-65.629988
165.68750,-59.161351,-65.629988
165.70000,-59.161351,-65.629988
165.71250,-59.161351,-65.629988
165.72500,-59.161351,-65.629988
165.73750,-59.161351,-65.629988
165.75000,-59.161351,-65.629988
165.76250,-59.161351,-65.629988
165.77500,-59.161351,-65.629988
165.78750,-59.161351,-65.629988
165.80000,-59.161351,-65.629988
165.81250,-59.161351,-65.629988
165.82500,-59.161351,-65.629988
165.83750,-59.161351,-65.629988
165.85000,-59.161351,-65.629988
165.86250,-59.161351,-65.629988
165.87500,-59.161351,-65.629988
165.88750,-59.161351,-65.629988
165.90000,-59.161351,-65.629988
165.91250,-59.161351,-65.629988
165.92500,-59.161351,-65.629988
165.93750,-59.161351,-65.629988
165.95000,-59.161351,-65.629988
165.96250,-59.161351,-65.629988
165.97500,-59.161351,-65.629988
165.98750,-59.161351,-65.629988
166.00000,-59.161351,-65.629988
166.01250,-59.161351,-65.629988
166.02500,-59.161351,-65.629988
166.03750,-59.161351,-65.629988
166.05000,-59.161351,-65.629988
166.06250,-59.161351,-65.629988
166.07500,-59.161351,-65.629988
166.08750,-59.161351,-65.629988
166.10000,-59.161351,-65.629988
166.11250,-59.161351,-65.629988
166.12500,-59.161351,-65.629988
166.13750,-59.161351,-65.629988
166.15000,-59.161351,-65.629988
166.16250,-59.161351,-65.629988
166.17500,-59.161351,-65.629988
166.18750,-59.161351,-65.629988
166.20000,-59.161351,-65.629988
166.21250,-59.161351,-65.629988
166.22500,-59.161351,-65.629988
166.23750,-59.161351,-65.629988
166.25000,-59.161351,-65.629988
166.26250,-59.161351,-65.629988
166.27500,-59.161351,-65.629988
166.28750,-59.161351,-65.629988
166.30000,-59.161351,-65.629988
166.31250,-59.161351,-65.629988
166.32500,-59.161351,-65.629988
166.33750,-59.161351,-65.629988
166.35000,-59.161351,-65.629988
166.36250,-59.161351,-65.629988
166.37500,-59.161351,-65.629988
166.38750,-59.161351,-65.629988
166.40000,-59.161351,-65.629988
166.41250,-59.161351,-65.629988
166.42500,-59.161351,-65.629988
166.43750,-59.161351,-65.629988
166.45000,-59.161351,-65.629988
166.46250,-59.161351,-65.629988
166.47500,-59.161351,-65.629988
166.48750,-59.161351,-65.629988
166.50000,-59.161351,-65.629988
166.51250,-59.161351,-65.629988
166.52500,-59.161351,-65.629988
166.53750,-59.161351,-65.629988
166.55000,-59.161351,-65.629988
166.56250,-59.161351,-65.629988
166.57500,-59.161351,-65.629988
166.58750,-59.161351,-65.629988
166.60000,-59.161351,-65.629988
166.61250,-59.161351,-65.629988
166.62500,-59.161351,-65.629988
166.63750,-59.161351,-65.629988
166.65000,-59.161351,-65.629988
166.66250,-59.161351,-65.629988
166.67500,-59.161351,-65.629988
166.68750,-59.161351,-65.629988
166.70000,-59.161351,-65.629988
166.71250,-59.161351,-65.629988
166.72500,-59.161351,-65.629988
166.73750,-59.161351,-65.629988
166.75000,-59.161351,-65.629988
166.76250,-59.161351,-65.629988
166.77500,-59.161351,-65.629988
166.78750,-59.161351,-65.629988
166.80000,-59.161351,-65.629988
166.81250,-59.161351,-65.629988
166.82500,-59.161351,-65.629988
166.83750,-59.161351,-65.629988
166.85000,-59.161351,-65.629988
166.86250,-59.161351,-65.629988
166.87500,-59.161351,-65.629988
166.88750,-59.161351,-65.629988
166.90000,-59.161351,-65.629988
166.91250,-59.161351,-65.629988
166.92500,-59.161351,-65.629988
166.93750,-59.161351,-65.629988
166.95000,-59.161351,-65.629988
166.96250,-59.161351,-65.629988
166.97500,-59.161351,-65.629988
166.98750,-59.161351,-65.629988
167.00000,-59.161351,-65.629988
167.01250,-59.161351,-65.629988
167.02500,-59.161351,-65.629988
167.03750,-59.161351,-65.629988
167.05000,-59.161351,-65.629988
167.06250,-59.161351,-65.629988
167.07500,-59.161351,-65.629988
167.08750,-59.161351,-65.629988
167.10000,-59.161351,-65.629988
167.11250,-59.161351,-65.629988
167.12500,-59.161351,-65.629988
167.13750,-59.161351,-65.629988
167.15000,-59.161351,-65.629988
167.16250,-59.161351,-65.629988
167.17500,-59.161351,-65.629988
167.18750,-59.161351,-65.629988
167.20000,-59.161351,-65.629988
167.21250,-59.161351,-65.629988
167.22500,-59.161351,-65.629988
167.23750,-59.161351,-65.629988
167.25000,-59.161351,-65.629988
167.26250,-59.161351,-65.629988
167.27500,-59.161351,-65.629988
167.28750,-59.161351,-65.629988
167.30000,-59.161351,-65.629988
167.31250,-59.161351,-65.629988
167.32500,-59.161351,-65.629988
167.33750,-59.161351,-65.629988
167.35000,-59.161351,-65.629988
167.36250,-59.161351,-65.629988
167.37500,-59.161351,-65.629988
167.38750,-59.161351,-65.629988
167.40000,-59.161351,-65.629988
167.41250,-59.161351,-65.629988
167.42500,-59.161351,-65.629988
167.43750,-59.161351,-65.629988
167.45000,-59.161351,-65.629988
167.46250,-59.161351,-65.629988
167.47500,-59.161351,-65.629988
167.48750,-59.161351,-65.629988
167.50000,-59.161351,-65.629988
167.51250,-59.161351,-65.629988
167.52500,-59.161351,-65.629988
167.53750,-59.161351,-65.629988
167.55000,-59.161351,-65.629988
167.56250,-59.161351,-65.629988
167.57500,-59.161351,-65.629988
167.58750,-59.161351,-65.629988
167.60000,-59.161351,-65.629988
167.61250,-59.161351,-65.629988
167.62500,-59.161351,-65.629988
167.63750,-59.161351,-65.629988
167.65000,-59.161351,-65.629988
167.66250,-59.161351,-65.629988
167.67500,-59.161351,-65.629988
167.68750,-59.161351,-65.629988
167.70000,-59.161351,-65.629988
167.71250,-59.161351,-65.629988
167.72500,-59.161351,-65.629988
167.73750,-59.161351,-65.629988
167.75000,-59.161351,-65.629988
167.76250,-59.161351,-65.629988
167.77500,-59.161351,-65.629988
167.78750,-59.161351,-65.629988
167.80000,-59.161351,-65.629988
167.81250,-59.161351,-65.629988
167.82500,-59.161351,-65.629988
167.83750,-59.161351,-65.629988
167.85000,-59.161351,-65.629988
167.86250,-59.161351,-65.629988
167.87500,-59.161351,-65.629988
167.88750,-59.161351,-65.629988
167.90000,-59.161351,-65.629988
167.91250,-59.161351,-65.629988
167.92500,-59.161351,-65.629988
167.93750,-59.161351,-65.629988
167.95000,-59.161351,-65.629988
167.96250,-59.161351,-65.629988
167.97500,-59.161351,-65.629988
167.98750,-59.161351,-65.629988
168.00000,-59.161351,-65.629988
168.01250,-59.161351,-65.629988
168.02500,-59.161351,-65.629988
168.03750,-59.161351,-65.629988
168.05000,-59.161351,-65.629988
168.06250,-59.161351,-65.629988
168.07500,-59.161351,-65.629988
168.08750,-59.161351,-65.629988
168.10000,-59.161351,-65.629988
168.11250,-59.161351,-65.629988
168.12500,-59.161351,-65.629988
168.13750,-59.161351,-65.629988
168.15000,-59.161351,-65.629988
168.16250,-59.161351,-65.629988
168.17500,-59.161351,-65.629988
168.18750,-59.161351,-65.629988
168.20000,-59.161351,-65.629988
168.21250,-59.161351,-65.629988
168.22500,-59.161351,-65.629988
168.23750,-59.161351,-65.629988
168.25000,-59.161351,-65.629988
168.26250,-59.161351,-65.629988
168.27500,-59.161351,-65.629988
168.28750,-59.161351,-65.629988
168.30000,-59.161351,-65.629988
168.31250,-59.161351,-65.629988
168.32500,-59.161351,-65.629988
168.33750,-59.161351,-65.629988
168.35000,-59.161351,-65.629988
168.36250,-59.161351,-65.629988
168.37500,-59.161351,-65.629988
168.38750,-59.161351,-65.629988
168.40000,-59.161351,-65.629988
168.41250,-59.161351,-65.629988
168.42500,-59.161351,-65.629988
168.43750,-59.161351,-65.629988
168.45000,-59.161351,-65.629988
168.46250,-59.161351,-65.629988
168.47500,-59.161351,-65.629988
168.48750,-59.161351,-65.629988
168.50000,-59.161351,-65.629988
168.51250,-59.161351,-65.629988
168.52500,-59.161351,-65.629988
168.53750,-59.161351,-65.629988
168.55000,-59.161351,-65.629988
168.56250,-59.161351,-65.629988
168.57500,-59.161351,-65.629988
168.58750,-59.161351,-65.629988
168.60000,-59.161351,-65.629988
168.61250,-59.161351,-65.629988
168.62500,-59.161351,-65.629988
168.63750,-59.161351,-65.629988
168.65000,-59.161351,-65.629988
168.66250,-59.161351,-65.629988
168.67500,-59.161351,-65.629988
168.68750,-59.161351,-65.629988
168.70000,-59.161351,-65.629988
168.71250,-59.161351,-65.629988
168.72500,-59.161351,-65.629988
168.73750,-59.161351,-65.629988
168.75000,-59.161351,-65.629988
168.76250,-59.161351,-65.629988
168.77500,-59.161351,-65.629988
168.78750,-59.161351,-65.629988
168.80000,-59.161351,-65.629988
168.81250,-59.161351,-65.629988
168.82500,-59.161351,-65.629988
168.83750,-59.161351,-65.629988
168.85000,-59.161351,-65.629988
168.86250,-59.161351,-65.629988
168.87500,-59.161351,-65.629988
168.88750,-59.161351,-65.629988
168.90000,-59.161351,-65.629988
168.91250,-59.161351,-65.629988
168.92500,-59.161351,-65.629988
168.93750,-59.161351,-65.629988
168.95000,-59.161351,-65.629988
168.96250,-59.161351,-65.629988
168.97500,-59.161351,-65.629988
168.98750,-59.161351,-65.629988
169.00000,-59.161351,-65.629988
169.01250,-59.161351,-65.629988
169.02500,-59.161351,-65.629988
169.03750,-59.161351,-65.629988
169.05000,-59.161351,-65.629988
169.06250,-59.161351,-65.629988
169.07500,-59.161351,-65.629988
169.08750,-59.161351,-65.629988
169.10000,-59.161351,-65.629988
169.11250,-59.161351,-65.629988
169.12500,-59.161351,-65.629988
169.13750,-59.161351,-65.629988
169.15000,-59.161351,-65.629988
169.16250,-59.161351,-65.629988
169.17500,-59.161351,-65.629988
169.18750,-59.161351,-65.629988
169.20000,-59.161351,-65.629988
169.21250,-59.161351,-65.629988
169.22500,-59.161351,-65.629988
169.23750,-59.161351,-65.629988
169.25000,-59.161351,-65.629988
169.26250,-59.161351,-65.629988
169.27500,-59.161351,-65.629988
169.28750,-59.161351,-65.629988
169.30000,-59.161351,-65.629988
169.31250,-59.161351,-65.629988
169.32500,-59.161351,-65.629988
169.33750,-59.161351,-65.629988
169.35000,-59.161351,-65.629988
169.36250,-59.161351,-65.629988
169.37500,-59.161351,-65.629988
169.38750,-59.161351,-65.629988
169.40000,-59.161351,-65.629988
169.41250,-59.161351,-65.629988
169.42500,-59.161351,-65.629988
169.43750,-59.161351,-65.629988
169.45000,-59.161351,-65.629988
169.46250,-59.161351,-65.629988
169.47500,-59.161351,-65.629988
169.48750,-59.161351,-65.629988
169.50000,-59.161351,-65.629988
169.51250,-59.161351,-65.629988
169.52500,-59.161351,-65.629988
169.53750,-59.161351,-65.629988
169.55000,-59.161351,-65.629988
169.56250,-59.161351,-65.629988
169.57500,-59.161351,-65.629988
169.58750,-59.161351,-65.629988
169.60000,-59.161351,-65.629988
169.61250,-59.161351,-65.629988
169.62500,-59.161351,-65.629988
169.63750,-59.161351,-65.629988
169.65000,-59.161351,-65.629988
169.66250,-59.161351,-65.629988
169.67500,-59.161351,-65.629988
169.68750,-59.161351,-65.629988
169.70000,-59.161351,-65.629988
169.71250,-59.161351,-65.629988
169.72500,-59.161351,-65.629988
169.73750,-59.161351,-65.629988
169.75000,-59.161351,-65.629988
169.76250,-59.161351,-65.629988
169.77500,-59.161351,-65.629988
169.78750,-59.161351,-65.629988
169.80000,-59.161351,-65.629988
169.81250,-59.161351,-65.629988
169.82500,-59.161351,-65.629988
169.83750,-59.161351,-65.629988
169.85000,-59.161351,-65.629988
169.86250,-59.161351,-65.629988
169.87500,-59.161351,-65.629988
169.88750,-59.161351,-65.629988
169.90000,-59.161351,-65.629988
169.91250,-59.161351,-65.629988
169.92500,-59.161351,-65.629988
169.93750,-59.161351,-65.629988
169.95000,-59.161351,-65.629988
169.96250,-59.161351,-65.629988
169.97500,-59.161351,-65.629988
169.98750,-59.161351,-65.629988
170.00000,-59.161351,-65.629988
170.01250,-59.161351,-65.629988
170.02500,-59.161351,-65.629988
170.03750,-59.161351,-65.629988
170.05000,-59.161351,-65.629988
170.06250,-59.161351,-65.629988
170.07500,-59.161351,-65.629988
170.08750,-59.161351,-65.629988
170.10000,-59.161351,-65.629988
170.11250,-59.161351,-65.629988
170.12500,-59.161351,-65.629988
170.13750,-59.161351,-65.629988
170.15000,-59.161351,-65.629988
170.16250,-59.161351,-65.629988
170.17500,-59.161351,-65.629988
170.18750,-59.161351,-65.629988
170.20000,-59.161351,-65.629988
170.21250,-59.161351,-65.629988
170.22500,-59.161351,-65.629988
170.23750,-59.161351,-65.629988
170.25000,-59.161351,-65.629988
170.26250,-59.161351,-65.629988
170.27500,-59.161351,-65.629988
170.28750,-59.161351,-65.629988
170.30000,-59.161351,-65.629988
170.31250,-59.161351,-65.629988
170.32500,-59.161351,-65.629988
170.33750,-59.161351,-65.629988
170.35000,-59.161351,-65.629988
170.36250,-59.161351,-65.629988
170.37500,-59.161351,-65.629988
170.38750,-59.161351,-65.629988
170.40000,-59.161351,-65.629988
170.41250,-59.161351,-65.629988
170.42500,-59.161351,-65.629988
170.43750,-59.161351,-65.629988
170.45000,-59.161351,-65.629988
170.46250,-59.161351,-65.629988
170.47500,-59.161351,-65.629988
170.48750,-59.161351,-65.629988
170.50000,-59.161351,-65.629988
170.51250,-59.161351,-65.629988
170.52500,-59.161351,-65.629988
170.53750,-59.161351,-65.629988
170.55000,-59.161351,-65.629988
170.56250,-59.161351,-65.629988
170.57500,-59.161351,-65.629988
170.58750,-59.161351,-65.629988
170.60000,-59.161351,-65.629988
170.61250,-59.161351,-65.629988
170.62500,-59.161351,-65.629988
170.63750,-59.161351,-65.629988
170.65000,-59.161351,-65.629988
170.66250,-59.161351,-65.629988
170.67500,-59.161351,-65.629988
170.68750,-59.161351,-65.629988
170.70000,-59.161351,-65.629988
170.71250,-59.161351,-65.629988
170.72500,-59.161351,-65.629988
170.73750,-59.161351,-65.629988
170.75000,-59.161351,-65.629988
170.76250,-59.161351,-65.629988
170.77500,-59.161351,-65.629988
170.78750,-59.161351,-65.629988
170.80000,-59.161351,-65.629988
170.81250,-59.161351,-65.629988
170.82500,-59.161351,-65.629988
170.83750,-59.161351,-65.629988
170.85000,-59.161351,-65.629988
170.86250,-59.161351,-65.629988
170.87500,-59.161351,-65.629988
170.88750,-59.161351,-65.629988
170.90000,-59.161351,-65.629988
170.91250,-59.161351,-65.629988
170.92500,-59.161351,-65.629988
170.93750,-59.161351,-65.629988
170.95000,-59.161351,-65.629988
170.96250,-59.161351,-65.629988
170.97500,-59.161351,-65.629988
170.98750,-59.161351,-65.629988
171.00000,-59.161351,-65.629988
171.01250,-59.161351,-65.629988
171.02500,-59.161351,-65.629988
171.03750,-59.161351,-65.629988
171.05000,-59.161351,-65.629988
171.06250,-59.161351,-65.629988
171.07500,-59.161351,-65.629988
171.08750,-59.161351,-65.629988
171.10000,-59.161351,-65.629988
171.11250,-59.161351,-65.629988
171.12500,-59.161351,-65.629988
171.13750,-59.161351,-65.629988
171.15000,-59.161351,-65.629988
171.16250,-59.161351,-65.629988
171.17500,-59.161351,-65.629988
171.18750,-59.161351,-65.629988
171.20000,-59.161351,-65.629988
171.21250,-59.161351,-65.629988
171.22500,-59.161351,-65.629988
171.23750,-59.161351,-65.629988
171.25000,-59.161351,-65.629988
171.26250,-59.161351,-65.629988
171.27500,-59.161351,-65.629988
171.28750,-59.161351,-65.629988
171.30000,-59.161351,-65.629988
171.31250,-59.161351,-65.629988
171.32500,-59.161351,-65.629988
171.33750,-59.161351,-65.629988
171.35000,-59.161351,-65.629988
171.36250,-59.161351,-65.629988
171.37500,-59.161351,-65.629988
171.38750,-59.161351,-65.629988
171.40000,-59.161351,-65.629988
171.41250,-59.161351,-65.629988
171.42500,-59.161351,-65.629988
171.43750,-59.161351,-65.629988
171.45000,-59.161351,-65.629988
171.46250,-59.161351,-65.629988
171.47500,-59.161351,-65.629988
171.48750,-59.161351,-65.629988
171.50000,-59.161351,-65.629988
171.51250,-59.161351,-65.629988
171.52500,-59.161351,-65.629988
171.53750,-59.161351,-65.629988
171.55000,-59.161351,-65.629988
171.56250,-59.161351,-65.629988
171.57500,-59.161351,-65.629988
171.58750,-59.161351,-65.629988
171.60000,-59.161351,-65.629988
171.61250,-59.161351,-65.629988
171.62500,-59.161351,-65.629988
171.63750,-59.161351,-65.629988
171.65000,-59.161351,-65.629988
171.66250,-59.161351,-65.629988
171.67500,-59.161351,-65.629988
171.68750,-59.161351,-65.629988
171.70000,-59.161351,-65.629988
171.71250,-59.161351,-65.629988
171.72500,-59.161351,-65.629988
171.73750,-59.161351,-65.629988
171.75000,-59.161351,-65.629988
171.76250,-59.161351,-65.629988
171.77500,-59.161351,-65.629988
171.78750,-59.161351,-65.629988
171.80000,-59.161351,-65.629988
171.81250,-59.161351,-65.629988
171.82500,-59.161351,-65.629988
171.83750,-59.161351,-65.629988
171.85000,-59.161351,-65.629988
171.86250,-59.161351,-65.629988
171.87500,-59.161351,-65.629988
171.88750,-59.161351,-65.629988
171.90000,-59.161351,-65.629988
171.91250,-59.161351,-65.629988
171.92500,-59.161351,-65.629988
171.93750,-59.161351,-65.629988
171.95000,-59.161351,-65.629988
171.96250,-59.161351,-65.629988
171.97500,-59.161351,-65.629988
171.98750,-59.161351,-65.629988
172.00000,-59.161351,-65.629988
172.01250,-59.161351,-65.629988
172.02500,-59.161351,-65.629988
172.03750,-59.161351,-65.629988
172.05000,-59.161351,-65.629988
172.06250,-59.161351,-65.629988
172.07500,-59.161351,-65.629988
172.08750,-59.161351,-65.629988
172.10000,-59.161351,-65.629988
172.11250,-59.161351,-65.629988
172.12500,-59.161351,-65.629988
172.13750,-59.161351,-65.629988
172.15000,-59.161351,-65.629988
172.16250,-59.161351,-65.629988
172.17500,-59.161351,-65.629988
172.18750,-59.161351,-65.629988
172.20000,-59.161351,-65.629988
172.21250,-59.161351,-65.629988
172.22500,-59.161351,-65.629988
172.23750,-59.161351,-65.629988
172.25000,-59.161351,-65.629988
172.26250,-59.161351,-65.629988
172.27500,-59.161351,-65.629988
172.28750,-59.161351,-65.629988
172.30000,-59.161351,-65.629988
172.31250,-59.161351,-65.629988
172.32500,-59.161351,-65.629988
172.33750,-59.161351,-65.629988
172.35000,-59.161351,-65.629988
172.36250,-59.161351,-65.629988
172.37500,-59.161351,-65.629988
172.38750,-59.161351,-65.629988
172.40000,-59.161351,-65.629988
172.41250,-59.161351,-65.629988
172.42500,-59.161351,-65.629988
172.43750,-59.161351,-65.629988
172.45000,-59.161351,-65.629988
172.46250,-59.161351,-65.629988
172.47500,-59.161351,-65.629988
172.48750,-59.161351,-65.629988
172.50000,-59.161351,-65.629988
172.51250,-59.161351,-65.629988
172.52500,-59.161351,-65.629988
172.53750,-59.161351,-65.629988
172.55000,-59.161351,-65.629988
172.56250,-59.161351,-65.629988
172.57500,-59.161351,-65.629988
172.58750,-59.161351,-65.629988
172.60000,-59.161351,-65.629988
172.61250,-59.161351,-65.629988
172.62500,-59.161351,-65.629988
172.63750,-59.161351,-65.629988
172.65000,-59.161351,-65.629988
172.66250,-59.161351,-65.629988
172.67500,-59.161351,-65.629988
172.68750,-59.161351,-65.629988
172.70000,-59.161351,-65.629988
172.71250,-59.161351,-65.629988
172.72500,-59.161351,-65.629988
172.73750,-59.161351,-65.629988
172.75000,-59.161351,-65.629988
172.76250,-59.161351,-65.629988
172.77500,-59.161351,-65.629988
172.78750,-59.161351,-65.629988
172.80000,-59.161351,-65.629988
172.81250,-59.161351,-65.629988
172.82500,-59.161351,-65.629988
172.83750,-59.161351,-65.629988
172.85000,-59.161351,-65.629988
172.86250,-59.161351,-65.629988
172.87500,-59.161351,-65.629988
172.88750,-59.161351,-65.629988
172.90000,-59.161351,-65.629988
172.91250,-59.161351,-65.629988
172.92500,-59.161351,-65.629988
172.93750,-59.161351,-65.629988
172.95000,-59.161351,-65.629988
172.96250,-59.161351,-65.629988
172.97500,-59.161351,-65.629988
172.98750,-59.161351,-65.629988
173.00000,-59.161351,-65.629988
173.01250,-59.161351,-65.629988
173.02500,-59.161351,-65.629988
173.03750,-59.161351,-65.629988
173.05000,-59.161351,-65.629988
173.06250,-59.161351,-65.629988
173.07500,-59.161351,-65.629988
173.08750,-59.161351,-65.629988
173.10000,-59.161351,-65.629988
173.11250,-59.161351,-65.629988
173.12500,-59.161351,-65.629988
173.13750,-59.161351,-65.629988
173.15000,-59.161351,-65.629988
173.16250,-59.161351,-65.629988
173.17500,-59.161351,-65.629988
173.18750,-59.161351,-65.629988
173.20000,-59.161351,-65.629988
173.21250,-59.161351,-65.629988
173.22500,-59.161351,-65.629988
173.23750,-59.161351,-65.629988
173.25000,-59.161351,-65.629988
173.26250,-59.161351,-65.629988
173.27500,-59.161351,-65.629988
173.28750,-59.161351,-65.629988
173.30000,-59.161351,-65.629988
173.31250,-59.161351,-65.629988
173.32500,-59.161351,-65.629988
173.33750,-59.161351,-65.629988
173.35000,-59.161351,-65.629988
173.36250,-59.161351,-65.629988
173.37500,-59.161351,-65.629988
173.38750,-59.161351,-65.629988
173.40000,-59.161351,-65.629988
173.41250,-59.161351,-65.629988
173.42500,-59.161351,-65.629988
173.43750,-59.161351,-65.629988
173.45000,-59.161351,-65.629988
173.46250,-59.161351,-65.629988
173.47500,-59.161351,-65.629988
173.48750,-59.161351,-65.629988
173.50000,-59.161351,-65.629988
173.51250,-59.161351,-65.629988
173.52500,-59.161351,-65.629988
173.53750,-59.161351,-65.629988
173.55000,-59.161351,-65.629988
173.56250,-59.161351,-65.629988
173.57500,-59.161351,-65.629988
173.58750,-59.161351,-65.629988
173.60000,-59.161351,-65.629988
173.61250,-59.161351,-65.629988
173.62500,-59.161351,-65.629988
173.63750,-59.161351,-65.629988
173.65000,-59.161351,-65.629988
173.66250,-59.161351,-65.629988
173.67500,-59.161351,-65.629988
173.68750,-59.161351,-65.629988
173.70000,-59.161351,-65.629988
173.71250,-59.161351,-65.629988
173.72500,-59.161351,-65.629988
173.73750,-59.161351,-65.629988
173.75000,-59.161351,-65.629988
173.76250,-59.161351,-65.629988
173.77500,-59.161351,-65.629988
173.78750,-59.161351,-65.629988
173.80000,-59.161351,-65.629988
173.81250,-59.161351,-65.629988
173.82500,-59.161351,-65.629988
173.83750,-59.161351,-65.629988
173.85000,-59.161351,-65.629988
173.86250,-59.161351,-65.629988
173.87500,-59.161351,-65.629988
173.88750,-59.161351,-65.629988
173.90000,-59.161351,-65.629988
173.91250,-59.161351,-65.629988
173.92500,-59.161351,-65.629988
173.93750,-59.161351,-65.629988
173.95000,-59.161351,-65.629988
173.96250,-59.161351,-65.629988
173.97500,-59.161351,-65.629988
173.98750,-59.161351,-65.629988
174.00000,-59.161351,-65.629988
174.01250,-59.161351,-65.629988
174.02500,-59.161351,-65.629988
174.03750,-59.161351,-65.629988
174.05000,-59.161351,-65.629988
174.06250,-59.161351,-65.629988
174.07500,-59.161351,-65.629988
174.08750,-59.161351,-65.629988
174.10000,-59.161351,-65.629988
174.11250,-59.161351,-65.629988
174.12500,-59.161351,-65.629988
174.13750,-59.161351,-65.629988
174.15000,-59.161351,-65.629988
174.16250,-59.161351,-65.629988
174.17500,-59.161351,-65.629988
174.18750,-59.161351,-65.629988
174.20000,-59.161351,-65.629988
174.21250,-59.161351,-65.629988
174.22500,-59.161351,-65.629988
174.23750,-59.161351,-65.629988
174.25000,-59.161351,-65.629988
174.26250,-59.161351,-65.629988
174.27500,-59.161351,-65.629988
174.28750,-59.161351,-65.629988
174.30000,-59.161351,-65.629988
174.31250,-59.161351,-65.629988
174.32500,-59.161351,-65.629988
174.33750,-59.161351,-65.629988
174.35000,-59.161351,-65.629988
174.36250,-59.161351,-65.629988
174.37500,-59.161351,-65.629988
174.38750,-59.161351,-65.629988
174.40000,-59.161351,-65.629988
174.41250,-59.161351,-65.629988
174.42500,-59.161351,-65.629988
174.43750,-59.161351,-65.629988
174.45000,-59.161351,-65.629988
174.46250,-59.161351,-65.629988
174.47500,-59.161351,-65.629988
174.48750,-59.161351,-65.629988
174.50000,-59.161351,-65.629988
174.51250,-59.161351,-65.629988
174.52500,-59.161351,-65.629988
174.53750,-59.161351,-65.629988
174.55000,-59.161351,-65.629988
174.56250,-59.161351,-65.629988
174.57500,-59.161351,-65.629988
174.58750,-59.161351,-65.629988
174.60000,-59.161351,-65.629988
174.61250,-59.161351,-65.629988
174.62500,-59.161351,-65.629988
174.63750,-59.161351,-65.629988
174.65000,-59.161351,-65.629988
174.66250,-59.161351,-65.629988
174.67500,-59.161351,-65.629988
174.68750,-59.161351,-65.629988
174.70000,-59.161351,-65.629988
174.71250,-59.161351,-65.629988
174.72500,-59.161351,-65.629988
174.73750,-59.161351,-65.629988
174.75000,-59.161351,-65.629988
174.76250,-59.161351,-65.629988
174.77500,-59.161351,-65.629988
174.78750,-59.161351,-65.629988
174.80000,-59.161351,-65.629988
174.81250,-59.161351,-65.629988
174.82500,-59.161351,-65.629988
174.83750,-59.161351,-65.629988
174.85000,-59.161351,-65.629988
174.86250,-59.161351,-65.629988
174.87500,-59.161351,-65.629988
174.88750,-59.161351,-65.629988
174.90000,-59.161351,-65.629988
174.91250,-59.161351,-65.629988
174.92500,-59.161351,-65.629988
174.93750,-59.161351,-65.629988
174.95000,-59.161351,-65.629988
174.96250,-59.161351,-65.629988
174.97500,-59.161351,-65.629988
174.98750,-59.161351,-65.629988
175.00000,-59.161351,-65.629988
175.01250,-59.161351,-65.629988
175.02500,-59.161351,-65.629988
175.03750,-59.161351,-65.629988
175.05000,-59.161351,-65.629988
175.06250,-59.161351,-65.629988
175.07500,-59.161351,-65.629988
175.08750,-59.161351,-65.629988
175.10000,-59.161351,-65.629988
175.11250,-59.161351,-65.629988
175.12500,-59.161351,-65.629988
175.13750,-59.161351,-65.629988
175.15000,-59.161351,-65.629988
175.16250,-59.161351,-65.629988
175.17500,-59.161351,-65.629988
175.18750,-59.161351,-65.629988
175.20000,-59.161351,-65.629988
175.21250,-59.161351,-65.629988
175.22500,-59.161351,-65.629988
175.23750,-59.161351,-65.629988
175.25000,-59.161351,-65.629988
175.26250,-59.161351,-65.629988
175.27500,-59.161351,-65.629988
175.28750,-59.161351,-65.629988
175.30000,-59.161351,-65.629988
175.31250,-59.161351,-65.629988
175.32500,-59.161351,-65.629988
175.33750,-59.161351,-65.629988
175.35000,-59.161351,-65.629988
175.36250,-59.161351,-65.629988
175.37500,-59.161351,-65.629988
175.38750,-59.161351,-65.629988
175.40000,-59.161351,-65.629988
175.41250,-59.161351,-65.629988
175.42500,-59.161351,-65.629988
175.43750,-59.161351,-65.629988
175.45000,-59.161351,-65.629988
175.46250,-59.161351,-65.629988
175.47500,-59.161351,-65.629988
175.48750,-59.161351,-65.629988
175.50000,-59.161351,-65.629988
175.51250,-59.161351,-65.629988
175.52500,-59.161351,-65.629988
175.53750,-59.161351,-65.629988
175.55000,-59.161351,-65.629988
175.56250,-59.161351,-65.629988
175.57500,-59.161351,-65.629988
175.58750,-59.161351,-65.629988
175.60000,-59.161351,-65.629988
175.61250,-59.161351,-65.629988
175.62500,-59.161351,-65.629988
175.63750,-59.161351,-65.629988
175.65000,-59.161351,-65.629988
175.66250,-59.161351,-65.629988
175.67500,-59.161351,-65.629988
175.68750,-59.161351,-65.629988
175.70000,-59.161351,-65.629988
175.71250,-59.161351,-65.629988
175.72500,-59.161351,-65.629988
175.73750,-59.161351,-65.629988
175.75000,-59.161351,-65.629988
175.76250,-59.161351,-65.629988
175.77500,-59.161351,-65.629988
175.78750,-59.161351,-65.629988
175.80000,-59.161351,-65.629988
175.81250,-59.161351,-65.629988
175.82500,-59.161351,-65.629988
175.83750,-59.161351,-65.629988
175.85000,-59.161351,-65.629988
175.86250,-59.161351,-65.629988
175.87500,-59.161351,-65.629988
175.88750,-59.161351,-65.629988
175.90000,-59.161351,-65.629988
175.91250,-59.161351,-65.629988
175.92500,-59.161351,-65.629988
175.93750,-59.161351,-65.629988
175.95000,-59.161351,-65.629988
175.96250,-59.161351,-65.629988
175.97500,-59.161351,-65.629988
175.98750,-59.161351,-65.629988
176.00000,-59.161351,-65.629988
176.01250,-59.161351,-65.629988
176.02500,-59.161351,-65.629988
176.03750,-59.161351,-65.629988
176.05000,-59.161351,-65.629988
176.06250,-59.161351,-65.629988
176.07500,-59.161351,-65.629988
176.08750,-59.161351,-65.629988
176.10000,-59.161351,-65.629988
176.11250,-59.161351,-65.629988
176.12500,-59.161351,-65.629988
176.13750,-59.161351,-65.629988
176.15000,-59.161351,-65.629988
176.16250,-59.161351,-65.629988
176.17500,-59.161351,-65.629988
176.18750,-59.161351,-65.629988
176.20000,-59.161351,-65.629988
176.21250,-59.161351,-65.629988
176.22500,-59.161351,-65.629988
176.23750,-59.161351,-65.629988
176.25000,-59.161351,-65.629988
176.26250,-59.161351,-65.629988
176.27500,-59.161351,-65.629988
176.28750,-59.161351,-65.629988
176.30000,-59.161351,-65.629988
176.31250,-59.161351,-65.629988
176.32500,-59.161351,-65.629988
176.33750,-59.161351,-65.629988
176.35000,-59.161351,-65.629988
176.36250,-59.161351,-65.629988
176.37500,-59.161351,-65.629988
176.38750,-59.161351,-65.629988
176.40000,-59.161351,-65.629988
176.41250,-59.161351,-65.629988
176.42500,-59.161351,-65.629988
176.43750,-59.161351,-65.629988
176.45000,-59.161351,-65.629988
176.46250,-59.161351,-65.629988
176.47500,-59.161351,-65.629988
176.48750,-59.161351,-65.629988
176.50000,-59.161351,-65.629988
176.51250,-59.161351,-65.629988
176.52500,-59.161351,-65.629988
176.53750,-59.161351,-65.629988
176.55000,-59.161351,-65.629988
176.56250,-59.161351,-65.629988
176.57500,-59.161351,-65.629988
176.58750,-59.161351,-65.629988
176.60000,-59.161351,-65.629988
176.61250,-59.161351,-65.629988
176.62500,-59.161351,-65.629988
176.63750,-59.161351,-65.629988
176.65000,-59.161351,-65.629988
176.66250,-59.161351,-65.629988
176.67500,-59.161351,-65.629988
176.68750,-59.161351,-65.629988
176.70000,-59.161351,-65.629988
176.71250,-59.161351,-65.629988
176.72500,-59.161351,-65.629988
176.73750,-59.161351,-65.629988
176.75000,-59.161351,-65.629988
176.76250,-59.161351,-65.629988
176.77500,-59.161351,-65.629988
176.78750,-59.161351,-65.629988
176.80000,-59.161351,-65.629988
176.81250,-59.161351,-65.629988
176.82500,-59.161351,-65.629988
176.83750,-59.161351,-65.629988
176.85000,-59.161351,-65.629988
176.86250,-59.161351,-65.629988
176.87500,-59.161351,-65.629988
176.88750,-59.161351,-65.629988
176.90000,-59.161351,-65.629988
176.91250,-59.161351,-65.629988
176.92500,-59.161351,-65.629988
176.93750,-59.161351,-65.629988
176.95000,-59.161351,-65.629988
176.96250,-59.161351,-65.629988
176.97500,-59.161351,-65.629988
176.98750,-59.161351,-65.629988
177.00000,-59.161351,-65.629988
177.01250,-59.161351,-65.629988
177.02500,-59.161351,-65.629988
177.03750,-59.161351,-65.629988
177.05000,-59.161351,-65.629988
177.06250,-59.161351,-65.629988
177.07500,-59.161351,-65.629988
177.08750,-59.161351,-65.629988
177.10000,-59.161351,-65.629988
177.11250,-59.161351,-65.629988
177.12500,-59.161351,-65.629988
177.13750,-59.161351,-65.629988
177.15000,-59.161351,-65.629988
177.16250,-59.161351,-65.629988
177.17500,-59.161351,-65.629988
177.18750,-59.161351,-65.629988
177.20000,-59.161351,-65.629988
177.21250,-59.161351,-65.629988
177.22500,-59.161351,-65.629988
177.23750,-59.161351,-65.629988
177.25000,-59.161351,-65.629988
177.26250,-59.161351,-65.629988
177.27500,-59.161351,-65.629988
177.28750,-59.161351,-65.629988
177.30000,-59.161351,-65.629988
177.31250,-59.161351,-65.629988
177.32500,-59.161351,-65.629988
177.33750,-59.161351,-65.629988
177.35000,-59.161351,-65.629988
177.36250,-59.161351,-65.629988
177.37500,-59.161351,-65.629988
177.38750,-59.161351,-65.629988
177.40000,-59.161351,-65.629988
177.41250,-59.161351,-65.629988
177.42500,-59.161351,-65.629988
177.43750,-59.161351,-65.629988
177.45000,-59.161351,-65.629988
177.46250,-59.161351,-65.629988
177.47500,-59.161351,-65.629988
177.48750,-59.161351,-65.629988
177.50000,-59.161351,-65.629988
177.51250,-59.161351,-65.629988
177.52500,-59.161351,-65.629988
177.53750,-59.161351,-65.629988
177.55000,-59.161351,-65.629988
177.56250,-59.161351,-65.629988
177.57500,-59.161351,-65.629988
177.58750,-59.161351,-65.629988
177.60000,-59.161351,-65.629988
177.61250,-59.161351,-65.629988
177.62500,-59.161351,-65.629988
177.63750,-59.161351,-65.629988
177.65000,-59.161351,-65.629988
177.66250,-59.161351,-65.629988
177.67500,-59.161351,-65.629988
177.68750,-59.161351,-65.629988
177.70000,-59.161351,-65.629988
177.71250,-59.161351,-65.629988
177.72500,-59.161351,-65.629988
177.73750,-59.161351,-65.629988
177.75000,-59.161351,-65.629988
177.76250,-59.161351,-65.629988
177.77500,-59.161351,-65.629988
177.78750,-59.161351,-65.629988
177.80000,-59.161351,-65.629988
177.81250,-59.161351,-65.629988
177.82500,-59.161351,-65.629988
177.83750,-59.161351,-65.629988
177.85000,-59.161351,-65.629988
177.86250,-59.161351,-65.629988
177.87500,-59.161351,-65.629988
177.88750,-59.161351,-65.629988
177.90000,-59.161351,-65.629988
177.91250,-59.161351,-65.629988
177.92500,-59.161351,-65.629988
177.93750,-59.161351,-65.629988
177.95000,-59.161351,-65.629988
177.96250,-59.161351,-65.629988
177.97500,-59.161351,-65.629988
177.98750,-59.161351,-65.629988
178.00000,-59.161351,-65.629988
178.01250,-59.161351,-65.629988
178.02500,-59.161351,-65.629988
178.03750,-59.161351,-65.629988
178.05000,-59.161351,-65.629988
178.06250,-59.161351,-65.629988
178.07500,-59.161351,-65.629988
178.08750,-59.161351,-65.629988
178.10000,-59.161351,-65.629988
178.11250,-59.161351,-65.629988
178.12500,-59.161351,-65.629988
178.13750,-59.161351,-65.629988
178.15000,-59.161351,-65.629988
178.16250,-59.161351,-65.629988
178.17500,-59.161351,-65.629988
178.18750,-59.161351,-65.629988
178.20000,-59.161351,-65.629988
178.21250,-59.161351,-65.629988
178.22500,-59.161351,-65.629988
178.23750,-59.161351,-65.629988
178.25000,-59.161351,-65.629988
178.26250,-59.161351,-65.629988
178.27500,-59.161351,-65.629988
178.28750,-59.161351,-65.629988
178.30000,-59.161351,-65.629988
178.31250,-59.161351,-65.629988
178.32500,-59.161351,-65.629988
178.33750,-59.161351,-65.629988
178.35000,-59.161351,-65.629988
178.36250,-59.161351,-65.629988
178.37500,-59.161351,-65.629988
178.38750,-59.161351,-65.629988
178.40000,-59.161351,-65.629988
178.41250,-59.161351,-65.629988
178.42500,-59.161351,-65.629988
178.43750,-59.161351,-65.629988
178.45000,-59.161351,-65.629988
178.46250,-59.161351,-65.629988
178.47500,-59.161351,-65.629988
178.48750,-59.161351,-65.629988
178.50000,-59.161351,-65.629988
178.51250,-59.161351,-65.629988
178.52500,-59.161351,-65.629988
178.53750,-59.161351,-65.629988
178.55000,-59.161351,-65.629988
178.56250,-59.161351,-65.629988
178.57500,-59.161351,-65.629988
178.58750,-59.161351,-65.629988
178.60000,-59.161351,-65.629988
178.61250,-59.161351,-65.629988
178.62500,-59.161351,-65.629988
178.63750,-59.161351,-65.629988
178.65000,-59.161351,-65.629988
178.66250,-59.161351,-65.629988
178.67500,-59.161351,-65.629988
178.68750,-59.161351,-65.629988
178.70000,-59.161351,-65.629988
178.71250,-59.161351,-65.629988
178.72500,-59.161351,-65.629988
178.73750,-59.161351,-65.629988
178.75000,-59.161351,-65.629988
178.76250,-59.161351,-65.629988
178.77500,-59.161351,-65.629988
178.78750,-59.161351,-65.629988
178.80000,-59.161351,-65.629988
178.81250,-59.161351,-65.629988
178.82500,-59.161351,-65.629988
178.83750,-59.161351,-65.629988
178.85000,-59.161351,-65.629988
178.86250,-59.161351,-65.629988
178.87500,-59.161351,-65.629988
178.88750,-59.161351,-65.629988
178.90000,-59.161351,-65.629988
178.91250,-59.161351,-65.629988
178.92500,-59.161351,-65.629988
178.93750,-59.161351,-65.629988
178.95000,-59.161351,-65.629988
178.96250,-59.161351,-65.629988
178.97500,-59.161351,-65.629988
178.98750,-59.161351,-65.629988
179.00000,-59.161351,-65.629988
179.01250,-59.161351,-65.629988
179.02500,-59.161351,-65.629988
179.03750,-59.161351,-65.629988
179.05000,-59.161351,-65.629988
179.06250,-59.161351,-65.629988
179.07500,-59.161351,-65.629988
179.08750,-59.161351,-65.629988
179.10000,-59.161351,-65.629988
179.11250,-59.161351,-65.629988
179.12500,-59.161351,-65.629988
179.13750,-59.161351,-65.629988
179.15000,-59.161351,-65.629988
179.16250,-59.161351,-65.629988
179.17500,-59.161351,-65.629988
179.18750,-59.161351,-65.629988
179.20000,-59.161351,-65.629988
179.21250,-59.161351,-65.629988
179.22500,-59.161351,-65.629988
179.23750,-59.161351,-65.629988
179.25000,-59.161351,-65.629988
179.26250,-59.161351,-65.629988
179.27500,-59.161351,-65.629988
179.28750,-59.161351,-65.629988
179.30000,-59.161351,-65.629988
179.31250,-59.161351,-65.629988
179.32500,-59.161351,-65.629988
179.33750,-59.161351,-65.629988
179.35000,-59.161351,-65.629988
179.36250,-59.161351,-65.629988
179.37500,-59.161351,-65.629988
179.38750,-59.161351,-65.629988
179.40000,-59.161351,-65.629988
179.41250,-59.161351,-65.629988
179.42500,-59.161351,-65.629988
179.43750,-59.161351,-65.629988
179.45000,-59.161351,-65.629988
179.46250,-59.161351,-65.629988
179.47500,-59.161351,-65.629988
179.48750,-59.161351,-65.629988
179.50000,-59.161351,-65.629988
179.51250,-59.161351,-65.629988
179.52500,-59.161351,-65.629988
179.53750,-59.161351,-65.629988
179.55000,-59.161351,-65.629988
179.56250,-59.161351,-65.629988
179.57500,-59.161351,-65.629988
179.58750,-59.161351,-65.629988
179.60000,-59.161351,-65.629988
179.61250,-59.161351,-65.629988
179.62500,-59.161351,-65.629988
179.63750,-59.161351,-65.629988
179.65000,-59.161351,-65.629988
179.66250,-59.161351,-65.629988
179.67500,-59.161351,-65.629988
179.68750,-59.161351,-65.629988
179.70000,-59.161351,-65.629988
179.71250,-59.161351,-65.629988
179.72500,-59.161351,-65.629988
179.73750,-59.161351,-65.629988
179.75000,-59.161351,-65.629988
179.76250,-59.161351,-65.629988
179.77500,-59.161351,-65.629988
179.78750,-59.161351,-65.629988
179.80000,-59.161351,-65.629988
179.81250,-59.161351,-65.629988
179.82500,-59.161351,-65.629988
179.83750,-59.161351,-65.629988
179.85000,-59.161351,-65.629988
179.86250,-59.161351,-65.629988
179.87500,-59.161351,-65.629988
179.88750,-59.161351,-65.629988
179.90000,-59.161351,-65.629988
179.91250,-59.161351,-65.629988
179.92500,-59.161351,-65.629988
179.93750,-59.161351,-65.629988
179.95000,-59.161351,-65.629988
179.96250,-59.161351,-65.629988
179.97500,-59.161351,-65.629988
179.98750,-59.161351,-65.629988
180.00000,-59.161351,-65.629988
180.01250,-59.161351,-65.629988
180.02500,-59.161351,-65.629988
180.03750,-59.161351,-65.629988
180.05000,-59.161351,-65.629988
180.06250,-59.161351,-65.629988
180.07500,-59.161351,-65.629988
180.08750,-59.161351,-65.629988
180.10000,-59.161351,-65.629988
180.11250,-59.161351,-65.629988
180.12500,-59.161351,-65.629988
180.13750,-59.161351,-65.629988
180.15000,-59.161351,-65.629988
180.16250,-59.161351,-65.629988
180.17500,-59.161351,-65.629988
180.18750,-59.161351,-65.629988
180.20000,-59.161351,-65.629988
180.21250,-59.161351,-65.629988
180.22500,-59.161351,-65.629988
180.23750,-59.161351,-65.629988
180.25000,-59.161351,-65.629988
180.26250,-59.161351,-65.629988
180.27500,-59.161351,-65.629988
180.28750,-59.161351,-65.629988
180.30000,-59.161351,-65.629988
180.31250,-59.161351,-65.629988
180.32500,-59.161351,-65.629988
180.33750,-59.161351,-65.629988
180.35000,-59.161351,-65.629988
180.36250,-59.161351,-65.629988
180.37500,-59.161351,-65.629988
180.38750,-59.161351,-65.629988
180.40000,-59.161351,-65.629988
180.41250,-59.161351,-65.629988
180.42500,-59.161351,-65.629988
180.43750,-59.161351,-65.629988
180.45000,-59.161351,-65.629988
180.46250,-59.161351,-65.629988
180.47500,-59.161351,-65.629988
180.48750,-59.161351,-65.629988
180.50000,-59.161351,-65.629988
180.51250,-59.161351,-65.629988
180.52500,-59.161351,-65.629988
180.53750,-59.161351,-65.629988
180.55000,-59.161351,-65.629988
180.56250,-59.161351,-65.629988
180.57500,-59.161351,-65.629988
180.58750,-59.161351,-65.629988
180.60000,-59.161351,-65.629988
180.61250,-59.161351,-65.629988
180.62500,-59.161351,-65.629988
180.63750,-59.161351,-65.629988
180.65000,-59.161351,-65.629988
180.66250,-59.161351,-65.629988
180.67500,-59.161351,-65.629988
180.68750,-59.161351,-65.629988
180.70000,-59.161351,-65.629988
180.71250,-59.161351,-65.629988
180.72500,-59.161351,-65.629988
180.73750,-59.161351,-65.629988
180.75000,-59.161351,-65.629988
180.76250,-59.161351,-65.629988
180.77500,-59.161351,-65.629988
180.78750,-59.161351,-65.629988
180.80000,-59.161351,-65.629988
180.81250,-59.161351,-65.629988
180.82500,-59.161351,-65.629988
180.83750,-59.161351,-65.629988
180.85000,-59.161351,-65.629988
180.86250,-59.161351,-65.629988
180.87500,-59.161351,-65.629988
180.88750,-59.161351,-65.629988
180.90000,-59.161351,-65.629988
180.91250,-59.161351,-65.629988
180.92500,-59.161351,-65.629988
180.93750,-59.161351,-65.629988
180.95000,-59.161351,-65.629988
180.96250,-59.161351,-65.629988
180.97500,-59.161351,-65.629988
180.98750,-59.161351,-65.629988
181.00000,-59.161351,-65.629988
181.01250,-59.161351,-65.629988
181.02500,-59.161351,-65.629988
181.03750,-59.161351,-65.629988
181.05000,-59.161351,-65.629988
181.06250,-59.161351,-65.629988
181.07500,-59.161351,-65.629988
181.08750,-59.161351,-65.629988
181.10000,-59.161351,-65.629988
181.11250,-59.161351,-65.629988
181.12500,-59.161351,-65.629988
181.13750,-59.161351,-65.629988
181.15000,-59.161351,-65.629988
181.16250,-59.161351,-65.629988
181.17500,-59.161351,-65.629988
181.18750,-59.161351,-65.629988
181.20000,-59.161351,-65.629988
181.21250,-59.161351,-65.629988
181.22500,-59.161351,-65.629988
181.23750,-59.161351,-65.629988
181.25000,-59.161351,-65.629988
181.26250,-59.161351,-65.629988
181.27500,-59.161351,-65.629988
181.28750,-59.161351,-65.629988
181.30000,-59.161351,-65.629988
181.31250,-59.161351,-65.629988
181.32500,-59.161351,-65.629988
181.33750,-59.161351,-65.629988
181.35000,-59.161351,-65.629988
181.36250,-59.161351,-65.629988
181.37500,-59.161351,-65.629988
181.38750,-59.161351,-65.629988
181.40000,-59.161351,-65.629988
181.41250,-59.161351,-65.629988
181.42500,-59.161351,-65.629988
181.43750,-59.161351,-65.629988
181.45000,-59.161351,-65.629988
181.46250,-59.161351,-65.629988
181.47500,-59.161351,-65.629988
181.48750,-59.161351,-65.629988
181.50000,-59.161351,-65.629988
181.51250,-59.161351,-65.629988
181.52500,-59.161351,-65.629988
181.53750,-59.161351,-65.629988
181.55000,-59.161351,-65.629988
181.56250,-59.161351,-65.629988
181.57500,-59.161351,-65.629988
181.58750,-59.161351,-65.629988
181.60000,-59.161351,-65.629988
181.61250,-59.161351,-65.629988
181.62500,-59.161351,-65.629988
181.63750,-59.161351,-65.629988
181.65000,-59.161351,-65.629988
181.66250,-59.161351,-65.629988
181.67500,-59.161351,-65.629988
181.68750,-59.161351,-65.629988
181.70000,-59.161351,-65.629988
181.71250,-59.161351,-65.629988
181.72500,-59.161351,-65.629988
181.73750,-59.161351,-65.629988
181.75000,-59.161351,-65.629988
181.76250,-59.161351,-65.629988
181.77500,-59.161351,-65.629988
181.78750,-59.161351,-65.629988
181.80000,-59.161351,-65.629988
181.81250,-59.161351,-65.629988
181.82500,-59.161351,-65.629988
181.83750,-59.161351,-65.629988
181.85000,-59.161351,-65.629988
181.86250,-59.161351,-65.629988
181.87500,-59.161351,-65.629988
181.88750,-59.161351,-65.629988
181.90000,-59.161351,-65.629988
181.91250,-59.161351,-65.629988
181.92500,-59.161351,-65.629988
181.93750,-59.161351,-65.629988
181.95000,-59.161351,-65.629988
181.96250,-59.161351,-65.629988
181.97500,-59.161351,-65.629988
181.98750,-59.161351,-65.629988
182.00000,-59.161351,-65.629988
182.01250,-59.161351,-65.629988
182.02500,-59.161351,-65.629988
182.03750,-59.161351,-65.629988
182.05000,-59.161351,-65.629988
182.06250,-59.161351,-65.629988
182.07500,-59.161351,-65.629988
182.08750,-59.161351,-65.629988
182.10000,-59.161351,-65.629988
182.11250,-59.161351,-65.629988
182.12500,-59.161351,-65.629988
182.13750,-59.161351,-65.629988
182.15000,-59.161351,-65.629988
182.16250,-59.161351,-65.629988
182.17500,-59.161351,-65.629988
182.18750,-59.161351,-65.629988
182.20000,-59.161351,-65.629988
182.21250,-59.161351,-65.629988
182.22500,-59.161351,-65.629988
182.23750,-59.161351,-65.629988
182.25000,-59.161351,-65.629988
182.26250,-59.161351,-65.629988
182.27500,-59.161351,-65.629988
182.28750,-59.161351,-65.629988
182.30000,-59.161351,-65.629988
182.31250,-59.161351,-65.629988
182.32500,-59.161351,-65.629988
182.33750,-59.161351,-65.629988
182.35000,-59.161351,-65.629988
182.36250,-59.161351,-65.629988
182.37500,-59.161351,-65.629988
182.38750,-59.161351,-65.629988
182.40000,-59.161351,-65.629988
182.41250,-59.161351,-65.629988
182.42500,-59.161351,-65.629988
182.43750,-59.161351,-65.629988
182.45000,-59.161351,-65.629988
182.46250,-59.161351,-65.629988
182.47500,-59.161351,-65.629988
182.48750,-59.161351,-65.629988
182.50000,-59.161351,-65.629988
182.51250,-59.161351,-65.629988
182.52500,-59.161351,-65.629988
182.53750,-59.161351,-65.629988
182.55000,-59.161351,-65.629988
182.56250,-59.161351,-65.629988
182.57500,-59.161351,-65.629988
182.58750,-59.161351,-65.629988
182.60000,-59.161351,-65.629988
182.61250,-59.161351,-65.629988
182.62500,-59.161351,-65.629988
182.63750,-59.161351,-65.629988
182.65000,-59.161351,-65.629988
182.66250,-59.161351,-65.629988
182.67500,-59.161351,-65.629988
182.68750,-59.161351,-65.629988
182.70000,-59.161351,-65.629988
182.71250,-59.161351,-65.629988
182.72500,-59.161351,-65.629988
182.73750,-59.161351,-65.629988
182.75000,-59.161351,-65.629988
182.76250,-59.161351,-65.629988
182.77500,-59.161351,-65.629988
182.78750,-59.161351,-65.629988
182.80000,-59.161351,-65.629988
182.81250,-59.161351,-65.629988
182.82500,-59.161351,-65.629988
182.83750,-59.161351,-65.629988
182.85000,-59.161351,-65.629988
182.86250,-59.161351,-65.629988
182.87500,-59.161351,-65.629988
182.88750,-59.161351,-65.629988
182.90000,-59.161351,-65.629988
182.91250,-59.161351,-65.629988
182.92500,-59.161351,-65.629988
182.93750,-59.161351,-65.629988
182.95000,-59.161351,-65.629988
182.96250,-59.161351,-65.629988
182.97500,-59.161351,-65.629988
182.98750,-59.161351,-65.629988
183.00000,-59.161351,-65.629988
183.01250,-59.161351,-65.629988
183.02500,-59.161351,-65.629988
183.03750,-59.161351,-65.629988
183.05000,-59.161351,-65.629988
183.06250,-59.161351,-65.629988
183.07500,-59.161351,-65.629988
183.08750,-59.161351,-65.629988
183.10000,-59.161351,-65.629988
183.11250,-59.161351,-65.629988
183.12500,-59.161351,-65.629988
183.13750,-59.161351,-65.629988
183.15000,-59.161351,-65.629988
183.16250,-59.161351,-65.629988
183.17500,-59.161351,-65.629988
183.18750,-59.161351,-65.629988
183.20000,-59.161351,-65.629988
183.21250,-59.161351,-65.629988
183.22500,-59.161351,-65.629988
183.23750,-59.161351,-65.629988
183.25000,-59.161351,-65.629988
183.26250,-59.161351,-65.629988
183.27500,-59.161351,-65.629988
183.28750,-59.161351,-65.629988
183.30000,-59.161351,-65.629988
183.31250,-59.161351,-65.629988
183.32500,-59.161351,-65.629988
183.33750,-59.161351,-65.629988
183.35000,-59.161351,-65.629988
183.36250,-59.161351,-65.629988
183.37500,-59.161351,-65.629988
183.38750,-59.161351,-65.629988
183.40000,-59.161351,-65.629988
183.41250,-59.161351,-65.629988
183.42500,-59.161351,-65.629988
183.43750,-59.161351,-65.629988
183.45000,-59.161351,-65.629988
183.46250,-59.161351,-65.629988
183.47500,-59.161351,-65.629988
183.48750,-59.161351,-65.629988
183.50000,-59.161351,-65.629988
183.51250,-59.161351,-65.629988
183.52500,-59.161351,-65.629988
183.53750,-59.161351,-65.629988
183.55000,-59.161351,-65.629988
183.56250,-59.161351,-65.629988
183.57500,-59.161351,-65.629988
183.58750,-59.161351,-65.629988
183.60000,-59.161351,-65.629988
183.61250,-59.161351,-65.629988
183.62500,-59.161351,-65.629988
183.63750,-59.161351,-65.629988
183.65000,-59.161351,-65.629988
183.66250,-59.161351,-65.629988
183.67500,-59.161351,-65.629988
183.68750,-59.161351,-65.629988
183.70000,-59.161351,-65.629988
183.71250,-59.161351,-65.629988
183.72500,-59.161351,-65.629988
183.73750,-59.161351,-65.629988
183.75000,-59.161351,-65.629988
183.76250,-59.161351,-65.629988
183.77500,-59.161351,-65.629988
183.78750,-59.161351,-65.629988
183.80000,-59.161351,-65.629988
183.81250,-59.161351,-65.629988
183.82500,-59.161351,-65.629988
183.83750,-59.161351,-65.629988
183.85000,-59.161351,-65.629988
183.86250,-59.161351,-65.629988
183.87500,-59.161351,-65.629988
183.88750,-59.161351,-65.629988
183.90000,-59.161351,-65.629988
183.91250,-59.161351,-65.629988
183.92500,-59.161351,-65.629988
183.93750,-59.161351,-65.629988
183.95000,-59.161351,-65.629988
183.96250,-59.161351,-65.629988
183.97500,-59.161351,-65.629988
183.98750,-59.161351,-65.629988
184.00000,-59.161351,-65.629988
184.01250,-59.161351,-65.629988
184.02500,-59.161351,-65.629988
184.03750,-59.161351,-65.629988
184.05000,-59.161351,-65.629988
184.06250,-59.161351,-65.629988
184.07500,-59.161351,-65.629988
184.08750,-59.161351,-65.629988
184.10000,-59.161351,-65.629988
184.11250,-59.161351,-65.629988
184.12500,-59.161351,-65.629988
184.13750,-59.161351,-65.629988
184.15000,-59.161351,-65.629988
184.16250,-59.161351,-65.629988
184.17500,-59.161351,-65.629988
184.18750,-59.161351,-65.629988
184.20000,-59.161351,-65.629988
184.21250,-59.161351,-65.629988
184.22500,-59.161351,-65.629988
184.23750,-59.161351,-65.629988
184.25000,-59.161351,-65.629988
184.26250,-59.161351,-65.629988
184.27500,-59.161351,-65.629988
184.28750,-59.161351,-65.629988
184.30000,-59.161351,-65.629988
184.31250,-59.161351,-65.629988
184.32500,-59.161351,-65.629988
184.33750,-59.161351,-65.629988
184.35000,-59.161351,-65.629988
184.36250,-59.161351,-65.629988
184.37500,-59.161351,-65.629988
184.38750,-59.161351,-65.629988
184.40000,-59.161351,-65.629988
184.41250,-59.161351,-65.629988
184.42500,-59.161351,-65.629988
184.43750,-59.161351,-65.629988
184.45000,-59.161351,-65.629988
184.46250,-59.161351,-65.629988
184.47500,-59.161351,-65.629988
184.48750,-59.161351,-65.629988
184.50000,-59.161351,-65.629988
184.51250,-59.161351,-65.629988
184.52500,-59.161351,-65.629988
184.53750,-59.161351,-65.629988
184.55000,-59.161351,-65.629988
184.56250,-59.161351,-65.629988
184.57500,-59.161351,-65.629988
184.58750,-59.161351,-65.629988
184.60000,-59.161351,-65.629988
184.61250,-59.161351,-65.629988
184.62500,-59.161351,-65.629988
184.63750,-59.161351,-65.629988
184.65000,-59.161351,-65.629988
184.66250,-59.161351,-65.629988
184.67500,-59.161351,-65.629988
184.68750,-59.161351,-65.629988
184.70000,-59.161351,-65.629988
184.71250,-59.161351,-65.629988
184.72500,-59.161351,-65.629988
184.73750,-59.161351,-65.629988
184.75000,-59.161351,-65.629988
184.76250,-59.161351,-65.629988
184.77500,-59.161351,-65.629988
184.78750,-59.161351,-65.629988
184.80000,-59.161351,-65.629988
184.81250,-59.161351,-65.629988
184.82500,-59.161351,-65.629988
184.83750,-59.161351,-65.629988
184.85000,-59.161351,-65.629988
184.86250,-59.161351,-65.629988
184.87500,-59.161351,-65.629988
184.88750,-59.161351,-65.629988
184.90000,-59.161351,-65.629988
184.91250,-59.161351,-65.629988
184.92500,-59.161351,-65.629988
184.93750,-59.161351,-65.629988
184.95000,-59.161351,-65.629988
184.96250,-59.161351,-65.629988
184.97500,-59.161351,-65.629988
184.98750,-59.161351,-65.629988
185.00000,-59.161351,-65.629988
185.01250,-59.161351,-65.629988
185.02500,-59.161351,-65.629988
185.03750,-59.161351,-65.629988
185.05000,-59.161351,-65.629988
185.06250,-59.161351,-65.629988
185.07500,-59.161351,-65.629988
185.08750,-59.161351,-65.629988
185.10000,-59.161351,-65.629988
185.11250,-59.161351,-65.629988
185.12500,-59.161351,-65.629988
185.13750,-59.161351,-65.629988
185.15000,-59.161351,-65.629988
185.16250,-59.161351,-65.629988
185.17500,-59.161351,-65.629988
185.18750,-59.161351,-65.629988
185.20000,-59.161351,-65.629988
185.21250,-59.161351,-65.629988
185.22500,-59.161351,-65.629988
185.23750,-59.161351,-65.629988
185.25000,-59.161351,-65.629988
185.26250,-59.161351,-65.629988
185.27500,-59.161351,-65.629988
185.28750,-59.161351,-65.629988
185.30000,-59.161351,-65.629988
185.31250,-59.161351,-65.629988
185.32500,-59.161351,-65.629988
185.33750,-59.161351,-65.629988
185.35000,-59.161351,-65.629988
185.36250,-59.161351,-65.629988
185.37500,-59.161351,-65.629988
185.38750,-59.161351,-65.629988
185.40000,-59.161351,-65.629988
185.41250,-59.161351,-65.629988
185.42500,-59.161351,-65.629988
185.43750,-59.161351,-65.629988
185.45000,-59.161351,-65.629988
185.46250,-59.161351,-65.629988
185.47500,-59.161351,-65.629988
185.48750,-59.161351,-65.629988
185.50000,-59.161351,-65.629988
185.51250,-59.161351,-65.629988
185.52500,-59.161351,-65.629988
185.53750,-59.161351,-65.629988
185.55000,-59.161351,-65.629988
185.56250,-59.161351,-65.629988
185.57500,-59.161351,-65.629988
185.58750,-59.161351,-65.629988
185.60000,-59.161351,-65.629988
185.61250,-59.161351,-65.629988
185.62500,-59.161351,-65.629988
185.63750,-59.161351,-65.629988
185.65000,-59.161351,-65.629988
185.66250,-59.161351,-65.629988
185.67500,-59.161351,-65.629988
185.68750,-59.161351,-65.629988
185.70000,-59.161351,-65.629988
185.71250,-59.161351,-65.629988
185.72500,-59.161351,-65.629988
185.73750,-59.161351,-65.629988
185.75000,-59.161351,-65.629988
185.76250,-59.161351,-65.629988
185.77500,-59.161351,-65.629988
185.78750,-59.161351,-65.629988
185.80000,-59.161351,-65.629988
185.81250,-59.161351,-65.629988
185.82500,-59.161351,-65.629988
185.83750,-59.161351,-65.629988
185.85000,-59.161351,-65.629988
185.86250,-59.161351,-65.629988
185.87500,-59.161351,-65.629988
185.88750,-59.161351,-65.629988
185.90000,-59.161351,-65.629988
185.91250,-59.161351,-65.629988
185.92500,-59.161351,-65.629988
185.93750,-59.161351,-65.629988
185.95000,-59.161351,-65.629988
185.96250,-59.161351,-65.629988
185.97500,-59.161351,-65.629988
185.98750,-59.161351,-65.629988
186.00000,-59.161351,-65.629988
186.01250,-59.161351,-65.629988
186.02500,-59.161351,-65.629988
186.03750,-59.161351,-65.629988
186.05000,-59.161351,-65.629988
186.06250,-59.161351,-65.629988
186.07500,-59.161351,-65.629988
186.08750,-59.161351,-65.629988
186.10000,-59.161351,-65.629988
186.11250,-59.161351,-65.629988
186.12500,-59.161351,-65.629988
186.13750,-59.161351,-65.629988
186.15000,-59.161351,-65.629988
186.16250,-59.161351,-65.629988
186.17500,-59.161351,-65.629988
186.18750,-59.161351,-65.629988
186.20000,-59.161351,-65.629988
186.21250,-59.161351,-65.629988
186.22500,-59.161351,-65.629988
186.23750,-59.161351,-65.629988
186.25000,-59.161351,-65.629988
186.26250,-59.161351,-65.629988
186.27500,-59.161351,-65.629988
186.28750,-59.161351,-65.629988
186.30000,-59.161351,-65.629988
186.31250,-59.161351,-65.629988
186.32500,-59.161351,-65.629988
186.33750,-59.161351,-65.629988
186.35000,-59.161351,-65.629988
186.36250,-59.161351,-65.629988
186.37500,-59.161351,-65.629988
186.38750,-59.161351,-65.629988
186.40000,-59.161351,-65.629988
186.41250,-59.161351,-65.629988
186.42500,-59.161351,-65.629988
186.43750,-59.161351,-65.629988
186.45000,-59.161351,-65.629988
186.46250,-59.161351,-65.629988
186.47500,-59.161351,-65.629988
186.48750,-59.161351,-65.629988
186.50000,-59.161351,-65.629988
186.51250,-59.161351,-65.629988
186.52500,-59.161351,-65.629988
186.53750,-59.161351,-65.629988
186.55000,-59.161351,-65.629988
186.56250,-59.161351,-65.629988
186.57500,-59.161351,-65.629988
186.58750,-59.161351,-65.629988
186.60000,-59.161351,-65.629988
186.61250,-59.161351,-65.629988
186.62500,-59.161351,-65.629988
186.63750,-59.161351,-65.629988
186.65000,-59.161351,-65.629988
186.66250,-59.161351,-65.629988
186.67500,-59.161351,-65.629988
186.68750,-59.161351,-65.629988
186.70000,-59.161351,-65.629988
186.71250,-59.161351,-65.629988
186.72500,-59.161351,-65.629988
186.73750,-59.161351,-65.629988
186.75000,-59.161351,-65.629988
186.76250,-59.161351,-65.629988
186.77500,-59.161351,-65.629988
186.78750,-59.161351,-65.629988
186.80000,-59.161351,-65.629988
186.81250,-59.161351,-65.629988
186.82500,-59.161351,-65.629988
186.83750,-59.161351,-65.629988
186.85000,-59.161351,-65.629988
186.86250,-59.161351,-65.629988
186.87500,-59.161351,-65.629988
186.88750,-59.161351,-65.629988
186.90000,-59.161351,-65.629988
186.91250,-59.161351,-65.629988
186.92500,-59.161351,-65.629988
186.93750,-59.161351,-65.629988
186.95000,-59.161351,-65.629988
186.96250,-59.161351,-65.629988
186.97500,-59.161351,-65.629988
186.98750,-59.161351,-65.629988
187.00000,-59.161351,-65.629988
187.01250,-59.161351,-65.629988
187.02500,-59.161351,-65.629988
187.03750,-59.161351,-65.629988
187.05000,-59.161351,-65.629988
187.06250,-59.161351,-65.629988
187.07500,-59.161351,-65.629988
187.08750,-59.161351,-65.629988
187.10000,-59.161351,-65.629988
187.11250,-59.161351,-65.629988
187.12500,-59.161351,-65.629988
187.13750,-59.161351,-65.629988
187.15000,-59.161351,-65.629988
187.16250,-59.161351,-65.629988
187.17500,-59.161351,-65.629988
187.18750,-59.161351,-65.629988
187.20000,-59.161351,-65.629988
187.21250,-59.161351,-65.629988
187.22500,-59.161351,-65.629988
187.23750,-59.161351,-65.629988
187.25000,-59.161351,-65.629988
187.26250,-59.161351,-65.629988
187.27500,-59.161351,-65.629988
187.28750,-59.161351,-65.629988
187.30000,-59.161351,-65.629988
187.31250,-59.161351,-65.629988
187.32500,-59.161351,-65.629988
187.33750,-59.161351,-65.629988
187.35000,-59.161351,-65.629988
187.36250,-59.161351,-65.629988
187.37500,-59.161351,-65.629988
187.38750,-59.161351,-65.629988
187.40000,-59.161351,-65.629988
187.41250,-59.161351,-65.629988
187.42500,-59.161351,-65.629988
187.43750,-59.161351,-65.629988
187.45000,-59.161351,-65.629988
187.46250,-59.161351,-65.629988
187.47500,-59.161351,-65.629988
187.48750,-59.161351,-65.629988
187.50000,-59.161351,-65.629988
187.51250,-59.161351,-65.629988
187.52500,-59.161351,-65.629988
187.53750,-59.161351,-65.629988
187.55000,-59.161351,-65.629988
187.56250,-59.161351,-65.629988
187.57500,-59.161351,-65.629988
187.58750,-59.161351,-65.629988
187.60000,-59.161351,-65.629988
187.61250,-59.161351,-65.629988
187.62500,-59.161351,-65.629988
187.63750,-59.161351,-65.629988
187.65000,-59.161351,-65.629988
187.66250,-59.161351,-65.629988
187.67500,-59.161351,-65.629988
187.68750,-59.161351,-65.629988
187.70000,-59.161351,-65.629988
187.71250,-59.161351,-65.629988
187.72500,-59.161351,-65.629988
187.73750,-59.161351,-65.629988
187.75000,-59.161351,-65.629988
187.76250,-59.161351,-65.629988
187.77500,-59.161351,-65.629988
187.78750,-59.161351,-65.629988
187.80000,-59.161351,-65.629988
187.81250,-59.161351,-65.629988
187.82500,-59.161351,-65.629988
187.83750,-59.161351,-65.629988
187.85000,-59.161351,-65.629988
187.86250,-59.161351,-65.629988
187.87500,-59.161351,-65.629988
187.88750,-59.161351,-65.629988
187.90000,-59.161351,-65.629988
187.91250,-59.161351,-65.629988
187.92500,-59.161351,-65.629988
187.93750,-59.161351,-65.629988
187.95000,-59.161351,-65.629988
187.96250,-59.161351,-65.629988
187.97500,-59.161351,-65.629988
187.98750,-59.161351,-65.629988
188.00000,-59.161351,-65.629988
188.01250,-59.161351,-65.629988
188.02500,-59.161351,-65.629988
188.03750,-59.161351,-65.629988
188.05000,-59.161351,-65.629988
188.06250,-59.161351,-65.629988
188.07500,-59.161351,-65.629988
188.08750,-59.161351,-65.629988
188.10000,-59.161351,-65.629988
188.11250,-59.161351,-65.629988
188.12500,-59.161351,-65.629988
188.13750,-59.161351,-65.629988
188.15000,-59.161351,-65.629988
188.16250,-59.161351,-65.629988
188.17500,-59.161351,-65.629988
188.18750,-59.161351,-65.629988
188.20000,-59.161351,-65.629988
188.21250,-59.161351,-65.629988
188.22500,-59.161351,-65.629988
188.23750,-59.161351,-65.629988
188.25000,-59.161351,-65.629988
188.26250,-59.161351,-65.629988
188.27500,-59.161351,-65.629988
188.28750,-59.161351,-65.629988
188.30000,-59.161351,-65.629988
188.31250,-59.161351,-65.629988
188.32500,-59.161351,-65.629988
188.33750,-59.161351,-65.629988
188.35000,-59.161351,-65.629988
188.36250,-59.161351,-65.629988
188.37500,-59.161351,-65.629988
188.38750,-59.161351,-65.629988
188.40000,-59.161351,-65.629988
188.41250,-59.161351,-65.629988
188.42500,-59.161351,-65.629988
188.43750,-59.161351,-65.629988
188.45000,-59.161351,-65.629988
188.46250,-59.161351,-65.629988
188.47500,-59.161351,-65.629988
188.48750,-59.161351,-65.629988
188.50000,-59.161351,-65.629988
188.51250,-59.161351,-65.629988
188.52500,-59.161351,-65.629988
188.53750,-59.161351,-65.629988
188.55000,-59.161351,-65.629988
188.56250,-59.161351,-65.629988
188.57500,-59.161351,-65.629988
188.58750,-59.161351,-65.629988
188.60000,-59.161351,-65.629988
188.61250,-59.161351,-65.629988
188.62500,-59.161351,-65.629988
188.63750,-59.161351,-65.629988
188.65000,-59.161351,-65.629988
188.66250,-59.161351,-65.629988
188.67500,-59.161351,-65.629988
188.68750,-59.161351,-65.629988
188.70000,-59.161351,-65.629988
188.71250,-59.161351,-65.629988
188.72500,-59.161351,-65.629988
188.73750,-59.161351,-65.629988
188.75000,-59.161351,-65.629988
188.76250,-59.161351,-65.629988
188.77500,-59.161351,-65.629988
188.78750,-59.161351,-65.629988
188.80000,-59.161351,-65.629988
188.81250,-59.161351,-65.629988
188.82500,-59.161351,-65.629988
188.83750,-59.161351,-65.629988
188.85000,-59.161351,-65.629988
188.86250,-59.161351,-65.629988
188.87500,-59.161351,-65.629988
188.88750,-59.161351,-65.629988
188.90000,-59.161351,-65.629988
188.91250,-59.161351,-65.629988
188.92500,-59.161351,-65.629988
188.93750,-59.161351,-65.629988
188.95000,-59.161351,-65.629988
188.96250,-59.161351,-65.629988
188.97500,-59.161351,-65.629988
188.98750,-59.161351,-65.629988
189.00000,-59.161351,-65.629988
189.01250,-59.161351,-65.629988
189.02500,-59.161351,-65.629988
189.03750,-59.161351,-65.629988
189.05000,-59.161351,-65.629988
189.06250,-59.161351,-65.629988
189.07500,-59.161351,-65.629988
189.08750,-59.161351,-65.629988
189.10000,-59.161351,-65.629988
189.11250,-59.161351,-65.629988
189.12500,-59.161351,-65.629988
189.13750,-59.161351,-65.629988
189.15000,-59.161351,-65.629988
189.16250,-59.161351,-65.629988
189.17500,-59.161351,-65.629988
189.18750,-59.161351,-65.629988
189.20000,-59.161351,-65.629988
189.21250,-59.161351,-65.629988
189.22500,-59.161351,-65.629988
189.23750,-59.161351,-65.629988
189.25000,-59.161351,-65.629988
189.26250,-59.161351,-65.629988
189.27500,-59.161351,-65.629988
189.28750,-59.161351,-65.629988
189.30000,-59.161351,-65.629988
189.31250,-59.161351,-65.629988
189.32500,-59.161351,-65.629988
189.33750,-59.161351,-65.629988
189.35000,-59.161351,-65.629988
189.36250,-59.161351,-65.629988
189.37500,-59.161351,-65.629988
189.38750,-59.161351,-65.629988
189.40000,-59.161351,-65.629988
189.41250,-59.161351,-65.629988
189.42500,-59.161351,-65.629988
189.43750,-59.161351,-65.629988
189.45000,-59.161351,-65.629988
189.46250,-59.161351,-65.629988
189.47500,-59.161351,-65.629988
189.48750,-59.161351,-65.629988
189.50000,-59.161351,-65.629988
189.51250,-59.161351,-65.629988
189.52500,-59.161351,-65.629988
189.53750,-59.161351,-65.629988
189.55000,-59.161351,-65.629988
189.56250,-59.161351,-65.629988
189.57500,-59.161351,-65.629988
189.58750,-59.161351,-65.629988
189.60000,-59.161351,-65.629988
189.61250,-59.161351,-65.629988
189.62500,-59.161351,-65.629988
189.63750,-59.161351,-65.629988
189.65000,-59.161351,-65.629988
189.66250,-59.161351,-65.629988
189.67500,-59.161351,-65.629988
189.68750,-59.161351,-65.629988
189.70000,-59.161351,-65.629988
189.71250,-59.161351,-65.629988
189.72500,-59.161351,-65.629988
189.73750,-59.161351,-65.629988
189.75000,-59.161351,-65.629988
189.76250,-59.161351,-65.629988
189.77500,-59.161351,-65.629988
189.78750,-59.161351,-65.629988
189.80000,-59.161351,-65.629988
189.81250,-59.161351,-65.629988
189.82500,-59.161351,-65.629988
189.83750,-59.161351,-65.629988
189.85000,-59.161351,-65.629988
189.86250,-59.161351,-65.629988
189.87500,-59.161351,-65.629988
189.88750,-59.161351,-65.629988
189.90000,-59.161351,-65.629988
189.91250,-59.161351,-65.629988
189.92500,-59.161351,-65.629988
189.93750,-59.161351,-65.629988
189.95000,-59.161351,-65.629988
189.96250,-59.161351,-65.629988
189.97500,-59.161351,-65.629988
189.98750,-59.161351,-65.629988
190.00000,-59.161351,-65.629988
190.01250,-59.161351,-65.629988
190.02500,-59.161351,-65.629988
190.03750,-59.161351,-65.629988
190.05000,-59.161351,-65.629988
190.06250,-59.161351,-65.629988
190.07500,-59.161351,-65.629988
190.08750,-59.161351,-65.629988
190.10000,-59.161351,-65.629988
190.11250,-59.161351,-65.629988
190.12500,-59.161351,-65.629988
190.13750,-59.161351,-65.629988
190.15000,-59.161351,-65.629988
190.16250,-59.161351,-65.629988
190.17500,-59.161351,-65.629988
190.18750,-59.161351,-65.629988
190.20000,-59.161351,-65.629988
190.21250,-59.161351,-65.629988
190.22500,-59.161351,-65.629988
190.23750,-59.161351,-65.629988
190.25000,-59.161351,-65.629988
190.26250,-59.161351,-65.629988
190.27500,-59.161351,-65.629988
190.28750,-59.161351,-65.629988
190.30000,-59.161351,-65.629988
190.31250,-59.161351,-65.629988
190.32500,-59.161351,-65.629988
190.33750,-59.161351,-65.629988
190.35000,-59.161351,-65.629988
190.36250,-59.161351,-65.629988
190.37500,-59.161351,-65.629988
190.38750,-59.161351,-65.629988
190.40000,-59.161351,-65.629988
190.41250,-59.161351,-65.629988
190.42500,-59.161351,-65.629988
190.43750,-59.161351,-65.629988
190.45000,-59.161351,-65.629988
190.46250,-59.161351,-65.629988
190.47500,-59.161351,-65.629988
190.48750,-59.161351,-65.629988
190.50000,-59.161351,-65.629988
190.51250,-59.161351,-65.629988
190.52500,-59.161351,-65.629988
190.53750,-59.161351,-65.629988
190.55000,-59.161351,-65.629988
190.56250,-59.161351,-65.629988
190.57500,-59.161351,-65.629988
190.58750,-59.161351,-65.629988
190.60000,-59.161351,-65.629988
190.61250,-59.161351,-65.629988
190.62500,-59.161351,-65.629988
190.63750,-59.161351,-65.629988
190.65000,-59.161351,-65.629988
190.66250,-59.161351,-65.629988
190.67500,-59.161351,-65.629988
190.68750,-59.161351,-65.629988
190.70000,-59.161351,-65.629988
190.71250,-59.161351,-65.629988
190.72500,-59.161351,-65.629988
190.73750,-59.161351,-65.629988
190.75000,-59.161351,-65.629988
190.76250,-59.161351,-65.629988
190.77500,-59.161351,-65.629988
190.78750,-59.161351,-65.629988
190.80000,-59.161351,-65.629988
190.81250,-59.161351,-65.629988
190.82500,-59.161351,-65.629988
190.83750,-59.161351,-65.629988
190.85000,-59.161351,-65.629988
190.86250,-59.161351,-65.629988
190.87500,-59.161351,-65.629988
190.88750,-59.161351,-65.629988
190.90000,-59.161351,-65.629988
190.91250,-59.161351,-65.629988
190.92500,-59.161351,-65.629988
190.93750,-59.161351,-65.629988
190.95000,-59.161351,-65.629988
190.96250,-59.161351,-65.629988
190.97500,-59.161351,-65.629988
190.98750,-59.161351,-65.629988
191.00000,-59.161351,-65.629988
191.01250,-59.161351,-65.629988
191.02500,-59.161351,-65.629988
191.03750,-59.161351,-65.629988
191.05000,-59.161351,-65.629988
191.06250,-59.161351,-65.629988
191.07500,-59.161351,-65.629988
191.08750,-59.161351,-65.629988
191.10000,-59.161351,-65.629988
191.11250,-59.161351,-65.629988
191.12500,-59.161351,-65.629988
191.13750,-59.161351,-65.629988
191.15000,-59.161351,-65.629988
191.16250,-59.161351,-65.629988
191.17500,-59.161351,-65.629988
191.18750,-59.161351,-65.629988
191.20000,-59.161351,-65.629988
191.21250,-59.161351,-65.629988
191.22500,-59.161351,-65.629988
191.23750,-59.161351,-65.629988
191.25000,-59.161351,-65.629988
191.26250,-59.161351,-65.629988
191.27500,-59.161351,-65.629988
191.28750,-59.161351,-65.629988
191.30000,-59.161351,-65.629988
191.31250,-59.161351,-65.629988
191.32500,-59.161351,-65.629988
191.33750,-59.161351,-65.629988
191.35000,-59.161351,-65.629988
191.36250,-59.161351,-65.629988
191.37500,-59.161351,-65.629988
191.38750,-59.161351,-65.629988
191.40000,-59.161351,-65.629988
191.41250,-59.161351,-65.629988
191.42500,-59.161351,-65.629988
191.43750,-59.161351,-65.629988
191.45000,-59.161351,-65.629988
191.46250,-59.161351,-65.629988
191.47500,-59.161351,-65.629988
191.48750,-59.161351,-65.629988
191.50000,-59.161351,-65.629988
191.51250,-59.161351,-65.629988
191.52500,-59.161351,-65.629988
191.53750,-59.161351,-65.629988
191.55000,-59.161351,-65.629988
191.56250,-59.161351,-65.629988
191.57500,-59.161351,-65.629988
191.58750,-59.161351,-65.629988
191.60000,-59.161351,-65.629988
191.61250,-59.161351,-65.629988
191.62500,-59.161351,-65.629988
191.63750,-59.161351,-65.629988
191.65000,-59.161351,-65.629988
191.66250,-59.161351,-65.629988
191.67500,-59.161351,-65.629988
191.68750,-59.161351,-65.629988
191.70000,-59.161351,-65.629988
191.71250,-59.161351,-65.629988
191.72500,-59.161351,-65.629988
191.73750,-59.161351,-65.629988
191.75000,-59.161351,-65.629988
191.76250,-59.161351,-65.629988
191.77500,-59.161351,-65.629988
191.78750,-59.161351,-65.629988
191.80000,-59.161351,-65.629988
191.81250,-59.161351,-65.629988
191.82500,-59.161351,-65.629988
191.83750,-59.161351,-65.629988
191.85000,-59.161351,-65.629988
191.86250,-59.161351,-65.629988
191.87500,-59.161351,-65.629988
191.88750,-59.161351,-65.629988
191.90000,-59.161351,-65.629988
191.91250,-59.161351,-65.629988
191.92500,-59.161351,-65.629988
191.93750,-59.161351,-65.629988
191.95000,-59.161351,-65.629988
191.96250,-59.161351,-65.629988
191.97500,-59.161351,-65.629988
191.98750,-59.161351,-65.629988
192.00000,-59.161351,-65.629988
192.01250,-59.161351,-65.629988
192.02500,-59.161351,-65.629988
192.03750,-59.161351,-65.629988
192.05000,-59.161351,-65.629988
192.06250,-59.161351,-65.629988
192.07500,-59.161351,-65.629988
192.08750,-59.161351,-65.629988
192.10000,-59.161351,-65.629988
192.11250,-59.161351,-65.629988
192.12500,-59.161351,-65.629988
192.13750,-59.161351,-65.629988
192.15000,-59.161351,-65.629988
192.16250,-59.161351,-65.629988
192.17500,-59.161351,-65.629988
192.18750,-59.161351,-65.629988
192.20000,-59.161351,-65.629988
192.21250,-59.161351,-65.629988
192.22500,-59.161351,-65.629988
192.23750,-59.161351,-65.629988
192.25000,-59.161351,-65.629988
192.26250,-59.161351,-65.629988
192.27500,-59.161351,-65.629988
192.28750,-59.161351,-65.629988
192.30000,-59.161351,-65.629988
192.31250,-59.161351,-65.629988
192.32500,-59.161351,-65.629988
192.33750,-59.161351,-65.629988
192.35000,-59.161351,-65.629988
192.36250,-59.161351,-65.629988
192.37500,-59.161351,-65.629988
192.38750,-59.161351,-65.629988
192.40000,-59.161351,-65.629988
192.41250,-59.161351,-65.629988
192.42500,-59.161351,-65.629988
192.43750,-59.161351,-65.629988
192.45000,-59.161351,-65.629988
192.46250,-59.161351,-65.629988
192.47500,-59.161351,-65.629988
192.48750,-59.161351,-65.629988
192.50000,-59.161351,-65.629988
192.51250,-59.161351,-65.629988
192.52500,-59.161351,-65.629988
192.53750,-59.161351,-65.629988
192.55000,-59.161351,-65.629988
192.56250,-59.161351,-65.629988
192.57500,-59.161351,-65.629988
192.58750,-59.161351,-65.629988
192.60000,-59.161351,-65.629988
192.61250,-59.161351,-65.629988
192.62500,-59.161351,-65.629988
192.63750,-59.161351,-65.629988
192.65000,-59.161351,-65.629988
192.66250,-59.161351,-65.629988
192.67500,-59.161351,-65.629988
192.68750,-59.161351,-65.629988
192.70000,-59.161351,-65.629988
192.71250,-59.161351,-65.629988
192.72500,-59.161351,-65.629988
192.73750,-59.161351,-65.629988
192.75000,-59.161351,-65.629988
192.76250,-59.161351,-65.629988
192.77500,-59.161351,-65.629988
192.78750,-59.161351,-65.629988
192.80000,-59.161351,-65.629988
192.81250,-59.161351,-65.629988
192.82500,-59.161351,-65.629988
192.83750,-59.161351,-65.629988
192.85000,-59.161351,-65.629988
192.86250,-59.161351,-65.629988
192.87500,-59.161351,-65.629988
192.88750,-59.161351,-65.629988
192.90000,-59.161351,-65.629988
192.91250,-59.161351,-65.629988
192.92500,-59.161351,-65.629988
192.93750,-59.161351,-65.629988
192.95000,-59.161351,-65.629988
192.96250,-59.161351,-65.629988
192.97500,-59.161351,-65.629988
192.98750,-59.161351,-65.629988
193.00000,-59.161351,-65.629988
193.01250,-59.161351,-65.629988
193.02500,-59.161351,-65.629988
193.03750,-59.161351,-65.629988
193.05000,-59.161351,-65.629988
193.06250,-59.161351,-65.629988
193.07500,-59.161351,-65.629988
193.08750,-59.161351,-65.629988
193.10000,-59.161351,-65.629988
193.11250,-59.161351,-65.629988
193.12500,-59.161351,-65.629988
193.13750,-59.161351,-65.629988
193.15000,-59.161351,-65.629988
193.16250,-59.161351,-65.629988
193.17500,-59.161351,-65.629988
193.18750,-59.161351,-65.629988
193.20000,-59.161351,-65.629988
193.21250,-59.161351,-65.629988
193.22500,-59.161351,-65.629988
193.23750,-59.161351,-65.629988
193.25000,-59.161351,-65.629988
193.26250,-59.161351,-65.629988
193.27500,-59.161351,-65.629988
193.28750,-59.161351,-65.629988
193.30000,-59.161351,-65.629988
193.31250,-59.161351,-65.629988
193.32500,-59.161351,-65.629988
193.33750,-59.161351,-65.629988
193.35000,-59.161351,-65.629988
193.36250,-59.161351,-65.629988
193.37500,-59.161351,-65.629988
193.38750,-59.161351,-65.629988
193.40000,-59.161351,-65.629988
193.41250,-59.161351,-65.629988
193.42500,-59.161351,-65.629988
193.43750,-59.161351,-65.629988
193.45000,-59.161351,-65.629988
193.46250,-59.161351,-65.629988
193.47500,-59.161351,-65.629988
193.48750,-59.161351,-65.629988
193.50000,-59.161351,-65.629988
193.51250,-59.161351,-65.629988
193.52500,-59.161351,-65.629988
193.53750,-59.161351,-65.629988
193.55000,-59.161351,-65.629988
193.56250,-59.161351,-65.629988
193.57500,-59.161351,-65.629988
193.58750,-59.161351,-65.629988
193.60000,-59.161351,-65.629988
193.61250,-59.161351,-65.629988
193.62500,-59.161351,-65.629988
193.63750,-59.161351,-65.629988
193.65000,-59.161351,-65.629988
193.66250,-59.161351,-65.629988
193.67500,-59.161351,-65.629988
193.68750,-59.161351,-65.629988
193.70000,-59.161351,-65.629988
193.71250,-59.161351,-65.629988
193.72500,-59.161351,-65.629988
193.73750,-59.161351,-65.629988
193.75000,-59.161351,-65.629988
193.76250,-59.161351,-65.629988
193.77500,-59.161351,-65.629988
193.78750,-59.161351,-65.629988
193.80000,-59.161351,-65.629988
193.81250,-59.161351,-65.629988
193.82500,-59.161351,-65.629988
193.83750,-59.161351,-65.629988
193.85000,-59.161351,-65.629988
193.86250,-59.161351,-65.629988
193.87500,-59.161351,-65.629988
193.88750,-59.161351,-65.629988
193.90000,-59.161351,-65.629988
193.91250,-59.161351,-65.629988
193.92500,-59.161351,-65.629988
193.93750,-59.161351,-65.629988
193.95000,-59.161351,-65.629988
193.96250,-59.161351,-65.629988
193.97500,-59.161351,-65.629988
193.98750,-59.161351,-65.629988
194.00000,-59.161351,-65.629988
194.01250,-59.161351,-65.629988
194.02500,-59.161351,-65.629988
194.03750,-59.161351,-65.629988
194.05000,-59.161351,-65.629988
194.06250,-59.161351,-65.629988
194.07500,-59.161351,-65.629988
194.08750,-59.161351,-65.629988
194.10000,-59.161351,-65.629988
194.11250,-59.161351,-65.629988
194.12500,-59.161351,-65.629988
194.13750,-59.161351,-65.629988
194.15000,-59.161351,-65.629988
194.16250,-59.161351,-65.629988
194.17500,-59.161351,-65.629988
194.18750,-59.161351,-65.629988
194.20000,-59.161351,-65.629988
194.21250,-59.161351,-65.629988
194.22500,-59.161351,-65.629988
194.23750,-59.161351,-65.629988
194.25000,-59.161351,-65.629988
194.26250,-59.161351,-65.629988
194.27500,-59.161351,-65.629988
194.28750,-59.161351,-65.629988
194.30000,-59.161351,-65.629988
194.31250,-59.161351,-65.629988
194.32500,-59.161351,-65.629988
194.33750,-59.161351,-65.629988
194.35000,-59.161351,-65.629988
194.36250,-59.161351,-65.629988
194.37500,-59.161351,-65.629988
194.38750,-59.161351,-65.629988
194.40000,-59.161351,-65.629988
194.41250,-59.161351,-65.629988
194.42500,-59.161351,-65.629988
194.43750,-59.161351,-65.629988
194.45000,-59.161351,-65.629988
194.46250,-59.161351,-65.629988
194.47500,-59.161351,-65.629988
194.48750,-59.161351,-65.629988
194.50000,-59.161351,-65.629988
194.51250,-59.161351,-65.629988
194.52500,-59.161351,-65.629988
194.53750,-59.161351,-65.629988
194.55000,-59.161351,-65.629988
194.56250,-59.161351,-65.629988
194.57500,-59.161351,-65.629988
194.58750,-59.161351,-65.629988
194.60000,-59.161351,-65.629988
194.61250,-59.161351,-65.629988
194.62500,-59.161351,-65.629988
194.63750,-59.161351,-65.629988
194.65000,-59.161351,-65.629988
194.66250,-59.161351,-65.629988
194.67500,-59.161351,-65.629988
194.68750,-59.161351,-65.629988
194.70000,-59.161351,-65.629988
194.71250,-59.161351,-65.629988
194.72500,-59.161351,-65.629988
194.73750,-59.161351,-65.629988
194.75000,-59.161351,-65.629988
194.76250,-59.161351,-65.629988
194.77500,-59.161351,-65.629988
194.78750,-59.161351,-65.629988
194.80000,-59.161351,-65.629988
194.81250,-59.161351,-65.629988
194.82500,-59.161351,-65.629988
194.83750,-59.161351,-65.629988
194.85000,-59.161351,-65.629988
194.86250,-59.161351,-65.629988
194.87500,-59.161351,-65.629988
194.88750,-59.161351,-65.629988
194.90000,-59.161351,-65.629988
194.91250,-59.161351,-65.629988
194.92500,-59.161351,-65.629988
194.93750,-59.161351,-65.629988
194.95000,-59.161351,-65.629988
194.96250,-59.161351,-65.629988
194.97500,-59.161351,-65.629988
194.98750,-59.161351,-65.629988
195.00000,-59.161351,-65.629988
195.01250,-59.161351,-65.629988
195.02500,-59.161351,-65.629988
195.03750,-59.161351,-65.629988
195.05000,-59.161351,-65.629988
195.06250,-59.161351,-65.629988
195.07500,-59.161351,-65.629988
195.08750,-59.161351,-65.629988
195.10000,-59.161351,-65.629988
195.11250,-59.161351,-65.629988
195.12500,-59.161351,-65.629988
195.13750,-59.161351,-65.629988
195.15000,-59.161351,-65.629988
195.16250,-59.161351,-65.629988
195.17500,-59.161351,-65.629988
195.18750,-59.161351,-65.629988
195.20000,-59.161351,-65.629988
195.21250,-59.161351,-65.629988
195.22500,-59.161351,-65.629988
195.23750,-59.161351,-65.629988
195.25000,-59.161351,-65.629988
195.26250,-59.161351,-65.629988
195.27500,-59.161351,-65.629988
195.28750,-59.161351,-65.629988
195.30000,-59.161351,-65.629988
195.31250,-59.161351,-65.629988
195.32500,-59.161351,-65.629988
195.33750,-59.161351,-65.629988
195.35000,-59.161351,-65.629988
195.36250,-59.161351,-65.629988
195.37500,-59.161351,-65.629988
195.38750,-59.161351,-65.629988
195.40000,-59.161351,-65.629988
195.41250,-59.161351,-65.629988
195.42500,-59.161351,-65.629988
195.43750,-59.161351,-65.629988
195.45000,-59.161351,-65.629988
195.46250,-59.161351,-65.629988
195.47500,-59.161351,-65.629988
195.48750,-59.161351,-65.629988
195.50000,-59.161351,-65.629988
195.51250,-59.161351,-65.629988
195.52500,-59.161351,-65.629988
195.53750,-59.161351,-65.629988
195.55000,-59.161351,-65.629988
195.56250,-59.161351,-65.629988
195.57500,-59.161351,-65.629988
195.58750,-59.161351,-65.629988
195.60000,-59.161351,-65.629988
195.61250,-59.161351,-65.629988
195.62500,-59.161351,-65.629988
195.63750,-59.161351,-65.629988
195.65000,-59.161351,-65.629988
195.66250,-59.161351,-65.629988
195.67500,-59.161351,-65.629988
195.68750,-59.161351,-65.629988
195.70000,-59.161351,-65.629988
195.71250,-59.161351,-65.629988
195.72500,-59.161351,-65.629988
195.73750,-59.161351,-65.629988
195.75000,-59.161351,-65.629988
195.76250,-59.161351,-65.629988
195.77500,-59.161351,-65.629988
195.78750,-59.161351,-65.629988
195.80000,-59.161351,-65.629988
195.81250,-59.161351,-65.629988
195.82500,-59.161351,-65.629988
195.83750,-59.161351,-65.629988
195.85000,-59.161351,-65.629988
195.86250,-59.161351,-65.629988
195.87500,-59.161351,-65.629988
195.88750,-59.161351,-65.629988
195.90000,-59.161351,-65.629988
195.91250,-59.161351,-65.629988
195.92500,-59.161351,-65.629988
195.93750,-59.161351,-65.629988
195.95000,-59.161351,-65.629988
195.96250,-59.161351,-65.629988
195.97500,-59.161351,-65.629988
195.98750,-59.161351,-65.629988
196.00000,-59.161351,-65.629988
196.01250,-59.161351,-65.629988
196.02500,-59.161351,-65.629988
196.03750,-59.161351,-65.629988
196.05000,-59.161351,-65.629988
196.06250,-59.161351,-65.629988
196.07500,-59.161351,-65.629988
196.08750,-59.161351,-65.629988
196.10000,-59.161351,-65.629988
196.11250,-59.161351,-65.629988
196.12500,-59.161351,-65.629988
196.13750,-59.161351,-65.629988
196.15000,-59.161351,-65.629988
196.16250,-59.161351,-65.629988
196.17500,-59.161351,-65.629988
196.18750,-59.161351,-65.629988
196.20000,-59.161351,-65.629988
196.21250,-59.161351,-65.629988
196.22500,-59.161351,-65.629988
196.23750,-59.161351,-65.629988
196.25000,-59.161351,-65.629988
196.26250,-59.161351,-65.629988
196.27500,-59.161351,-65.629988
196.28750,-59.161351,-65.629988
196.30000,-59.161351,-65.629988
196.31250,-59.161351,-65.629988
196.32500,-59.161351,-65.629988
196.33750,-59.161351,-65.629988
196.35000,-59.161351,-65.629988
196.36250,-59.161351,-65.629988
196.37500,-59.161351,-65.629988
196.38750,-59.161351,-65.629988
196.40000,-59.161351,-65.629988
196.41250,-59.161351,-65.629988
196.42500,-59.161351,-65.629988
196.43750,-59.161351,-65.629988
196.45000,-59.161351,-65.629988
196.46250,-59.161351,-65.629988
196.47500,-59.161351,-65.629988
196.48750,-59.161351,-65.629988
196.50000,-59.161351,-65.629988
196.51250,-59.161351,-65.629988
196.52500,-59.161351,-65.629988
196.53750,-59.161351,-65.629988
196.55000,-59.161351,-65.629988
196.56250,-59.161351,-65.629988
196.57500,-59.161351,-65.629988
196.58750,-59.161351,-65.629988
196.60000,-59.161351,-65.629988
196.61250,-59.161351,-65.629988
196.62500,-59.161351,-65.629988
196.63750,-59.161351,-65.629988
196.65000,-59.161351,-65.629988
196.66250,-59.161351,-65.629988
196.67500,-59.161351,-65.629988
196.68750,-59.161351,-65.629988
196.70000,-59.161351,-65.629988
196.71250,-59.161351,-65.629988
196.72500,-59.161351,-65.629988
196.73750,-59.161351,-65.629988
196.75000,-59.161351,-65.629988
196.76250,-59.161351,-65.629988
196.77500,-59.161351,-65.629988
196.78750,-59.161351,-65.629988
196.80000,-59.161351,-65.629988
196.81250,-59.161351,-65.629988
196.82500,-59.161351,-65.629988
196.83750,-59.161351,-65.629988
196.85000,-59.161351,-65.629988
196.86250,-59.161351,-65.629988
196.87500,-59.161351,-65.629988
196.88750,-59.161351,-65.629988
196.90000,-59.161351,-65.629988
196.91250,-59.161351,-65.629988
196.92500,-59.161351,-65.629988
196.93750,-59.161351,-65.629988
196.95000,-59.161351,-65.629988
196.96250,-59.161351,-65.629988
196.97500,-59.161351,-65.629988
196.98750,-59.161351,-65.629988
197.00000,-59.161351,-65.629988
197.01250,-59.161351,-65.629988
197.02500,-59.161351,-65.629988
197.03750,-59.161351,-65.629988
197.05000,-59.161351,-65.629988
197.06250,-59.161351,-65.629988
197.07500,-59.161351,-65.629988
197.08750,-59.161351,-65.629988
197.10000,-59.161351,-65.629988
197.11250,-59.161351,-65.629988
197.12500,-59.161351,-65.629988
197.13750,-59.161351,-65.629988
197.15000,-59.161351,-65.629988
197.16250,-59.161351,-65.629988
197.17500,-59.161351,-65.629988
197.18750,-59.161351,-65.629988
197.20000,-59.161351,-65.629988
197.21250,-59.161351,-65.629988
197.22500,-59.161351,-65.629988
197.23750,-59.161351,-65.629988
197.25000,-59.161351,-65.629988
197.26250,-59.161351,-65.629988
197.27500,-59.161351,-65.629988
197.28750,-59.161351,-65.629988
197.30000,-59.161351,-65.629988
197.31250,-59.161351,-65.629988
197.32500,-59.161351,-65.629988
197.33750,-59.161351,-65.629988
197.35000,-59.161351,-65.629988
197.36250,-59.161351,-65.629988
197.37500,-59.161351,-65.629988
197.38750,-59.161351,-65.629988
197.40000,-59.161351,-65.629988
197.41250,-59.161351,-65.629988
197.42500,-59.161351,-65.629988
197.43750,-59.161351,-65.629988
197.45000,-59.161351,-65.629988
197.46250,-59.161351,-65.629988
197.47500,-59.161351,-65.629988
197.48750,-59.161351,-65.629988
197.50000,-59.161351,-65.629988
197.51250,-59.161351,-65.629988
197.52500,-59.161351,-65.629988
197.53750,-59.161351,-65.629988
197.55000,-59.161351,-65.629988
197.56250,-59.161351,-65.629988
197.57500,-59.161351,-65.629988
197.58750,-59.161351,-65.629988
197.60000,-59.161351,-65.629988
197.61250,-59.161351,-65.629988
197.62500,-59.161351,-65.629988
197.63750,-59.161351,-65.629988
197.65000,-59.161351,-65.629988
197.66250,-59.161351,-65.629988
197.67500,-59.161351,-65.629988
197.68750,-59.161351,-65.629988
197.70000,-59.161351,-65.629988
197.71250,-59.161351,-65.629988
197.72500,-59.161351,-65.629988
197.73750,-59.161351,-65.629988
197.75000,-59.161351,-65.629988
197.76250,-59.161351,-65.629988
197.77500,-59.161351,-65.629988
197.78750,-59.161351,-65.629988
197.80000,-59.161351,-65.629988
197.81250,-59.161351,-65.629988
197.82500,-59.161351,-65.629988
197.83750,-59.161351,-65.629988
197.85000,-59.161351,-65.629988
197.86250,-59.161351,-65.629988
197.87500,-59.161351,-65.629988
197.88750,-59.161351,-65.629988
197.90000,-59.161351,-65.629988
197.91250,-59.161351,-65.629988
197.92500,-59.161351,-65.629988
197.93750,-59.161351,-65.629988
197.95000,-59.161351,-65.629988
197.96250,-59.161351,-65.629988
197.97500,-59.161351,-65.629988
197.98750,-59.161351,-65.629988
198.00000,-59.161351,-65.629988
198.01250,-59.161351,-65.629988
198.02500,-59.161351,-65.629988
198.03750,-59.161351,-65.629988
198.05000,-59.161351,-65.629988
198.06250,-59.161351,-65.629988
198.07500,-59.161351,-65.629988
198.08750,-59.161351,-65.629988
198.10000,-59.161351,-65.629988
198.11250,-59.161351,-65.629988
198.12500,-59.161351,-65.629988
198.13750,-59.161351,-65.629988
198.15000,-59.161351,-65.629988
198.16250,-59.161351,-65.629988
198.17500,-59.161351,-65.629988
198.18750,-59.161351,-65.629988
198.20000,-59.161351,-65.629988
198.21250,-59.161351,-65.629988
198.22500,-59.161351,-65.629988
198.23750,-59.161351,-65.629988
198.25000,-59.161351,-65.629988
198.26250,-59.161351,-65.629988
198.27500,-59.161351,-65.629988
198.28750,-59.161351,-65.629988
198.30000,-59.161351,-65.629988
198.31250,-59.161351,-65.629988
198.32500,-59.161351,-65.629988
198.33750,-59.161351,-65.629988
198.35000,-59.161351,-65.629988
198.36250,-59.161351,-65.629988
198.37500,-59.161351,-65.629988
198.38750,-59.161351,-65.629988
198.40000,-59.161351,-65.629988
198.41250,-59.161351,-65.629988
198.42500,-59.161351,-65.629988
198.43750,-59.161351,-65.629988
198.45000,-59.161351,-65.629988
198.46250,-59.161351,-65.629988
198.47500,-59.161351,-65.629988
198.48750,-59.161351,-65.629988
198.50000,-59.161351,-65.629988
198.51250,-59.161351,-65.629988
198.52500,-59.161351,-65.629988
198.53750,-59.161351,-65.629988
198.55000,-59.161351,-65.629988
198.56250,-59.161351,-65.629988
198.57500,-59.161351,-65.629988
198.58750,-59.161351,-65.629988
198.60000,-59.161351,-65.629988
198.61250,-59.161351,-65.629988
198.62500,-59.161351,-65.629988
198.63750,-59.161351,-65.629988
198.65000,-59.161351,-65.629988
198.66250,-59.161351,-65.629988
198.67500,-59.161351,-65.629988
198.68750,-59.161351,-65.629988
198.70000,-59.161351,-65.629988
198.71250,-59.161351,-65.629988
198.72500,-59.161351,-65.629988
198.73750,-59.161351,-65.629988
198.75000,-59.161351,-65.629988
198.76250,-59.161351,-65.629988
198.77500,-59.161351,-65.629988
198.78750,-59.161351,-65.629988
198.80000,-59.161351,-65.629988
198.81250,-59.161351,-65.629988
198.82500,-59.161351,-65.629988
198.83750,-59.161351,-65.629988
198.85000,-59.161351,-65.629988
198.86250,-59.161351,-65.629988
198.87500,-59.161351,-65.629988
198.88750,-59.161351,-65.629988
198.90000,-59.161351,-65.629988
198.91250,-59.161351,-65.629988
198.92500,-59.161351,-65.629988
198.93750,-59.161351,-65.629988
198.95000,-59.161351,-65.629988
198.96250,-59.161351,-65.629988
198.97500,-59.161351,-65.629988
198.98750,-59.161351,-65.629988
199.00000,-59.161351,-65.629988
199.01250,-59.161351,-65.629988
199.02500,-59.161351,-65.629988
199.03750,-59.161351,-65.629988
199.05000,-59.161351,-65.629988
199.06250,-59.161351,-65.629988
199.07500,-59.161351,-65.629988
199.08750,-59.161351,-65.629988
199.10000,-59.161351,-65.629988
199.11250,-59.161351,-65.629988
199.12500,-59.161351,-65.629988
199.13750,-59.161351,-65.629988
199.15000,-59.161351,-65.629988
199.16250,-59.161351,-65.629988
199.17500,-59.161351,-65.629988
199.18750,-59.161351,-65.629988
199.20000,-59.161351,-65.629988
199.21250,-59.161351,-65.629988
199.22500,-59.161351,-65.629988
199.23750,-59.161351,-65.629988
199.25000,-59.161351,-65.629988
199.26250,-59.161351,-65.629988
199.27500,-59.161351,-65.629988
199.28750,-59.161351,-65.629988
199.30000,-59.161351,-65.629988
199.31250,-59.161351,-65.629988
199.32500,-59.161351,-65.629988
199.33750,-59.161351,-65.629988
199.35000,-59.161351,-65.629988
199.36250,-59.161351,-65.629988
199.37500,-59.161351,-65.629988
199.38750,-59.161351,-65.629988
199.40000,-59.161351,-65.629988
199.41250,-59.161351,-65.629988
199.42500,-59.161351,-65.629988
199.43750,-59.161351,-65.629988
199.45000,-59.161351,-65.629988
199.46250,-59.161351,-65.629988
199.47500,-59.161351,-65.629988
199.48750,-59.161351,-65.629988
199.50000,-59.161351,-65.629988
199.51250,-59.161351,-65.629988
199.52500,-59.161351,-65.629988
199.53750,-59.161351,-65.629988
199.55000,-59.161351,-65.629988
199.56250,-59.161351,-65.629988
199.57500,-59.161351,-65.629988
199.58750,-59.161351,-65.629988
199.60000,-59.161351,-65.629988
199.61250,-59.161351,-65.629988
199.62500,-59.161351,-65.629988
199.63750,-59.161351,-65.629988
199.65000,-59.161351,-65.629988
199.66250,-59.161351,-65.629988
199.67500,-59.161351,-65.629988
199.68750,-59.161351,-65.629988
199.70000,-59.161351,-65.629988
199.71250,-59.161351,-65.629988
199.72500,-59.161351,-65.629988
199.73750,-59.161351,-65.629988
199.75000,-59.161351,-65.629988
199.76250,-59.161351,-65.629988
199.77500,-59.161351,-65.629988
199.78750,-59.161351,-65.629988
199.80000,-59.161351,-65.629988
199.81250,-59.161351,-65.629988
199.82500,-59.161351,-65.629988
199.83750,-59.161351,-65.629988
199.85000,-59.161351,-65.629988
199.86250,-59.161351,-65.629988
199.87500,-59.161351,-65.629988
199.88750,-59.161351,-65.629988
199.90000,-59.161351,-65.629988
199.91250,-59.161351,-65.629988
199.92500,-59.161351,-65.629988
199.93750,-59.161351,-65.629988
199.95000,-59.161351,-65.629988
199.96250,-59.161351,-65.629988
199.97500,-59.161351,-65.629988
199.98750,-59.161351,-65.629988
200.00000,-59.161351,-65.629988
